"Observed m/z";"Adjusted m/z";Matched name;Adduct;Formula;Matched delta mass (Da);Matched difference (ppm);Matched theoretical mass;Coverage
122.985264;122.985264;Vinyl acetic acid;[M+K-H2];C4H6O2;-1.20432e-4;-0.979238;122.985384;1 out of 5
122.985264;122.985264;Isocrotonic acid;[M+K-H2];C4H6O2;-1.20432e-4;-0.979238;122.985384;1 out of 5
122.985264;122.985264;Crotonic acid;[M+K-H2];C4H6O2;-1.20432e-4;-0.979238;122.985384;1 out of 5
122.985264;122.985264;but-2-enoic acid;[M+K-H2];C4H6O2;-1.20432e-4;-0.979238;122.985384;1 out of 5
122.985264;122.985264;Dihydrofuran-2(3H)-one;[M+K-H2];C4H6O2;-1.20432e-4;-0.979238;122.985384;1 out of 5
122.985264;122.985264;Diacetyl;[M+K-H2];C4H6O2;-1.20432e-4;-0.979238;122.985384;1 out of 5
122.985264;122.985264;Pyruvic acid;[M+Cl];C3H4O3;-1.80988e-4;-1.471621;122.985445;1 out of 5
125.001099;125.001099;Butyric acid;[M+K-H2];C4H8O2;6.45040e-5;0.516028;125.001034;1 out of 5
125.001099;125.001099;Isobutyric acid;[M+K-H2];C4H8O2;6.45040e-5;0.516028;125.001034;1 out of 5
125.001099;125.001099;Methyl propionate;[M+K-H2];C4H8O2;6.45040e-5;0.516028;125.001034;1 out of 5
125.001099;125.001099;3-Hydroxybutan-2-one;[M+K-H2];C4H8O2;6.45040e-5;0.516028;125.001034;1 out of 5
125.001099;125.001099;3R-Hydroxybutan-2-one;[M+K-H2];C4H8O2;6.45040e-5;0.516028;125.001034;1 out of 5
134.985269;134.985269;beta-vinyl acrylic acid;[M+K-H2];C5H6O2;-1.15432e-4;-0.855144;134.985384;1 out of 5
134.985269;134.985269;"penta-2,4-dienoic acid";[M+K-H2];C5H6O2;-1.15432e-4;-0.855144;134.985384;1 out of 5
140.011839;140.011839;2S-amino-butanoic acid;[M+K-H2];C4H9NO2;-9.45280e-5;-0.675142;140.011934;1 out of 5
140.011839;140.011839;4-amino-butanoic acid;[M+K-H2];C4H9NO2;-9.45280e-5;-0.675142;140.011934;1 out of 5
140.011839;140.011839;2R-amino-butanoic acid;[M+K-H2];C4H9NO2;-9.45280e-5;-0.675142;140.011934;1 out of 5
140.011839;140.011839;(R)-b-amino-isobutyric acid;[M+K-H2];C4H9NO2;-9.45280e-5;-0.675142;140.011934;1 out of 5
140.011839;140.011839;(S)-b-amino-isobutyric acid;[M+K-H2];C4H9NO2;-9.45280e-5;-0.675142;140.011934;1 out of 5
140.011839;140.011839;2-amino-isobutyric acid;[M+K-H2];C4H9NO2;-9.45280e-5;-0.675142;140.011934;1 out of 5
140.011839;140.011839;3-amino-isobutanoic acid;[M+K-H2];C4H9NO2;-9.45280e-5;-0.675142;140.011934;1 out of 5
140.011839;140.011839;2-Amino-3-hydroxypropanoic acid;[M+Cl];C3H7NO3;-1.55084e-4;-1.107648;140.011994;1 out of 5
152.011509;152.011509;2S-amino-3-oxo-butanoic acid;[M+Cl];C4H7NO3;-4.85084e-4;-3.191090;152.011994;1 out of 5
152.995808;152.995808;"2,4,6-Octatriynoic acid";[M+Na-H2];C8H4O2;1.16320e-5;0.076028;152.995796;1 out of 5
152.995808;152.995808;3-methyl-2-oxo-butanoic acid;[M+K-H2];C5H8O3;-1.41116e-4;-0.922351;152.995949;1 out of 5
152.995808;152.995808;2-keto valeric acid;[M+K-H2];C5H8O3;-1.41116e-4;-0.922351;152.995949;1 out of 5
152.995808;152.995808;3-keto valeric acid;[M+K-H2];C5H8O3;-1.41116e-4;-0.922351;152.995949;1 out of 5
152.995808;152.995808;Levulinic acid;[M+K-H2];C5H8O3;-1.41116e-4;-0.922351;152.995949;1 out of 5
152.995808;152.995808;5-oxo-pentanoic acid;[M+K-H2];C5H8O3;-1.41116e-4;-0.922351;152.995949;1 out of 5
152.995808;152.995808;2methyl-3-ketovaleric acid;[M+K-H2];C5H8O3;-1.41116e-4;-0.922351;152.995949;1 out of 5
152.995808;152.995808;methyl 3-hydroxybut-2-enoate;[M+K-H2];C5H8O3;-1.41116e-4;-0.922351;152.995949;1 out of 5
152.995808;152.995808;xi-3-Hydroxy-2-oxobutanoic acid;[M+Cl];C4H6O4;-2.01672e-4;-1.318152;152.996010;1 out of 5
152.995808;152.995808;Succinic acid;[M+Cl];C4H6O4;-2.01672e-4;-1.318152;152.996010;1 out of 5
152.995808;152.995808;Methylmalonic acid;[M+Cl];C4H6O4;-2.01672e-4;-1.318152;152.996010;1 out of 5
165.991075;165.991075;Iminoaspartic acid;[M+Cl];C4H5NO4;-1.83640e-4;-1.106323;165.991259;1 out of 5
168.006909;168.006909;Agrocybin;[M+Na-H2];C8H5NO2;2.13600e-4;1.271378;168.006695;1 out of 5
168.006909;168.006909;2-oxo-5-amino-pentanoic acid;[M+K-H2];C5H9NO3;6.08520e-5;0.362200;168.006848;1 out of 5
168.006909;168.006909;2-amino-4-oxo-pentanoic acid;[M+K-H2];C5H9NO3;6.08520e-5;0.362200;168.006848;1 out of 5
168.006909;168.006909;5-amino-levulinic acid;[M+K-H2];C5H9NO3;6.08520e-5;0.362200;168.006848;1 out of 5
168.006909;168.006909;glutaramic acid;[M+K-H2];C5H9NO3;6.08520e-5;0.362200;168.006848;1 out of 5
168.043087;168.043087;6-amino-hexanoic acid;[M+K-H2];C6H13NO2;-1.46656e-4;-0.872728;168.043234;1 out of 5
168.043087;168.043087;2S-amino-hexanoic acid;[M+K-H2];C6H13NO2;-1.46656e-4;-0.872728;168.043234;1 out of 5
168.043087;168.043087;2S-Amino-3S-methylpentanoic acid;[M+K-H2];C6H13NO2;-1.46656e-4;-0.872728;168.043234;1 out of 5
168.043087;168.043087;2-Amino-4-methylpentanoic acid;[M+K-H2];C6H13NO2;-1.46656e-4;-0.872728;168.043234;1 out of 5
168.990763;168.990763;3-hydroxy-3-methyl-2-oxo-butanoic acid;[M+K-H2];C5H8O4;-1.00736e-4;-0.596103;168.990864;1 out of 5
168.990763;168.990763;(S)-2-Acetolactate;[M+K-H2];C5H8O4;-1.00736e-4;-0.596103;168.990864;1 out of 5
168.990763;168.990763;(S)-4-hydroxy-2-oxopentanoic acid;[M+K-H2];C5H8O4;-1.00736e-4;-0.596103;168.990864;1 out of 5
168.990763;168.990763;2-Acetolactate;[M+K-H2];C5H8O4;-1.00736e-4;-0.596103;168.990864;1 out of 5
168.990763;168.990763;2-Hydroxy-4-oxopentanoic acid;[M+K-H2];C5H8O4;-1.00736e-4;-0.596103;168.990864;1 out of 5
168.990763;168.990763;dimethyl-malonic acid;[M+K-H2];C5H8O4;-1.00736e-4;-0.596103;168.990864;1 out of 5
168.990763;168.990763;Ethylmalonic acid;[M+K-H2];C5H8O4;-1.00736e-4;-0.596103;168.990864;1 out of 5
168.990763;168.990763;Methylsuccinic acid;[M+K-H2];C5H8O4;-1.00736e-4;-0.596103;168.990864;1 out of 5
168.990910;168.990910;3-hydroxy-3-methyl-2-oxo-butanoic acid;[M+K-H2];C5H8O4;4.62640e-5;0.273766;168.990864;1 out of 5
168.990910;168.990910;(S)-2-Acetolactate;[M+K-H2];C5H8O4;4.62640e-5;0.273766;168.990864;1 out of 5
168.990910;168.990910;(S)-4-hydroxy-2-oxopentanoic acid;[M+K-H2];C5H8O4;4.62640e-5;0.273766;168.990864;1 out of 5
168.990910;168.990910;2-Acetolactate;[M+K-H2];C5H8O4;4.62640e-5;0.273766;168.990864;1 out of 5
168.990910;168.990910;2-Hydroxy-4-oxopentanoic acid;[M+K-H2];C5H8O4;4.62640e-5;0.273766;168.990864;1 out of 5
168.990910;168.990910;dimethyl-malonic acid;[M+K-H2];C5H8O4;4.62640e-5;0.273766;168.990864;1 out of 5
168.990910;168.990910;Ethylmalonic acid;[M+K-H2];C5H8O4;4.62640e-5;0.273766;168.990864;1 out of 5
168.990910;168.990910;Methylsuccinic acid;[M+K-H2];C5H8O4;4.62640e-5;0.273766;168.990864;1 out of 5
171.006416;171.006416;"2,3-dihydroxy-valeric acid";[M+K-H2];C5H10O4;-9.78000e-5;-0.571908;171.006514;1 out of 5
171.006416;171.006416;"(R)-2,3-Dihydroxy-isovalerate";[M+K-H2];C5H10O4;-9.78000e-5;-0.571908;171.006514;1 out of 5
171.006416;171.006416;"2,3-Dihydroxy-2-methylbutanoic acid";[M+K-H2];C5H10O4;-9.78000e-5;-0.571908;171.006514;1 out of 5
174.040805;174.040805;2-amino-3-oxo-hexanedioic acid;[M-H];C6H9NO5;9.61200e-6;0.055228;174.040795;1 out of 5
175.024796;175.024796;"(4S,5S)-4,5-dihydroxy-2,6-dioxohexanoic acid";[M-H];C6H8O6;-1.49760e-5;-0.085565;175.024811;2 out of 5
175.024796;175.024796;2-hydroxy-3-oxoadipic acid;[M-H];C6H8O6;-1.49760e-5;-0.085565;175.024811;2 out of 5
175.024796;175.024796;"3-deoxy-D-glycero-hexo-2,5-diulosonic acid";[M-H];C6H8O6;-1.49760e-5;-0.085565;175.024811;2 out of 5
175.024796;175.024796;D-tagaturonic acid;[M-H2O-H];C6H10O7;-1.56600e-5;-0.089473;175.024812;1 out of 5
181.038546;181.038546;Adipamide;[M+K-H2];C6H12N2O2;6.33760e-5;0.350069;181.038483;1 out of 5
182.022537;182.022537;3-oxo-5S-amino-hexanoic acid;[M+K-H2];C6H11NO3;3.87880e-5;0.213095;182.022498;1 out of 5
188.995990;188.995990;Methyl furfuracrylate;[M+K-H2];C8H8O3;4.08840e-5;0.216322;188.995949;1 out of 5
188.995990;188.995990;6-Methylsalicylic acid;[M+K-H2];C8H8O3;4.08840e-5;0.216322;188.995949;1 out of 5
191.019714;191.019714;"2,5-didehydro-D-gluconic acid";[M-H];C6H8O7;-1.15960e-5;-0.060706;191.019726;2 out of 5
191.019714;191.019714;diketo-gulonic acid;[M-H];C6H8O7;-1.15960e-5;-0.060706;191.019726;2 out of 5
191.019714;191.019714;Galactaric acid;[M-H2O-H];C6H10O8;-1.22800e-5;-0.064287;191.019726;1 out of 5
191.019714;191.019714;Glucaric acid;[M-H2O-H];C6H10O8;-1.22800e-5;-0.064287;191.019726;1 out of 5
192.064837;192.064837;N-butanoyl-l-homoserine lactone;[M+Na-H2];C8H13NO3;6.26724e-4;3.263096;192.064210;1 out of 5
195.064477;195.064477;Suberic acid;[M+Na-H2];C8H14O4;6.01072e-4;3.081411;195.063876;1 out of 5
195.064477;195.064477;Ethyladipic acid;[M+Na-H2];C8H14O4;6.01072e-4;3.081411;195.063876;1 out of 5
196.038015;196.038015;5-Acetamidovalerate;[M+K-H2];C7H13NO3;-1.33276e-4;-0.679847;196.038148;1 out of 5
196.038015;196.038015;Aminoadipic acid;[M+Cl];C6H11NO4;-1.93832e-4;-0.988746;196.038209;1 out of 5
211.001438;211.001438;"Deca-2,4,6-triynedioic acid";[M+Na-H2];C10H6O4;1.62328e-4;0.769322;211.001276;1 out of 5
211.001438;211.001438;"6,7-dihydroxy-4-oxo-2-heptenoic acid";[M+K-H2];C7H10O5;9.58000e-6;0.045403;211.001428;1 out of 5
211.001438;211.001438;3-oxopimelic acid;[M+K-H2];C7H10O5;9.58000e-6;0.045403;211.001428;1 out of 5
211.001438;211.001438;"(4S,5S)-4,5-dihydroxy-2,6-dioxohexanoic acid";[M+Cl];C6H8O6;-5.09760e-5;-0.241591;211.001489;2 out of 5
211.001438;211.001438;2-hydroxy-3-oxoadipic acid;[M+Cl];C6H8O6;-5.09760e-5;-0.241591;211.001489;2 out of 5
211.001438;211.001438;"3-deoxy-D-glycero-hexo-2,5-diulosonic acid";[M+Cl];C6H8O6;-5.09760e-5;-0.241591;211.001489;2 out of 5
212.998507;212.998507;BBTOAc;[M+Na-H2];C10H8O2S;-6.60496e-4;-3.100932;212.999167;1 out of 5
213.017112;213.017112;"2,10-dihydroxy-4,6,8-decatriynoic acid";[M+Na-H2];C10H8O4;1.86264e-4;0.874409;213.016926;1 out of 5
213.017112;213.017112;3-propylmalic acid;[M+K-H2];C7H12O5;3.35160e-5;0.157339;213.017078;1 out of 5
213.017112;213.017112;"2,3-dimethyl-3-hydroxy-glutaric acid";[M+K-H2];C7H12O5;3.35160e-5;0.157339;213.017078;1 out of 5
213.017112;213.017112;2-isopropyl-malic acid;[M+K-H2];C7H12O5;3.35160e-5;0.157339;213.017078;1 out of 5
213.017112;213.017112;2-dehydro-3-deoxy-D-gluconic acid;[M+Cl];C6H10O6;-2.70400e-5;-0.126938;213.017139;1 out of 5
213.017112;213.017112;2-Keto-3-deoxy-D-gluconic acid;[M+Cl];C6H10O6;-2.70400e-5;-0.126938;213.017139;1 out of 5
215.032733;215.032733;"2E,4E,6Z,8Z-Decatetraenedioic acid";[M+Na-H2];C10H10O4;1.57200e-4;0.731052;215.032576;1 out of 5
215.032733;215.032733;"2E,4Z,6Z,8Z-Decatetraenedioic acid";[M+Na-H2];C10H10O4;1.57200e-4;0.731052;215.032576;1 out of 5
215.032733;215.032733;"2E,4E,6E,8E-Decatetraenedioic acid";[M+Na-H2];C10H10O4;1.57200e-4;0.731052;215.032576;1 out of 5
215.032733;215.032733;"Deca-4,6,8-triyne-1,1,2,3-tetraol";[M+Na-H2];C10H10O4;1.57200e-4;0.731052;215.032576;1 out of 5
215.032733;215.032733;Fuconic acid;[M+Cl];C6H12O6;-5.61040e-5;-0.260909;215.032789;1 out of 5
224.069342;224.069342;7-oxo-8-amino-nonanoic acid;[M+K-H2];C9H17NO3;-1.06404e-4;-0.474871;224.069448;1 out of 5
224.069342;224.069342;7-Keto-8-aminopelargonic acid;[M+K-H2];C9H17NO3;-1.06404e-4;-0.474871;224.069448;1 out of 5
226.996438;226.996438;"3,7-dideoxy-D-threo-hepto-2,6-diuolosonic acid";[M+K-H2];C7H10O6;9.49600e-5;0.418333;226.996343;1 out of 5
226.996438;226.996438;4-hydroxy-2-oxo-Heptanedioic acid;[M+K-H2];C7H10O6;9.49600e-5;0.418333;226.996343;1 out of 5
226.996438;226.996438;"2,4-dihydroxy-2-heptenedioc acid";[M+K-H2];C7H10O6;9.49600e-5;0.418333;226.996343;1 out of 5
226.996438;226.996438;"2,5-didehydro-D-gluconic acid";[M+Cl];C6H8O7;3.44040e-5;0.151562;226.996404;2 out of 5
226.996438;226.996438;diketo-gulonic acid;[M+Cl];C6H8O7;3.44040e-5;0.151562;226.996404;2 out of 5
229.049618;229.049618;Visnagin;[M-H];C13H10O4;-1.01380e-3;-4.426096;229.050632;2 out of 5
229.049618;229.049618;"methyl 10-acetoxy-8,9-epoxy-2Z-decen-4,6-diynoate";[M-H2O-H];C13H12O5;-1.01448e-3;-4.429082;229.050632;1 out of 5
229.050088;229.050088;Visnagin;[M-H];C13H10O4;-5.43800e-4;-2.374148;229.050632;2 out of 5
229.050088;229.050088;"methyl 10-acetoxy-8,9-epoxy-2Z-decen-4,6-diynoate";[M-H2O-H];C13H12O5;-5.44484e-4;-2.377134;229.050632;1 out of 5
229.050559;229.050559;Visnagin;[M-H];C13H10O4;-7.28000e-5;-0.317834;229.050632;2 out of 5
229.050559;229.050559;"methyl 10-acetoxy-8,9-epoxy-2Z-decen-4,6-diynoate";[M-H2O-H];C13H12O5;-7.34840e-5;-0.320820;229.050632;1 out of 5
229.051500;229.051500;Visnagin;[M-H];C13H10O4;8.68200e-4;3.790428;229.050632;2 out of 5
229.051500;229.051500;"methyl 10-acetoxy-8,9-epoxy-2Z-decen-4,6-diynoate";[M-H2O-H];C13H12O5;8.67516e-4;3.787442;229.050632;1 out of 5
230.058046;230.058046;2-hydroxy-iminostilbene;[M+Na-H2];C14H11NO;-6.84972e-4;-2.977379;230.058731;1 out of 5
232.983427;232.983427;"2-(hexa-5-en-1,3-diyn-1-yl)-5-(prop-1-yn-1-yl)thiophene";[M+K-H2];C13H8S;1.50744e-4;0.647016;232.983276;1 out of 5
233.038252;233.038252;(E)-4-stilbenol;[M+K-H2];C14H12O;8.31996e-4;3.570225;233.037420;1 out of 5
233.038252;233.038252;cis-stilbene oxide;[M+K-H2];C14H12O;8.31996e-4;3.570225;233.037420;1 out of 5
233.038252;233.038252;Isomycomycin;[M+Cl];C13H10O2;7.71440e-4;3.310369;233.037481;1 out of 5
233.038252;233.038252;Mycomycin;[M+Cl];C13H10O2;7.71440e-4;3.310369;233.037481;1 out of 5
233.038252;233.038252;Dehydrosafynol;[M+Cl];C13H10O2;7.71440e-4;3.310369;233.037481;1 out of 5
233.057530;233.057530;"2E,4E,6E,12E-Tetradecatetraene-8,10-diynoic acid";[M+Na-H2];C14H12O2;-8.66624e-4;-3.718484;233.058397;1 out of 5
233.057530;233.057530;"2E,4E,6E,12Z-Tetradecatetraene-8,10-diynoic acid";[M+Na-H2];C14H12O2;-8.66624e-4;-3.718484;233.058397;1 out of 5
233.057530;233.057530;(-)-Mycomycin;[M+Na-H2];C14H12O2;-8.66624e-4;-3.718484;233.058397;1 out of 5
233.057530;233.057530;Pinosylvin;[M+Na-H2];C14H12O2;-8.66624e-4;-3.718484;233.058397;1 out of 5
233.057530;233.057530;"4,4'-Dihydroxystilbene";[M+Na-H2];C14H12O2;-8.66624e-4;-3.718484;233.058397;1 out of 5
233.057530;233.057530;"11-oxo-undeca-5,8-dienoic acid";[M+K-H2];C11H16O3;-1.01937e-3;-4.373888;233.058549;1 out of 5
233.057530;233.057530;"11-oxo-undeca-5,9-dienoic acid";[M+K-H2];C11H16O3;-1.01937e-3;-4.373888;233.058549;1 out of 5
233.057530;233.057530;"5S,6S-epoxy-7-undecynoic acid";[M+K-H2];C11H16O3;-1.01937e-3;-4.373888;233.058549;1 out of 5
233.057530;233.057530;Isobutyl 2-furanpropionate;[M+K-H2];C11H16O3;-1.01937e-3;-4.373888;233.058549;1 out of 5
233.057530;233.057530;Modiolide A;[M+Cl];C10H14O4;-1.07993e-3;-4.633719;233.058610;1 out of 5
241.011890;241.011890;"(2R,3S)-2-methylcitric acid";[M+Cl];C7H10O7;-1.63660e-4;-0.679053;241.012054;1 out of 5
241.011890;241.011890;"(2S,3R)-3-hydroxybutane-1,2,3-tricarboxylic acid";[M+Cl];C7H10O7;-1.63660e-4;-0.679053;241.012054;1 out of 5
241.011890;241.011890;Lipoic acid;[M+Cl];C8H14O2S2;-1.03269e-3;-4.284783;241.012923;1 out of 5
242.043494;242.043494;(R)-dihydrolipoamide;[M+Cl];C8H17NOS2;-1.06316e-3;-4.392431;242.044557;1 out of 5
242.043494;242.043494;Dihydrolipoamide;[M+Cl];C8H17NOS2;-1.06316e-3;-4.392431;242.044557;1 out of 5
245.043155;245.043155;4-methyl-5-carboxyethyl-2-furanacrylic acid;[M+Na-H2];C11H12O5;1.45160e-5;0.059239;245.043140;1 out of 5
265.027375;265.027375;Resveratrol;[M+K-H2];C14H12O3;1.25756e-4;0.474502;265.027249;1 out of 5
265.027375;265.027375;Visnagin;[M+Cl];C13H10O4;6.52000e-5;0.246012;265.027310;5 out of 5
267.028682;267.028682;Coumestrol;[M-H];C15H8O5;-1.21436e-3;-4.547641;267.029896;1 out of 5
267.028682;267.028682;Baptigenin;[M-H2O-H];C15H10O6;-1.21504e-3;-4.550202;267.029897;2 out of 5
267.028682;267.028682;Unknown Name;[M-H2O-H];C15H10O6;-1.21504e-3;-4.550202;267.029897;134 out of 5
267.028682;267.028682;Orobol;[M-H2O-H];C15H10O6;-1.21504e-3;-4.550202;267.029897;2 out of 5
267.028682;267.028682;2'-Hydroxygenistein;[M-H2O-H];C15H10O6;-1.21504e-3;-4.550202;267.029897;2 out of 5
267.028682;267.028682;6-Hydroxygenistein;[M-H2O-H];C15H10O6;-1.21504e-3;-4.550202;267.029897;2 out of 5
267.028682;267.028682;Kaempferol;[M-H2O-H];C15H10O6;-1.21504e-3;-4.550202;267.029897;2 out of 5
267.028682;267.028682;Luteolin;[M-H2O-H];C15H10O6;-1.21504e-3;-4.550202;267.029897;2 out of 5
267.028682;267.028682;Unknown Name;[M-H2O-H];C15H10O6;-1.21504e-3;-4.550202;267.029897;134 out of 5
267.028682;267.028682;Unknown Name;[M-H2O-H];C15H10O6;-1.21504e-3;-4.550202;267.029897;134 out of 5
267.028682;267.028682;Unknown Name;[M-H2O-H];C15H10O6;-1.21504e-3;-4.550202;267.029897;134 out of 5
267.028682;267.028682;Unknown Name;[M-H2O-H];C15H10O6;-1.21504e-3;-4.550202;267.029897;134 out of 5
267.028682;267.028682;Norartocarpetin;[M-H2O-H];C15H10O6;-1.21504e-3;-4.550202;267.029897;2 out of 5
267.028682;267.028682;Scutellarein;[M-H2O-H];C15H10O6;-1.21504e-3;-4.550202;267.029897;2 out of 5
267.028682;267.028682;Isoscutellarein;[M-H2O-H];C15H10O6;-1.21504e-3;-4.550202;267.029897;2 out of 5
267.028682;267.028682;Fisetin;[M-H2O-H];C15H10O6;-1.21504e-3;-4.550202;267.029897;2 out of 5
267.028682;267.028682;Unknown Name;[M-H2O-H];C15H10O6;-1.21504e-3;-4.550202;267.029897;134 out of 5
267.028682;267.028682;Datiscetin;[M-H2O-H];C15H10O6;-1.21504e-3;-4.550202;267.029897;2 out of 5
267.028682;267.028682;6-Hydroxygalangin;[M-H2O-H];C15H10O6;-1.21504e-3;-4.550202;267.029897;2 out of 5
267.028682;267.028682;8-Hydroxygalangin;[M-H2O-H];C15H10O6;-1.21504e-3;-4.550202;267.029897;2 out of 5
267.028682;267.028682;Maritimetin;[M-H2O-H];C15H10O6;-1.21504e-3;-4.550202;267.029897;2 out of 5
267.028682;267.028682;Aureusidin;[M-H2O-H];C15H10O6;-1.21504e-3;-4.550202;267.029897;2 out of 5
267.028682;267.028682;Helmon;[M-H2O-H];C15H10O6;-1.21504e-3;-4.550202;267.029897;2 out of 5
267.028682;267.028682;omega-Hydroxyemodin;[M-H2O-H];C15H10O6;-1.21504e-3;-4.550202;267.029897;2 out of 5
267.029961;267.029961;Coumestrol;[M-H];C15H8O5;6.46440e-5;0.242085;267.029896;1 out of 5
267.029961;267.029961;Baptigenin;[M-H2O-H];C15H10O6;6.39600e-5;0.239524;267.029897;2 out of 5
267.029961;267.029961;Unknown Name;[M-H2O-H];C15H10O6;6.39600e-5;0.239524;267.029897;134 out of 5
267.029961;267.029961;Orobol;[M-H2O-H];C15H10O6;6.39600e-5;0.239524;267.029897;2 out of 5
267.029961;267.029961;2'-Hydroxygenistein;[M-H2O-H];C15H10O6;6.39600e-5;0.239524;267.029897;2 out of 5
267.029961;267.029961;6-Hydroxygenistein;[M-H2O-H];C15H10O6;6.39600e-5;0.239524;267.029897;2 out of 5
267.029961;267.029961;Kaempferol;[M-H2O-H];C15H10O6;6.39600e-5;0.239524;267.029897;2 out of 5
267.029961;267.029961;Luteolin;[M-H2O-H];C15H10O6;6.39600e-5;0.239524;267.029897;2 out of 5
267.029961;267.029961;Unknown Name;[M-H2O-H];C15H10O6;6.39600e-5;0.239524;267.029897;134 out of 5
267.029961;267.029961;Unknown Name;[M-H2O-H];C15H10O6;6.39600e-5;0.239524;267.029897;134 out of 5
267.029961;267.029961;Unknown Name;[M-H2O-H];C15H10O6;6.39600e-5;0.239524;267.029897;134 out of 5
267.029961;267.029961;Unknown Name;[M-H2O-H];C15H10O6;6.39600e-5;0.239524;267.029897;134 out of 5
267.029961;267.029961;Norartocarpetin;[M-H2O-H];C15H10O6;6.39600e-5;0.239524;267.029897;2 out of 5
267.029961;267.029961;Scutellarein;[M-H2O-H];C15H10O6;6.39600e-5;0.239524;267.029897;2 out of 5
267.029961;267.029961;Isoscutellarein;[M-H2O-H];C15H10O6;6.39600e-5;0.239524;267.029897;2 out of 5
267.029961;267.029961;Fisetin;[M-H2O-H];C15H10O6;6.39600e-5;0.239524;267.029897;2 out of 5
267.029961;267.029961;Unknown Name;[M-H2O-H];C15H10O6;6.39600e-5;0.239524;267.029897;134 out of 5
267.029961;267.029961;Datiscetin;[M-H2O-H];C15H10O6;6.39600e-5;0.239524;267.029897;2 out of 5
267.029961;267.029961;6-Hydroxygalangin;[M-H2O-H];C15H10O6;6.39600e-5;0.239524;267.029897;2 out of 5
267.029961;267.029961;8-Hydroxygalangin;[M-H2O-H];C15H10O6;6.39600e-5;0.239524;267.029897;2 out of 5
267.029961;267.029961;Maritimetin;[M-H2O-H];C15H10O6;6.39600e-5;0.239524;267.029897;2 out of 5
267.029961;267.029961;Aureusidin;[M-H2O-H];C15H10O6;6.39600e-5;0.239524;267.029897;2 out of 5
267.029961;267.029961;Helmon;[M-H2O-H];C15H10O6;6.39600e-5;0.239524;267.029897;2 out of 5
267.029961;267.029961;omega-Hydroxyemodin;[M-H2O-H];C15H10O6;6.39600e-5;0.239524;267.029897;2 out of 5
267.030692;267.030692;Coumestrol;[M-H];C15H8O5;7.95644e-4;2.979606;267.029896;1 out of 5
267.030692;267.030692;Baptigenin;[M-H2O-H];C15H10O6;7.94960e-4;2.977045;267.029897;2 out of 5
267.030692;267.030692;Unknown Name;[M-H2O-H];C15H10O6;7.94960e-4;2.977045;267.029897;134 out of 5
267.030692;267.030692;Orobol;[M-H2O-H];C15H10O6;7.94960e-4;2.977045;267.029897;2 out of 5
267.030692;267.030692;2'-Hydroxygenistein;[M-H2O-H];C15H10O6;7.94960e-4;2.977045;267.029897;2 out of 5
267.030692;267.030692;6-Hydroxygenistein;[M-H2O-H];C15H10O6;7.94960e-4;2.977045;267.029897;2 out of 5
267.030692;267.030692;Kaempferol;[M-H2O-H];C15H10O6;7.94960e-4;2.977045;267.029897;2 out of 5
267.030692;267.030692;Luteolin;[M-H2O-H];C15H10O6;7.94960e-4;2.977045;267.029897;2 out of 5
267.030692;267.030692;Unknown Name;[M-H2O-H];C15H10O6;7.94960e-4;2.977045;267.029897;134 out of 5
267.030692;267.030692;Unknown Name;[M-H2O-H];C15H10O6;7.94960e-4;2.977045;267.029897;134 out of 5
267.030692;267.030692;Unknown Name;[M-H2O-H];C15H10O6;7.94960e-4;2.977045;267.029897;134 out of 5
267.030692;267.030692;Unknown Name;[M-H2O-H];C15H10O6;7.94960e-4;2.977045;267.029897;134 out of 5
267.030692;267.030692;Norartocarpetin;[M-H2O-H];C15H10O6;7.94960e-4;2.977045;267.029897;2 out of 5
267.030692;267.030692;Scutellarein;[M-H2O-H];C15H10O6;7.94960e-4;2.977045;267.029897;2 out of 5
267.030692;267.030692;Isoscutellarein;[M-H2O-H];C15H10O6;7.94960e-4;2.977045;267.029897;2 out of 5
267.030692;267.030692;Fisetin;[M-H2O-H];C15H10O6;7.94960e-4;2.977045;267.029897;2 out of 5
267.030692;267.030692;Unknown Name;[M-H2O-H];C15H10O6;7.94960e-4;2.977045;267.029897;134 out of 5
267.030692;267.030692;Datiscetin;[M-H2O-H];C15H10O6;7.94960e-4;2.977045;267.029897;2 out of 5
267.030692;267.030692;6-Hydroxygalangin;[M-H2O-H];C15H10O6;7.94960e-4;2.977045;267.029897;2 out of 5
267.030692;267.030692;8-Hydroxygalangin;[M-H2O-H];C15H10O6;7.94960e-4;2.977045;267.029897;2 out of 5
267.030692;267.030692;Maritimetin;[M-H2O-H];C15H10O6;7.94960e-4;2.977045;267.029897;2 out of 5
267.030692;267.030692;Aureusidin;[M-H2O-H];C15H10O6;7.94960e-4;2.977045;267.029897;2 out of 5
267.030692;267.030692;Helmon;[M-H2O-H];C15H10O6;7.94960e-4;2.977045;267.029897;2 out of 5
267.030692;267.030692;omega-Hydroxyemodin;[M-H2O-H];C15H10O6;7.94960e-4;2.977045;267.029897;2 out of 5
272.842546;272.842546;Ethyl 2-Bromo-2-iodoacetate;[M-H2O-H];C4H6BrIO2;7.97468e-4;2.922822;272.841749;1 out of 5
291.006419;291.006419;Daidzein;[M+K-H2];C15H10O4;-9.48000e-5;-0.325766;291.006514;1 out of 5
291.006419;291.006419;Unknown Name;[M+K-H2];C15H10O4;-9.48000e-5;-0.325766;291.006514;131 out of 5
291.006419;291.006419;Unknown Name;[M+K-H2];C15H10O4;-9.48000e-5;-0.325766;291.006514;131 out of 5
291.006419;291.006419;Anhydroglycinol;[M+K-H2];C15H10O4;-9.48000e-5;-0.325766;291.006514;1 out of 5
291.006419;291.006419;Nordalbergin;[M+K-H2];C15H10O4;-9.48000e-5;-0.325766;291.006514;1 out of 5
291.006419;291.006419;Serratin;[M+K-H2];C15H10O4;-9.48000e-5;-0.325766;291.006514;1 out of 5
291.006419;291.006419;Unknown Name;[M+K-H2];C15H10O4;-9.48000e-5;-0.325766;291.006514;131 out of 5
291.006419;291.006419;Unknown Name;[M+K-H2];C15H10O4;-9.48000e-5;-0.325766;291.006514;131 out of 5
291.006419;291.006419;Unknown Name;[M+K-H2];C15H10O4;-9.48000e-5;-0.325766;291.006514;131 out of 5
291.006419;291.006419;Unknown Name;[M+K-H2];C15H10O4;-9.48000e-5;-0.325766;291.006514;131 out of 5
291.006419;291.006419;Primetin;[M+K-H2];C15H10O4;-9.48000e-5;-0.325766;291.006514;1 out of 5
291.006419;291.006419;Chrysin;[M+K-H2];C15H10O4;-9.48000e-5;-0.325766;291.006514;1 out of 5
291.006419;291.006419;Unknown Name;[M+K-H2];C15H10O4;-9.48000e-5;-0.325766;291.006514;131 out of 5
291.006419;291.006419;Hispidol;[M+K-H2];C15H10O4;-9.48000e-5;-0.325766;291.006514;1 out of 5
291.006419;291.006419;Chrysophanol;[M+K-H2];C15H10O4;-9.48000e-5;-0.325766;291.006514;1 out of 5
291.006419;291.006419;Rubiadin;[M+K-H2];C15H10O4;-9.48000e-5;-0.325766;291.006514;1 out of 5
291.044406;291.044406;Dihydrodaidzein;[M+Cl];C15H12O4;1.44614e-3;4.968806;291.042960;1 out of 5
291.044406;291.044406;Demethylmedicarpin;[M+Cl];C15H12O4;1.44614e-3;4.968806;291.042960;1 out of 5
291.044406;291.044406;Haginin D;[M+Cl];C15H12O4;1.44614e-3;4.968806;291.042960;1 out of 5
291.044406;291.044406;Isoliquiritigenin;[M+Cl];C15H12O4;1.44614e-3;4.968806;291.042960;1 out of 5
291.044406;291.044406;Unknown Name;[M+Cl];C15H12O4;1.44614e-3;4.968806;291.042960;132 out of 5
291.044406;291.044406;Unknown Name;[M+Cl];C15H12O4;1.44614e-3;4.968806;291.042960;132 out of 5
291.044406;291.044406;Unknown Name;[M+Cl];C15H12O4;1.44614e-3;4.968806;291.042960;132 out of 5
291.044406;291.044406;Lucidone;[M+Cl];C15H12O4;1.44614e-3;4.968806;291.042960;1 out of 5
291.044406;291.044406;Liquiritigenin;[M+Cl];C15H12O4;1.44614e-3;4.968806;291.042960;1 out of 5
291.044406;291.044406;Pinocembrin;[M+Cl];C15H12O4;1.44614e-3;4.968806;291.042960;1 out of 5
291.044406;291.044406;6-Demethylvignafuran;[M+Cl];C15H12O4;1.44614e-3;4.968806;291.042960;1 out of 5
291.044406;291.044406;Centrolobofuran;[M+Cl];C15H12O4;1.44614e-3;4.968806;291.042960;1 out of 5
297.038103;297.038103;Thysanone;[M+Na-H2];C14H12O6;4.78960e-5;0.161245;297.038055;1 out of 5
298.069883;298.069883;Methylmalonylcarnitine;[M+K-H2];C11H19NO6;4.06720e-5;0.136451;298.069842;1 out of 5
298.069883;298.069883;O-methylmalonylcarnitine;[M+K-H2];C11H19NO6;4.06720e-5;0.136451;298.069842;1 out of 5
298.069883;298.069883;O-succinylcarnitine;[M+K-H2];C11H19NO6;4.06720e-5;0.136451;298.069842;1 out of 5
299.123188;299.123188;"11,11-Difluoro-9Z-dodecenyl acetate";[M+K-H2];C14H24O2F2;1.46552e-4;0.489939;299.123041;1 out of 5
299.123188;299.123188;"7,7-Difluoro-8Z-dodecenyl acetate";[M+K-H2];C14H24F2O2;1.46552e-4;0.489939;299.123041;1 out of 5
306.029743;306.029743;Pelargonidin;[M+Cl];C15H11O5;2.42128e-4;0.791191;306.029501;1 out of 5
307.098943;307.098943;O-Methylpongamol;[M-H];C19H16O4;1.36101e-3;4.431842;307.097582;1 out of 5
307.098943;307.098943;Eucalyptin;[M-H2O-H];C19H18O5;1.36032e-3;4.429615;307.097583;1 out of 5
308.065540;308.065540;Carajuron;[M+Na-H2];C16H15O5;-5.27000e-4;-1.710672;308.066067;1 out of 5
315.048530;315.048530;6-Tuliposide A;[M+K-H2];C11H18O8;-2.42536e-4;-0.769836;315.048773;1 out of 5
315.048530;315.048530;Tuliposide A;[M+K-H2];C11H18O8;-2.42536e-4;-0.769836;315.048773;1 out of 5
317.225336;317.225336;10Z-Nonadecenal;[M+K-H2];C19H36O;1.15228e-4;0.363237;317.225221;1 out of 5
317.225336;317.225336;9Z-Nonadecenal;[M+K-H2];C19H36O;1.15228e-4;0.363237;317.225221;1 out of 5
317.225336;317.225336;10Z-Nonadecen-2-one;[M+K-H2];C19H36O;1.15228e-4;0.363237;317.225221;1 out of 5
317.225336;317.225336;12Z-Nonadecen-9-one;[M+K-H2];C19H36O;1.15228e-4;0.363237;317.225221;1 out of 5
317.225336;317.225336;10-Nonadecen-2-one;[M+K-H2];C19H36O;1.15228e-4;0.363237;317.225221;1 out of 5
317.225336;317.225336;7-Ethyl-4-heptadecen-6-one;[M+K-H2];C19H36O;1.15228e-4;0.363237;317.225221;1 out of 5
317.225336;317.225336;"2-methyl-7R,8S-Epoxy-17-octadecene";[M+K-H2];C19H36O;1.15228e-4;0.363237;317.225221;1 out of 5
317.225336;317.225336;"9S,10R-Epoxy-6Z-nonadecene";[M+K-H2];C19H36O;1.15228e-4;0.363237;317.225221;1 out of 5
317.225336;317.225336;"6R,7S-Epoxy-9Z-nonadecene";[M+K-H2];C19H36O;1.15228e-4;0.363237;317.225221;1 out of 5
317.225336;317.225336;"6S,7R-Epoxy-9Z-nonadecene";[M+K-H2];C19H36O;1.15228e-4;0.363237;317.225221;1 out of 5
317.225336;317.225336;2-chloro-stearic acid;[M-H];C18H35O2Cl;5.49600e-5;0.173252;317.225281;2 out of 5
317.225336;317.225336;2-methyl-16-heptadecenoic acid;[M+Cl];C18H34O2;5.46720e-5;0.172344;317.225281;1 out of 5
317.225336;317.225336;17:1(4)(16Me);[M+Cl];C18H34O2;5.46720e-5;0.172344;317.225281;1 out of 5
317.225336;317.225336;17:1(6)(9Me);[M+Cl];C18H34O2;5.46720e-5;0.172344;317.225281;1 out of 5
317.225336;317.225336;17:1(12)(7Me);[M+Cl];C18H34O2;5.46720e-5;0.172344;317.225281;1 out of 5
317.225336;317.225336;Isooctadecenoic acid;[M+Cl];C18H34O2;5.46720e-5;0.172344;317.225281;1 out of 5
317.225336;317.225336;Isooctadecenoic acid;[M+Cl];C18H34O2;5.46720e-5;0.172344;317.225281;1 out of 5
317.225336;317.225336;Oleic acid;[M+Cl];C18H34O2;5.46720e-5;0.172344;317.225281;1 out of 5
317.225336;317.225336;2Z-octadecenoic acid;[M+Cl];C18H34O2;5.46720e-5;0.172344;317.225281;1 out of 5
317.225336;317.225336;trans-2-oleic acid;[M+Cl];C18H34O2;5.46720e-5;0.172344;317.225281;1 out of 5
317.225336;317.225336;3-octadecylenic acid;[M+Cl];C18H34O2;5.46720e-5;0.172344;317.225281;1 out of 5
317.225336;317.225336;4-octadecylenic acid;[M+Cl];C18H34O2;5.46720e-5;0.172344;317.225281;1 out of 5
317.225336;317.225336;Thalictric acid;[M+Cl];C18H34O2;5.46720e-5;0.172344;317.225281;1 out of 5
317.225336;317.225336;Petroselinic acid;[M+Cl];C18H34O2;5.46720e-5;0.172344;317.225281;1 out of 5
317.225336;317.225336;Petroselaidic acid;[M+Cl];C18H34O2;5.46720e-5;0.172344;317.225281;1 out of 5
317.225336;317.225336;7Z-octadecenoic acid;[M+Cl];C18H34O2;5.46720e-5;0.172344;317.225281;1 out of 5
317.225336;317.225336;7E-octadecenoic acid;[M+Cl];C18H34O2;5.46720e-5;0.172344;317.225281;1 out of 5
317.225336;317.225336;cis-8-oleic acid;[M+Cl];C18H34O2;5.46720e-5;0.172344;317.225281;1 out of 5
317.225336;317.225336;trans-8-elaidic acid;[M+Cl];C18H34O2;5.46720e-5;0.172344;317.225281;1 out of 5
317.225336;317.225336;9-elaidic acid;[M+Cl];C18H34O2;5.46720e-5;0.172344;317.225281;1 out of 5
317.225336;317.225336;cis-10-oleic acid;[M+Cl];C18H34O2;5.46720e-5;0.172344;317.225281;1 out of 5
317.225336;317.225336;10E-octadecenoic acid;[M+Cl];C18H34O2;5.46720e-5;0.172344;317.225281;1 out of 5
317.225336;317.225336;cis-vaccenic acid;[M+Cl];C18H34O2;5.46720e-5;0.172344;317.225281;1 out of 5
317.225336;317.225336;trans-vaccenic acid;[M+Cl];C18H34O2;5.46720e-5;0.172344;317.225281;1 out of 5
317.225336;317.225336;cis-12-oleic acid;[M+Cl];C18H34O2;5.46720e-5;0.172344;317.225281;1 out of 5
317.225336;317.225336;trans-12-elaidic acid;[M+Cl];C18H34O2;5.46720e-5;0.172344;317.225281;1 out of 5
317.225336;317.225336;15E-octadecenoic acid;[M+Cl];C18H34O2;5.46720e-5;0.172344;317.225281;1 out of 5
317.225336;317.225336;16E-octadecenoic acid;[M+Cl];C18H34O2;5.46720e-5;0.172344;317.225281;1 out of 5
317.225336;317.225336;13Z-octadecenoic acid;[M+Cl];C18H34O2;5.46720e-5;0.172344;317.225281;1 out of 5
317.225336;317.225336;15Z-octadecenoic acid;[M+Cl];C18H34O2;5.46720e-5;0.172344;317.225281;1 out of 5
317.225336;317.225336;16Z-octadecenoic acid;[M+Cl];C18H34O2;5.46720e-5;0.172344;317.225281;1 out of 5
317.225336;317.225336;17-octadecenoic acid;[M+Cl];C18H34O2;5.46720e-5;0.172344;317.225281;1 out of 5
317.225336;317.225336;3Z-octadecenoic acid;[M+Cl];C18H34O2;5.46720e-5;0.172344;317.225281;1 out of 5
317.225336;317.225336;4Z-octadecenoic acid;[M+Cl];C18H34O2;5.46720e-5;0.172344;317.225281;1 out of 5
317.225336;317.225336;5Z-octadecenoic acid;[M+Cl];C18H34O2;5.46720e-5;0.172344;317.225281;1 out of 5
317.225336;317.225336;18:1(13E);[M+Cl];C18H34O2;5.46720e-5;0.172344;317.225281;1 out of 5
317.225336;317.225336;18:1(14E);[M+Cl];C18H34O2;5.46720e-5;0.172344;317.225281;1 out of 5
317.225336;317.225336;18:1(14Z);[M+Cl];C18H34O2;5.46720e-5;0.172344;317.225281;1 out of 5
317.225336;317.225336;17:1(4)(15Me);[M+Cl];C18H34O2;5.46720e-5;0.172344;317.225281;1 out of 5
317.225336;317.225336;10-Octadecenoic acid;[M+Cl];C18H34O2;5.46720e-5;0.172344;317.225281;1 out of 5
317.225336;317.225336;11-Cycloheptylundecanoic acid;[M+Cl];C18H34O2;5.46720e-5;0.172344;317.225281;1 out of 5
317.225336;317.225336;Dihydromalvalic acid;[M+Cl];C18H34O2;5.46720e-5;0.172344;317.225281;1 out of 5
317.225336;317.225336;Cyclopentanetridecanoic acid;[M+Cl];C18H34O2;5.46720e-5;0.172344;317.225281;1 out of 5
317.225336;317.225336;11E-Hexadecenyl acetate;[M+Cl];C18H34O2;5.46720e-5;0.172344;317.225281;1 out of 5
317.225336;317.225336;5E-Hexadecenyl acetate;[M+Cl];C18H34O2;5.46720e-5;0.172344;317.225281;1 out of 5
317.225336;317.225336;6E-Hexadecenyl acetate;[M+Cl];C18H34O2;5.46720e-5;0.172344;317.225281;1 out of 5
317.225336;317.225336;8E-Hexadecenyl acetate;[M+Cl];C18H34O2;5.46720e-5;0.172344;317.225281;1 out of 5
317.225336;317.225336;9E-Hexadecenyl acetate;[M+Cl];C18H34O2;5.46720e-5;0.172344;317.225281;1 out of 5
317.225336;317.225336;10Z-Hexadecenyl acetate;[M+Cl];C18H34O2;5.46720e-5;0.172344;317.225281;1 out of 5
317.225336;317.225336;11Z-Hexadecenyl acetate;[M+Cl];C18H34O2;5.46720e-5;0.172344;317.225281;1 out of 5
317.225336;317.225336;12Z-Hexadecenyl acetate;[M+Cl];C18H34O2;5.46720e-5;0.172344;317.225281;1 out of 5
317.225336;317.225336;3Z-Hexadecenyl acetate;[M+Cl];C18H34O2;5.46720e-5;0.172344;317.225281;1 out of 5
317.225336;317.225336;5Z-Hexadecenyl acetate;[M+Cl];C18H34O2;5.46720e-5;0.172344;317.225281;1 out of 5
317.225336;317.225336;7Z-Hexadecenyl acetate;[M+Cl];C18H34O2;5.46720e-5;0.172344;317.225281;1 out of 5
317.225336;317.225336;9Z-Hexadecenyl acetate;[M+Cl];C18H34O2;5.46720e-5;0.172344;317.225281;1 out of 5
317.225336;317.225336;7-Hexadecenyl acetate;[M+Cl];C18H34O2;5.46720e-5;0.172344;317.225281;1 out of 5
317.225336;317.225336;ethyl 7Z-hexadecenoate;[M+Cl];C18H34O2;5.46720e-5;0.172344;317.225281;1 out of 5
317.225336;317.225336;Methyl 14-methyl-8E-hexadecenoate;[M+Cl];C18H34O2;5.46720e-5;0.172344;317.225281;1 out of 5
317.225336;317.225336;Methyl 14-methyl-8Z-hexadecenoate;[M+Cl];C18H34O2;5.46720e-5;0.172344;317.225281;1 out of 5
317.225336;317.225336;ethyl 9Z-hexadecenoate;[M+Cl];C18H34O2;5.46720e-5;0.172344;317.225281;1 out of 5
317.225336;317.225336;Ethyl 9-hexadecenoate;[M+Cl];C18H34O2;5.46720e-5;0.172344;317.225281;1 out of 5
317.225336;317.225336;18-Octadecanolide;[M+Cl];C18H34O2;5.46720e-5;0.172344;317.225281;1 out of 5
319.095177;319.095177;Aurentiacin;[M+Na-H2];C18H18O4;9.44000e-7;0.002958;319.095176;1 out of 5
319.095177;319.095177;Unknown Name;[M+Na-H2];C18H18O4;9.44000e-7;0.002958;319.095176;140 out of 5
319.095177;319.095177;Ceroptene;[M+Na-H2];C18H18O4;9.44000e-7;0.002958;319.095176;1 out of 5
319.095177;319.095177;Infectocaryone;[M+Na-H2];C18H18O4;9.44000e-7;0.002958;319.095176;1 out of 5
319.095177;319.095177;"7,4'-Dimethoxy-6-C-methylflavanone";[M+Na-H2];C18H18O4;9.44000e-7;0.002958;319.095176;1 out of 5
319.095177;319.095177;Unknown Name;[M+Na-H2];C18H18O4;9.44000e-7;0.002958;319.095176;140 out of 5
319.095177;319.095177;"(+)-6,8-Di-C-methylpinocembrin 5-methyl ether";[M+Na-H2];C18H18O4;9.44000e-7;0.002958;319.095176;1 out of 5
319.095177;319.095177;Unknown Name;[M+Na-H2];C18H18O4;9.44000e-7;0.002958;319.095176;140 out of 5
319.095177;319.095177;Unknown Name;[M+Na-H2];C18H18O4;9.44000e-7;0.002958;319.095176;140 out of 5
319.095177;319.095177;"3,4-dimethyl-5-carboxyethyl-2-furanhexanoic acid";[M+K-H2];C15H22O5;-1.51804e-4;-0.475732;319.095329;1 out of 5
319.095177;319.095177;"3,4-dimethyl-5-carboxypropyl-2-furanpentanoic acid";[M+K-H2];C15H22O5;-1.51804e-4;-0.475732;319.095329;1 out of 5
319.095177;319.095177;dihydrophaseic acid;[M+K-H2];C15H22O5;-1.51804e-4;-0.475732;319.095329;1 out of 5
319.095177;319.095177;epi-dihydrophaseic acid;[M+K-H2];C15H22O5;-1.51804e-4;-0.475732;319.095329;1 out of 5
319.095177;319.095177;Artemisin;[M+K-H2];C15H22O5;-1.51804e-4;-0.475732;319.095329;1 out of 5
319.095177;319.095177;3-carboxy-4-methyl-5-(4-hydroxypentyl)-2-furanpropanoic acid;[M+Cl];C14H20O6;-2.12360e-4;-0.665506;319.095389;1 out of 5
319.095177;319.095177;karalicin;[M+Cl];C14H20O6;-2.12360e-4;-0.665506;319.095389;1 out of 5
321.018619;321.018619;Calycosin;[M+K-H2];C16H12O5;1.54052e-3;4.798860;321.017078;1 out of 5
321.018619;321.018619;3'-Methoxydaidzein;[M+K-H2];C16H12O5;1.54052e-3;4.798860;321.017078;1 out of 5
321.018619;321.018619;Xenognosin B;[M+K-H2];C16H12O5;1.54052e-3;4.798860;321.017078;1 out of 5
321.018619;321.018619;Teralin;[M+K-H2];C16H12O5;1.54052e-3;4.798860;321.017078;1 out of 5
321.018619;321.018619;Unknown Name;[M+K-H2];C16H12O5;1.54052e-3;4.798860;321.017078;131 out of 5
321.018619;321.018619;Texasin;[M+K-H2];C16H12O5;1.54052e-3;4.798860;321.017078;1 out of 5
321.018619;321.018619;Kakkatin;[M+K-H2];C16H12O5;1.54052e-3;4.798860;321.017078;1 out of 5
321.018619;321.018619;Glycitein;[M+K-H2];C16H12O5;1.54052e-3;4.798860;321.017078;1 out of 5
321.018619;321.018619;Retusin(Dalbergia);[M+K-H2];C16H12O5;1.54052e-3;4.798860;321.017078;1 out of 5
321.018619;321.018619;Biochanin A;[M+K-H2];C16H12O5;1.54052e-3;4.798860;321.017078;1 out of 5
321.018619;321.018619;5-O-Methylgenistein;[M+K-H2];C16H12O5;1.54052e-3;4.798860;321.017078;1 out of 5
321.018619;321.018619;Prunetin;[M+K-H2];C16H12O5;1.54052e-3;4.798860;321.017078;1 out of 5
321.018619;321.018619;(-)-Maackiain;[M+K-H2];C16H12O5;1.54052e-3;4.798860;321.017078;1 out of 5
321.018619;321.018619;Melannin;[M+K-H2];C16H12O5;1.54052e-3;4.798860;321.017078;1 out of 5
321.018619;321.018619;Unknown Name;[M+K-H2];C16H12O5;1.54052e-3;4.798860;321.017078;131 out of 5
321.018619;321.018619;Stevenin;[M+K-H2];C16H12O5;1.54052e-3;4.798860;321.017078;1 out of 5
321.018619;321.018619;Unknown Name;[M+K-H2];C16H12O5;1.54052e-3;4.798860;321.017078;131 out of 5
321.018619;321.018619;Geraldone;[M+K-H2];C16H12O5;1.54052e-3;4.798860;321.017078;1 out of 5
321.018619;321.018619;Farnisin;[M+K-H2];C16H12O5;1.54052e-3;4.798860;321.017078;1 out of 5
321.018619;321.018619;Echioidinin;[M+K-H2];C16H12O5;1.54052e-3;4.798860;321.017078;1 out of 5
321.018619;321.018619;Unknown Name;[M+K-H2];C16H12O5;1.54052e-3;4.798860;321.017078;131 out of 5
321.018619;321.018619;6-Methylapigenin;[M+K-H2];C16H12O5;1.54052e-3;4.798860;321.017078;1 out of 5
321.018619;321.018619;Acacetin;[M+K-H2];C16H12O5;1.54052e-3;4.798860;321.017078;1 out of 5
321.018619;321.018619;Thevetiaflavone;[M+K-H2];C16H12O5;1.54052e-3;4.798860;321.017078;1 out of 5
321.018619;321.018619;Genkwanin;[M+K-H2];C16H12O5;1.54052e-3;4.798860;321.017078;1 out of 5
321.018619;321.018619;Oroxylin A;[M+K-H2];C16H12O5;1.54052e-3;4.798860;321.017078;1 out of 5
321.018619;321.018619;Negletein;[M+K-H2];C16H12O5;1.54052e-3;4.798860;321.017078;1 out of 5
321.018619;321.018619;Wogonin;[M+K-H2];C16H12O5;1.54052e-3;4.798860;321.017078;1 out of 5
321.018619;321.018619;Unknown Name;[M+K-H2];C16H12O5;1.54052e-3;4.798860;321.017078;131 out of 5
321.018619;321.018619;5-Deoxyrhamnocitrin;[M+K-H2];C16H12O5;1.54052e-3;4.798860;321.017078;1 out of 5
321.018619;321.018619;Zuccagin;[M+K-H2];C16H12O5;1.54052e-3;4.798860;321.017078;1 out of 5
321.018619;321.018619;8-C-Methylgalangin;[M+K-H2];C16H12O5;1.54052e-3;4.798860;321.017078;1 out of 5
321.018619;321.018619;Galangin 3-methyl ether;[M+K-H2];C16H12O5;1.54052e-3;4.798860;321.017078;1 out of 5
321.018619;321.018619;Galangin 5-methyl ether;[M+K-H2];C16H12O5;1.54052e-3;4.798860;321.017078;1 out of 5
321.018619;321.018619;Izalpinin;[M+K-H2];C16H12O5;1.54052e-3;4.798860;321.017078;1 out of 5
321.018619;321.018619;Unknown Name;[M+K-H2];C16H12O5;1.54052e-3;4.798860;321.017078;131 out of 5
321.018619;321.018619;Unknown Name;[M+K-H2];C16H12O5;1.54052e-3;4.798860;321.017078;131 out of 5
321.018619;321.018619;1-O-Methylemodin;[M+K-H2];C16H12O5;1.54052e-3;4.798860;321.017078;1 out of 5
321.018619;321.018619;Physcion;[M+K-H2];C16H12O5;1.54052e-3;4.798860;321.017078;1 out of 5
321.018619;321.018619;Baptigenin;[M+Cl];C15H10O6;1.47996e-3;4.610221;321.017139;4 out of 5
321.018619;321.018619;Unknown Name;[M+Cl];C15H10O6;1.47996e-3;4.610221;321.017139;132 out of 5
321.018619;321.018619;Orobol;[M+Cl];C15H10O6;1.47996e-3;4.610221;321.017139;4 out of 5
321.018619;321.018619;2'-Hydroxygenistein;[M+Cl];C15H10O6;1.47996e-3;4.610221;321.017139;4 out of 5
321.018619;321.018619;6-Hydroxygenistein;[M+Cl];C15H10O6;1.47996e-3;4.610221;321.017139;4 out of 5
321.018619;321.018619;Kaempferol;[M+Cl];C15H10O6;1.47996e-3;4.610221;321.017139;4 out of 5
321.018619;321.018619;Luteolin;[M+Cl];C15H10O6;1.47996e-3;4.610221;321.017139;4 out of 5
321.018619;321.018619;Unknown Name;[M+Cl];C15H10O6;1.47996e-3;4.610221;321.017139;132 out of 5
321.018619;321.018619;Unknown Name;[M+Cl];C15H10O6;1.47996e-3;4.610221;321.017139;132 out of 5
321.018619;321.018619;Unknown Name;[M+Cl];C15H10O6;1.47996e-3;4.610221;321.017139;132 out of 5
321.018619;321.018619;Unknown Name;[M+Cl];C15H10O6;1.47996e-3;4.610221;321.017139;132 out of 5
321.018619;321.018619;Norartocarpetin;[M+Cl];C15H10O6;1.47996e-3;4.610221;321.017139;4 out of 5
321.018619;321.018619;Scutellarein;[M+Cl];C15H10O6;1.47996e-3;4.610221;321.017139;4 out of 5
321.018619;321.018619;Isoscutellarein;[M+Cl];C15H10O6;1.47996e-3;4.610221;321.017139;4 out of 5
321.018619;321.018619;Fisetin;[M+Cl];C15H10O6;1.47996e-3;4.610221;321.017139;4 out of 5
321.018619;321.018619;Unknown Name;[M+Cl];C15H10O6;1.47996e-3;4.610221;321.017139;132 out of 5
321.018619;321.018619;Datiscetin;[M+Cl];C15H10O6;1.47996e-3;4.610221;321.017139;4 out of 5
321.018619;321.018619;6-Hydroxygalangin;[M+Cl];C15H10O6;1.47996e-3;4.610221;321.017139;4 out of 5
321.018619;321.018619;8-Hydroxygalangin;[M+Cl];C15H10O6;1.47996e-3;4.610221;321.017139;4 out of 5
321.018619;321.018619;Maritimetin;[M+Cl];C15H10O6;1.47996e-3;4.610221;321.017139;4 out of 5
321.018619;321.018619;Aureusidin;[M+Cl];C15H10O6;1.47996e-3;4.610221;321.017139;4 out of 5
321.018619;321.018619;Helmon;[M+Cl];C15H10O6;1.47996e-3;4.610221;321.017139;4 out of 5
321.018619;321.018619;omega-Hydroxyemodin;[M+Cl];C15H10O6;1.47996e-3;4.610221;321.017139;4 out of 5
323.106467;323.106467;"(Z)-16-oxo-octadeca-9,17-dien-12,14-diynoic acid";[M+K-H2];C18H22O3;9.67436e-4;2.994180;323.105500;1 out of 5
323.106467;323.106467;"(E)-15,16-dihydrominquartynoic acid";[M+K-H2];C18H22O3;9.67436e-4;2.994180;323.105500;1 out of 5
323.106467;323.106467;"8R,9R-epoxy-13Z,15Z-eicosadien-4,6-diynoic acid";[M+K-H2];C18H22O3;9.67436e-4;2.994180;323.105500;1 out of 5
323.106467;323.106467;"8R,9R-epoxy-octadec-4,6,16-triynoic acid";[M+K-H2];C18H22O3;9.67436e-4;2.994180;323.105500;1 out of 5
323.106467;323.106467;2-Hydroxyestrone;[M+K-H2];C18H22O3;9.67436e-4;2.994180;323.105500;1 out of 5
323.106467;323.106467;16alpha-hydroxyestrone;[M+K-H2];C18H22O3;9.67436e-4;2.994180;323.105500;1 out of 5
323.106467;323.106467;16b-Hydroxyestrone;[M+K-H2];C18H22O3;9.67436e-4;2.994180;323.105500;1 out of 5
323.106467;323.106467;16-Ketoestradiol;[M+K-H2];C18H22O3;9.67436e-4;2.994180;323.105500;1 out of 5
323.106467;323.106467;11beta-hydroxyestrone;[M+K-H2];C18H22O3;9.67436e-4;2.994180;323.105500;1 out of 5
324.988015;324.988015;6-Chloroapigenin;[M+Na-H2];C15H9ClO5;-5.03068e-4;-1.547956;324.988518;2 out of 5
324.988015;324.988015;7-Chloroemodin;[M+Na-H2];C15H9ClO5;-5.03068e-4;-1.547956;324.988518;2 out of 5
328.980229;328.980229;Mevalonate-PP;[M+Na-H2];C6H14O10P2;-6.57908e-4;-1.999837;328.980887;1 out of 5
331.002042;331.002042;Medicagol;[M+Cl];C16H8O6;5.53024e-4;1.670760;331.001489;1 out of 5
339.209687;339.209687;pregnan-21-al;[M+K-H2];C21H34O;1.16292e-4;0.342832;339.209571;1 out of 5
339.209687;339.209687;(Z)-3-(pentadec-8-en-1-yl)phenol;[M+K-H2];C21H34O;1.16292e-4;0.342832;339.209571;1 out of 5
339.209687;339.209687;"18-methyl-5Z,8Z,11Z,14Z-nonadecatetraenoic acid";[M+Cl];C20H32O2;5.57360e-5;0.164311;339.209631;1 out of 5
339.209687;339.209687;"16:3(2E,10E,12E)(3Me,5Me[R],7My,15Me)";[M+Cl];C20H32O2;5.57360e-5;0.164311;339.209631;1 out of 5
339.209687;339.209687;"17:4(2E,4E,9E,11E)(8Me[R],10Me,15Me[R])";[M+Cl];C20H32O2;5.57360e-5;0.164311;339.209631;1 out of 5
339.209687;339.209687;Arachidonic acid;[M+Cl];C20H32O2;5.57360e-5;0.164311;339.209631;1 out of 5
339.209687;339.209687;"4,8,12,16-eicosatetraenoic acid";[M+Cl];C20H32O2;5.57360e-5;0.164311;339.209631;1 out of 5
339.209687;339.209687;"6,10,14,18-eicosatetraenoic acid";[M+Cl];C20H32O2;5.57360e-5;0.164311;339.209631;1 out of 5
339.209687;339.209687;"8,11,14,17-eicosatetraenoic acid";[M+Cl];C20H32O2;5.57360e-5;0.164311;339.209631;1 out of 5
339.209687;339.209687;"4,7,10,13-Eicosatetraenoic acid";[M+Cl];C20H32O2;5.57360e-5;0.164311;339.209631;1 out of 5
339.209687;339.209687;"4Z,7Z,10Z,13Z-eicosatetraenoic acid";[M+Cl];C20H32O2;5.57360e-5;0.164311;339.209631;1 out of 5
339.209687;339.209687;"4Z,8Z,11Z,14Z-eicosatetraenoic acid";[M+Cl];C20H32O2;5.57360e-5;0.164311;339.209631;1 out of 5
339.209687;339.209687;"5,11,14,17-Eicosatetraenoic acid";[M+Cl];C20H32O2;5.57360e-5;0.164311;339.209631;1 out of 5
339.209687;339.209687;"5,8,11,14-eicosatetraenoic acid";[M+Cl];C20H32O2;5.57360e-5;0.164311;339.209631;1 out of 5
339.209687;339.209687;Juniperonic acid;[M+Cl];C20H32O2;5.57360e-5;0.164311;339.209631;1 out of 5
339.209687;339.209687;"8Z,11Z,14Z,18Z-eicosatetraenoic acid";[M+Cl];C20H32O2;5.57360e-5;0.164311;339.209631;1 out of 5
339.209687;339.209687;"7,13-Eicosadiynoic acid";[M+Cl];C20H32O2;5.57360e-5;0.164311;339.209631;1 out of 5
339.209687;339.209687;"8,11-Eicosadiynoic acid";[M+Cl];C20H32O2;5.57360e-5;0.164311;339.209631;1 out of 5
339.209687;339.209687;"10,13-Eicosadiynoic acid";[M+Cl];C20H32O2;5.57360e-5;0.164311;339.209631;1 out of 5
339.209687;339.209687;"2E,8Z,11Z,14Z-Eicosatetraenoic acid";[M+Cl];C20H32O2;5.57360e-5;0.164311;339.209631;1 out of 5
339.209687;339.209687;5(E)-Arachidonic acid;[M+Cl];C20H32O2;5.57360e-5;0.164311;339.209631;1 out of 5
339.209687;339.209687;omega-3-Arachidonic acid;[M+Cl];C20H32O2;5.57360e-5;0.164311;339.209631;1 out of 5
339.209687;339.209687;"20:4(5Z,13Z,16Z,19Z)";[M+Cl];C20H32O2;5.57360e-5;0.164311;339.209631;1 out of 5
339.209687;339.209687;"17:4(2E,4E,9E,11E)(7Me[R],10Me,13Me[S])";[M+Cl];C20H32O2;5.57360e-5;0.164311;339.209631;1 out of 5
339.209687;339.209687;"16:3(2E,9E,11E)(3Me,5Me[S],7My,15Me)";[M+Cl];C20H32O2;5.57360e-5;0.164311;339.209631;1 out of 5
339.209687;339.209687;"7Z,11Z,14Z,17Z-Eicosatetraenoic acid";[M+Cl];C20H32O2;5.57360e-5;0.164311;339.209631;1 out of 5
339.209687;339.209687;8-[3]-ladderane-octanoic acid;[M+Cl];C20H32O2;5.57360e-5;0.164311;339.209631;1 out of 5
339.209687;339.209687;8-[1]-ladderane octanoic acid;[M+Cl];C20H32O2;5.57360e-5;0.164311;339.209631;1 out of 5
339.209687;339.209687;"7Z,10Z,13Z,16Z-eicosatraenoic acid";[M+Cl];C20H32O2;5.57360e-5;0.164311;339.209631;1 out of 5
339.209687;339.209687;Methandriol;[M+Cl];C20H32O2;5.57360e-5;0.164311;339.209631;1 out of 5
339.209687;339.209687;Mestanolone;[M+Cl];C20H32O2;5.57360e-5;0.164311;339.209631;1 out of 5
339.209687;339.209687;Mesterolone;[M+Cl];C20H32O2;5.57360e-5;0.164311;339.209631;1 out of 5
339.209687;339.209687;Geranylgeranoic acid;[M+Cl];C20H32O2;5.57360e-5;0.164311;339.209631;1 out of 5
339.209687;339.209687;(+)-Serradiol;[M+Cl];C20H32O2;5.57360e-5;0.164311;339.209631;1 out of 5
339.209687;339.209687;(-)-Cladielline;[M+Cl];C20H32O2;5.57360e-5;0.164311;339.209631;1 out of 5
339.209687;339.209687;(-)-Amijiol;[M+Cl];C20H32O2;5.57360e-5;0.164311;339.209631;1 out of 5
339.209687;339.209687;(-)-Isoamijiol;[M+Cl];C20H32O2;5.57360e-5;0.164311;339.209631;1 out of 5
339.209687;339.209687;"Taxa-4(20),11(12)-dien-5alpha,13alpha-diol";[M+Cl];C20H32O2;5.57360e-5;0.164311;339.209631;1 out of 5
339.209687;339.209687;Isotrinervidiol;[M+Cl];C20H32O2;5.57360e-5;0.164311;339.209631;1 out of 5
339.209687;339.209687;Acutilol A;[M+Cl];C20H32O2;5.57360e-5;0.164311;339.209631;1 out of 5
339.209687;339.209687;(-)-Reiswigin A;[M+Cl];C20H32O2;5.57360e-5;0.164311;339.209631;1 out of 5
339.209687;339.209687;Ximaosarcophytol A;[M+Cl];C20H32O2;5.57360e-5;0.164311;339.209631;1 out of 5
339.209687;339.209687;Ximaosarcophytol B;[M+Cl];C20H32O2;5.57360e-5;0.164311;339.209631;1 out of 5
339.209687;339.209687;18-fluoro-octadecanoic acid;[M+K-H2];C18H35FO2;-1.02658e-3;-3.026378;339.210714;1 out of 5
340.961969;340.961969;6-Chloroapigenin;[M+K-H2];C15H9ClO5;-4.87068e-4;-1.428509;340.962456;2 out of 5
340.961969;340.961969;7-Chloroemodin;[M+K-H2];C15H9ClO5;-4.87068e-4;-1.428509;340.962456;2 out of 5
343.046583;343.046583;Unknown Name;[M-H];C17H12O8;6.42656e-4;1.873382;343.045940;164 out of 5
343.046583;343.046583;Unknown Name;[M-H];C17H12O8;6.42656e-4;1.873382;343.045940;164 out of 5
343.046583;343.046583;Herbacetin 8-acetate;[M-H];C17H12O8;6.42656e-4;1.873382;343.045940;1 out of 5
343.046583;343.046583;Wharangin;[M-H];C17H12O8;6.42656e-4;1.873382;343.045940;1 out of 5
343.046583;343.046583;Benthamianin;[M-H];C17H12O8;6.42656e-4;1.873382;343.045940;1 out of 5
343.046583;343.046583;Unknown Name;[M-H2O-H];C17H14O9;6.41972e-4;1.871388;343.045941;134 out of 5
343.046583;343.046583;Unknown Name;[M-H2O-H];C17H14O9;6.41972e-4;1.871388;343.045941;134 out of 5
343.046583;343.046583;Unknown Name;[M-H2O-H];C17H14O9;6.41972e-4;1.871388;343.045941;134 out of 5
343.046583;343.046583;Unknown Name;[M-H2O-H];C17H14O9;6.41972e-4;1.871388;343.045941;134 out of 5
343.046583;343.046583;Unknown Name;[M-H2O-H];C17H14O9;6.41972e-4;1.871388;343.045941;134 out of 5
347.103844;347.103844;Dihydrocordoin;[M+K-H2];C20H22O3;-1.65556e-3;-4.769628;347.105500;1 out of 5
347.103844;347.103844;Desmosdumotin C;[M+Cl];C19H20O4;-1.71612e-3;-4.944087;347.105560;1 out of 5
353.200357;353.200357;2-chloro-stearic acid;[M+Cl];C18H35O2Cl;-1.60204e-3;-4.535762;353.201959;2 out of 5
355.064539;355.064539;Chlorosphaerolactylate D;[M-H2O-H];C15H25O4Cl3;5.37680e-4;1.514319;355.064001;1 out of 5
359.005277;359.005277;"16-bromo-7E,15E-hexadecadien-5,13-diynoic acid";[M+K-H2];C16H19BrO2;-1.69948e-4;-0.473386;359.005447;1 out of 5
377.044069;377.044069;Ambanol;[M+K-H2];C19H16O6;7.75768e-4;2.057504;377.043293;1 out of 5
377.044069;377.044069;Chlorflavonin;[M-H];C18H15ClO7;7.15500e-4;1.897660;377.043353;1 out of 5
377.044069;377.044069;Phyllocoumarin;[M+Cl];C18H14O7;7.15212e-4;1.896896;377.043354;1 out of 5
377.044069;377.044069;Unknown Name;[M+Cl];C18H14O7;7.15212e-4;1.896896;377.043354;132 out of 5
377.044069;377.044069;Dalpatein;[M+Cl];C18H14O7;7.15212e-4;1.896896;377.043354;1 out of 5
377.044069;377.044069;Maximaisoflavone F;[M+Cl];C18H14O7;7.15212e-4;1.896896;377.043354;1 out of 5
377.044069;377.044069;Isoiriskashmirianin;[M+Cl];C18H14O7;7.15212e-4;1.896896;377.043354;1 out of 5
377.044069;377.044069;Dipteryxine;[M+Cl];C18H14O7;7.15212e-4;1.896896;377.043354;1 out of 5
377.044069;377.044069;Iriskumaonin;[M+Cl];C18H14O7;7.15212e-4;1.896896;377.043354;1 out of 5
377.044069;377.044069;Squarrosin;[M+Cl];C18H14O7;7.15212e-4;1.896896;377.043354;1 out of 5
377.044069;377.044069;Iriskashmirianin;[M+Cl];C18H14O7;7.15212e-4;1.896896;377.043354;1 out of 5
377.044069;377.044069;Platycarpanetin;[M+Cl];C18H14O7;7.15212e-4;1.896896;377.043354;1 out of 5
377.044069;377.044069;Leiocalycin;[M+Cl];C18H14O7;7.15212e-4;1.896896;377.043354;1 out of 5
377.044069;377.044069;Sisafolin;[M+Cl];C18H14O7;7.15212e-4;1.896896;377.043354;1 out of 5
377.044069;377.044069;Unknown Name;[M+Cl];C18H14O7;7.15212e-4;1.896896;377.043354;132 out of 5
377.044069;377.044069;Unknown Name;[M+Cl];C18H14O7;7.15212e-4;1.896896;377.043354;132 out of 5
377.044069;377.044069;Apigenin 7-lactate;[M+Cl];C18H14O7;7.15212e-4;1.896896;377.043354;1 out of 5
377.044069;377.044069;Unknown Name;[M+Cl];C18H14O7;7.15212e-4;1.896896;377.043354;132 out of 5
377.044069;377.044069;8-Hydroxygalangin 7-methyl ether 8-acetate;[M+Cl];C18H14O7;7.15212e-4;1.896896;377.043354;1 out of 5
377.044069;377.044069;omegaacetyl-Carviolin;[M+Cl];C18H14O7;7.15212e-4;1.896896;377.043354;1 out of 5
377.044069;377.044069;Dihydromethylsterigmatocystin;[M+Cl];C18H14O7;7.15212e-4;1.896896;377.043354;1 out of 5
377.085609;377.085609;Gentiopicrin;[M+Na-H2];C16H20O9;2.09780e-4;0.556320;377.085399;1 out of 5
380.947799;380.947799;"14,16-dibromo-7E,9E,13E,15Z-hexadecatetraen-5-ynoic acid";[M-H2O-H];C16H18Br2O2;-1.71402e-3;-4.499326;380.949513;1 out of 5
384.083869;384.083869;Unknown Name;[M-H2O-H];C20H19O9;-6.48608e-4;-1.688712;384.084518;134 out of 5
384.083869;384.083869;Taccalin;[M-H2O-H];C20H19O9;-6.48608e-4;-1.688712;384.084518;1 out of 5
384.979925;384.979925;Apigenin 7-sulfate;[M+Cl];C15H10O8S;8.85720e-4;2.300697;384.979039;1 out of 5
385.077381;385.077381;"Methyl 18-bromo-15E,17E-octadecadien-5,7-diynoate";[M+Na-H2];C19H25BrO2;-1.07814e-3;-2.799793;385.078459;1 out of 5
385.145990;385.145990;Fulvinervin B;[M-H];C25H22O4;1.45782e-3;3.785114;385.144532;2 out of 5
385.145990;385.145990;Unknown Name;[M-H2O-H];C25H24O5;1.45713e-3;3.783338;385.144533;134 out of 5
385.145990;385.145990;4'-O-Prenylalpinumisoflavone;[M-H2O-H];C25H24O5;1.45713e-3;3.783338;385.144533;2 out of 5
385.145990;385.145990;Fulvinervin C;[M-H2O-H];C25H24O5;1.45713e-3;3.783338;385.144533;2 out of 5
385.145990;385.145990;Laxifolin;[M-H2O-H];C25H24O5;1.45713e-3;3.783338;385.144533;2 out of 5
385.145990;385.145990;Glyinflanin G;[M-H2O-H];C25H24O5;1.45713e-3;3.783338;385.144533;2 out of 5
385.145990;385.145990;Osajin;[M-H2O-H];C25H24O5;1.45713e-3;3.783338;385.144533;2 out of 5
385.145990;385.145990;Chandalone;[M-H2O-H];C25H24O5;1.45713e-3;3.783338;385.144533;2 out of 5
385.145990;385.145990;Warangalone;[M-H2O-H];C25H24O5;1.45713e-3;3.783338;385.144533;2 out of 5
385.145990;385.145990;Isochandalone;[M-H2O-H];C25H24O5;1.45713e-3;3.783338;385.144533;2 out of 5
385.145990;385.145990;Ulexone A;[M-H2O-H];C25H24O5;1.45713e-3;3.783338;385.144533;2 out of 5
385.145990;385.145990;Puerarol;[M-H2O-H];C25H24O5;1.45713e-3;3.783338;385.144533;2 out of 5
385.145990;385.145990;Inophyllolide chromanol;[M-H2O-H];C25H24O5;1.45713e-3;3.783338;385.144533;2 out of 5
385.145990;385.145990;Unknown Name;[M-H2O-H];C25H24O5;1.45713e-3;3.783338;385.144533;134 out of 5
385.145990;385.145990;Mammeigin;[M-H2O-H];C25H24O5;1.45713e-3;3.783338;385.144533;2 out of 5
385.145990;385.145990;MAB5;[M-H2O-H];C25H24O5;1.45713e-3;3.783338;385.144533;2 out of 5
385.145990;385.145990;Isolaxifolin;[M-H2O-H];C25H24O5;1.45713e-3;3.783338;385.144533;2 out of 5
385.145990;385.145990;Sericetin;[M-H2O-H];C25H24O5;1.45713e-3;3.783338;385.144533;2 out of 5
385.145990;385.145990;Laxichalcone;[M-H2O-H];C25H24O5;1.45713e-3;3.783338;385.144533;2 out of 5
385.145990;385.145990;Glyinflanin D;[M-H2O-H];C25H24O5;1.45713e-3;3.783338;385.144533;2 out of 5
385.145990;385.145990;Euchrenone a1;[M-H2O-H];C25H24O5;1.45713e-3;3.783338;385.144533;2 out of 5
391.225550;391.225550;Unknown Name;[M+Na-H2];C24H34O3;8.80520e-5;0.225067;391.225462;140 out of 5
391.225550;391.225550;Unknown Name;[M+Na-H2];C24H34O3;8.80520e-5;0.225067;391.225462;140 out of 5
391.225550;391.225550;Unknown Name;[M+Na-H2];C24H34O3;8.80520e-5;0.225067;391.225462;140 out of 5
391.225550;391.225550;Unknown Name;[M+Na-H2];C24H34O3;8.80520e-5;0.225067;391.225462;140 out of 5
391.225550;391.225550;Unknown Name;[M+Na-H2];C24H34O3;8.80520e-5;0.225067;391.225462;140 out of 5
391.225550;391.225550;Unknown Name;[M+Na-H2];C24H34O3;8.80520e-5;0.225067;391.225462;140 out of 5
391.225550;391.225550;Unknown Name;[M+Na-H2];C24H34O3;8.80520e-5;0.225067;391.225462;140 out of 5
391.225550;391.225550;"6-((8Z,11Z,14Z)-heptadeca-8,11,14-trien-1-yl)salicylic acid";[M+Na-H2];C24H34O3;8.80520e-5;0.225067;391.225462;1 out of 5
391.225550;391.225550;CPA(16:0);[M-H];C19H37O6P;5.14660e-5;0.131551;391.225499;1 out of 5
391.225550;391.225550;"PA(0:0/16:0)";[M-H2O-H];C19H39O7P;5.07820e-5;0.129802;391.225499;1 out of 5
391.225550;391.225550;"PA(16:0/0:0)";[M-H2O-H];C19H39O7P;5.07820e-5;0.129802;391.225499;1 out of 5
391.225550;391.225550;1-palmitoylglycerol 3-phosphate;[M-H2O-H];C19H39O7P;5.07820e-5;0.129802;391.225499;1 out of 5
391.225550;391.225550;Ceriporic acid B;[M+K-H2];C21H38O4;-6.46960e-5;-0.165367;391.225615;1 out of 5
391.225550;391.225550;PGF2alpha methyl ether;[M+K-H2];C21H38O4;-6.46960e-5;-0.165367;391.225615;1 out of 5
391.225550;391.225550;Persenone B;[M+K-H2];C21H38O4;-6.46960e-5;-0.165367;391.225615;1 out of 5
391.225550;391.225550;"MG(18:2(9Z,12Z)/0:0/0:0)[rac]";[M+K-H2];C21H38O4;-6.46960e-5;-0.165367;391.225615;1 out of 5
391.225550;391.225550;2-linoleoyl-sn-glycerol;[M+K-H2];C21H38O4;-6.46960e-5;-0.165367;391.225615;1 out of 5
391.225550;391.225550;PGF1beta;[M+Cl];C20H36O5;-1.25252e-4;-0.320153;391.225675;1 out of 5
391.225550;391.225550;"13,14-dihydro-PGF2alpha";[M+Cl];C20H36O5;-1.25252e-4;-0.320153;391.225675;1 out of 5
391.225550;391.225550;PGF1alpha;[M+Cl];C20H36O5;-1.25252e-4;-0.320153;391.225675;1 out of 5
391.225550;391.225550;"13,14-dihydro-PGE1";[M+Cl];C20H36O5;-1.25252e-4;-0.320153;391.225675;1 out of 5
391.225550;391.225550;"13,14-dihydro-15-keto-PGF1alpha";[M+Cl];C20H36O5;-1.25252e-4;-0.320153;391.225675;1 out of 5
393.130034;393.130034;5-O-Methyl-8-prenylafzelechin-4beta-ol;[M+Na-H2];C21H24O6;-1.92149e-3;-4.887641;393.131955;1 out of 5
401.005271;401.005271;Dehydropachyrrhizone;[M+K-H2];C20H12O7;-1.63672e-3;-4.081536;401.006908;1 out of 5
407.115064;407.115064;Ferrugone;[M-H];C23H20O7;1.43802e-3;3.532233;407.113626;1 out of 5
407.115064;407.115064;Ichthynone;[M-H];C23H20O7;1.43802e-3;3.532233;407.113626;1 out of 5
407.115064;407.115064;Dehydroamorphigenin;[M-H];C23H20O7;1.43802e-3;3.532233;407.113626;1 out of 5
407.115064;407.115064;Villosol;[M-H];C23H20O7;1.43802e-3;3.532233;407.113626;1 out of 5
407.115064;407.115064;Dehydrotoxicarol;[M-H];C23H20O7;1.43802e-3;3.532233;407.113626;1 out of 5
407.115064;407.115064;Amorpholone;[M-H];C23H20O7;1.43802e-3;3.532233;407.113626;1 out of 5
407.115064;407.115064;Unknown Name;[M-H];C23H20O7;1.43802e-3;3.532233;407.113626;164 out of 5
407.115064;407.115064;Robustin methyl ether;[M-H];C23H20O7;1.43802e-3;3.532233;407.113626;1 out of 5
407.115064;407.115064;Isorobustin 4-methyl ether;[M-H];C23H20O7;1.43802e-3;3.532233;407.113626;1 out of 5
407.115064;407.115064;Thonningine B;[M-H];C23H20O7;1.43802e-3;3.532233;407.113626;1 out of 5
407.115064;407.115064;5-Methoxydurmillone;[M-H];C23H20O7;1.43802e-3;3.532233;407.113626;1 out of 5
407.115064;407.115064;Glabrescin;[M-H];C23H20O7;1.43802e-3;3.532233;407.113626;1 out of 5
407.115064;407.115064;Villosin;[M-H2O-H];C23H22O8;1.43734e-3;3.530552;407.113627;2 out of 5
407.115064;407.115064;Dalbinol;[M-H2O-H];C23H22O8;1.43734e-3;3.530552;407.113627;2 out of 5
407.115064;407.115064;Villosinol;[M-H2O-H];C23H22O8;1.43734e-3;3.530552;407.113627;2 out of 5
407.115064;407.115064;11-Hydroxytephrosin;[M-H2O-H];C23H22O8;1.43734e-3;3.530552;407.113627;2 out of 5
407.115064;407.115064;"5-Hydroxy-8-(4-hydroxy-3,5-dimethoxyphenyl)-10-methoxy-2,2-dimethyl-2H,6H-benzo[1,2-b:5,4-b']dipyran-6-one";[M-H2O-H];C23H22O8;1.43734e-3;3.530552;407.113627;2 out of 5
407.115064;407.115064;Unknown Name;[M-H2O-H];C23H22O8;1.43734e-3;3.530552;407.113627;134 out of 5
408.108713;408.108713;"14-carboxy-15,16,17,18,19,20-hexanor-leukotriene E3";[M+Na-H2];C17H25NO7S;-1.12714e-3;-2.761855;408.109840;1 out of 5
415.225403;415.225403;"PA(0:0/18:2(9Z,12Z))";[M-H2O-H];C21H39O7P;-9.62180e-5;-0.231725;415.225499;1 out of 5
415.225403;415.225403;"PA(18:2(9Z,12Z)/0:0)";[M-H2O-H];C21H39O7P;-9.62180e-5;-0.231725;415.225499;1 out of 5
415.225403;415.225403;Unknown Name;[M+K-H2];C23H38O4;-2.11696e-4;-0.509834;415.225615;131 out of 5
415.225403;415.225403;Norchenodeoxycholic acid;[M+K-H2];C23H38O4;-2.11696e-4;-0.509834;415.225615;1 out of 5
415.225403;415.225403;Nordeoxycholic acid;[M+K-H2];C23H38O4;-2.11696e-4;-0.509834;415.225615;1 out of 5
415.225403;415.225403;Norursodeoxycholic acid;[M+K-H2];C23H38O4;-2.11696e-4;-0.509834;415.225615;1 out of 5
415.225403;415.225403;Norhyodeoxycholic acid;[M+K-H2];C23H38O4;-2.11696e-4;-0.509834;415.225615;1 out of 5
415.225403;415.225403;Normurideoxycholic acid;[M+K-H2];C23H38O4;-2.11696e-4;-0.509834;415.225615;1 out of 5
415.225403;415.225403;"9-deoxy-9-methylene-16,16-dimethyl -PGE2";[M+K-H2];C23H38O4;-2.11696e-4;-0.509834;415.225615;1 out of 5
415.225403;415.225403;"1-Acetoxy-2-hydroxy-5,12,15-heneicosatrien-4-one";[M+K-H2];C23H38O4;-2.11696e-4;-0.509834;415.225615;1 out of 5
415.225403;415.225403;Persenone A;[M+K-H2];C23H38O4;-2.11696e-4;-0.509834;415.225615;1 out of 5
415.225403;415.225403;Persenone A;[M+K-H2];C23H38O4;-2.11696e-4;-0.509834;415.225615;1 out of 5
415.225403;415.225403;1-Juniperoyl glycerol;[M+K-H2];C23H38O4;-2.11696e-4;-0.509834;415.225615;1 out of 5
415.225403;415.225403;2-Juniperoyl glycerol;[M+K-H2];C23H38O4;-2.11696e-4;-0.509834;415.225615;1 out of 5
415.225403;415.225403;"MG(0:0/20:4(5Z,8Z,11Z,14Z)/0:0)";[M+K-H2];C23H38O4;-2.11696e-4;-0.509834;415.225615;1 out of 5
415.225403;415.225403;1-arachidonoyl-sn-glycerol;[M+K-H2];C23H38O4;-2.11696e-4;-0.509834;415.225615;1 out of 5
415.225403;415.225403;Dinorcholic acid;[M+Cl];C22H36O5;-2.72252e-4;-0.655672;415.225675;1 out of 5
415.225403;415.225403;Dinorhyocholic acid;[M+Cl];C22H36O5;-2.72252e-4;-0.655672;415.225675;1 out of 5
415.225403;415.225403;Dinor-alpha-muricholic acid;[M+Cl];C22H36O5;-2.72252e-4;-0.655672;415.225675;1 out of 5
415.225403;415.225403;Dinor-beta-muricholic acid;[M+Cl];C22H36O5;-2.72252e-4;-0.655672;415.225675;1 out of 5
415.225403;415.225403;Dinor-omega-muricholic acid;[M+Cl];C22H36O5;-2.72252e-4;-0.655672;415.225675;1 out of 5
415.225403;415.225403;Dinoravicholic acid;[M+Cl];C22H36O5;-2.72252e-4;-0.655672;415.225675;1 out of 5
415.225403;415.225403;"16,16-dimethyl-PGD2";[M+Cl];C22H36O5;-2.72252e-4;-0.655672;415.225675;1 out of 5
415.225403;415.225403;"16,16-dimethyl-PGE2";[M+Cl];C22H36O5;-2.72252e-4;-0.655672;415.225675;1 out of 5
415.225403;415.225403;"1a,1b-dihomo-PGE2";[M+Cl];C22H36O5;-2.72252e-4;-0.655672;415.225675;1 out of 5
415.225403;415.225403;"1a,1b-dihomo-PGD2";[M+Cl];C22H36O5;-2.72252e-4;-0.655672;415.225675;1 out of 5
415.225403;415.225403;20-ethyl-PGE2;[M+Cl];C22H36O5;-2.72252e-4;-0.655672;415.225675;1 out of 5
415.225403;415.225403;Dihomo-PGI2;[M+Cl];C22H36O5;-2.72252e-4;-0.655672;415.225675;1 out of 5
415.225403;415.225403;Unknown Name;[M+Cl];C22H36O5;-2.72252e-4;-0.655672;415.225675;132 out of 5
417.241033;417.241033;CPA(18:1(9Z));[M-H];C21H39O6P;-1.15598e-4;-0.277053;417.241149;1 out of 5
417.241033;417.241033;"PA(18:1(9Z)/0:0)";[M-H2O-H];C21H41O7P;-1.16282e-4;-0.278693;417.241149;1 out of 5
417.241033;417.241033;"PA(0:0/18:1(9Z))";[M-H2O-H];C21H41O7P;-1.16282e-4;-0.278693;417.241149;1 out of 5
417.241033;417.241033;lysophosphatidic acid;[M-H2O-H];C21H41O7P;-1.16282e-4;-0.278693;417.241149;1 out of 5
417.241033;417.241033;Isopersin;[M+K-H2];C23H40O4;-2.31760e-4;-0.555458;417.241265;1 out of 5
417.241033;417.241033;Unknown Name;[M+K-H2];C23H40O4;-2.31760e-4;-0.555458;417.241265;131 out of 5
417.241033;417.241033;Unknown Name;[M+K-H2];C23H40O4;-2.31760e-4;-0.555458;417.241265;131 out of 5
417.241033;417.241033;Unknown Name;[M+K-H2];C23H40O4;-2.31760e-4;-0.555458;417.241265;131 out of 5
417.241033;417.241033;Unknown Name;[M+K-H2];C23H40O4;-2.31760e-4;-0.555458;417.241265;131 out of 5
417.241033;417.241033;Persin;[M+K-H2];C23H40O4;-2.31760e-4;-0.555458;417.241265;1 out of 5
417.241033;417.241033;Sciadonoyl-2-glycerol;[M+K-H2];C23H40O4;-2.31760e-4;-0.555458;417.241265;1 out of 5
417.241033;417.241033;17-F2-dihomo-IsoP;[M+Cl];C22H38O5;-2.92316e-4;-0.700592;417.241325;1 out of 5
417.241033;417.241033;14-F2-dihomo-IsoP;[M+Cl];C22H38O5;-2.92316e-4;-0.700592;417.241325;1 out of 5
417.241033;417.241033;7-F2-dihomo-IsoP;[M+Cl];C22H38O5;-2.92316e-4;-0.700592;417.241325;1 out of 5
417.241033;417.241033;"16,16-dimethyl-PGE1";[M+Cl];C22H38O5;-2.92316e-4;-0.700592;417.241325;1 out of 5
417.241033;417.241033;"16,16-dimethyl-PGF2beta";[M+Cl];C22H38O5;-2.92316e-4;-0.700592;417.241325;1 out of 5
417.241033;417.241033;"1a,1b-dihomo-PGE1";[M+Cl];C22H38O5;-2.92316e-4;-0.700592;417.241325;1 out of 5
417.241033;417.241033;20-ethyl PGF2alpha;[M+Cl];C22H38O5;-2.92316e-4;-0.700592;417.241325;1 out of 5
417.241033;417.241033;15-methyl-15R-PGF2alpha methyl ester;[M+Cl];C22H38O5;-2.92316e-4;-0.700592;417.241325;1 out of 5
417.241033;417.241033;"1a,1b-dihomo-PGF2alpha";[M+Cl];C22H38O5;-2.92316e-4;-0.700592;417.241325;1 out of 5
417.241033;417.241033;unoprostone;[M+Cl];C22H38O5;-2.92316e-4;-0.700592;417.241325;1 out of 5
417.241033;417.241033;ent-7-F2t-dihomo-IsoP;[M+Cl];C22H38O5;-2.92316e-4;-0.700592;417.241325;1 out of 5
417.241033;417.241033;ent-10-epi-7-F2c-dihomo-IsoP;[M+Cl];C22H38O5;-2.92316e-4;-0.700592;417.241325;1 out of 5
417.241033;417.241033;ent-10-epi-7-F2t-dihomo-IsoP;[M+Cl];C22H38O5;-2.92316e-4;-0.700592;417.241325;1 out of 5
417.241033;417.241033;ent-7-F2c-dihomo-IsoP;[M+Cl];C22H38O5;-2.92316e-4;-0.700592;417.241325;1 out of 5
417.241033;417.241033;5-epi-7-F2c-dihomo-IsoP;[M+Cl];C22H38O5;-2.92316e-4;-0.700592;417.241325;1 out of 5
417.241033;417.241033;"10,7-diepi-7-F2t-dihomo-IsoP";[M+Cl];C22H38O5;-2.92316e-4;-0.700592;417.241325;1 out of 5
417.241033;417.241033;"10,7-diepi-7-F2c-dihomo-IsoP";[M+Cl];C22H38O5;-2.92316e-4;-0.700592;417.241325;1 out of 5
417.241033;417.241033;5-epi-7-F2t-dihomo-IsoP;[M+Cl];C22H38O5;-2.92316e-4;-0.700592;417.241325;1 out of 5
417.241033;417.241033;ent-5-epi-7-F2t-dihomo-IsoP;[M+Cl];C22H38O5;-2.92316e-4;-0.700592;417.241325;1 out of 5
417.241033;417.241033;"ent-10,7-diepi-7-F2c-dihomo-IsoP";[M+Cl];C22H38O5;-2.92316e-4;-0.700592;417.241325;1 out of 5
417.241033;417.241033;"ent-10,7-diepi-7-F2t-dihomo-IsoP";[M+Cl];C22H38O5;-2.92316e-4;-0.700592;417.241325;1 out of 5
417.241033;417.241033;ent-5-epi-7-F2c-dihomo-IsoP;[M+Cl];C22H38O5;-2.92316e-4;-0.700592;417.241325;1 out of 5
417.241033;417.241033;7-F2c-dihomo-IsoP;[M+Cl];C22H38O5;-2.92316e-4;-0.700592;417.241325;1 out of 5
417.241033;417.241033;10-epi-7-F2t-dihomo-IsoP;[M+Cl];C22H38O5;-2.92316e-4;-0.700592;417.241325;1 out of 5
417.241033;417.241033;10-epi-7-F2c-dihomo-IsoP;[M+Cl];C22H38O5;-2.92316e-4;-0.700592;417.241325;1 out of 5
417.241033;417.241033;7-F2t-dihomo-IsoP;[M+Cl];C22H38O5;-2.92316e-4;-0.700592;417.241325;1 out of 5
417.241033;417.241033;ent-10-F2t-dihomo-IsoP;[M+Cl];C22H38O5;-2.92316e-4;-0.700592;417.241325;1 out of 5
417.241033;417.241033;ent-13-epi-10-F2c-dihomo-IsoP;[M+Cl];C22H38O5;-2.92316e-4;-0.700592;417.241325;1 out of 5
417.241033;417.241033;ent-13-epi-10-F2t-dihomo-IsoP;[M+Cl];C22H38O5;-2.92316e-4;-0.700592;417.241325;1 out of 5
417.241033;417.241033;ent-10-F2c-dihomo-IsoP;[M+Cl];C22H38O5;-2.92316e-4;-0.700592;417.241325;1 out of 5
417.241033;417.241033;8-epi-10-F2c-dihomo-IsoP;[M+Cl];C22H38O5;-2.92316e-4;-0.700592;417.241325;1 out of 5
417.241033;417.241033;"10,13-diepi-10-F2t-dihomo-IsoP";[M+Cl];C22H38O5;-2.92316e-4;-0.700592;417.241325;1 out of 5
417.241033;417.241033;"10,13-diepi-10-F2c-dihomo-IsoP";[M+Cl];C22H38O5;-2.92316e-4;-0.700592;417.241325;1 out of 5
417.241033;417.241033;8-epi-10-F2t-dihomo-IsoP;[M+Cl];C22H38O5;-2.92316e-4;-0.700592;417.241325;1 out of 5
417.241033;417.241033;ent-8-epi-10-F2t-dihomo-IsoP;[M+Cl];C22H38O5;-2.92316e-4;-0.700592;417.241325;1 out of 5
417.241033;417.241033;"ent-10,13-diepi-10-F2c-dihomo-IsoP";[M+Cl];C22H38O5;-2.92316e-4;-0.700592;417.241325;1 out of 5
417.241033;417.241033;"ent-10,13-diepi-10-F2t-dihomo-IsoP";[M+Cl];C22H38O5;-2.92316e-4;-0.700592;417.241325;1 out of 5
417.241033;417.241033;ent-8-epi-10-F2c-dihomo-IsoP;[M+Cl];C22H38O5;-2.92316e-4;-0.700592;417.241325;1 out of 5
417.241033;417.241033;10-F2c-dihomo-IsoP;[M+Cl];C22H38O5;-2.92316e-4;-0.700592;417.241325;1 out of 5
417.241033;417.241033;13-epi-10-F2t-dihomo-IsoP;[M+Cl];C22H38O5;-2.92316e-4;-0.700592;417.241325;1 out of 5
417.241033;417.241033;13-epi-10-F2c-dihomo-IsoP;[M+Cl];C22H38O5;-2.92316e-4;-0.700592;417.241325;1 out of 5
417.241033;417.241033;10-F2t-dihomo-IsoP;[M+Cl];C22H38O5;-2.92316e-4;-0.700592;417.241325;1 out of 5
417.241033;417.241033;ent-14-F2t-dihomo-IsoP;[M+Cl];C22H38O5;-2.92316e-4;-0.700592;417.241325;1 out of 5
417.241033;417.241033;ent-14-epi-14-F2c-dihomo-IsoP;[M+Cl];C22H38O5;-2.92316e-4;-0.700592;417.241325;1 out of 5
417.241033;417.241033;ent-14-epi-14-F2t-dihomo-IsoP;[M+Cl];C22H38O5;-2.92316e-4;-0.700592;417.241325;1 out of 5
417.241033;417.241033;ent-14-F2c-dihomo-IsoP;[M+Cl];C22H38O5;-2.92316e-4;-0.700592;417.241325;1 out of 5
417.241033;417.241033;ent-12-epi-14-F2c-dihomo-IsoP;[M+Cl];C22H38O5;-2.92316e-4;-0.700592;417.241325;1 out of 5
417.241033;417.241033;"ent-14,7-diepi-14-F2t-dihomo-IsoP";[M+Cl];C22H38O5;-2.92316e-4;-0.700592;417.241325;1 out of 5
417.241033;417.241033;"ent-14,7-diepi-14-F2c-dihomo-IsoP";[M+Cl];C22H38O5;-2.92316e-4;-0.700592;417.241325;1 out of 5
417.241033;417.241033;ent-12-epi-14-F2t-dihomo-IsoP;[M+Cl];C22H38O5;-2.92316e-4;-0.700592;417.241325;1 out of 5
417.241033;417.241033;12-epi-14-F2c-dihomo-IsoP;[M+Cl];C22H38O5;-2.92316e-4;-0.700592;417.241325;1 out of 5
417.241033;417.241033;"14,7-diepi-14-F2t-dihomo-IsoP";[M+Cl];C22H38O5;-2.92316e-4;-0.700592;417.241325;1 out of 5
417.241033;417.241033;"14,7-diepi-14-F2c-dihomo-IsoP";[M+Cl];C22H38O5;-2.92316e-4;-0.700592;417.241325;1 out of 5
417.241033;417.241033;12-epi-14-F2t-dihomo-IsoP;[M+Cl];C22H38O5;-2.92316e-4;-0.700592;417.241325;1 out of 5
417.241033;417.241033;14-F2c-dihomo-IsoP;[M+Cl];C22H38O5;-2.92316e-4;-0.700592;417.241325;1 out of 5
417.241033;417.241033;14-epi-14-F2t-dihomo-IsoP;[M+Cl];C22H38O5;-2.92316e-4;-0.700592;417.241325;1 out of 5
417.241033;417.241033;14-epi-14-F2c-dihomo-IsoP;[M+Cl];C22H38O5;-2.92316e-4;-0.700592;417.241325;1 out of 5
417.241033;417.241033;14-F2t-dihomo-IsoP;[M+Cl];C22H38O5;-2.92316e-4;-0.700592;417.241325;1 out of 5
417.241033;417.241033;ent-17-F2t-dihomo-IsoP;[M+Cl];C22H38O5;-2.92316e-4;-0.700592;417.241325;1 out of 5
417.241033;417.241033;ent-10-epi-17-F2c-dihomo-IsoP;[M+Cl];C22H38O5;-2.92316e-4;-0.700592;417.241325;1 out of 5
417.241033;417.241033;ent-10-epi-17-F2t-dihomo-IsoP;[M+Cl];C22H38O5;-2.92316e-4;-0.700592;417.241325;1 out of 5
417.241033;417.241033;ent-17-F2c-dihomo-IsoP;[M+Cl];C22H38O5;-2.92316e-4;-0.700592;417.241325;1 out of 5
417.241033;417.241033;ent-15-epi-17-F2t-dihomo-IsoP;[M+Cl];C22H38O5;-2.92316e-4;-0.700592;417.241325;1 out of 5
417.241033;417.241033;"ent-10,17-diepi-17-F2c-dihomo-IsoP";[M+Cl];C22H38O5;-2.92316e-4;-0.700592;417.241325;1 out of 5
417.241033;417.241033;"ent-10,17-diepi-17-F2t-dihomo-IsoP";[M+Cl];C22H38O5;-2.92316e-4;-0.700592;417.241325;1 out of 5
417.241033;417.241033;ent-15-epi-17-F2c-dihomo-IsoP;[M+Cl];C22H38O5;-2.92316e-4;-0.700592;417.241325;1 out of 5
417.241033;417.241033;15-epi-17-F2c-dihomo-IsoP;[M+Cl];C22H38O5;-2.92316e-4;-0.700592;417.241325;1 out of 5
417.241033;417.241033;"10,17-diepi-17-F2t-dihomo-IsoP";[M+Cl];C22H38O5;-2.92316e-4;-0.700592;417.241325;1 out of 5
417.241033;417.241033;"10,17-diepi-17-F2c-dihomo-IsoP";[M+Cl];C22H38O5;-2.92316e-4;-0.700592;417.241325;1 out of 5
417.241033;417.241033;15-epi-17-F2t-dihomo-IsoP;[M+Cl];C22H38O5;-2.92316e-4;-0.700592;417.241325;1 out of 5
417.241033;417.241033;17-F2c-dihomo-IsoP;[M+Cl];C22H38O5;-2.92316e-4;-0.700592;417.241325;1 out of 5
417.241033;417.241033;10-epi-17-F2c-dihomo-IsoP;[M+Cl];C22H38O5;-2.92316e-4;-0.700592;417.241325;1 out of 5
417.241033;417.241033;17-F2t-dihomo-IsoP;[M+Cl];C22H38O5;-2.92316e-4;-0.700592;417.241325;1 out of 5
419.256731;419.256731;Asparacemosone D;[M+Na-H2];C26H38O3;-3.10760e-5;-0.074122;419.256762;1 out of 5
419.256731;419.256731;"25,26-epoxy-1alpha-hydroxy-23,23,24,24-tetradehydro-19-norvitamin D3 / 25,26-epoxy-1alpha-hydroxy-23,23,24,24-tetradehydro-19-norcholecalciferol";[M+Na-H2];C26H38O3;-3.10760e-5;-0.074122;419.256762;1 out of 5
419.256731;419.256731;"(22E,24E)-1alpha,26-dihydroxy-22,23,24,25-tetradehydro-27-norvitamin D3 / (22E,24E)-1alpha,26-dihydroxy-22,23,24,25-tetradehydro-27-norcholecalciferol";[M+Na-H2];C26H38O3;-3.10760e-5;-0.074122;419.256762;1 out of 5
419.256731;419.256731;CPA(18:0);[M-H];C21H41O6P;-6.76620e-5;-0.161386;419.256799;2 out of 5
419.256731;419.256731;"PA(0:0/18:0)";[M-H2O-H];C21H43O7P;-6.83460e-5;-0.163017;419.256799;3 out of 5
419.256731;419.256731;"PA(18:0/0:0)";[M-H2O-H];C21H43O7P;-6.83460e-5;-0.163017;419.256799;3 out of 5
419.256731;419.256731;"methyl 9-butylperoxy-10,12-octadecadienoate";[M+K-H2];C23H42O4;-1.83824e-4;-0.438452;419.256915;1 out of 5
419.256731;419.256731;"methyl 13-butylperoxy-9,11-octadecadienoate";[M+K-H2];C23H42O4;-1.83824e-4;-0.438452;419.256915;1 out of 5
419.256731;419.256731;Persin;[M+K-H2];C23H42O4;-1.83824e-4;-0.438452;419.256915;1 out of 5
421.054230;421.054230;Unknown Name;[M+Na-H2];C20H16O9;1.30908e-4;0.310905;421.054099;140 out of 5
421.054230;421.054230;Unknown Name;[M+Na-H2];C20H16O9;1.30908e-4;0.310905;421.054099;140 out of 5
421.054230;421.054230;Unknown Name;[M+Na-H2];C20H16O9;1.30908e-4;0.310905;421.054099;140 out of 5
421.122397;421.122397;Fulvinervin B;[M+Cl];C25H22O4;1.18682e-3;2.818229;421.121210;2 out of 5
423.119418;423.119418;Bromovulone I;[M-H];C21H29O4Br;1.77349e-3;4.191487;423.117645;2 out of 5
423.119418;423.119418;Tomentolide A;[M+Na-H2];C25H22O5;-1.97280e-3;-4.662501;423.121391;1 out of 5
423.119418;423.119418;Ulexone B;[M+Na-H2];C25H22O5;-1.97280e-3;-4.662501;423.121391;1 out of 5
423.119418;423.119418;cis-and-trans-Inophyllolide;[M+Na-H2];C25H22O5;-1.97280e-3;-4.662501;423.121391;1 out of 5
423.135019;423.135019;Kanzonol E;[M+Cl];C25H24O4;-1.84125e-3;-4.351424;423.136860;1 out of 5
423.135019;423.135019;Paratocarpin A;[M+Cl];C25H24O4;-1.84125e-3;-4.351424;423.136860;1 out of 5
423.135019;423.135019;Xambioona;[M+Cl];C25H24O4;-1.84125e-3;-4.351424;423.136860;1 out of 5
423.135019;423.135019;Spinoflavanone A;[M+Cl];C25H24O4;-1.84125e-3;-4.351424;423.136860;1 out of 5
423.135019;423.135019;Flemiculosin;[M+Cl];C25H24O4;-1.84125e-3;-4.351424;423.136860;1 out of 5
423.138002;423.138002;Kanzonol E;[M+Cl];C25H24O4;1.14175e-3;2.698304;423.136860;1 out of 5
423.138002;423.138002;Paratocarpin A;[M+Cl];C25H24O4;1.14175e-3;2.698304;423.136860;1 out of 5
423.138002;423.138002;Xambioona;[M+Cl];C25H24O4;1.14175e-3;2.698304;423.136860;1 out of 5
423.138002;423.138002;Spinoflavanone A;[M+Cl];C25H24O4;1.14175e-3;2.698304;423.136860;1 out of 5
423.138002;423.138002;Flemiculosin;[M+Cl];C25H24O4;1.14175e-3;2.698304;423.136860;1 out of 5
425.125512;425.125512;Villosin;[M-H];C23H22O8;1.32134e-3;3.108118;425.124191;2 out of 5
425.125512;425.125512;Dalbinol;[M-H];C23H22O8;1.32134e-3;3.108118;425.124191;2 out of 5
425.125512;425.125512;Villosinol;[M-H];C23H22O8;1.32134e-3;3.108118;425.124191;2 out of 5
425.125512;425.125512;11-Hydroxytephrosin;[M-H];C23H22O8;1.32134e-3;3.108118;425.124191;2 out of 5
425.125512;425.125512;"5-Hydroxy-8-(4-hydroxy-3,5-dimethoxyphenyl)-10-methoxy-2,2-dimethyl-2H,6H-benzo[1,2-b:5,4-b']dipyran-6-one";[M-H];C23H22O8;1.32134e-3;3.108118;425.124191;2 out of 5
425.125512;425.125512;Unknown Name;[M-H];C23H22O8;1.32134e-3;3.108118;425.124191;164 out of 5
425.125512;425.125512;Unknown Name;[M-H2O-H];C23H24O9;1.32065e-3;3.106509;425.124191;134 out of 5
425.125512;425.125512;Isovolubilin;[M-H2O-H];C23H24O9;1.32065e-3;3.106509;425.124191;1 out of 5
425.125512;425.125512;Volubilin;[M-H2O-H];C23H24O9;1.32065e-3;3.106509;425.124191;1 out of 5
425.125512;425.125512;Pratensin B;[M-H2O-H];C23H24O9;1.32065e-3;3.106509;425.124191;1 out of 5
425.125512;425.125512;Unknown Name;[M-H2O-H];C23H24O9;1.32065e-3;3.106509;425.124191;134 out of 5
425.135239;425.135239;Doxycycline;[M-H2O-H];C22H24N2O8;-1.85728e-4;-0.436868;425.135425;1 out of 5
425.135239;425.135239;Unknown Name;[M+Na-H2];C25H24O5;-1.80187e-3;-4.238323;425.137041;140 out of 5
425.135239;425.135239;4'-O-Prenylalpinumisoflavone;[M+Na-H2];C25H24O5;-1.80187e-3;-4.238323;425.137041;2 out of 5
425.135239;425.135239;Fulvinervin C;[M+Na-H2];C25H24O5;-1.80187e-3;-4.238323;425.137041;2 out of 5
425.135239;425.135239;Laxifolin;[M+Na-H2];C25H24O5;-1.80187e-3;-4.238323;425.137041;2 out of 5
425.135239;425.135239;Glyinflanin G;[M+Na-H2];C25H24O5;-1.80187e-3;-4.238323;425.137041;2 out of 5
425.135239;425.135239;Osajin;[M+Na-H2];C25H24O5;-1.80187e-3;-4.238323;425.137041;2 out of 5
425.135239;425.135239;Chandalone;[M+Na-H2];C25H24O5;-1.80187e-3;-4.238323;425.137041;2 out of 5
425.135239;425.135239;Warangalone;[M+Na-H2];C25H24O5;-1.80187e-3;-4.238323;425.137041;2 out of 5
425.135239;425.135239;Isochandalone;[M+Na-H2];C25H24O5;-1.80187e-3;-4.238323;425.137041;2 out of 5
425.135239;425.135239;Ulexone A;[M+Na-H2];C25H24O5;-1.80187e-3;-4.238323;425.137041;2 out of 5
425.135239;425.135239;Puerarol;[M+Na-H2];C25H24O5;-1.80187e-3;-4.238323;425.137041;2 out of 5
425.135239;425.135239;Inophyllolide chromanol;[M+Na-H2];C25H24O5;-1.80187e-3;-4.238323;425.137041;2 out of 5
425.135239;425.135239;Unknown Name;[M+Na-H2];C25H24O5;-1.80187e-3;-4.238323;425.137041;140 out of 5
425.135239;425.135239;Mammeigin;[M+Na-H2];C25H24O5;-1.80187e-3;-4.238323;425.137041;2 out of 5
425.135239;425.135239;MAB5;[M+Na-H2];C25H24O5;-1.80187e-3;-4.238323;425.137041;2 out of 5
425.135239;425.135239;Isolaxifolin;[M+Na-H2];C25H24O5;-1.80187e-3;-4.238323;425.137041;2 out of 5
425.135239;425.135239;Sericetin;[M+Na-H2];C25H24O5;-1.80187e-3;-4.238323;425.137041;2 out of 5
425.135239;425.135239;Laxichalcone;[M+Na-H2];C25H24O5;-1.80187e-3;-4.238323;425.137041;2 out of 5
425.135239;425.135239;Glyinflanin D;[M+Na-H2];C25H24O5;-1.80187e-3;-4.238323;425.137041;2 out of 5
425.135239;425.135239;Euchrenone a1;[M+Na-H2];C25H24O5;-1.80187e-3;-4.238323;425.137041;2 out of 5
425.135239;425.135239;Quassin;[M+K-H2];C22H28O6;-1.95462e-3;-4.597612;425.137194;1 out of 5
425.135239;425.135239;Dimerostatin;[M+Cl];C21H26O7;-2.01517e-3;-4.740050;425.137254;1 out of 5
425.135239;425.135239;Elephantopinolide N;[M+Cl];C21H26O7;-2.01517e-3;-4.740050;425.137254;1 out of 5
425.135239;425.135239;Elephantopinolide O;[M+Cl];C21H26O7;-2.01517e-3;-4.740050;425.137254;1 out of 5
425.144967;425.144967;17-dimethylarsinoyl-9Z-heptadecenoic acid;[M+K-H2];C19H37O3As;4.95456e-4;1.165383;425.144472;1 out of 5
426.119304;426.119304;O-hexanoyl-adenosine monophosphate;[M-H2O-H];C16H24N5O8P;8.95642e-4;2.101862;426.118408;1 out of 5
436.283275;436.283275;N-linoleoyl dopamine;[M+Na-H2];C26H41NO3;-3.61720e-5;-0.082909;436.283311;1 out of 5
436.283275;436.283275;"PE(P-16:0/0:0)";[M-H];C21H44NO6P;-7.27580e-5;-0.166768;436.283348;1 out of 5
436.283275;436.283275;1-(2-methoxy-13-methyl-tetradecanyl)-sn-glycero-3-phosphoethanolamine;[M-H2O-H];C21H46NO7P;-7.34420e-5;-0.168336;436.283348;1 out of 5
436.283275;436.283275;1-(2-methoxy-pentadecanyl)-sn-glycero-3-phosphoethanolamine;[M-H2O-H];C21H46NO7P;-7.34420e-5;-0.168336;436.283348;1 out of 5
436.283275;436.283275;Palmitoylcarnitine;[M+K-H2];C23H45NO4;-1.88920e-4;-0.433021;436.283464;1 out of 5
436.283275;436.283275;L-palmitoylcarnitine;[M+K-H2];C23H45NO4;-1.88920e-4;-0.433021;436.283464;1 out of 5
436.283275;436.283275;O-palmitoylcarnitine;[M+K-H2];C23H45NO4;-1.88920e-4;-0.433021;436.283464;1 out of 5
437.267493;437.267493;"1alpha,25-Dihydroxy-16-ene-19-nor-24-oxovitamin D3";[M+Na-H2];C26H40O4;1.66240e-4;0.380179;437.267327;1 out of 5
437.267493;437.267493;"(24R,25S)-25,26-epoxy-1alpha,24-dihydroxy-27-norvitamin D3 / (24R,25S)-25,26-epoxy-1alpha,24-dihydroxy-27-norcholecalciferol";[M+Na-H2];C26H40O4;1.66240e-4;0.380179;437.267327;1 out of 5
437.267493;437.267493;"(24S,25R)-25,26-epoxy-1alpha,24-dihydroxy-27-norvitamin D3 / (24S,25R)-25,26-epoxy-1alpha,24-dihydroxy-27-norcholecalciferol";[M+Na-H2];C26H40O4;1.66240e-4;0.380179;437.267327;1 out of 5
437.267493;437.267493;"PA(0:0/18:0)";[M-H];C21H43O7P;1.29654e-4;0.296510;437.267363;3 out of 5
437.267493;437.267493;"PA(18:0/0:0)";[M-H];C21H43O7P;1.29654e-4;0.296510;437.267363;3 out of 5
437.267493;437.267493;oscr#28;[M+Cl];C22H42O6;-4.70640e-5;-0.107632;437.267540;1 out of 5
437.267493;437.267493;ascr#28;[M+Cl];C22H42O6;-4.70640e-5;-0.107632;437.267540;1 out of 5
437.267493;437.267493;Sorbitan palmitate;[M+Cl];C22H42O6;-4.70640e-5;-0.107632;437.267540;1 out of 5
443.077068;443.077068;Anadanthoside;[M+K-H2];C20H22O9;2.08072e-3;4.696081;443.074987;1 out of 5
443.077068;443.077068;Arthromerin A;[M+K-H2];C20H22O9;2.08072e-3;4.696081;443.074987;1 out of 5
443.077068;443.077068;Afzelechin 7-O-beta-D-apiofuranoside;[M+K-H2];C20H22O9;2.08072e-3;4.696081;443.074987;1 out of 5
443.077068;443.077068;Viscutin 3;[M+K-H2];C20H22O9;2.08072e-3;4.696081;443.074987;1 out of 5
443.077068;443.077068;Astringin;[M+K-H2];C20H22O9;2.08072e-3;4.696081;443.074987;1 out of 5
455.233582;455.233582;Phytyl diphosphate;[M-H];C20H42O7P2;2.82056e-4;0.619586;455.233300;1 out of 5
455.233582;455.233582;phytyl diphosphate;[M-H];C20H42O7P2;2.82056e-4;0.619586;455.233300;1 out of 5
455.233582;455.233582;CPA(18:0);[M+Cl];C21H41O6P;1.05338e-4;0.231393;455.233477;2 out of 5
458.108303;458.108303;Isorhamnetin 7-alpha-D-Glucosamine;[M-H2O-H];C22H23NO11;-9.66556e-4;-2.109881;458.109270;1 out of 5
459.096325;459.096325;Bromovulone I;[M+Cl];C21H29O4Br;2.00249e-3;4.361831;459.094323;2 out of 5
459.096325;459.096325;Chlortetracycline;[M-H2O-H];C22H23ClN2O8;-1.27376e-4;-0.277449;459.096452;1 out of 5
459.232221;459.232221;Minabeolide-1;[M+K-H2];C28H38O3;1.52092e-3;3.311895;459.230700;1 out of 5
459.232221;459.232221;"1alpha-hydroxy-22-(3-hydroxyphenyl)-23,24,25,26,27-pentanorvitamin D3 / 1alpha-hydroxy-22-(3-hydroxyphenyl)-23,24,25,26,27-pentanorcholecalciferol";[M+K-H2];C28H38O3;1.52092e-3;3.311895;459.230700;1 out of 5
459.232221;459.232221;"1alpha-hydroxy-22-(4-hydroxyphenyl)-23,24,25,26,27-pentanorvitamin D3 / 1alpha-hydroxy-22-(4-hydroxyphenyl)-23,24,25,26,27-pentanorcholecalciferol";[M+K-H2];C28H38O3;1.52092e-3;3.311895;459.230700;1 out of 5
459.232221;459.232221;Calvasterol A;[M+K-H2];C28H38O3;1.52092e-3;3.311895;459.230700;1 out of 5
459.232221;459.232221;Cuminone J;[M+Cl];C27H36O4;1.46037e-3;3.180031;459.230761;1 out of 5
459.232221;459.232221;Cuminone L;[M+Cl];C27H36O4;1.46037e-3;3.180031;459.230761;1 out of 5
459.232221;459.232221;Jambone F;[M+Cl];C27H36O4;1.46037e-3;3.180031;459.230761;1 out of 5
459.531313;459.531313;"10,22-Dimethyldotriacontane";[M-H2O-H];C34H70;1.40176e-3;3.050422;459.529911;1 out of 5
459.531313;459.531313;"11,15,19-Trimethylhentriacontane";[M-H2O-H];C34H70;1.40176e-3;3.050422;459.529911;1 out of 5
459.531313;459.531313;11-Methyltritriacontane;[M-H2O-H];C34H70;1.40176e-3;3.050422;459.529911;1 out of 5
459.531313;459.531313;"12,16-Dimethyldotriacontane";[M-H2O-H];C34H70;1.40176e-3;3.050422;459.529911;1 out of 5
459.531313;459.531313;"13,17-Dimethyldotriacontane";[M-H2O-H];C34H70;1.40176e-3;3.050422;459.529911;1 out of 5
459.531313;459.531313;13-Methyltritriacontane;[M-H2O-H];C34H70;1.40176e-3;3.050422;459.529911;1 out of 5
459.531313;459.531313;"14,18-Dimethyldotriacontane";[M-H2O-H];C34H70;1.40176e-3;3.050422;459.529911;1 out of 5
459.531313;459.531313;15-Methyltritriacontane;[M-H2O-H];C34H70;1.40176e-3;3.050422;459.529911;1 out of 5
459.531313;459.531313;17-Methyltritriacontane;[M-H2O-H];C34H70;1.40176e-3;3.050422;459.529911;1 out of 5
459.531313;459.531313;"3,7,11-Trimethylhentriacontane";[M-H2O-H];C34H70;1.40176e-3;3.050422;459.529911;1 out of 5
459.531313;459.531313;"3,7,15-Trimethylhentriacontane";[M-H2O-H];C34H70;1.40176e-3;3.050422;459.529911;1 out of 5
459.531313;459.531313;3-Methyltritriacontane;[M-H2O-H];C34H70;1.40176e-3;3.050422;459.529911;1 out of 5
459.531313;459.531313;"4,8-Dimethyldotriacontane";[M-H2O-H];C34H70;1.40176e-3;3.050422;459.529911;1 out of 5
459.531313;459.531313;7-Methyltritriacontane;[M-H2O-H];C34H70;1.40176e-3;3.050422;459.529911;1 out of 5
459.531313;459.531313;"8,20-Dimethyldotriacontane";[M-H2O-H];C34H70;1.40176e-3;3.050422;459.529911;1 out of 5
459.531313;459.531313;"9,21-Dimethyldotriacontane";[M-H2O-H];C34H70;1.40176e-3;3.050422;459.529911;1 out of 5
459.531313;459.531313;9-Methyltritriacontane;[M-H2O-H];C34H70;1.40176e-3;3.050422;459.529911;1 out of 5
459.531313;459.531313;Tetratriacontane;[M-H2O-H];C34H70;1.40176e-3;3.050422;459.529911;1 out of 5
460.098655;460.098655;Unknown Name;[M-H2O-H];C22H23O12;-1.90660e-3;-4.143868;460.100562;134 out of 5
460.098655;460.098655;Unknown Name;[M-H2O-H];C22H23O12;-1.90660e-3;-4.143868;460.100562;134 out of 5
460.098655;460.098655;Unknown Name;[M-H2O-H];C22H23O12;-1.90660e-3;-4.143868;460.100562;134 out of 5
461.121446;461.121446;(+)-12a-Hydroxyerythynone;[M+Na-H2];C24H24O8;-3.38728e-4;-0.734574;461.121785;1 out of 5
461.121446;461.121446;Unknown Name;[M+Na-H2];C24H24O8;-3.38728e-4;-0.734574;461.121785;140 out of 5
462.081750;462.081750;Unknown Name;[M-H2O-H];C21H21O13;1.92385e-3;4.163454;462.079826;134 out of 5
462.115133;462.115133;Unknown Name;[M-H];C22H23O11;-1.07798e-3;-2.332695;462.116211;164 out of 5
462.115133;462.115133;Oxycoccicyanin;[M-H];C22H23O11;-1.07798e-3;-2.332695;462.116211;2 out of 5
463.118609;463.118609;(+)-Tephrorin A;[M+K-H2];C24H26O7;2.15083e-3;4.644249;463.116458;1 out of 5
463.118609;463.118609;Ponganone VIII;[M+K-H2];C24H26O7;2.15083e-3;4.644249;463.116458;1 out of 5
463.118609;463.118609;Amorphigenol;[M+Cl];C23H24O8;2.09027e-3;4.513490;463.116519;1 out of 5
463.118609;463.118609;12-Dihydrodalbinol;[M+Cl];C23H24O8;2.09027e-3;4.513490;463.116519;1 out of 5
463.118609;463.118609;Unknown Name;[M+Cl];C23H24O8;2.09027e-3;4.513490;463.116519;132 out of 5
463.118609;463.118609;Unknown Name;[M+Cl];C23H24O8;2.09027e-3;4.513490;463.116519;132 out of 5
463.118609;463.118609;Unknown Name;[M+Cl];C23H24O8;2.09027e-3;4.513490;463.116519;132 out of 5
467.127815;467.127815;Artocommunol CA;[M+Cl];C26H24O6;1.12551e-3;2.409436;467.126689;1 out of 5
473.244214;473.244214;"PA(0:0/18:0)";[M+Cl];C21H43O7P;1.72654e-4;0.364831;473.244041;3 out of 5
473.244214;473.244214;"PA(18:0/0:0)";[M+Cl];C21H43O7P;1.72654e-4;0.364831;473.244041;3 out of 5
473.244214;473.244214;Cuminone K;[M+Cl];C28H38O4;-2.19670e-3;-4.641759;473.246411;1 out of 5
473.244214;473.244214;Samarone D;[M+Cl];C28H38O4;-2.19670e-3;-4.641759;473.246411;1 out of 5
480.309467;480.309467;Stieleriacine E;[M+Na-H2];C28H45NO4;-5.89200e-5;-0.122671;480.309526;1 out of 5
480.309467;480.309467;"PC(15:0/0:0)";[M-H];C23H48NO7P;-9.55060e-5;-0.198843;480.309563;1 out of 5
480.309467;480.309467;"PE(0:0/18:0)";[M-H];C23H48NO7P;-9.55060e-5;-0.198843;480.309563;1 out of 5
480.309467;480.309467;1-(2-methoxy-6Z-heptadecenyl)-sn-glycero-3-phosphoethanolamine;[M-H];C23H48NO7P;-9.55060e-5;-0.198843;480.309563;1 out of 5
480.309467;480.309467;"PE(18:0/0:0)";[M-H];C23H48NO7P;-9.55060e-5;-0.198843;480.309563;1 out of 5
480.309467;480.309467;12-Hydroxy-12-octadecanoylcarnitine;[M+K-H2];C25H49NO5;-2.11668e-4;-0.440691;480.309679;1 out of 5
480.309467;480.309467;3-hydroxyoctadecanoylcarnitine;[M+K-H2];C25H49NO5;-2.11668e-4;-0.440691;480.309679;1 out of 5
480.309467;480.309467;"MGTS(14:0/0:0)";[M+Cl];C24H47NO6;-2.72224e-4;-0.566768;480.309739;1 out of 5
487.263417;487.263417;Norselic acid A;[M+Cl];C29H40O4;1.35624e-3;2.783389;487.262061;1 out of 5
490.364773;490.364773;"PC(O-18:0/0:0)";[M-H2O-H];C26H56NO6P;-1.91114e-3;-3.897373;490.366684;1 out of 5
490.364773;490.364773;Arachidyl carnitine;[M+Cl];C27H53NO4;-2.08718e-3;-4.256356;490.366860;1 out of 5
491.408176;491.408176;"DG(12:0/16:1(9Z)/0:0)[iso2]";[M-H2O-H];C31H58O5;-2.40796e-3;-4.900090;491.410584;1 out of 5
495.091388;495.091388;Fujikinetin 7-O-glucoside;[M+Na-H2];C23H22O11;5.09476e-4;1.029056;495.090879;1 out of 5
495.091388;495.091388;Genistin 6''-O-acetate;[M+Na-H2];C23H22O11;5.09476e-4;1.029056;495.090879;1 out of 5
495.091388;495.091388;Unknown Name;[M+Na-H2];C23H22O11;5.09476e-4;1.029056;495.090879;140 out of 5
495.091388;495.091388;Apigenin 8-C-(6''-acetylgalactoside);[M+Na-H2];C23H22O11;5.09476e-4;1.029056;495.090879;1 out of 5
495.091388;495.091388;Vitexin 2''-acetate;[M+Na-H2];C23H22O11;5.09476e-4;1.029056;495.090879;1 out of 5
495.091388;495.091388;Isovitexin 6''-O-acetyl;[M+Na-H2];C23H22O11;5.09476e-4;1.029056;495.090879;1 out of 5
495.091388;495.091388;Vitexin 3''-O-acetate;[M+Na-H2];C23H22O11;5.09476e-4;1.029056;495.090879;1 out of 5
495.091388;495.091388;Vitexin 6''-O-acetate;[M+Na-H2];C23H22O11;5.09476e-4;1.029056;495.090879;1 out of 5
495.091388;495.091388;8-C-beta-D-Glucofuranosylapigenin 2''-O-acetate;[M+Na-H2];C23H22O11;5.09476e-4;1.029056;495.090879;1 out of 5
495.091388;495.091388;Apigenin 7-(6''-ethylglucuronide);[M+Na-H2];C23H22O11;5.09476e-4;1.029056;495.090879;1 out of 5
495.091388;495.091388;Apigenin 7-(2''-acetylglucoside);[M+Na-H2];C23H22O11;5.09476e-4;1.029056;495.090879;1 out of 5
495.091388;495.091388;Apigenin 7-(6''-acetylglucoside);[M+Na-H2];C23H22O11;5.09476e-4;1.029056;495.090879;1 out of 5
495.091388;495.091388;Acacetin 7-(6''-methylglucuronide);[M+Na-H2];C23H22O11;5.09476e-4;1.029056;495.090879;1 out of 5
495.091388;495.091388;Pongamoside D;[M+Na-H2];C23H22O11;5.09476e-4;1.029056;495.090879;1 out of 5
495.091388;495.091388;Kaempferol 3-(2''-acetylrhamnoside);[M+Na-H2];C23H22O11;5.09476e-4;1.029056;495.090879;1 out of 5
495.091388;495.091388;Kaempferol 3-(3''-acetylrhamnoside);[M+Na-H2];C23H22O11;5.09476e-4;1.029056;495.090879;1 out of 5
495.091388;495.091388;Kaempferol 3-(4''-acetylrhamnoside);[M+Na-H2];C23H22O11;5.09476e-4;1.029056;495.090879;1 out of 5
495.091388;495.091388;Viviparum A;[M+Na-H2];C23H22O11;5.09476e-4;1.029056;495.090879;1 out of 5
495.104581;495.104581;Unknown Name;[M+K-H2];C24H26O9;-1.70641e-3;-3.446557;495.106287;131 out of 5
495.104581;495.104581;8-O-Methylretusin 7-O-glucoside;[M+Cl];C23H24O10;-1.76697e-3;-3.568866;495.106348;2 out of 5
495.104581;495.104581;Unknown Name;[M+Cl];C23H24O10;-1.76697e-3;-3.568866;495.106348;132 out of 5
495.104581;495.104581;Unknown Name;[M+Cl];C23H24O10;-1.76697e-3;-3.568866;495.106348;132 out of 5
495.104581;495.104581;Cladrin 7-O-glucoside;[M+Cl];C23H24O10;-1.76697e-3;-3.568866;495.106348;2 out of 5
495.104581;495.104581;Afrormosin 7-O-glucoside;[M+Cl];C23H24O10;-1.76697e-3;-3.568866;495.106348;2 out of 5
495.104581;495.104581;Irisolidone 7-O-rhamnoside;[M+Cl];C23H24O10;-1.76697e-3;-3.568866;495.106348;2 out of 5
495.104581;495.104581;Unknown Name;[M+Cl];C23H24O10;-1.76697e-3;-3.568866;495.106348;132 out of 5
495.104581;495.104581;"Luteolin 3',4'-dimethyl ether 7-rhamnoside";[M+Cl];C23H24O10;-1.76697e-3;-3.568866;495.106348;2 out of 5
495.104581;495.104581;"Apigenin 5,7-dimethyl ether 4'-galactoside";[M+Cl];C23H24O10;-1.76697e-3;-3.568866;495.106348;2 out of 5
495.104581;495.104581;"Luteolin 7,3'-dimethyl ether 5-rhamnoside";[M+Cl];C23H24O10;-1.76697e-3;-3.568866;495.106348;2 out of 5
495.104581;495.104581;Pectolinarigenin 7-rhamnoside;[M+Cl];C23H24O10;-1.76697e-3;-3.568866;495.106348;2 out of 5
495.104581;495.104581;Immaculoside;[M+Cl];C23H24O10;-1.76697e-3;-3.568866;495.106348;2 out of 5
495.104581;495.104581;Isoembigenin;[M+Cl];C23H24O10;-1.76697e-3;-3.568866;495.106348;2 out of 5
495.104581;495.104581;Embigenin;[M+Cl];C23H24O10;-1.76697e-3;-3.568866;495.106348;2 out of 5
495.208891;495.208891;"2-O-(beta-D-galactopyranosyl-(1-&gt;6)-beta-D-galactopyranosyl) 2S,3R-dihydroxynonanoic acid";[M-H2O-H];C21H38O14;5.76104e-4;1.163357;495.208315;1 out of 5
495.208891;495.208891;N-(4-benzenesulfonamide) arachidonoyl amine;[M+K-H2];C26H38N2O3S;-2.80760e-5;-0.056695;495.208919;1 out of 5
497.071216;497.071216;Unknown Name;[M+Na-H2];C22H20O12;1.07292e-3;2.158488;497.070143;140 out of 5
497.071216;497.071216;Luteolin 7-methylglucuronide;[M+Na-H2];C22H20O12;1.07292e-3;2.158488;497.070143;1 out of 5
497.071216;497.071216;Luteolin 5-glucuronide-6''-methyl ester;[M+Na-H2];C22H20O12;1.07292e-3;2.158488;497.070143;1 out of 5
497.071216;497.071216;Luteolin 3'-methyl ether 7-glucuronide;[M+Na-H2];C22H20O12;1.07292e-3;2.158488;497.070143;1 out of 5
497.071216;497.071216;Luteolin 4'-methyl ether 7-glucuronide;[M+Na-H2];C22H20O12;1.07292e-3;2.158488;497.070143;1 out of 5
497.071216;497.071216;Isoetin 2'-(4''-acetylxyloside);[M+Na-H2];C22H20O12;1.07292e-3;2.158488;497.070143;1 out of 5
497.071216;497.071216;Hispidulin 7-glucuronide;[M+Na-H2];C22H20O12;1.07292e-3;2.158488;497.070143;1 out of 5
497.071216;497.071216;Scutellarein 4'-methyl ether 7-glucuronide;[M+Na-H2];C22H20O12;1.07292e-3;2.158488;497.070143;1 out of 5
497.071216;497.071216;Isoscutellarein 4'-methyl ether 8-glucuronide;[M+Na-H2];C22H20O12;1.07292e-3;2.158488;497.070143;1 out of 5
497.071216;497.071216;Kaempferide 3-glucuronide;[M+Na-H2];C22H20O12;1.07292e-3;2.158488;497.070143;1 out of 5
497.071216;497.071216;Quercetin 3-(3''-acetyl-alpha-L-arabinofuranoside);[M+Na-H2];C22H20O12;1.07292e-3;2.158488;497.070143;1 out of 5
497.071216;497.071216;Rhamnocitrin 3-glucuronide;[M+Na-H2];C22H20O12;1.07292e-3;2.158488;497.070143;1 out of 5
497.071216;497.071216;Kaempferol 3-methyl ether 7-glucuronide;[M+Na-H2];C22H20O12;1.07292e-3;2.158488;497.070143;1 out of 5
497.071216;497.071216;Gomphrenol 3-glucoside;[M+Na-H2];C22H20O12;1.07292e-3;2.158488;497.070143;1 out of 5
497.071216;497.071216;Herbacetin 8-(3''-acetyl-alpha-L-arabinopyranoside);[M+Na-H2];C22H20O12;1.07292e-3;2.158488;497.070143;1 out of 5
497.071216;497.071216;Herbacetin 8-(3''-acetylxyloside);[M+Na-H2];C22H20O12;1.07292e-3;2.158488;497.070143;1 out of 5
497.084514;497.084514;8-O-Methylretusin 7-O-glucoside;[M+K-H2];C23H24O10;-1.03797e-3;-2.088107;497.085552;2 out of 5
497.084514;497.084514;Unknown Name;[M+K-H2];C23H24O10;-1.03797e-3;-2.088107;497.085552;131 out of 5
497.084514;497.084514;Unknown Name;[M+K-H2];C23H24O10;-1.03797e-3;-2.088107;497.085552;131 out of 5
497.084514;497.084514;Cladrin 7-O-glucoside;[M+K-H2];C23H24O10;-1.03797e-3;-2.088107;497.085552;2 out of 5
497.084514;497.084514;Afrormosin 7-O-glucoside;[M+K-H2];C23H24O10;-1.03797e-3;-2.088107;497.085552;2 out of 5
497.084514;497.084514;Irisolidone 7-O-rhamnoside;[M+K-H2];C23H24O10;-1.03797e-3;-2.088107;497.085552;2 out of 5
497.084514;497.084514;Unknown Name;[M+K-H2];C23H24O10;-1.03797e-3;-2.088107;497.085552;131 out of 5
497.084514;497.084514;"Luteolin 3',4'-dimethyl ether 7-rhamnoside";[M+K-H2];C23H24O10;-1.03797e-3;-2.088107;497.085552;2 out of 5
497.084514;497.084514;"Apigenin 5,7-dimethyl ether 4'-galactoside";[M+K-H2];C23H24O10;-1.03797e-3;-2.088107;497.085552;2 out of 5
497.084514;497.084514;"Luteolin 7,3'-dimethyl ether 5-rhamnoside";[M+K-H2];C23H24O10;-1.03797e-3;-2.088107;497.085552;2 out of 5
497.084514;497.084514;Pectolinarigenin 7-rhamnoside;[M+K-H2];C23H24O10;-1.03797e-3;-2.088107;497.085552;2 out of 5
497.084514;497.084514;Immaculoside;[M+K-H2];C23H24O10;-1.03797e-3;-2.088107;497.085552;2 out of 5
497.084514;497.084514;Isoembigenin;[M+K-H2];C23H24O10;-1.03797e-3;-2.088107;497.085552;2 out of 5
497.084514;497.084514;Embigenin;[M+K-H2];C23H24O10;-1.03797e-3;-2.088107;497.085552;2 out of 5
497.084514;497.084514;3'-O-Methylorobol 7-O-glucoside;[M+Cl];C22H22O11;-1.09852e-3;-2.209929;497.085613;1 out of 5
497.084514;497.084514;Pratensein 7-O-glucoside;[M+Cl];C22H22O11;-1.09852e-3;-2.209929;497.085613;1 out of 5
497.084514;497.084514;Isotectorigenin 7-O-glucoside;[M+Cl];C22H22O11;-1.09852e-3;-2.209929;497.085613;1 out of 5
497.084514;497.084514;6-C-beta-D-Glucopyranosyldiosmetin;[M+Cl];C22H22O11;-1.09852e-3;-2.209929;497.085613;1 out of 5
497.084514;497.084514;Isorhamnetin 5-galactoside;[M+Cl];C22H22O11;-1.09852e-3;-2.209929;497.085613;1 out of 5
497.084514;497.084514;Tectoridin;[M+Cl];C22H22O11;-1.09852e-3;-2.209929;497.085613;1 out of 5
497.084514;497.084514;Unknown Name;[M+Cl];C22H22O11;-1.09852e-3;-2.209929;497.085613;132 out of 5
497.084514;497.084514;Unknown Name;[M+Cl];C22H22O11;-1.09852e-3;-2.209929;497.085613;132 out of 5
497.084514;497.084514;Unknown Name;[M+Cl];C22H22O11;-1.09852e-3;-2.209929;497.085613;132 out of 5
497.084514;497.084514;Mumenin;[M+Cl];C22H22O11;-1.09852e-3;-2.209929;497.085613;1 out of 5
497.084514;497.084514;Isorhamnetin 3-rhamnoside;[M+Cl];C22H22O11;-1.09852e-3;-2.209929;497.085613;1 out of 5
497.084514;497.084514;Tamarixetin 3-rhamnoside;[M+Cl];C22H22O11;-1.09852e-3;-2.209929;497.085613;1 out of 5
497.084514;497.084514;Isoscoparin;[M+Cl];C22H22O11;-1.09852e-3;-2.209929;497.085613;1 out of 5
497.084514;497.084514;Scoparin;[M+Cl];C22H22O11;-1.09852e-3;-2.209929;497.085613;1 out of 5
497.084514;497.084514;Episcoparin;[M+Cl];C22H22O11;-1.09852e-3;-2.209929;497.085613;1 out of 5
497.084514;497.084514;Luteolin 3'-methyl ether 5-glucoside;[M+Cl];C22H22O11;-1.09852e-3;-2.209929;497.085613;1 out of 5
497.084514;497.084514;Luteolin 3'-methyl ether 7-glucoside;[M+Cl];C22H22O11;-1.09852e-3;-2.209929;497.085613;1 out of 5
497.084514;497.084514;Luteolin 3'-methyl ether 4'-glucoside;[M+Cl];C22H22O11;-1.09852e-3;-2.209929;497.085613;1 out of 5
497.084514;497.084514;Luteolin 4'-methyl ether 7-glucoside;[M+Cl];C22H22O11;-1.09852e-3;-2.209929;497.085613;1 out of 5
497.084514;497.084514;Diosmetin 3'-glucoside;[M+Cl];C22H22O11;-1.09852e-3;-2.209929;497.085613;1 out of 5
497.084514;497.084514;Tricin 7-xyloside;[M+Cl];C22H22O11;-1.09852e-3;-2.209929;497.085613;1 out of 5
497.084514;497.084514;Tricin 4'-apioside;[M+Cl];C22H22O11;-1.09852e-3;-2.209929;497.085613;1 out of 5
497.084514;497.084514;Parkinsonin A;[M+Cl];C22H22O11;-1.09852e-3;-2.209929;497.085613;1 out of 5
497.084514;497.084514;Luteolin 5-methyl ether 7-glucoside;[M+Cl];C22H22O11;-1.09852e-3;-2.209929;497.085613;1 out of 5
497.084514;497.084514;Luteorin 5-methyl ether 3'-glucoside;[M+Cl];C22H22O11;-1.09852e-3;-2.209929;497.085613;1 out of 5
497.084514;497.084514;Swertiajaponin;[M+Cl];C22H22O11;-1.09852e-3;-2.209929;497.085613;1 out of 5
497.084514;497.084514;Luteolin 7-methyl ether 5-glucoside;[M+Cl];C22H22O11;-1.09852e-3;-2.209929;497.085613;1 out of 5
497.084514;497.084514;Unknown Name;[M+Cl];C22H22O11;-1.09852e-3;-2.209929;497.085613;132 out of 5
497.084514;497.084514;Hispidulin 7-glucoside;[M+Cl];C22H22O11;-1.09852e-3;-2.209929;497.085613;1 out of 5
497.084514;497.084514;Scutellarein 7-methyl ether 6-galactoside;[M+Cl];C22H22O11;-1.09852e-3;-2.209929;497.085613;1 out of 5
497.084514;497.084514;Scutellarein 7-methyl ether 6-glucoside;[M+Cl];C22H22O11;-1.09852e-3;-2.209929;497.085613;1 out of 5
497.084514;497.084514;Scutellarein 4'-methyl ether 7-glucoside;[M+Cl];C22H22O11;-1.09852e-3;-2.209929;497.085613;1 out of 5
497.084514;497.084514;Hispidulin 4'-glucoside;[M+Cl];C22H22O11;-1.09852e-3;-2.209929;497.085613;1 out of 5
497.084514;497.084514;6-Methoxyluteolin 7-rhamnoside;[M+Cl];C22H22O11;-1.09852e-3;-2.209929;497.085613;1 out of 5
497.084514;497.084514;Isoscutellarein 4'-methyl ether 8-glucoside;[M+Cl];C22H22O11;-1.09852e-3;-2.209929;497.085613;1 out of 5
497.084514;497.084514;Geraldol 4'-glucoside;[M+Cl];C22H22O11;-1.09852e-3;-2.209929;497.085613;1 out of 5
497.084514;497.084514;6-C-Methylkaempferol 3-glucoside;[M+Cl];C22H22O11;-1.09852e-3;-2.209929;497.085613;1 out of 5
497.084514;497.084514;8-C-Methylkaempferol 7-glucoside;[M+Cl];C22H22O11;-1.09852e-3;-2.209929;497.085613;1 out of 5
497.084514;497.084514;Kaempferide 3-galactoside;[M+Cl];C22H22O11;-1.09852e-3;-2.209929;497.085613;1 out of 5
497.084514;497.084514;Kaempferide 3-glucoside;[M+Cl];C22H22O11;-1.09852e-3;-2.209929;497.085613;1 out of 5
497.084514;497.084514;Isorhamnetin 7-rhamnoside;[M+Cl];C22H22O11;-1.09852e-3;-2.209929;497.085613;1 out of 5
497.084514;497.084514;Kaempferol 5-methyl ether 3-galactoside;[M+Cl];C22H22O11;-1.09852e-3;-2.209929;497.085613;1 out of 5
497.084514;497.084514;Azaleatin 3-rhamnoside;[M+Cl];C22H22O11;-1.09852e-3;-2.209929;497.085613;1 out of 5
497.084514;497.084514;Keyakinin;[M+Cl];C22H22O11;-1.09852e-3;-2.209929;497.085613;1 out of 5
497.084514;497.084514;Rhamnocitrin 3-galactoside;[M+Cl];C22H22O11;-1.09852e-3;-2.209929;497.085613;1 out of 5
497.084514;497.084514;Rhamnocitrin 3-glucoside;[M+Cl];C22H22O11;-1.09852e-3;-2.209929;497.085613;1 out of 5
497.084514;497.084514;Rhamnocitrin 3-alloside;[M+Cl];C22H22O11;-1.09852e-3;-2.209929;497.085613;1 out of 5
497.084514;497.084514;Rhamnocitrin 5-glucoside;[M+Cl];C22H22O11;-1.09852e-3;-2.209929;497.085613;1 out of 5
497.084514;497.084514;Kaempferol 7-methyl ether 4'-glucoside;[M+Cl];C22H22O11;-1.09852e-3;-2.209929;497.085613;1 out of 5
497.084514;497.084514;Rhamnetin 3-rhamnoside;[M+Cl];C22H22O11;-1.09852e-3;-2.209929;497.085613;1 out of 5
497.084514;497.084514;Ombuin 3-arabinofuranoside;[M+Cl];C22H22O11;-1.09852e-3;-2.209929;497.085613;1 out of 5
497.084514;497.084514;Isokaempferide 7-glucoside;[M+Cl];C22H22O11;-1.09852e-3;-2.209929;497.085613;1 out of 5
497.084514;497.084514;Quercetin 3-methyl ether 7-rhamnoside;[M+Cl];C22H22O11;-1.09852e-3;-2.209929;497.085613;1 out of 5
497.084514;497.084514;Vogelin;[M+Cl];C22H22O11;-1.09852e-3;-2.209929;497.085613;1 out of 5
497.084514;497.084514;6-Methoxykaempferol 3-rhamnoside;[M+Cl];C22H22O11;-1.09852e-3;-2.209929;497.085613;1 out of 5
497.084514;497.084514;6-Methoxykaempferol 4'-rhamnoside;[M+Cl];C22H22O11;-1.09852e-3;-2.209929;497.085613;1 out of 5
497.084514;497.084514;Leptosin;[M+Cl];C22H22O11;-1.09852e-3;-2.209929;497.085613;1 out of 5
497.084514;497.084514;Dalpanitin;[M+Cl];C22H22O11;-1.09852e-3;-2.209929;497.085613;1 out of 5
497.084514;497.084514;8-C-beta-D-Glucopyranosyldiosmetin;[M+Cl];C22H22O11;-1.09852e-3;-2.209929;497.085613;1 out of 5
497.084514;497.084514;Isoswertiajaponin;[M+Cl];C22H22O11;-1.09852e-3;-2.209929;497.085613;1 out of 5
497.097497;497.097497;Oxytetracycline;[M+K-H2];C22H24N2O9;7.11652e-4;1.431617;497.096785;1 out of 5
498.091876;498.091876;Unknown Name;[M+Cl];C22H23O11;-1.01298e-3;-2.033709;498.092889;132 out of 5
498.091876;498.091876;Oxycoccicyanin;[M+Cl];C22H23O11;-1.01298e-3;-2.033709;498.092889;2 out of 5
499.085773;499.085773;Unknown Name;[M+Na-H2];C22H22O12;-2.01440e-5;-0.040362;499.085793;140 out of 5
499.085773;499.085773;Isorhamnetin 3-glucoside;[M+Na-H2];C22H22O12;-2.01440e-5;-0.040362;499.085793;1 out of 5
499.085773;499.085773;Tamarixetin 7-glucoside;[M+Na-H2];C22H22O12;-2.01440e-5;-0.040362;499.085793;1 out of 5
499.085773;499.085773;Tricetin 3'-methyl ether 7-glucoside;[M+Na-H2];C22H22O12;-2.01440e-5;-0.040362;499.085793;1 out of 5
499.085773;499.085773;6-Methoxyluteolin 7-glucoside;[M+Na-H2];C22H22O12;-2.01440e-5;-0.040362;499.085793;1 out of 5
499.085773;499.085773;6-Hydroxyluteolin 7-methyl ether 6-glucoside;[M+Na-H2];C22H22O12;-2.01440e-5;-0.040362;499.085793;1 out of 5
499.085773;499.085773;6-Hydroxyluteolin 7-methyl ether 6-galactoside;[M+Na-H2];C22H22O12;-2.01440e-5;-0.040362;499.085793;1 out of 5
499.085773;499.085773;Nepetin 4'-glucoside;[M+Na-H2];C22H22O12;-2.01440e-5;-0.040362;499.085793;1 out of 5
499.085773;499.085773;8-Hydroxyluteolin 3'-methyl ether 7-glucoside;[M+Na-H2];C22H22O12;-2.01440e-5;-0.040362;499.085793;1 out of 5
499.085773;499.085773;8-Hydroxyluteolin 4'-methyl ether 8-glucoside;[M+Na-H2];C22H22O12;-2.01440e-5;-0.040362;499.085793;1 out of 5
499.085773;499.085773;Isorhamnetin 3-galactoside;[M+Na-H2];C22H22O12;-2.01440e-5;-0.040362;499.085793;1 out of 5
499.085773;499.085773;Isorhamnetin 7-glucoside;[M+Na-H2];C22H22O12;-2.01440e-5;-0.040362;499.085793;1 out of 5
499.085773;499.085773;Isorhamnetin 4'-glucoside;[M+Na-H2];C22H22O12;-2.01440e-5;-0.040362;499.085793;1 out of 5
499.085773;499.085773;Tamarixetin 3-galactoside;[M+Na-H2];C22H22O12;-2.01440e-5;-0.040362;499.085793;1 out of 5
499.085773;499.085773;Tamarixin;[M+Na-H2];C22H22O12;-2.01440e-5;-0.040362;499.085793;1 out of 5
499.085773;499.085773;Laricitrin 3-rhamnoside;[M+Na-H2];C22H22O12;-2.01440e-5;-0.040362;499.085793;1 out of 5
499.085773;499.085773;Syringetin 3-xyloside;[M+Na-H2];C22H22O12;-2.01440e-5;-0.040362;499.085793;1 out of 5
499.085773;499.085773;Mearnsitrin;[M+Na-H2];C22H22O12;-2.01440e-5;-0.040362;499.085793;1 out of 5
499.085773;499.085773;Azaleatin 3-galactoside;[M+Na-H2];C22H22O12;-2.01440e-5;-0.040362;499.085793;1 out of 5
499.085773;499.085773;Azaleatin 3-glucoside;[M+Na-H2];C22H22O12;-2.01440e-5;-0.040362;499.085793;1 out of 5
499.085773;499.085773;Myricetin 5-methyl ether 3-rhamnoside;[M+Na-H2];C22H22O12;-2.01440e-5;-0.040362;499.085793;1 out of 5
499.085773;499.085773;Keyakinin B;[M+Na-H2];C22H22O12;-2.01440e-5;-0.040362;499.085793;1 out of 5
499.085773;499.085773;Rhamnetin 3-galactoside;[M+Na-H2];C22H22O12;-2.01440e-5;-0.040362;499.085793;1 out of 5
499.085773;499.085773;Rhamnetin 3-glucoside;[M+Na-H2];C22H22O12;-2.01440e-5;-0.040362;499.085793;1 out of 5
499.085773;499.085773;Rhamnetin 5-glucoside;[M+Na-H2];C22H22O12;-2.01440e-5;-0.040362;499.085793;1 out of 5
499.085773;499.085773;8-C-Rhamnosyleuropetin;[M+Na-H2];C22H22O12;-2.01440e-5;-0.040362;499.085793;1 out of 5
499.085773;499.085773;Europetin 3-rhamnoside;[M+Na-H2];C22H22O12;-2.01440e-5;-0.040362;499.085793;1 out of 5
499.085773;499.085773;Quercetin 3-methyl ether 5-glucoside;[M+Na-H2];C22H22O12;-2.01440e-5;-0.040362;499.085793;1 out of 5
499.085773;499.085773;Quercetin 3-methyl ether 7-galactoside;[M+Na-H2];C22H22O12;-2.01440e-5;-0.040362;499.085793;1 out of 5
499.085773;499.085773;Quercetin 3-methyl ether 7-glucoside;[M+Na-H2];C22H22O12;-2.01440e-5;-0.040362;499.085793;1 out of 5
499.085773;499.085773;Quercetin 3-methyl ether 3'-glucoside;[M+Na-H2];C22H22O12;-2.01440e-5;-0.040362;499.085793;1 out of 5
499.085773;499.085773;Quercetin 3-methyl ether 4'-glucoside;[M+Na-H2];C22H22O12;-2.01440e-5;-0.040362;499.085793;1 out of 5
499.085773;499.085773;Annulatin 7-rhamnoside;[M+Na-H2];C22H22O12;-2.01440e-5;-0.040362;499.085793;1 out of 5
499.085773;499.085773;"Myricetin 3,4'-dimethyl ether 3'-xyloside";[M+Na-H2];C22H22O12;-2.01440e-5;-0.040362;499.085793;1 out of 5
499.085773;499.085773;6-Methoxykaempferol 3-galactoside;[M+Na-H2];C22H22O12;-2.01440e-5;-0.040362;499.085793;1 out of 5
499.085773;499.085773;6-Methoxykaempferol 3-glucoside;[M+Na-H2];C22H22O12;-2.01440e-5;-0.040362;499.085793;1 out of 5
499.085773;499.085773;6-Hydroxykaempferol 3-methyl ether 6-glucoside;[M+Na-H2];C22H22O12;-2.01440e-5;-0.040362;499.085793;1 out of 5
499.085773;499.085773;6-Hydroxykaempferol 3-methyl ether 7-glucoside;[M+Na-H2];C22H22O12;-2.01440e-5;-0.040362;499.085793;1 out of 5
499.085773;499.085773;6-Methoxykaempferol 7-glucoside;[M+Na-H2];C22H22O12;-2.01440e-5;-0.040362;499.085793;1 out of 5
499.085773;499.085773;6-Hydroxykaempferol 4'-methyl ether 7-glucoside;[M+Na-H2];C22H22O12;-2.01440e-5;-0.040362;499.085793;1 out of 5
499.085773;499.085773;Patuletin 3-rhamnoside;[M+Na-H2];C22H22O12;-2.01440e-5;-0.040362;499.085793;1 out of 5
499.085773;499.085773;Eupatolitin 3-apioside;[M+Na-H2];C22H22O12;-2.01440e-5;-0.040362;499.085793;1 out of 5
499.085773;499.085773;Sexangularetin 3-galactoside;[M+Na-H2];C22H22O12;-2.01440e-5;-0.040362;499.085793;1 out of 5
499.085773;499.085773;Sexangularetin 3-glucoside;[M+Na-H2];C22H22O12;-2.01440e-5;-0.040362;499.085793;1 out of 5
499.085773;499.085773;Herbacetin 7-methyl ether 3-glucoside;[M+Na-H2];C22H22O12;-2.01440e-5;-0.040362;499.085793;1 out of 5
499.085773;499.085773;Ranupenin 3-rhamnoside;[M+Na-H2];C22H22O12;-2.01440e-5;-0.040362;499.085793;1 out of 5
499.085773;499.085773;Genistein 7-O-glucoside-6''-malonate;[M-H2O-H];C24H22O13;-2.42676e-3;-4.862395;499.088200;3 out of 5
499.085773;499.085773;Apigenin 5-(6''-malonylglucoside);[M-H2O-H];C24H22O13;-2.42676e-3;-4.862395;499.088200;3 out of 5
499.085773;499.085773;Apigenin 7-(6''-malonylglucoside);[M-H2O-H];C24H22O13;-2.42676e-3;-4.862395;499.088200;3 out of 5
499.085773;499.085773;Apigenin 7-(2''-glucuronosyllactate);[M-H2O-H];C24H22O13;-2.42676e-3;-4.862395;499.088200;3 out of 5
499.085773;499.085773;Unknown Name;[M-H2O-H];C24H22O13;-2.42676e-3;-4.862395;499.088200;134 out of 5
499.085773;499.085773;"Herbacetin 8-(2'',3''-diacetylxyloside)";[M-H2O-H];C24H22O13;-2.42676e-3;-4.862395;499.088200;3 out of 5
501.082618;501.082618;Parmosidone K;[M+Na-H2];C25H20O10;2.30416e-3;4.598385;501.080314;1 out of 5
501.082618;501.082618;"2,3-dihydrosilychristin";[M+Na-H2];C25H20O10;2.30416e-3;4.598385;501.080314;1 out of 5
501.082618;501.082618;Okanin 4-methyl ether 3'-glucoside;[M+K-H2];C22H24O11;2.15141e-3;4.293546;501.080467;1 out of 5
501.082618;501.082618;Okanin 4-methyl ether 4'-glucoside;[M+K-H2];C22H24O11;2.15141e-3;4.293546;501.080467;1 out of 5
501.082618;501.082618;Lanceolin;[M+K-H2];C22H24O11;2.15141e-3;4.293546;501.080467;1 out of 5
501.082618;501.082618;Homoeriodictyolchalcone 2'-glucoside;[M+K-H2];C22H24O11;2.15141e-3;4.293546;501.080467;1 out of 5
501.082618;501.082618;Unknown Name;[M+K-H2];C22H24O11;2.15141e-3;4.293546;501.080467;131 out of 5
501.082618;501.082618;Hesperetin 5-O-glucoside;[M+K-H2];C22H24O11;2.15141e-3;4.293546;501.080467;1 out of 5
501.082618;501.082618;Hesperetin 7-O-glucoside;[M+K-H2];C22H24O11;2.15141e-3;4.293546;501.080467;1 out of 5
501.082618;501.082618;Dihydroscoparin;[M+K-H2];C22H24O11;2.15141e-3;4.293546;501.080467;1 out of 5
501.082618;501.082618;Viscumiside A;[M+K-H2];C22H24O11;2.15141e-3;4.293546;501.080467;1 out of 5
501.082618;501.082618;7-O-Methyleriodictyol 3'-O-glucoside;[M+K-H2];C22H24O11;2.15141e-3;4.293546;501.080467;1 out of 5
501.082618;501.082618;Unknown Name;[M+Cl];C21H22O12;2.09086e-3;4.172695;501.080527;132 out of 5
501.082618;501.082618;Unknown Name;[M+Cl];C21H22O12;2.09086e-3;4.172695;501.080527;132 out of 5
501.082618;501.082618;Unknown Name;[M+Cl];C21H22O12;2.09086e-3;4.172695;501.080527;132 out of 5
501.082618;501.082618;Plantagoside;[M+Cl];C21H22O12;2.09086e-3;4.172695;501.080527;1 out of 5
505.253160;505.253160;"(6RS)-6,19-epidioxy-24,24-difluoro-25-hydroxy-6,19-dihydrovitamin D3 / (6RS)-6,19-epidioxy-24,24-difluoro-25-hydroxy-6,19-dihydrocholecalciferol";[M+K-H2];C27H42F2O4;-5.61264e-4;-1.110856;505.253721;1 out of 5
505.253160;505.253160;"(22E)-26,26,26,27,27,27-hexafluoro-25-hydroxy-22,23-didehydrovitamin D3 / (22E)-26,26,26,27,27,27-hexafluoro-25-hydroxy-22,23-didehydrocholecalciferol";[M-H];C27H36F6O2;-1.51271e-3;-2.993959;505.254673;1 out of 5
505.253160;505.253160;"26,26,26,27,27,27-hexafluoro-1alpha,24-dihydroxyvitamin D3 / 26,26,26,27,27,27-hexafluoro-1alpha,24-dihydroxycholecalciferol";[M-H2O-H];C27H38F6O3;-1.51340e-3;-2.995313;505.254673;1 out of 5
505.253160;505.253160;"26,26,26,27,27,27-hexafluoro-1alpha,25-dihydroxyvitamin D3 / 26,26,26,27,27,27-hexafluoro-1alpha,25-dihydroxycholecalciferol";[M-H2O-H];C27H38F6O3;-1.51340e-3;-2.995313;505.254673;1 out of 5
505.253160;505.253160;"PG(16:0/0:0)";[M+Na-H2];C22H45O9P;-1.62665e-3;-3.219465;505.254787;1 out of 5
506.104803;506.104803;Unknown Name;[M-H];C23H23O13;-1.23722e-3;-2.444579;506.106040;164 out of 5
506.104803;506.104803;Unknown Name;[M-H];C23H23O13;-1.23722e-3;-2.444579;506.106040;164 out of 5
517.061005;517.061005;Hibiscetin 3-glucoside;[M+Na-H2];C21H20O14;1.03268e-3;1.997215;517.059972;1 out of 5
517.073681;517.073681;Unknown Name;[M+Cl];C21H22O13;-1.76076e-3;-3.405236;517.075442;132 out of 5
519.070589;519.070589;Silibinin;[M+K-H2];C25H22O10;6.87096e-4;1.323706;519.069902;1 out of 5
519.070589;519.070589;Isosilybin A;[M+K-H2];C25H22O10;6.87096e-4;1.323706;519.069902;1 out of 5
519.070589;519.070589;Isosilybin B;[M+K-H2];C25H22O10;6.87096e-4;1.323706;519.069902;1 out of 5
519.070589;519.070589;Silydianin;[M+K-H2];C25H22O10;6.87096e-4;1.323706;519.069902;1 out of 5
519.070589;519.070589;Silicristin;[M+K-H2];C25H22O10;6.87096e-4;1.323706;519.069902;1 out of 5
519.070589;519.070589;Silychristin B;[M+K-H2];C25H22O10;6.87096e-4;1.323706;519.069902;1 out of 5
519.070589;519.070589;Pseudohypericin;[M-H];C30H16O9;-1.56609e-3;-3.017099;519.072155;3 out of 5
519.070589;519.070589;Hinokiflavone;[M-H2O-H];C30H18O10;-1.56678e-3;-3.018417;519.072156;1 out of 5
519.070589;519.070589;Robustaflavone;[M-H2O-H];C30H18O10;-1.56678e-3;-3.018417;519.072156;1 out of 5
519.070589;519.070589;Agathisflavone;[M-H2O-H];C30H18O10;-1.56678e-3;-3.018417;519.072156;1 out of 5
519.070589;519.070589;Amentoflavone;[M-H2O-H];C30H18O10;-1.56678e-3;-3.018417;519.072156;1 out of 5
519.070589;519.070589;Cupressuflavone;[M-H2O-H];C30H18O10;-1.56678e-3;-3.018417;519.072156;1 out of 5
519.070589;519.070589;Skyrin;[M-H2O-H];C30H18O10;-1.56678e-3;-3.018417;519.072156;1 out of 5
519.079911;519.079911;Unknown Name;[M-H];C23H20O14;1.88268e-3;3.626969;519.078028;164 out of 5
519.268502;519.268502;"26,26,26,27,27,27-hexafluoro-25-hydroxyvitamin D2";[M-H];C28H38O2F6;-1.82078e-3;-3.506413;519.270323;1 out of 5
519.268502;519.268502;"26,26,26,27,27,27-hexafluoro-25-hydroxyvitamin D2";[M-H];C28H38O2F6;-1.82078e-3;-3.506413;519.270323;1 out of 5
519.268502;519.268502;"PG(17:0/0:0)";[M+Na-H2];C23H47O9P;-1.93471e-3;-3.725831;519.270437;1 out of 5
521.105597;521.105597;"Epigallocatechin 5,3',5'-trimethyl ether 3-O-gallate";[M+Na-H2];C25H24O11;-9.31588e-4;-1.787711;521.106529;1 out of 5
521.105597;521.105597;"Puerarin 4',6''-diacetate";[M+Na-H2];C25H24O11;-9.31588e-4;-1.787711;521.106529;1 out of 5
521.105597;521.105597;Apigenin 7-(6''-crotonylglucoside);[M+Na-H2];C25H24O11;-9.31588e-4;-1.787711;521.106529;1 out of 5
523.064752;523.064752;"Epigallocatechin 3-O-(3,5-di-O-methylgallate)";[M+K-H2];C24H22O11;-6.45240e-5;-0.123358;523.064817;1 out of 5
523.102620;523.102620;Trifolirhizin 6'-monoacetate;[M+Cl];C24H24O11;1.35741e-3;2.594932;523.101263;1 out of 5
523.102620;523.102620;Echioidinin 2'-(6''-acetylglucoside);[M+Cl];C24H24O11;1.35741e-3;2.594932;523.101263;1 out of 5
523.102620;523.102620;Acacetin 7-(2''-acetylglucoside);[M+Cl];C24H24O11;1.35741e-3;2.594932;523.101263;1 out of 5
523.102620;523.102620;Acacetin 7-(6''-acetylglucoside);[M+Cl];C24H24O11;1.35741e-3;2.594932;523.101263;1 out of 5
523.102620;523.102620;Isoswertisin 2''-acetate;[M+Cl];C24H24O11;1.35741e-3;2.594932;523.101263;1 out of 5
523.102620;523.102620;Isochamaejasmin;[M-H2O-H];C30H22O10;-8.35904e-4;-1.597971;523.103456;1 out of 5
529.207047;529.207047;Shikokianin B;[M+Na-H2];C26H36O10;1.53265e-3;2.896130;529.205514;1 out of 5
529.207047;529.207047;Unknown Name;[M-H2O-H];C28H36O11;-8.73972e-4;-1.651472;529.207921;134 out of 5
533.038755;533.038755;Isovitexin 7-O-sulfate;[M+Na-H2];C21H20O13S;1.62630e-3;3.051007;533.037129;1 out of 5
533.038755;533.038755;Unknown Name;[M+Na-H2];C21H20O13S;1.62630e-3;3.051007;533.037129;140 out of 5
533.038755;533.038755;Vitexin 7-O-sulfate;[M+Na-H2];C21H20O13S;1.62630e-3;3.051007;533.037129;1 out of 5
537.032400;537.032400;Isoscutellarein 4'-methyl ether 8-(2''-sulfatoglucuronide);[M-H2O-H];C22H20O15S;-2.04994e-3;-3.817148;537.034450;5 out of 5
539.055658;539.055658;Hypericin;[M+Cl];C30H16O8;1.73953e-3;3.227002;539.053918;1 out of 5
539.080980;539.080980;Genistein 7-O-glucoside-6''-malonate;[M+Na-H2];C24H22O13;2.72236e-4;0.505000;539.080708;3 out of 5
539.080980;539.080980;Apigenin 5-(6''-malonylglucoside);[M+Na-H2];C24H22O13;2.72236e-4;0.505000;539.080708;3 out of 5
539.080980;539.080980;Apigenin 7-(6''-malonylglucoside);[M+Na-H2];C24H22O13;2.72236e-4;0.505000;539.080708;3 out of 5
539.080980;539.080980;Apigenin 7-(2''-glucuronosyllactate);[M+Na-H2];C24H22O13;2.72236e-4;0.505000;539.080708;3 out of 5
539.080980;539.080980;Unknown Name;[M+Na-H2];C24H22O13;2.72236e-4;0.505000;539.080708;140 out of 5
539.080980;539.080980;"Herbacetin 8-(2'',3''-diacetylxyloside)";[M+Na-H2];C24H22O13;2.72236e-4;0.505000;539.080708;3 out of 5
541.052202;541.052202;Pseudohypericin;[M+Na-H2];C30H16O9;-1.89709e-3;-3.506289;541.054099;3 out of 5
541.568872;541.568872;"13R,23S-Dimethylpentatriacontane";[M+Na-H2];C37H76;-4.97432e-4;-0.918501;541.569369;1 out of 5
541.568872;541.568872;"11,15-Dimethylpentatriacontane";[M+Na-H2];C37H76;-4.97432e-4;-0.918501;541.569369;1 out of 5
541.568872;541.568872;"11,21-Dimethylpentatriacontane";[M+Na-H2];C37H76;-4.97432e-4;-0.918501;541.569369;1 out of 5
541.568872;541.568872;"13,17-Dimethylpentatriacontane";[M+Na-H2];C37H76;-4.97432e-4;-0.918501;541.569369;1 out of 5
541.568872;541.568872;"13,19-Dimethylpentatriacontane";[M+Na-H2];C37H76;-4.97432e-4;-0.918501;541.569369;1 out of 5
541.568872;541.568872;"13,23-Dimethylpentatriacontane";[M+Na-H2];C37H76;-4.97432e-4;-0.918501;541.569369;1 out of 5
541.568872;541.568872;"15,19-Dimethylpentatriacontane";[M+Na-H2];C37H76;-4.97432e-4;-0.918501;541.569369;1 out of 5
541.568872;541.568872;"15,21-Dimethylpentatriacontane";[M+Na-H2];C37H76;-4.97432e-4;-0.918501;541.569369;1 out of 5
541.568872;541.568872;"3,15-Dimethylpentatriacontane";[M+Na-H2];C37H76;-4.97432e-4;-0.918501;541.569369;1 out of 5
541.568872;541.568872;"3,7,11,15-Tetramethyltritriacontane";[M+Na-H2];C37H76;-4.97432e-4;-0.918501;541.569369;1 out of 5
541.568872;541.568872;"3,7-Dimethylpentatriacontane";[M+Na-H2];C37H76;-4.97432e-4;-0.918501;541.569369;1 out of 5
541.568872;541.568872;"4,8,12-Trimethyltetratriacontane";[M+Na-H2];C37H76;-4.97432e-4;-0.918501;541.569369;1 out of 5
541.568872;541.568872;"4,8,16-Trimethyltetratriacontane";[M+Na-H2];C37H76;-4.97432e-4;-0.918501;541.569369;1 out of 5
541.568872;541.568872;"7,19-Dimethylpentatriacontane";[M+Na-H2];C37H76;-4.97432e-4;-0.918501;541.569369;1 out of 5
541.568872;541.568872;"7,21-Dimethylpentatriacontane";[M+Na-H2];C37H76;-4.97432e-4;-0.918501;541.569369;1 out of 5
541.568872;541.568872;"7,23-Dimethylpentatriacontane";[M+Na-H2];C37H76;-4.97432e-4;-0.918501;541.569369;1 out of 5
542.081258;542.081258;Unknown Name;[M+K-H2];C24H25O12;-1.39966e-3;-2.582005;542.082658;131 out of 5
542.081258;542.081258;Unknown Name;[M+Cl];C23H23O13;-1.46022e-3;-2.693715;542.082718;132 out of 5
542.081258;542.081258;Unknown Name;[M+Cl];C23H23O13;-1.46022e-3;-2.693715;542.082718;132 out of 5
543.075305;543.075305;Syringetin 3-glucuronide;[M+Na-H2];C23H22O14;-3.17384e-4;-0.584420;543.075622;2 out of 5
543.075305;543.075305;Spinatoside;[M+Na-H2];C23H22O14;-3.17384e-4;-0.584420;543.075622;2 out of 5
543.075305;543.075305;Quercetagetin 7-(6''-acetylglucoside);[M+Na-H2];C23H22O14;-3.17384e-4;-0.584420;543.075622;2 out of 5
548.152709;548.152709;Daunorubicin;[M+Na-H2];C27H29NO10;-1.10413e-3;-2.014267;548.153813;1 out of 5
550.149843;550.149843;13-Deoxydaunorubicin;[M+K-H2];C27H31NO9;1.35643e-3;2.465567;550.148487;1 out of 5
551.143367;551.143367;"6-Hydroxymyricetin 3,6,3',5'-tetramethyl ether 7-glucoside";[M-H];C25H28O14;2.73842e-3;4.968648;551.140629;1 out of 5
551.143367;551.143367;Unknown Name;[M-H];C25H28O14;2.73842e-3;4.968648;551.140629;164 out of 5
551.143367;551.143367;"10S,11R-epoxy-punaglandin 4";[M+K-H2];C25H35O9Cl;-2.19838e-3;-3.988747;551.145565;1 out of 5
553.278481;553.278481;IC202C;[M+K-H2];C23H44N6O7;2.72825e-3;4.931089;553.275753;1 out of 5
553.278481;553.278481;Ganoweberianic acid C;[M+Na-H2];C30H44O8;1.95632e-4;0.353587;553.278285;1 out of 5
553.278481;553.278481;Cucurbitacin J;[M+Na-H2];C30H44O8;1.95632e-4;0.353587;553.278285;1 out of 5
553.278481;553.278481;"PI(16:0/0:0)";[M-H2O-H];C25H49O12P;1.58362e-4;0.286225;553.278323;1 out of 5
553.278481;553.278481;Unknown Name;[M+K-H2];C27H48O9;4.28840e-5;0.077509;553.278438;131 out of 5
553.278481;553.278481;"MGMG(18:2(9Z,12)/0:0)";[M+K-H2];C27H48O9;4.28840e-5;0.077509;553.278438;1 out of 5
553.569702;553.569702;Chlorobactane;[M-H];C40H74;-2.07337e-3;-3.745437;553.571775;1 out of 5
554.048408;554.048408;Unknown Name;[M+K-H2];C24H21O13;2.13585e-3;3.854999;554.046272;131 out of 5
555.042258;555.042258;Isoscutellarein 4'-methyl ether 8-(2''-sulfatoglucuronide);[M-H];C22H20O15S;-2.75594e-3;-4.965255;555.045014;4 out of 5
555.042258;555.042258;Patuletin 3-glucoside-7-sulfate;[M-H2O-H];C22H22O16S;-2.75662e-3;-4.966487;555.045015;2 out of 5
555.047390;555.047390;Isoscutellarein 4'-methyl ether 8-(2''-sulfatoglucuronide);[M-H];C22H20O15S;2.37606e-3;4.280842;555.045014;4 out of 5
555.047390;555.047390;Patuletin 3-glucoside-7-sulfate;[M-H2O-H];C22H22O16S;2.37538e-3;4.279610;555.045015;2 out of 5
555.047390;555.047390;Pseudohypericin;[M+Cl];C30H16O9;-1.44309e-3;-2.599937;555.048833;3 out of 5
555.055681;555.055681;Genistein 7-O-glucoside-6''-malonate;[M+K-H2];C24H22O13;1.03524e-3;1.865106;555.054646;3 out of 5
555.055681;555.055681;Apigenin 5-(6''-malonylglucoside);[M+K-H2];C24H22O13;1.03524e-3;1.865106;555.054646;3 out of 5
555.055681;555.055681;Apigenin 7-(6''-malonylglucoside);[M+K-H2];C24H22O13;1.03524e-3;1.865106;555.054646;3 out of 5
555.055681;555.055681;Apigenin 7-(2''-glucuronosyllactate);[M+K-H2];C24H22O13;1.03524e-3;1.865106;555.054646;3 out of 5
555.055681;555.055681;Unknown Name;[M+K-H2];C24H22O13;1.03524e-3;1.865106;555.054646;131 out of 5
555.055681;555.055681;"Herbacetin 8-(2'',3''-diacetylxyloside)";[M+K-H2];C24H22O13;1.03524e-3;1.865106;555.054646;3 out of 5
555.055681;555.055681;Unknown Name;[M+Cl];C23H20O14;9.74680e-4;1.756007;555.054706;132 out of 5
557.032741;557.032741;Unknown Name;[M+K-H2];C23H20O14;-1.16932e-3;-2.099190;557.033910;131 out of 5
557.091594;557.091594;Laricitrin 3-(6''-acetylglucoside);[M+Na-H2];C24H24O14;3.21552e-4;0.577198;557.091272;1 out of 5
557.091594;557.091594;Patuletin 3-(6''-acetylglucoside);[M+Na-H2];C24H24O14;3.21552e-4;0.577198;557.091272;1 out of 5
557.091594;557.091594;Jaceidin 4'-glucuronide;[M+Na-H2];C24H24O14;3.21552e-4;0.577198;557.091272;1 out of 5
557.091594;557.091594;Haploside A;[M+Na-H2];C24H24O14;3.21552e-4;0.577198;557.091272;1 out of 5
557.091594;557.091594;"Myricetin 3-(2'',3'',4''-triacetylxyloside)";[M-H2O-H];C26H24O15;-2.08507e-3;-3.742760;557.093679;2 out of 5
558.042923;558.042923;Ophrysanin;[M+K-H2];C23H21O14;1.73623e-3;3.111290;558.041187;1 out of 5
559.041557;559.041557;Gossypetin 8-glucoside-3-sulfate;[M-H];C21H20O16S;1.62844e-3;2.912923;559.039929;2 out of 5
559.051169;559.051169;Syringetin 3-glucuronide;[M+K-H2];C23H22O14;1.60862e-3;2.877412;559.049560;2 out of 5
559.051169;559.051169;Spinatoside;[M+K-H2];C23H22O14;1.60862e-3;2.877412;559.049560;2 out of 5
559.051169;559.051169;Quercetagetin 7-(6''-acetylglucoside);[M+K-H2];C23H22O14;1.60862e-3;2.877412;559.049560;2 out of 5
561.063300;561.063300;Unknown Name;[M+K-H2];C23H24O14;-1.91045e-3;-3.405037;561.065210;131 out of 5
573.018308;573.018308;Gossypetin 8-glucuronide-3-sulfate;[M-H];C21H18O17S;-8.85116e-4;-1.544653;573.019193;1 out of 5
573.305413;573.305413;Lithocholic acid 3-O-glucuronide;[M+Na-H2];C30H48O9;9.12884e-4;1.592320;573.304500;1 out of 5
573.305413;573.305413;Cucurbitacin A;[M-H];C32H46O9;-1.49305e-3;-2.604281;573.306906;1 out of 5
573.305413;573.305413;7beta-Hydroxy-3-epi-isocucurbitacin B;[M-H];C32H46O9;-1.49305e-3;-2.604281;573.306906;1 out of 5
573.305413;573.305413;Colocynthenin F;[M-H2O-H];C32H48O10;-1.49374e-3;-2.605474;573.306907;1 out of 5
575.104876;575.104876;"Myricetin 3-(2'',3'',4''-triacetylxyloside)";[M-H];C26H24O15;6.32932e-4;1.100552;575.104243;2 out of 5
577.029143;577.029143;Isoscutellarein 4'-methyl ether 8-(2''-sulfatoglucuronide);[M+Na-H2];C22H20O15S;2.18506e-3;3.786755;577.026958;5 out of 5
579.294259;579.294259;"PI(O-16:0/0:0)";[M+Na-H2];C25H51O11P;2.69292e-3;4.648640;579.291566;1 out of 5
579.294259;579.294259;Cucurbitacin B;[M+Na-H2];C32H46O8;3.23568e-4;0.558556;579.293935;1 out of 5
579.294259;579.294259;PHODiA-PA;[M-H];C27H49O11P;2.86982e-4;0.495400;579.293972;2 out of 5
579.294259;579.294259;"PI(18:1(9Z)/0:0)";[M-H2O-H];C27H51O12P;2.86298e-4;0.494219;579.293973;1 out of 5
579.294259;579.294259;PG-PG;[M-H2O-H];C27H51O12P;2.86298e-4;0.494219;579.293973;1 out of 5
581.023402;581.023402;Gossypetin 8-glucoside-3-sulfate;[M+Na-H2];C21H20O16S;1.52944e-3;2.632328;581.021873;2 out of 5
581.309494;581.309494;Cucurbitacin C;[M+Na-H2];C32H48O8;-9.14960e-5;-0.157396;581.309585;1 out of 5
581.309494;581.309494;Cucurbitacin Q;[M+Na-H2];C32H48O8;-9.14960e-5;-0.157396;581.309585;1 out of 5
581.309494;581.309494;POV-PG;[M-H];C27H51O11P;-1.28082e-4;-0.220334;581.309622;1 out of 5
581.309494;581.309494;"PI(18:0/0:0)";[M-H2O-H];C27H53O12P;-1.28766e-4;-0.221510;581.309623;2 out of 5
581.309494;581.309494;"Glc-GP(18:0/0:0)";[M-H2O-H];C27H53O12P;-1.28766e-4;-0.221510;581.309623;2 out of 5
583.107343;583.107343;2''-O-Galloylisovitexin;[M-H];C28H24O14;-1.98545e-3;-3.404933;583.109328;1 out of 5
583.107343;583.107343;Vitexin 2''-O-gallate;[M-H];C28H24O14;-1.98545e-3;-3.404933;583.109328;1 out of 5
583.107343;583.107343;Quercetin 3-(6''-p-hydroxybenzoylgalactoside);[M-H];C28H24O14;-1.98545e-3;-3.404933;583.109328;1 out of 5
583.107343;583.107343;Myricetin 3-(2''-p-hydroxybenzoylrhamnoside);[M-H];C28H24O14;-1.98545e-3;-3.404933;583.109328;1 out of 5
583.107343;583.107343;Unknown Name;[M-H2O-H];C28H26O15;-1.98613e-3;-3.406106;583.109329;134 out of 5
583.110829;583.110829;2''-O-Galloylisovitexin;[M-H];C28H24O14;1.50055e-3;2.573363;583.109328;1 out of 5
583.110829;583.110829;Vitexin 2''-O-gallate;[M-H];C28H24O14;1.50055e-3;2.573363;583.109328;1 out of 5
583.110829;583.110829;Quercetin 3-(6''-p-hydroxybenzoylgalactoside);[M-H];C28H24O14;1.50055e-3;2.573363;583.109328;1 out of 5
583.110829;583.110829;Myricetin 3-(2''-p-hydroxybenzoylrhamnoside);[M-H];C28H24O14;1.50055e-3;2.573363;583.109328;1 out of 5
583.110829;583.110829;Unknown Name;[M-H2O-H];C28H26O15;1.49987e-3;2.572190;583.109329;134 out of 5
585.104491;585.104491;Mirificin;[M+K-H2];C26H28O13;2.89504e-3;4.947934;585.101596;1 out of 5
585.104491;585.104491;Pueraria glycoside 2;[M+K-H2];C26H28O13;2.89504e-3;4.947934;585.101596;1 out of 5
585.104491;585.104491;Daidzein 7-O-glucoside-4'-O-apioside;[M+K-H2];C26H28O13;2.89504e-3;4.947934;585.101596;1 out of 5
585.104491;585.104491;Daidzein 7-O-apiosyl-(1-&gt;6)-glucoside;[M+K-H2];C26H28O13;2.89504e-3;4.947934;585.101596;1 out of 5
585.104491;585.104491;Chrysin 6-C-glucoside-8-C-alpha-L-arabinopyranoside;[M+K-H2];C26H28O13;2.89504e-3;4.947934;585.101596;1 out of 5
585.104491;585.104491;Chrysin 6-C-alpha-L-arabinopyranoside-8-C-glucoside;[M+K-H2];C26H28O13;2.89504e-3;4.947934;585.101596;1 out of 5
585.104491;585.104491;Mollupentin 2''-O-rhamnoside;[M+K-H2];C26H28O13;2.89504e-3;4.947934;585.101596;1 out of 5
585.104491;585.104491;Cerarvensin 2''-O-rhamnoside;[M+K-H2];C26H28O13;2.89504e-3;4.947934;585.101596;1 out of 5
585.104491;585.104491;Hemsleyanoside;[M+K-H2];C26H28O13;2.89504e-3;4.947934;585.101596;1 out of 5
585.104491;585.104491;Isohemsleyanoside;[M+K-H2];C26H28O13;2.89504e-3;4.947934;585.101596;1 out of 5
585.104491;585.104491;Almeidein;[M+K-H2];C26H28O13;2.89504e-3;4.947934;585.101596;1 out of 5
585.104491;585.104491;Molludistin 2''-O-xyloside;[M+K-H2];C26H28O13;2.89504e-3;4.947934;585.101596;1 out of 5
585.104491;585.104491;"6,8-Di-C-arabionopyranosylluteolin";[M+Cl];C25H26O14;2.83449e-3;4.844437;585.101657;1 out of 5
585.104491;585.104491;Scutellarein 7-xylosyl-(1-&gt;2)-xyloside;[M+Cl];C25H26O14;2.83449e-3;4.844437;585.101657;1 out of 5
585.104491;585.104491;"Kaempferol 3,4'-dixyloside";[M+Cl];C25H26O14;2.83449e-3;4.844437;585.101657;1 out of 5
585.104491;585.104491;Syringetin 3-(6''-acetylglucoside);[M+Cl];C25H26O14;2.83449e-3;4.844437;585.101657;1 out of 5
585.104491;585.104491;Quercetagetin 7-(6''-isobutyrylglucoside);[M+Cl];C25H26O14;2.83449e-3;4.844437;585.101657;1 out of 5
585.104491;585.104491;Limocitrin 7-(6''-acetylglucoside);[M+Cl];C25H26O14;2.83449e-3;4.844437;585.101657;1 out of 5
585.104491;585.104491;6′-O-caffeoylioxide;[M+Cl];C25H26O14;2.83449e-3;4.844437;585.101657;1 out of 5
585.309875;585.309875;Presqualene diphosphate;[M-H];C30H52O7P2;-1.67526e-3;-2.862175;585.311550;1 out of 5
585.309875;585.309875;all-trans-hexaprenyl diphosphate;[M-H];C30H52O7P2;-1.67526e-3;-2.862175;585.311550;1 out of 5
587.129943;587.129943;Cucumerin B;[M+Cl];C29H28O11;-2.61972e-3;-4.461882;587.132563;1 out of 5
587.129943;587.129943;Cucumerin A;[M+Cl];C29H28O11;-2.61972e-3;-4.461882;587.132563;1 out of 5
593.003229;593.003229;Isoscutellarein 4'-methyl ether 8-(2''-sulfatoglucuronide);[M+K-H2];C22H20O15S;2.33306e-3;3.934328;593.000896;5 out of 5
593.003229;593.003229;Quercetin 3-glucuronide-7-sulfate;[M+Cl];C21H18O16S;2.27250e-3;3.832210;593.000956;2 out of 5
593.003229;593.003229;Quercetin 3-glucuronide-3'-sulfate;[M+Cl];C21H18O16S;2.27250e-3;3.832210;593.000956;2 out of 5
594.979026;594.979026;Quercetin 3-glucuronide-7-sulfate;[M+K-H2];C21H18O16S;-1.13450e-3;-1.906780;594.980160;2 out of 5
594.979026;594.979026;Quercetin 3-glucuronide-3'-sulfate;[M+K-H2];C21H18O16S;-1.13450e-3;-1.906780;594.980160;2 out of 5
597.062579;597.062579;"Herbacetin 8-(2'',3'',4''-triacetylxyloside)";[M+K-H2];C26H24O14;-2.63145e-3;-4.407304;597.065210;1 out of 5
598.230196;598.230196;Taurolithocholate sulfate;[M+Cl];C26H45NO8S2;2.13560e-3;3.569876;598.228060;1 out of 5
599.319989;599.319989;"3beta,15alpha,16alpha,24alpha-tetrahydroxy25,26,27-trinor-16,24-cyclo-cycloartane-23-one-3-O-beta-D-xylopyranoside";[M+Na-H2];C32H50O9;-1.61180e-4;-0.268938;599.320150;1 out of 5
599.319989;599.319989;"PI(18:0/0:0)";[M-H];C27H53O12P;-1.97766e-4;-0.329984;599.320187;2 out of 5
599.319989;599.319989;"Glc-GP(18:0/0:0)";[M-H];C27H53O12P;-1.97766e-4;-0.329984;599.320187;2 out of 5
601.137133;601.137133;Apigenin 7-(3''-acetyl-6''-E-p-coumaroylglucoside);[M-H2O-H];C32H28O13;1.98304e-3;3.298832;601.135150;1 out of 5
601.278404;601.278404;PHODiA-PA;[M+Na-H2];C27H49O11P;2.48798e-3;4.137837;601.275916;2 out of 5
601.278404;601.278404;"PI(20:4(5Z,8Z,11Z,14Z)/0:0)";[M-H2O-H];C29H49O12P;8.13620e-5;0.135315;601.278323;1 out of 5
601.278404;601.278404;Colocynthenin E;[M+K-H2];C31H48O9;-3.41160e-5;-0.056739;601.278438;1 out of 5
601.278404;601.278404;Austrobuxusin L;[M+Cl];C30H46O10;-9.46720e-5;-0.157451;601.278499;1 out of 5
601.278404;601.278404;2-O-(6-O-isocaleryl-beta-D-glucopyranosyl) atractyligenin;[M+Cl];C30H46O10;-9.46720e-5;-0.157451;601.278499;1 out of 5
606.073876;606.073876;UDP-GlcNAc;[M-H];C17H27N3O17P2;-4.16664e-4;-0.687480;606.074293;1 out of 5
607.105069;607.105069;Prunin 6''-O-gallate;[M+Na-H2];C28H26O14;-1.85351e-3;-3.053024;607.106923;1 out of 5
609.102418;609.102418;Kolaflavanone;[M+Na-H2];C31H24O12;9.74792e-4;1.600377;609.101443;1 out of 5
609.102418;609.102418;"Maritimetin 6-O-(3'',4'',6''-tri-O-acetylglucoside)";[M+Cl];C27H26O14;7.61488e-4;1.250182;609.101657;1 out of 5
609.102418;609.102418;Unknown Name;[M+Cl];C27H26O14;7.61488e-4;1.250182;609.101657;132 out of 5
611.008642;611.008642;Patuletin 3-glucoside-7-sulfate;[M+K-H2];C22H22O16S;-2.81862e-3;-4.613046;611.011461;3 out of 5
613.118015;613.118015;Luteolin 7-(3'''-acetylapiosyl-(1-&gt;2)-xyloside);[M+Na-H2];C27H28O15;5.27804e-4;0.860853;613.117487;1 out of 5
613.118015;613.118015;"3',5'-O-Dimethylmyricetin 3-O-beta-D-2'',3''-diacetylglucopyranoside";[M+Na-H2];C27H28O15;5.27804e-4;0.860853;613.117487;1 out of 5
613.118015;613.118015;Apigenin 7-rhamnosyl-(1-&gt;2)-galacturonide;[M+Na-H2];C27H28O15;5.27804e-4;0.860853;613.117487;1 out of 5
613.118015;613.118015;Apigenin 7-glucuronide-4'-rhamnoside;[M+Na-H2];C27H28O15;5.27804e-4;0.860853;613.117487;1 out of 5
613.118015;613.118015;Luteolin 7-[6''-(3-hydroxy-3-methylglutaryl)glucoside];[M+Na-H2];C27H28O15;5.27804e-4;0.860853;613.117487;1 out of 5
613.118015;613.118015;6-Hydroxyapigenin 7-[6''-(3-hydroxy-3-methylglutaryl)glucoside];[M+Na-H2];C27H28O15;5.27804e-4;0.860853;613.117487;1 out of 5
613.118015;613.118015;Kaempferol 3-[6''-(3-hydroxy-3-methylglutaryl)glucoside];[M+Na-H2];C27H28O15;5.27804e-4;0.860853;613.117487;1 out of 5
614.104708;614.104708;Unknown Name;[M+Cl];C26H27O15;8.60416e-4;1.401092;614.103848;132 out of 5
614.121623;614.121623;Unknown Name;[M+Cl];C30H27O12;2.51928e-3;4.102259;614.119104;132 out of 5
614.344502;614.344502;"PC(16:0/5:0(CHO))";[M+Na-H2];C29H56NO9P;5.65998e-4;0.921305;614.343936;1 out of 5
614.344502;614.344502;PKOHA-PC;[M-H2O-H];C31H56NO10P;-1.84062e-3;-2.996066;614.346343;1 out of 5
614.344502;614.344502;OHOOA-PE;[M-H2O-H];C31H56NO10P;-1.84062e-3;-2.996066;614.346343;1 out of 5
616.118782;616.118782;Unknown Name;[M+Na-H2];C30H27O13;-5.02344e-4;-0.815336;616.119284;140 out of 5
616.118782;616.118782;Hyacinthin;[M+Na-H2];C30H27O13;-5.02344e-4;-0.815336;616.119284;1 out of 5
616.118782;616.118782;Unknown Name;[M+K-H2];C27H31O14;-6.55092e-4;-1.063255;616.119437;131 out of 5
616.118782;616.118782;Unknown Name;[M+K-H2];C27H31O14;-6.55092e-4;-1.063255;616.119437;131 out of 5
616.118782;616.118782;Unknown Name;[M+K-H2];C27H31O14;-6.55092e-4;-1.063255;616.119437;131 out of 5
616.118782;616.118782;Unknown Name;[M+K-H2];C27H31O14;-6.55092e-4;-1.063255;616.119437;131 out of 5
616.118782;616.118782;Unknown Name;[M+Cl];C26H29O15;-7.15648e-4;-1.161541;616.119498;132 out of 5
616.118782;616.118782;Sambicyanin;[M+Cl];C26H29O15;-7.15648e-4;-1.161541;616.119498;1 out of 5
616.141645;616.141645;Pelargonin;[M+Na-H2];C27H31O15;1.23129e-3;1.998388;616.140414;1 out of 5
616.141645;616.141645;Unknown Name;[M+Na-H2];C27H31O15;1.23129e-3;1.998388;616.140414;140 out of 5
616.141645;616.141645;Unknown Name;[M+Na-H2];C27H31O15;1.23129e-3;1.998388;616.140414;140 out of 5
616.141645;616.141645;Unknown Name;[M+Na-H2];C27H31O15;1.23129e-3;1.998388;616.140414;140 out of 5
616.141645;616.141645;Unknown Name;[M+Na-H2];C27H31O15;1.23129e-3;1.998388;616.140414;140 out of 5
616.141645;616.141645;Unknown Name;[M+Na-H2];C27H31O15;1.23129e-3;1.998388;616.140414;140 out of 5
616.141645;616.141645;Cyanidin 3-O-rutinoside;[M+Na-H2];C27H31O15;1.23129e-3;1.998388;616.140414;1 out of 5
616.141645;616.141645;Unknown Name;[M+Na-H2];C27H31O15;1.23129e-3;1.998388;616.140414;140 out of 5
616.141645;616.141645;Unknown Name;[M+Na-H2];C27H31O15;1.23129e-3;1.998388;616.140414;140 out of 5
616.141645;616.141645;Cyanidin 3-neohesperidoside;[M+Na-H2];C27H31O15;1.23129e-3;1.998388;616.140414;1 out of 5
616.141645;616.141645;Unknown Name;[M+Na-H2];C27H31O15;1.23129e-3;1.998388;616.140414;140 out of 5
621.109400;621.109400;Apigenin 7-glucuronosyl-(1-&gt;2)-glucuronide;[M-H];C27H26O17;-3.22372e-4;-0.519026;621.109722;2 out of 5
621.109400;621.109400;"Apigenin 7,4'-diglucuronide";[M-H];C27H26O17;-3.22372e-4;-0.519026;621.109722;2 out of 5
621.109400;621.109400;Quercetin 3-glucoside-7-glucuronide;[M-H2O-H];C27H28O18;-3.23056e-4;-0.520127;621.109723;1 out of 5
621.109400;621.109400;Quercetin 3-glucuronide-7-glucoside;[M-H2O-H];C27H28O18;-3.23056e-4;-0.520127;621.109723;1 out of 5
621.109400;621.109400;Quercetin 3-glucosyl-(1-&gt;2)-glucuronide;[M-H2O-H];C27H28O18;-3.23056e-4;-0.520127;621.109723;1 out of 5
621.109400;621.109400;Herbacetin 3-glucuronide-8-glucoside;[M-H2O-H];C27H28O18;-3.23056e-4;-0.520127;621.109723;1 out of 5
623.106566;623.106566;Quercetagetin 7-(6''-(E)-caffeoylglucoside);[M-H2O-H];C30H26O16;2.32225e-3;3.726901;623.104244;1 out of 5
625.420722;625.420722;"PA(O-16:0/14:1(9Z))";[M+Na-H2];C33H65O7P;-7.36050e-4;-1.176886;625.421458;1 out of 5
625.420722;625.420722;"PA(P-16:0/14:0)";[M+Na-H2];C33H65O7P;-7.36050e-4;-1.176886;625.421458;1 out of 5
625.420722;625.420722;"PA(P-18:0/12:0)";[M+Na-H2];C33H65O7P;-7.36050e-4;-1.176886;625.421458;1 out of 5
631.128343;631.128343;Isoorientin 2''-O-glucopyranoside;[M+Na-H2];C27H30O16;2.91120e-4;0.461269;631.128052;1 out of 5
631.128343;631.128343;Isoorientin 6''-O-glucoside;[M+Na-H2];C27H30O16;2.91120e-4;0.461269;631.128052;1 out of 5
631.128343;631.128343;Orientin 4'-glucoside;[M+Na-H2];C27H30O16;2.91120e-4;0.461269;631.128052;1 out of 5
631.128343;631.128343;Orientin 7-glucoside;[M+Na-H2];C27H30O16;2.91120e-4;0.461269;631.128052;1 out of 5
631.128343;631.128343;Isoorientin 4'-O-glucoside;[M+Na-H2];C27H30O16;2.91120e-4;0.461269;631.128052;1 out of 5
631.128343;631.128343;Isoorientin 7-O-galactoside;[M+Na-H2];C27H30O16;2.91120e-4;0.461269;631.128052;1 out of 5
631.128343;631.128343;Orientin 3'-O-glucoside;[M+Na-H2];C27H30O16;2.91120e-4;0.461269;631.128052;1 out of 5
631.128343;631.128343;Luteolin 7-gentiobioside;[M+Na-H2];C27H30O16;2.91120e-4;0.461269;631.128052;1 out of 5
631.128343;631.128343;6-Hydroxyluteolin 7-rutinoside;[M+Na-H2];C27H30O16;2.91120e-4;0.461269;631.128052;1 out of 5
631.128343;631.128343;Robinetin 3-rutinoside;[M+Na-H2];C27H30O16;2.91120e-4;0.461269;631.128052;1 out of 5
631.128343;631.128343;"Kaempferol 3,5-digalactoside";[M+Na-H2];C27H30O16;2.91120e-4;0.461269;631.128052;1 out of 5
631.128343;631.128343;Kaempferol 3-gentiobioside;[M+Na-H2];C27H30O16;2.91120e-4;0.461269;631.128052;1 out of 5
631.128343;631.128343;Rutin;[M+Na-H2];C27H30O16;2.91120e-4;0.461269;631.128052;1 out of 5
631.128343;631.128343;Quercetin 7-rutinoside;[M+Na-H2];C27H30O16;2.91120e-4;0.461269;631.128052;1 out of 5
631.128343;631.128343;Isorhamnetin 3-glucoside-7-xyloside;[M+Na-H2];C27H30O16;2.91120e-4;0.461269;631.128052;1 out of 5
631.128343;631.128343;Isorhamnetin 3-xylosyl-(1-&gt;2)-galactoside;[M+Na-H2];C27H30O16;2.91120e-4;0.461269;631.128052;1 out of 5
631.128343;631.128343;Annulatin 7-rhamnoside-3'-xyloside;[M+Na-H2];C27H30O16;2.91120e-4;0.461269;631.128052;1 out of 5
631.128343;631.128343;6-Hydroxykaempferol 7-rutinoside;[M+Na-H2];C27H30O16;2.91120e-4;0.461269;631.128052;1 out of 5
631.128343;631.128343;6-Hydroxykaempferol 3-rutinoside;[M+Na-H2];C27H30O16;2.91120e-4;0.461269;631.128052;1 out of 5
631.128343;631.128343;Herbacetin 8-rutinoside;[M+Na-H2];C27H30O16;2.91120e-4;0.461269;631.128052;1 out of 5
631.128343;631.128343;Gossypetin 8-methyl ether 3-xylosyl-(1-&gt;2)-rhamnoside;[M+Na-H2];C27H30O16;2.91120e-4;0.461269;631.128052;1 out of 5
631.128343;631.128343;Orobol 7-O-sophoroside;[M+Na-H2];C27H30O16;2.91120e-4;0.461269;631.128052;1 out of 5
631.128343;631.128343;Flavocannabiside;[M+Na-H2];C27H30O16;2.91120e-4;0.461269;631.128052;1 out of 5
631.128343;631.128343;Isoorientin 2''-O-alpha-D-mannoside;[M+Na-H2];C27H30O16;2.91120e-4;0.461269;631.128052;1 out of 5
631.128343;631.128343;Lucenin 2;[M+Na-H2];C27H30O16;2.91120e-4;0.461269;631.128052;1 out of 5
631.128343;631.128343;Lutonarin;[M+Na-H2];C27H30O16;2.91120e-4;0.461269;631.128052;1 out of 5
631.128343;631.128343;Isoorientin 3'-O-glucoside;[M+Na-H2];C27H30O16;2.91120e-4;0.461269;631.128052;1 out of 5
631.128343;631.128343;Isorhamnetin 3-sambubioside;[M+Na-H2];C27H30O16;2.91120e-4;0.461269;631.128052;1 out of 5
631.128343;631.128343;Isorhamnetin 3-glucoside-7-alpha-L-arabinopyranoside;[M+Na-H2];C27H30O16;2.91120e-4;0.461269;631.128052;1 out of 5
631.128343;631.128343;Luteolin 7-allosyl-(1-&gt;2)-glucoside;[M+Na-H2];C27H30O16;2.91120e-4;0.461269;631.128052;1 out of 5
631.128343;631.128343;"Luteolin 7,3'-diglucoside";[M+Na-H2];C27H30O16;2.91120e-4;0.461269;631.128052;1 out of 5
631.128343;631.128343;"Luteolin 7,4'-diglucoside";[M+Na-H2];C27H30O16;2.91120e-4;0.461269;631.128052;1 out of 5
631.128343;631.128343;Luteolin 7-galactoside-4'-glucoside;[M+Na-H2];C27H30O16;2.91120e-4;0.461269;631.128052;1 out of 5
631.128343;631.128343;"Luteolin 3',4'-diglucoside";[M+Na-H2];C27H30O16;2.91120e-4;0.461269;631.128052;1 out of 5
631.128343;631.128343;Isoscutellarein 7-allosyl-(1-&gt;2)-glucoside;[M+Na-H2];C27H30O16;2.91120e-4;0.461269;631.128052;1 out of 5
631.128343;631.128343;"Fisetin 3,7-diglucoside";[M+Na-H2];C27H30O16;2.91120e-4;0.461269;631.128052;1 out of 5
631.128343;631.128343;Panasenoside;[M+Na-H2];C27H30O16;2.91120e-4;0.461269;631.128052;1 out of 5
631.128343;631.128343;"Kaempferol 3,7-digalactoside";[M+Na-H2];C27H30O16;2.91120e-4;0.461269;631.128052;1 out of 5
631.128343;631.128343;Kaempferol 3-galactoside-4'-glucoside;[M+Na-H2];C27H30O16;2.91120e-4;0.461269;631.128052;1 out of 5
631.128343;631.128343;Camelliaside C;[M+Na-H2];C27H30O16;2.91120e-4;0.461269;631.128052;1 out of 5
631.128343;631.128343;Kaempferol 3-glucoside-7-galactoside;[M+Na-H2];C27H30O16;2.91120e-4;0.461269;631.128052;1 out of 5
631.128343;631.128343;"Kaempferol 3,7-diglucoside";[M+Na-H2];C27H30O16;2.91120e-4;0.461269;631.128052;1 out of 5
631.128343;631.128343;"Kaempferol 3,4'-diglucoside";[M+Na-H2];C27H30O16;2.91120e-4;0.461269;631.128052;1 out of 5
631.128343;631.128343;Quercetin 3-rhamnosyl-(1-&gt;2)-galactoside;[M+Na-H2];C27H30O16;2.91120e-4;0.461269;631.128052;1 out of 5
631.128343;631.128343;Quercetin 3-neohesperidoside;[M+Na-H2];C27H30O16;2.91120e-4;0.461269;631.128052;1 out of 5
631.128343;631.128343;Quercetin 3-rhamnoside-7-glucoside;[M+Na-H2];C27H30O16;2.91120e-4;0.461269;631.128052;1 out of 5
631.128343;631.128343;Quercetin 3-methyl ether 7-alpha-L-arabinofuranosyl-(1-&gt;6)-glucoside;[M+Na-H2];C27H30O16;2.91120e-4;0.461269;631.128052;1 out of 5
631.128343;631.128343;"Aureusidin 4,6-diglucoside";[M+Na-H2];C27H30O16;2.91120e-4;0.461269;631.128052;1 out of 5
631.128343;631.128343;"Orobol 6,8-di-C-glucoside";[M+Na-H2];C27H30O16;2.91120e-4;0.461269;631.128052;1 out of 5
631.128343;631.128343;6-C-Glucosylkaempferol 3-O-glucoside;[M+Na-H2];C27H30O16;2.91120e-4;0.461269;631.128052;1 out of 5
631.128343;631.128343;2''-O-beta-L-galactopyranosylorientin;[M+Na-H2];C27H30O16;2.91120e-4;0.461269;631.128052;1 out of 5
631.128343;631.128343;8-C-Glucosylquercetin 2''-O-rhamnoside;[M+Na-H2];C27H30O16;2.91120e-4;0.461269;631.128052;1 out of 5
631.128343;631.128343;Isorhamnetin 3-vicianoside;[M+Na-H2];C27H30O16;2.91120e-4;0.461269;631.128052;1 out of 5
631.128343;631.128343;Isorhamnetin 3-xylosyl-(1-&gt;6)-glucoside;[M+Na-H2];C27H30O16;2.91120e-4;0.461269;631.128052;1 out of 5
631.128343;631.128343;Luteolin 7-laminaribioside;[M+Na-H2];C27H30O16;2.91120e-4;0.461269;631.128052;1 out of 5
631.128343;631.128343;Luteolin 7-galactosyl-(1-&gt;6)-galactoside;[M+Na-H2];C27H30O16;2.91120e-4;0.461269;631.128052;1 out of 5
631.128343;631.128343;6-Hydroxyluteolin 6-glucoside-3'-rhamnoside;[M+Na-H2];C27H30O16;2.91120e-4;0.461269;631.128052;1 out of 5
631.128343;631.128343;8-Hydroxyapigenin 8-sophoroside;[M+Na-H2];C27H30O16;2.91120e-4;0.461269;631.128052;1 out of 5
631.128343;631.128343;Unknown Name;[M+Na-H2];C27H30O16;2.91120e-4;0.461269;631.128052;140 out of 5
631.128343;631.128343;Kaempferol 3-glucosyl-(1-&gt;6)-galactoside;[M+Na-H2];C27H30O16;2.91120e-4;0.461269;631.128052;1 out of 5
631.128343;631.128343;Kaempferol 7-sophoroside;[M+Na-H2];C27H30O16;2.91120e-4;0.461269;631.128052;1 out of 5
631.128343;631.128343;"Kaempferol 3,5-diglucoside";[M+Na-H2];C27H30O16;2.91120e-4;0.461269;631.128052;1 out of 5
631.128343;631.128343;"Kaempferol 7,4'-diglucoside";[M+Na-H2];C27H30O16;2.91120e-4;0.461269;631.128052;1 out of 5
631.128343;631.128343;Quercetin 3-robinobioside;[M+Na-H2];C27H30O16;2.91120e-4;0.461269;631.128052;1 out of 5
631.128343;631.128343;Quercetin 3-galactoside-7-rhamnoside;[M+Na-H2];C27H30O16;2.91120e-4;0.461269;631.128052;1 out of 5
631.128343;631.128343;Quercetin 3-glucoside-7-rhamnoside;[M+Na-H2];C27H30O16;2.91120e-4;0.461269;631.128052;1 out of 5
631.128343;631.128343;Quercetin 3-galactosyl-(1-&gt;4)-rhamnoside;[M+Na-H2];C27H30O16;2.91120e-4;0.461269;631.128052;1 out of 5
631.128343;631.128343;Quercetin 3-glucosyl-(1-&gt;2)-rhamnoside;[M+Na-H2];C27H30O16;2.91120e-4;0.461269;631.128052;1 out of 5
631.128343;631.128343;Quercetin 3-glucosyl-(1-&gt;4)-rhamnoside;[M+Na-H2];C27H30O16;2.91120e-4;0.461269;631.128052;1 out of 5
631.128343;631.128343;Quercetin 3-glucosyl-(1-&gt;2)-rhamnoside;[M+Na-H2];C27H30O16;2.91120e-4;0.461269;631.128052;1 out of 5
631.128343;631.128343;Quercetin 3-galactosyl-(1-&gt;2)-rhamnoside;[M+Na-H2];C27H30O16;2.91120e-4;0.461269;631.128052;1 out of 5
631.128343;631.128343;Quercetin 3-rhamnoside-3'-glucoside;[M+Na-H2];C27H30O16;2.91120e-4;0.461269;631.128052;1 out of 5
631.128343;631.128343;Isorhamnetin 3-L-arabinopyranosyl-(1-&gt;6)-galactoside;[M+Na-H2];C27H30O16;2.91120e-4;0.461269;631.128052;1 out of 5
631.128343;631.128343;Isorhamnetin 3-apiosyl-(1-&gt;2)-glucoside;[M+Na-H2];C27H30O16;2.91120e-4;0.461269;631.128052;1 out of 5
631.128343;631.128343;Isorhamnetin 3-apiosyl-(1-&gt;2)-galactoside;[M+Na-H2];C27H30O16;2.91120e-4;0.461269;631.128052;1 out of 5
631.128343;631.128343;"Myricetin 3,4'-di-O-alpha-L-rhamnopyranoside";[M+Na-H2];C27H30O16;2.91120e-4;0.461269;631.128052;1 out of 5
631.128343;631.128343;Myricetin 3-rhamnosyl-(1-&gt;2)-rhamnoside;[M+Na-H2];C27H30O16;2.91120e-4;0.461269;631.128052;1 out of 5
631.128343;631.128343;Quercetin 7-methyl ether 3-alpha-L-arabinopyranosyl-(1-&gt;3)-galactoside;[M+Na-H2];C27H30O16;2.91120e-4;0.461269;631.128052;1 out of 5
631.128343;631.128343;Herbacetin 7-glucosyl-(1-&gt;3)-rhamnoside;[M+Na-H2];C27H30O16;2.91120e-4;0.461269;631.128052;1 out of 5
631.128343;631.128343;Herbacetin 7-rhamnoside-8-glucoside;[M+Na-H2];C27H30O16;2.91120e-4;0.461269;631.128052;1 out of 5
631.128343;631.128343;Herbacetin 3-rhamnoside-8-glucoside;[M+Na-H2];C27H30O16;2.91120e-4;0.461269;631.128052;1 out of 5
631.128343;631.128343;Vitexin 6''-O-malonyl 2''-O-xyloside;[M-H2O-H];C29H30O17;-2.11550e-3;-3.351922;631.130459;2 out of 5
636.146160;636.146160;Unknown Name;[M-H2O-H];C32H31O15;-1.74571e-3;-2.744192;636.147906;134 out of 5
636.520796;636.520796;"DGTS(14:0/14:0)";[M-H2O-H];C38H73NO7;-6.66760e-5;-0.104751;636.520863;1 out of 5
636.520796;636.520796;"DGTA(14:0/14:0)";[M-H2O-H];C38H73NO7;-6.66760e-5;-0.104751;636.520863;1 out of 5
643.091315;643.091315;Apigenin 7-glucuronosyl-(1-&gt;2)-glucuronide;[M+Na-H2];C27H26O17;-3.51372e-4;-0.546379;643.091666;2 out of 5
643.091315;643.091315;"Apigenin 7,4'-diglucuronide";[M+Na-H2];C27H26O17;-3.51372e-4;-0.546379;643.091666;2 out of 5
645.089111;645.089111;Kaempferol 3-rhamnoside-7-galacturonide;[M+K-H2];C27H28O16;2.77118e-3;4.295834;645.086340;1 out of 5
645.089111;645.089111;Quercetin 3-[6''-(3-hydroxy-3-methylglutaryl)galactoside];[M+K-H2];C27H28O16;2.77118e-3;4.295834;645.086340;1 out of 5
645.089111;645.089111;Luteolin 7-glucuronide-4'-rhamnoside;[M+K-H2];C27H28O16;2.77118e-3;4.295834;645.086340;1 out of 5
645.089111;645.089111;6-Hydroxyluteolin 7-[3''-(3-hydroxy-3-methylglutaryl)glucoside];[M+K-H2];C27H28O16;2.77118e-3;4.295834;645.086340;1 out of 5
645.089111;645.089111;6-Hydroxyluteolin 7-[4''-(3-hydroxy-3-methylglutaryl)glucoside];[M+K-H2];C27H28O16;2.77118e-3;4.295834;645.086340;1 out of 5
645.089111;645.089111;6-Hydroxyluteolin 7-[6''-(3-hydroxy-3-methylglutaryl)glucoside];[M+K-H2];C27H28O16;2.77118e-3;4.295834;645.086340;1 out of 5
649.118394;649.118394;Unknown Name;[M+K-H2];C27H32O16;7.54056e-4;1.161663;649.117640;131 out of 5
649.118394;649.118394;"Okanin 3',4'-diglucoside";[M+K-H2];C27H32O16;7.54056e-4;1.161663;649.117640;1 out of 5
649.118394;649.118394;"Eriodictyol 5,3'-di-O-glucoside";[M+K-H2];C27H32O16;7.54056e-4;1.161663;649.117640;1 out of 5
649.118394;649.118394;Okanin 4'-gentiobioside;[M+K-H2];C27H32O16;7.54056e-4;1.161663;649.117640;1 out of 5
649.486305;649.486305;"DG(17:2(9Z,12Z)/22:6(4Z,7Z,10Z,13Z,16Z,19Z)/0:0)[iso2]";[M-H];C42H66O5;2.55679e-3;3.936647;649.483748;1 out of 5
651.315283;651.315283;PKODiA-PG;[M-H];C30H53O13P;1.81614e-4;0.278842;651.315101;1 out of 5
651.315283;651.315283;POV-PI;[M-H2O-H];C30H55O14P;1.80930e-4;0.277792;651.315102;1 out of 5
651.315283;651.315283;Kurilensoside H;[M+K-H2];C32H54O11;6.54520e-5;0.100492;651.315218;1 out of 5
659.388842;659.388842;"Diketospirilloxanthin/ 2,2'-Diketospirilloxanthin";[M+Cl];C42H56O4;1.58073e-3;2.397268;659.387261;1 out of 5
659.388842;659.388842;"PG(14:0/12:0)";[M+Na-H2];C32H63O10P;-1.70985e-3;-2.593070;659.390552;1 out of 5
659.388842;659.388842;"PG(13:0/13:0)";[M+Na-H2];C32H63O10P;-1.70985e-3;-2.593070;659.390552;1 out of 5
659.388842;659.388842;"PG(12:0/14:0)";[M+Na-H2];C32H63O10P;-1.70985e-3;-2.593070;659.390552;1 out of 5
671.124053;671.124053;Vitexin 6''-O-malonyl 2''-O-xyloside;[M+Na-H2];C29H30O17;1.08650e-3;1.618928;671.122966;2 out of 5
673.120652;673.120652;Fujikinetin 7-O-laminaribioside;[M+K-H2];C29H32O16;3.01206e-3;4.474784;673.117640;1 out of 5
673.120652;673.120652;Apigenin 7-(6'''-acetylallosyl-(1-&gt;2)glucoside);[M+K-H2];C29H32O16;3.01206e-3;4.474784;673.117640;1 out of 5
673.120652;673.120652;Apigenin 7-(6''-acetylalloside)-4'-alloside;[M+K-H2];C29H32O16;3.01206e-3;4.474784;673.117640;1 out of 5
673.120652;673.120652;8-C-beta-D-Xylopyranosylchrysoeriol 4'-O-acetyl 2''-O-glucoside;[M+K-H2];C29H32O16;3.01206e-3;4.474784;673.117640;1 out of 5
673.120652;673.120652;Diosmetin 7-Apiosyl-(1-&gt;2)-(6''-acetylglucoside);[M+K-H2];C29H32O16;3.01206e-3;4.474784;673.117640;1 out of 5
673.120652;673.120652;Kaempferol 3-(6''-acetylgalactoside)-7-rhamnoside;[M+K-H2];C29H32O16;3.01206e-3;4.474784;673.117640;1 out of 5
673.120652;673.120652;Kaempferol 3-(6''-acetylglucoside)-7-rhamnoside;[M+K-H2];C29H32O16;3.01206e-3;4.474784;673.117640;1 out of 5
673.120652;673.120652;Multiflorin A;[M+K-H2];C29H32O16;3.01206e-3;4.474784;673.117640;1 out of 5
673.120652;673.120652;Quercetin 3-(4''-acetylrhamnoside)-7-rhamnoside;[M+K-H2];C29H32O16;3.01206e-3;4.474784;673.117640;1 out of 5
673.120652;673.120652;Rhamnazin 3-[6''-(3-hydroxy-3-methylglutaryl)glucoside];[M+K-H2];C29H32O16;3.01206e-3;4.474784;673.117640;1 out of 5
673.120652;673.120652;Isoetin 7-glucoside-2'-(4''-acetylxyloside);[M+Cl];C28H30O17;2.95150e-3;4.384820;673.117700;1 out of 5
673.120652;673.120652;Kaempferide 5-glucoside-7-glucuronide;[M+Cl];C28H30O17;2.95150e-3;4.384820;673.117700;1 out of 5
673.120652;673.120652;Herbacetin 7-(6''-quinoylglucoside);[M+Cl];C28H30O17;2.95150e-3;4.384820;673.117700;1 out of 5
675.155452;675.155452;Iristectorigenin A 7-O-gentiobioside;[M+Na-H2];C29H34O17;1.18537e-3;1.755705;675.154267;1 out of 5
675.155452;675.155452;"Dillenetin 3,7-diglucoside";[M+Na-H2];C29H34O17;1.18537e-3;1.755705;675.154267;1 out of 5
675.155452;675.155452;Isopyrenin 7-O-glucoside;[M+Na-H2];C29H34O17;1.18537e-3;1.755705;675.154267;1 out of 5
675.155452;675.155452;"Tricin 5,7-diglucoside";[M+Na-H2];C29H34O17;1.18537e-3;1.755705;675.154267;1 out of 5
675.155452;675.155452;Syringetin 3-rutinoside;[M+Na-H2];C29H34O17;1.18537e-3;1.755705;675.154267;1 out of 5
675.155452;675.155452;Syringetin 3-robinobioside;[M+Na-H2];C29H34O17;1.18537e-3;1.755705;675.154267;1 out of 5
675.155452;675.155452;Rhamnazin 3-galactoside-4'-glucoside;[M+Na-H2];C29H34O17;1.18537e-3;1.755705;675.154267;1 out of 5
675.155452;675.155452;Limocitrin 3-rutinoside;[M+Na-H2];C29H34O17;1.18537e-3;1.755705;675.154267;1 out of 5
675.155452;675.155452;"6,8-Di-C-glucopyranosyltricin";[M+Na-H2];C29H34O17;1.18537e-3;1.755705;675.154267;1 out of 5
675.155452;675.155452;"6-Hydroxytricetin 6,3',5'-trimethyl eter 7-alpha-L-arabinosyl-(1-&gt;6)-glucoside";[M+Na-H2];C29H34O17;1.18537e-3;1.755705;675.154267;1 out of 5
675.155452;675.155452;Limocitrin 7-neohesperidoside;[M+Na-H2];C29H34O17;1.18537e-3;1.755705;675.154267;1 out of 5
675.155452;675.155452;Isoscutellarein 7-(6'''-acetylallosyl-(1-&gt;2)-6''-acetylglucoside);[M-H2O-H];C31H34O18;-1.22125e-3;-1.808836;675.156673;3 out of 5
675.155452;675.155452;"Quercetin 3-(3'',4''-diacetylrhamnosyl)-(1-&gt;6)-glucoside";[M-H2O-H];C31H34O18;-1.22125e-3;-1.808836;675.156673;3 out of 5
676.158724;676.158724;Unknown Name;[M+Na-H2];C29H35O17;-2.81908e-3;-4.169240;676.161543;140 out of 5
679.149270;679.149270;Luteolin 7-(6''-malonylneohesperidoside);[M-H];C30H32O18;-2.31718e-3;-3.411880;679.151587;2 out of 5
679.149270;679.149270;Kaempferol 3-(6G-malonylneohesperidoside);[M-H];C30H32O18;-2.31718e-3;-3.411880;679.151587;2 out of 5
687.544973;687.544973;"SM(d16:1/17:0)";[M-H];C38H77N2O6P;3.25186e-4;0.472967;687.544648;1 out of 5
687.544973;687.544973;"SM(d18:1/15:0)";[M-H];C38H77N2O6P;3.25186e-4;0.472967;687.544648;1 out of 5
687.544973;687.544973;"PE-Cer(d14:1(4E)/22:0)";[M-H];C38H77N2O6P;3.25186e-4;0.472967;687.544648;1 out of 5
687.544973;687.544973;"PE-Cer(d16:1(4E)/20:0)";[M-H];C38H77N2O6P;3.25186e-4;0.472967;687.544648;1 out of 5
687.544973;687.544973;"PE-Cer(d18:0(17Me)/16:0(3OH,15Me))";[M-H2O-H];C38H79N2O7P;3.24502e-4;0.471972;687.544648;1 out of 5
690.179201;690.179201;Hirsutin;[M+Na-H2];C30H37O17;2.00786e-3;2.909189;690.177193;1 out of 5
693.169711;693.169711;Isoscutellarein 7-(6'''-acetylallosyl-(1-&gt;2)-6''-acetylglucoside);[M-H];C31H34O18;2.47375e-3;3.568766;693.167237;3 out of 5
693.169711;693.169711;"Quercetin 3-(3'',4''-diacetylrhamnosyl)-(1-&gt;6)-glucoside";[M-H];C31H34O18;2.47375e-3;3.568766;693.167237;3 out of 5
693.169711;693.169711;Syringetin 3-(6'''-acetylglucosyl)(1-&gt;3)-galactoside;[M-H2O-H];C31H36O19;2.47307e-3;3.567780;693.167238;2 out of 5
693.169711;693.169711;Primflasine;[M-H2O-H];C31H36O19;2.47307e-3;3.567780;693.167238;2 out of 5
693.169711;693.169711;"Syringetin 3-(,6'''-acetylglucosyl)(1-&gt;6)-galactoside";[M-H2O-H];C31H36O19;2.47307e-3;3.567780;693.167238;2 out of 5
693.179563;693.179563;Triphyllin A;[M+K-H2];C30H40O16;-6.77200e-4;-0.976946;693.180240;1 out of 5
694.173550;694.173550;Unknown Name;[M-H];C31H35O18;-9.63700e-4;-1.388268;694.174514;164 out of 5
694.173550;694.173550;Unknown Name;[M-H];C31H35O18;-9.63700e-4;-1.388268;694.174514;164 out of 5
701.133968;701.133968;Luteolin 7-(6''-malonylneohesperidoside);[M+Na-H2];C30H32O18;4.36816e-4;0.623014;701.133531;2 out of 5
701.133968;701.133968;Kaempferol 3-(6G-malonylneohesperidoside);[M+Na-H2];C30H32O18;4.36816e-4;0.623014;701.133531;2 out of 5
701.512771;701.512771;"DG(19:1(9Z)/22:6(4Z,7Z,10Z,13Z,16Z,19Z)/0:0)[iso2]";[M+Na-H2];C44H72O5;1.28596e-4;0.183312;701.512642;1 out of 5
701.512771;701.512771;"PA(18:0/18:1(9Z))";[M-H];C39H75O8P;9.20100e-5;0.131159;701.512679;2 out of 5
701.512771;701.512771;"PA(14:0/22:1(11Z))";[M-H];C39H75O8P;9.20100e-5;0.131159;701.512679;2 out of 5
701.512771;701.512771;"PA(14:1(9Z)/22:0)";[M-H];C39H75O8P;9.20100e-5;0.131159;701.512679;2 out of 5
701.512771;701.512771;"PA(15:1(9Z)/21:0)";[M-H];C39H75O8P;9.20100e-5;0.131159;701.512679;2 out of 5
701.512771;701.512771;"PA(16:1(9Z)/20:0)";[M-H];C39H75O8P;9.20100e-5;0.131159;701.512679;2 out of 5
701.512771;701.512771;"PA(17:0/19:1(9Z))";[M-H];C39H75O8P;9.20100e-5;0.131159;701.512679;2 out of 5
701.512771;701.512771;"PA(17:1(9Z)/19:0)";[M-H];C39H75O8P;9.20100e-5;0.131159;701.512679;2 out of 5
701.512771;701.512771;"PA(19:0/17:1(9Z))";[M-H];C39H75O8P;9.20100e-5;0.131159;701.512679;2 out of 5
701.512771;701.512771;"PA(19:1(9Z)/17:0)";[M-H];C39H75O8P;9.20100e-5;0.131159;701.512679;2 out of 5
701.512771;701.512771;"PA(20:0/16:1(9Z))";[M-H];C39H75O8P;9.20100e-5;0.131159;701.512679;2 out of 5
701.512771;701.512771;"PA(20:1(11Z)/16:0)";[M-H];C39H75O8P;9.20100e-5;0.131159;701.512679;2 out of 5
701.512771;701.512771;"PA(21:0/15:1(9Z))";[M-H];C39H75O8P;9.20100e-5;0.131159;701.512679;2 out of 5
701.512771;701.512771;"PA(22:0/14:1(9Z))";[M-H];C39H75O8P;9.20100e-5;0.131159;701.512679;2 out of 5
701.512771;701.512771;"PA(22:1(11Z)/14:0)";[M-H];C39H75O8P;9.20100e-5;0.131159;701.512679;2 out of 5
701.512771;701.512771;"PA(18:1(9Z)/18:0)";[M-H];C39H75O8P;9.20100e-5;0.131159;701.512679;2 out of 5
701.512771;701.512771;"PA(16:0/20:1(11Z))";[M-H];C39H75O8P;9.20100e-5;0.131159;701.512679;2 out of 5
701.512771;701.512771;"PG(O-16:0/17:1(9Z))";[M-H2O-H];C39H77O9P;9.13260e-5;0.130184;701.512680;1 out of 5
701.512771;701.512771;"PG(O-18:0/15:1(9Z))";[M-H2O-H];C39H77O9P;9.13260e-5;0.130184;701.512680;1 out of 5
701.512771;701.512771;"PG(P-16:0/17:0)";[M-H2O-H];C39H77O9P;9.13260e-5;0.130184;701.512680;1 out of 5
701.512771;701.512771;"PG(P-18:0/15:0)";[M-H2O-H];C39H77O9P;9.13260e-5;0.130184;701.512680;1 out of 5
701.512771;701.512771;"PG(P-20:0/13:0)";[M-H2O-H];C39H77O9P;9.13260e-5;0.130184;701.512680;1 out of 5
701.512771;701.512771;"TG(12:0/12:0/14:1(9Z))[iso3]";[M+K-H2];C41H76O6;-2.41520e-5;-0.034428;701.512795;1 out of 5
702.137649;702.137649;Unknown Name;[M+Na-H2];C30H33O18;-3.15864e-3;-4.498579;702.140808;140 out of 5
702.137649;702.137649;Unknown Name;[M+Na-H2];C30H33O18;-3.15864e-3;-4.498579;702.140808;140 out of 5
703.131536;703.131536;Platycarpanetin 7-O-laminaribioside;[M+K-H2];C30H34O17;3.33137e-3;4.737930;703.128205;1 out of 5
703.131536;703.131536;"3,6,8-Tri-C-xylosylapigenin";[M+K-H2];C30H34O17;3.33137e-3;4.737930;703.128205;1 out of 5
703.131536;703.131536;6-Hydroxyluteolin 4'-methyl eter 7-rhamnosyl-(1-&gt;2)-(6''-acetylglucoside);[M+K-H2];C30H34O17;3.33137e-3;4.737930;703.128205;1 out of 5
703.131536;703.131536;Isoscutellarein 4'-methyl ether 7-(6'''-acetylallosyl)(1-&gt;2)-glucoside;[M+K-H2];C30H34O17;3.33137e-3;4.737930;703.128205;1 out of 5
703.131536;703.131536;Unknown Name;[M+K-H2];C30H34O17;3.33137e-3;4.737930;703.128205;131 out of 5
703.131536;703.131536;Unknown Name;[M+K-H2];C30H34O17;3.33137e-3;4.737930;703.128205;131 out of 5
703.131536;703.131536;Isorhamnetin 3-rhamnosyl-(1-&gt;6)-(2''-acetylglucoside);[M+K-H2];C30H34O17;3.33137e-3;4.737930;703.128205;1 out of 5
703.131536;703.131536;Patuletin 3-(4''-acetylrhamnoside)-7-rhamnoside;[M+K-H2];C30H34O17;3.33137e-3;4.737930;703.128205;1 out of 5
703.131536;703.131536;Patuletin 3-rhamnoside-7-(2'''-acetylrhamnoside);[M+K-H2];C30H34O17;3.33137e-3;4.737930;703.128205;1 out of 5
703.131536;703.131536;Patuletin 3-rhamnoside-7-(3'''-acetylrhamnoside);[M+K-H2];C30H34O17;3.33137e-3;4.737930;703.128205;1 out of 5
703.131536;703.131536;Patuletin 3-rhamnoside-7-(4'''-acetylrhamnoside);[M+K-H2];C30H34O17;3.33137e-3;4.737930;703.128205;1 out of 5
703.131536;703.131536;Naringin 6''-malonate;[M+K-H2];C30H34O17;3.33137e-3;4.737930;703.128205;1 out of 5
703.131536;703.131536;8-Hydroxyluteolin 7-[6'''-acetylallosyl-(1-&gt;2)-glucoside];[M+Cl];C29H32O18;3.27082e-3;4.651806;703.128265;1 out of 5
703.131536;703.131536;Euphorbianin;[M+Cl];C29H32O18;3.27082e-3;4.651806;703.128265;1 out of 5
703.131536;703.131536;Dillenetin 5-glucoside-7-glucuronide;[M+Cl];C29H32O18;3.27082e-3;4.651806;703.128265;1 out of 5
703.131536;703.131536;Thonningianin B;[M-H2O-H];C35H30O17;1.07750e-3;1.532433;703.130459;2 out of 5
704.134594;704.134594;Unknown Name;[M+K-H2];C30H35O17;-8.87080e-4;-1.259815;704.135481;131 out of 5
704.134594;704.134594;Unknown Name;[M+K-H2];C30H35O17;-8.87080e-4;-1.259815;704.135481;131 out of 5
704.134594;704.134594;Unknown Name;[M+Cl];C29H33O18;-9.47636e-4;-1.345815;704.135542;132 out of 5
721.141847;721.141847;"Chrysosplenol C 6,4'-diglucoside";[M+K-H2];C30H36O18;3.07769e-3;4.267817;721.138769;1 out of 5
721.141847;721.141847;Unknown Name;[M+K-H2];C30H36O18;3.07769e-3;4.267817;721.138769;131 out of 5
721.141847;721.141847;Veronicafolin 3-glucosyl-(1-&gt;3)-galactoside;[M+K-H2];C30H36O18;3.07769e-3;4.267817;721.138769;1 out of 5
721.141847;721.141847;Unknown Name;[M+K-H2];C30H36O18;3.07769e-3;4.267817;721.138769;131 out of 5
721.141847;721.141847;Unknown Name;[M+K-H2];C30H36O18;3.07769e-3;4.267817;721.138769;131 out of 5
721.141847;721.141847;Limocitrol 3-neohesperidoside;[M+K-H2];C30H36O18;3.07769e-3;4.267817;721.138769;1 out of 5
721.141847;721.141847;Thonningianin B;[M-H];C35H30O17;8.24500e-4;1.143327;721.141022;2 out of 5
724.164652;724.164652;Unknown Name;[M-H2O-H];C35H35O18;7.02300e-4;0.969808;724.163950;134 out of 5
724.164652;724.164652;Unknown Name;[M-H2O-H];C35H35O18;7.02300e-4;0.969808;724.163950;134 out of 5
727.149887;727.149887;"Kaempferol 3-[2''',3''',5'''-triacetyl-alpha-L-arabinofuranosyl-(1-&gt;6)-glucoside";[M+Na-H2];C32H34O18;7.05752e-4;0.970574;727.149181;1 out of 5
727.149887;727.149887;"Kaempferol 3-[2''',3''',4'''-triacetyl-alpha-L-arabinopyranosyl-(1-&gt;6)-glucoside]";[M+Na-H2];C32H34O18;7.05752e-4;0.970574;727.149181;1 out of 5
727.162761;727.162761;"6-Methoxykaempferol 3,7-bis(3-acetylrhamnoside)";[M+Cl];C32H36O17;-1.88969e-3;-2.598713;727.164651;2 out of 5
729.146714;729.146714;"6-Methoxykaempferol 3,7-bis(3-acetylrhamnoside)";[M+K-H2];C32H36O17;2.85931e-3;3.921459;729.143855;2 out of 5
729.146714;729.146714;Isoscutellarein 7-(6'''-acetylallosyl-(1-&gt;2)-6''-acetylglucoside);[M+Cl];C31H34O18;2.79875e-3;3.838408;729.143915;3 out of 5
729.146714;729.146714;"Quercetin 3-(3'',4''-diacetylrhamnosyl)-(1-&gt;6)-glucoside";[M+Cl];C31H34O18;2.79875e-3;3.838408;729.143915;3 out of 5
730.150271;730.150271;Unknown Name;[M+Cl];C31H35O18;-9.20700e-4;-1.260972;730.151192;132 out of 5
730.150271;730.150271;Unknown Name;[M+Cl];C31H35O18;-9.20700e-4;-1.260972;730.151192;132 out of 5
731.144263;731.144263;Apigenin 6-C-glucosyl-7-O-(6-malyl-glucoside);[M+Na-H2];C31H34O19;1.67132e-4;0.228590;731.144096;1 out of 5
731.144263;731.144263;8-Hydroxyluteolin 7-[6'''-acethylallosyl-(1-&gt;2)-3''-acetylglucoside];[M+Na-H2];C31H34O19;1.67132e-4;0.228590;731.144096;1 out of 5
731.144263;731.144263;8-Hydroxyluteolin 7-[6'''-acetylallosyl-(1-&gt;2)-6''-acetylglucoside];[M+Na-H2];C31H34O19;1.67132e-4;0.228590;731.144096;1 out of 5
735.473779;735.473779;"PA(P-20:0/17:2(9Z,12Z))";[M+K-H2];C40H75O7P;1.32630e-4;0.180333;735.473646;1 out of 5
735.473779;735.473779;"PA(18:0/18:2(9Z,12Z))";[M+Cl];C39H73O8P;7.20740e-5;0.097997;735.473707;1 out of 5
735.473779;735.473779;"PA(14:0/22:2(13Z,16Z))";[M+Cl];C39H73O8P;7.20740e-5;0.097997;735.473707;1 out of 5
735.473779;735.473779;"PA(14:1(9Z)/22:1(11Z))";[M+Cl];C39H73O8P;7.20740e-5;0.097997;735.473707;1 out of 5
735.473779;735.473779;"PA(16:0/20:2(11Z,14Z))";[M+Cl];C39H73O8P;7.20740e-5;0.097997;735.473707;1 out of 5
735.473779;735.473779;"PA(16:1(9Z)/20:1(11Z))";[M+Cl];C39H73O8P;7.20740e-5;0.097997;735.473707;1 out of 5
735.473779;735.473779;"PA(17:1(9Z)/19:1(9Z))";[M+Cl];C39H73O8P;7.20740e-5;0.097997;735.473707;1 out of 5
735.473779;735.473779;"PA(17:2(9Z,12Z)/19:0)";[M+Cl];C39H73O8P;7.20740e-5;0.097997;735.473707;1 out of 5
735.473779;735.473779;"PA(19:0/17:2(9Z,12Z))";[M+Cl];C39H73O8P;7.20740e-5;0.097997;735.473707;1 out of 5
735.473779;735.473779;"PA(19:1(9Z)/17:1(9Z))";[M+Cl];C39H73O8P;7.20740e-5;0.097997;735.473707;1 out of 5
735.473779;735.473779;"PA(20:1(11Z)/16:1(9Z))";[M+Cl];C39H73O8P;7.20740e-5;0.097997;735.473707;1 out of 5
735.473779;735.473779;"PA(20:2(11Z,14Z)/16:0)";[M+Cl];C39H73O8P;7.20740e-5;0.097997;735.473707;1 out of 5
735.473779;735.473779;"PA(22:1(11Z)/14:1(9Z))";[M+Cl];C39H73O8P;7.20740e-5;0.097997;735.473707;1 out of 5
735.473779;735.473779;"PA(22:2(13Z,16Z)/14:0)";[M+Cl];C39H73O8P;7.20740e-5;0.097997;735.473707;1 out of 5
735.473779;735.473779;"PA(18:2(9Z,12Z)/18:0)";[M+Cl];C39H73O8P;7.20740e-5;0.097997;735.473707;1 out of 5
735.473779;735.473779;"PA(18:1(9Z)/18:1(9Z))";[M+Cl];C39H73O8P;7.20740e-5;0.097997;735.473707;1 out of 5
735.473779;735.473779;Petroformynic acid C;[M+K-H2];C47H70O4;-2.23672e-3;-3.041187;735.476016;1 out of 5
737.489466;737.489466;"PA(O-20:0/17:2(9Z,12Z))";[M+K-H2];C40H77O7P;1.69566e-4;0.229923;737.489296;1 out of 5
737.489466;737.489466;"PA(P-18:0/19:1(9Z))";[M+K-H2];C40H77O7P;1.69566e-4;0.229923;737.489296;1 out of 5
737.489466;737.489466;"PA(P-20:0/17:1(9Z))";[M+K-H2];C40H77O7P;1.69566e-4;0.229923;737.489296;1 out of 5
737.489466;737.489466;"PA(18:0/18:1(9Z))";[M+Cl];C39H75O8P;1.09010e-4;0.147812;737.489357;2 out of 5
737.489466;737.489466;"PA(14:0/22:1(11Z))";[M+Cl];C39H75O8P;1.09010e-4;0.147812;737.489357;2 out of 5
737.489466;737.489466;"PA(14:1(9Z)/22:0)";[M+Cl];C39H75O8P;1.09010e-4;0.147812;737.489357;2 out of 5
737.489466;737.489466;"PA(15:1(9Z)/21:0)";[M+Cl];C39H75O8P;1.09010e-4;0.147812;737.489357;2 out of 5
737.489466;737.489466;"PA(16:1(9Z)/20:0)";[M+Cl];C39H75O8P;1.09010e-4;0.147812;737.489357;2 out of 5
737.489466;737.489466;"PA(17:0/19:1(9Z))";[M+Cl];C39H75O8P;1.09010e-4;0.147812;737.489357;2 out of 5
737.489466;737.489466;"PA(17:1(9Z)/19:0)";[M+Cl];C39H75O8P;1.09010e-4;0.147812;737.489357;2 out of 5
737.489466;737.489466;"PA(19:0/17:1(9Z))";[M+Cl];C39H75O8P;1.09010e-4;0.147812;737.489357;2 out of 5
737.489466;737.489466;"PA(19:1(9Z)/17:0)";[M+Cl];C39H75O8P;1.09010e-4;0.147812;737.489357;2 out of 5
737.489466;737.489466;"PA(20:0/16:1(9Z))";[M+Cl];C39H75O8P;1.09010e-4;0.147812;737.489357;2 out of 5
737.489466;737.489466;"PA(20:1(11Z)/16:0)";[M+Cl];C39H75O8P;1.09010e-4;0.147812;737.489357;2 out of 5
737.489466;737.489466;"PA(21:0/15:1(9Z))";[M+Cl];C39H75O8P;1.09010e-4;0.147812;737.489357;2 out of 5
737.489466;737.489466;"PA(22:0/14:1(9Z))";[M+Cl];C39H75O8P;1.09010e-4;0.147812;737.489357;2 out of 5
737.489466;737.489466;"PA(22:1(11Z)/14:0)";[M+Cl];C39H75O8P;1.09010e-4;0.147812;737.489357;2 out of 5
737.489466;737.489466;"PA(18:1(9Z)/18:0)";[M+Cl];C39H75O8P;1.09010e-4;0.147812;737.489357;2 out of 5
737.489466;737.489466;"PA(16:0/20:1(11Z))";[M+Cl];C39H75O8P;1.09010e-4;0.147812;737.489357;2 out of 5
739.486799;739.486799;2-demethylmenaquinone-8;[M+K-H2];C50H70O2;6.12520e-4;0.828305;739.486186;1 out of 5
739.486799;739.486799;"PG(O-16:0/17:2(9Z,12Z))";[M+Na-H2];C39H75O9P;-2.73861e-3;-3.703379;739.489538;1 out of 5
739.486799;739.486799;"PG(P-16:0/17:1(9Z))";[M+Na-H2];C39H75O9P;-2.73861e-3;-3.703379;739.489538;1 out of 5
739.486799;739.486799;"PG(P-18:0/15:1(9Z))";[M+Na-H2];C39H75O9P;-2.73861e-3;-3.703379;739.489538;1 out of 5
742.539199;742.539199;"PC(15:0/18:2(9Z,12Z))";[M-H];C41H78NO8P;-2.90860e-5;-0.039171;742.539228;1 out of 5
742.539199;742.539199;"PC(13:0/20:2(11Z,14Z))";[M-H];C41H78NO8P;-2.90860e-5;-0.039171;742.539228;1 out of 5
742.539199;742.539199;"PC(14:1(9Z)/19:1(9Z))";[M-H];C41H78NO8P;-2.90860e-5;-0.039171;742.539228;1 out of 5
742.539199;742.539199;"PC(15:1(9Z)/18:1(9Z))";[M-H];C41H78NO8P;-2.90860e-5;-0.039171;742.539228;1 out of 5
742.539199;742.539199;"PC(16:0/17:2(9Z,12Z))";[M-H];C41H78NO8P;-2.90860e-5;-0.039171;742.539228;1 out of 5
742.539199;742.539199;"PC(16:1(9Z)/17:1(9Z))";[M-H];C41H78NO8P;-2.90860e-5;-0.039171;742.539228;1 out of 5
742.539199;742.539199;"PC(17:1(9Z)/16:1(9Z))";[M-H];C41H78NO8P;-2.90860e-5;-0.039171;742.539228;1 out of 5
742.539199;742.539199;"PC(17:2(9Z,12Z)/16:0)";[M-H];C41H78NO8P;-2.90860e-5;-0.039171;742.539228;1 out of 5
742.539199;742.539199;"PC(18:1(9Z)/15:1(9Z))";[M-H];C41H78NO8P;-2.90860e-5;-0.039171;742.539228;1 out of 5
742.539199;742.539199;"PC(18:2(9Z,12Z)/15:0)";[M-H];C41H78NO8P;-2.90860e-5;-0.039171;742.539228;1 out of 5
742.539199;742.539199;"PC(19:1(9Z)/14:1(9Z))";[M-H];C41H78NO8P;-2.90860e-5;-0.039171;742.539228;1 out of 5
742.539199;742.539199;"PC(20:2(11Z,14Z)/13:0)";[M-H];C41H78NO8P;-2.90860e-5;-0.039171;742.539228;1 out of 5
742.539199;742.539199;"PE(18:1(9E)/18:1(9E))";[M-H];C41H78NO8P;-2.90860e-5;-0.039171;742.539228;1 out of 5
742.539199;742.539199;"PE(18:0/18:2(9Z,12Z))";[M-H];C41H78NO8P;-2.90860e-5;-0.039171;742.539228;1 out of 5
742.539199;742.539199;"PE(18:1(9Z)/18:1(9Z))";[M-H];C41H78NO8P;-2.90860e-5;-0.039171;742.539228;1 out of 5
742.539199;742.539199;"PE(18:1(6Z)/18:1(6Z))";[M-H];C41H78NO8P;-2.90860e-5;-0.039171;742.539228;1 out of 5
742.539199;742.539199;"PE(14:0/22:2(13Z,16Z))";[M-H];C41H78NO8P;-2.90860e-5;-0.039171;742.539228;1 out of 5
742.539199;742.539199;"PE(14:1(9Z)/22:1(11Z))";[M-H];C41H78NO8P;-2.90860e-5;-0.039171;742.539228;1 out of 5
742.539199;742.539199;"PE(16:0/20:2(11Z,14Z))";[M-H];C41H78NO8P;-2.90860e-5;-0.039171;742.539228;1 out of 5
742.539199;742.539199;"PE(16:1(9Z)/20:1(11Z))";[M-H];C41H78NO8P;-2.90860e-5;-0.039171;742.539228;1 out of 5
742.539199;742.539199;"PE(17:1(9Z)/19:1(9Z))";[M-H];C41H78NO8P;-2.90860e-5;-0.039171;742.539228;1 out of 5
742.539199;742.539199;"PE(17:2(9Z,12Z)/19:0)";[M-H];C41H78NO8P;-2.90860e-5;-0.039171;742.539228;1 out of 5
742.539199;742.539199;"PE(19:0/17:2(9Z,12Z))";[M-H];C41H78NO8P;-2.90860e-5;-0.039171;742.539228;1 out of 5
742.539199;742.539199;"PE(19:1(9Z)/17:1(9Z))";[M-H];C41H78NO8P;-2.90860e-5;-0.039171;742.539228;1 out of 5
742.539199;742.539199;"PE(20:1(11Z)/16:1(9Z))";[M-H];C41H78NO8P;-2.90860e-5;-0.039171;742.539228;1 out of 5
742.539199;742.539199;"PE(20:2(11Z,14Z)/16:0)";[M-H];C41H78NO8P;-2.90860e-5;-0.039171;742.539228;1 out of 5
742.539199;742.539199;"PE(22:1(11Z)/14:1(9Z))";[M-H];C41H78NO8P;-2.90860e-5;-0.039171;742.539228;1 out of 5
742.539199;742.539199;"PE(22:2(13Z,16Z)/14:0)";[M-H];C41H78NO8P;-2.90860e-5;-0.039171;742.539228;1 out of 5
742.539199;742.539199;"PE(18:2(9Z,12Z)/18:0)";[M-H];C41H78NO8P;-2.90860e-5;-0.039171;742.539228;1 out of 5
742.539199;742.539199;"PE(18:0(11Cp)/16:0(9Cp))";[M-H];C41H78NO8P;-2.90860e-5;-0.039171;742.539228;1 out of 5
742.539199;742.539199;"PS(O-16:0/19:1(9Z))";[M-H2O-H];C41H80NO9P;-2.97700e-5;-0.040092;742.539229;1 out of 5
742.539199;742.539199;"PS(O-18:0/17:1(9Z))";[M-H2O-H];C41H80NO9P;-2.97700e-5;-0.040092;742.539229;1 out of 5
742.539199;742.539199;"PS(O-20:0/15:1(9Z))";[M-H2O-H];C41H80NO9P;-2.97700e-5;-0.040092;742.539229;1 out of 5
742.539199;742.539199;"PS(P-16:0/19:0)";[M-H2O-H];C41H80NO9P;-2.97700e-5;-0.040092;742.539229;1 out of 5
742.539199;742.539199;"PS(P-18:0/17:0)";[M-H2O-H];C41H80NO9P;-2.97700e-5;-0.040092;742.539229;1 out of 5
742.539199;742.539199;"PS(P-20:0/15:0)";[M-H2O-H];C41H80NO9P;-2.97700e-5;-0.040092;742.539229;1 out of 5
744.555491;744.555491;"PC(15:0/18:1(11Z))";[M-H];C41H80NO8P;6.12850e-4;0.823109;744.554878;2 out of 5
744.555491;744.555491;"PC(16:0/17:1(9Z))";[M-H];C41H80NO8P;6.12850e-4;0.823109;744.554878;2 out of 5
744.555491;744.555491;"PC(13:0/20:1(11Z))";[M-H];C41H80NO8P;6.12850e-4;0.823109;744.554878;2 out of 5
744.555491;744.555491;"PC(14:0/19:1(9Z))";[M-H];C41H80NO8P;6.12850e-4;0.823109;744.554878;2 out of 5
744.555491;744.555491;"PC(14:1(9Z)/19:0)";[M-H];C41H80NO8P;6.12850e-4;0.823109;744.554878;2 out of 5
744.555491;744.555491;"PC(15:0/18:1(9Z))";[M-H];C41H80NO8P;6.12850e-4;0.823109;744.554878;2 out of 5
744.555491;744.555491;"PC(15:1(9Z)/18:0)";[M-H];C41H80NO8P;6.12850e-4;0.823109;744.554878;2 out of 5
744.555491;744.555491;"PC(16:1(9Z)/17:0)";[M-H];C41H80NO8P;6.12850e-4;0.823109;744.554878;2 out of 5
744.555491;744.555491;"PC(17:0/16:1(9Z))";[M-H];C41H80NO8P;6.12850e-4;0.823109;744.554878;2 out of 5
744.555491;744.555491;"PC(17:1(9Z)/16:0)";[M-H];C41H80NO8P;6.12850e-4;0.823109;744.554878;2 out of 5
744.555491;744.555491;"PC(18:0/15:1(9Z))";[M-H];C41H80NO8P;6.12850e-4;0.823109;744.554878;2 out of 5
744.555491;744.555491;"PC(18:1(9Z)/15:0)";[M-H];C41H80NO8P;6.12850e-4;0.823109;744.554878;2 out of 5
744.555491;744.555491;"PC(19:0/14:1(9Z))";[M-H];C41H80NO8P;6.12850e-4;0.823109;744.554878;2 out of 5
744.555491;744.555491;"PC(19:1(9Z)/14:0)";[M-H];C41H80NO8P;6.12850e-4;0.823109;744.554878;2 out of 5
744.555491;744.555491;"PC(20:1(11Z)/13:0)";[M-H];C41H80NO8P;6.12850e-4;0.823109;744.554878;2 out of 5
744.555491;744.555491;"PE(18:0/18:1(9Z))";[M-H];C41H80NO8P;6.12850e-4;0.823109;744.554878;2 out of 5
744.555491;744.555491;"PE(18:1(9Z)/18:0)";[M-H];C41H80NO8P;6.12850e-4;0.823109;744.554878;2 out of 5
744.555491;744.555491;"PE(18:0/18:1(7Z))";[M-H];C41H80NO8P;6.12850e-4;0.823109;744.554878;2 out of 5
744.555491;744.555491;"PE(16:0/20:1(11Z))";[M-H];C41H80NO8P;6.12850e-4;0.823109;744.554878;2 out of 5
744.555491;744.555491;"PE-NMe2(16:0/18:1(9Z))";[M-H];C41H80NO8P;6.12850e-4;0.823109;744.554878;2 out of 5
744.555491;744.555491;"PE-NMe2(18:1(9Z)/16:0)";[M-H];C41H80NO8P;6.12850e-4;0.823109;744.554878;2 out of 5
744.555491;744.555491;"PE(14:0/22:1(11Z))";[M-H];C41H80NO8P;6.12850e-4;0.823109;744.554878;2 out of 5
744.555491;744.555491;"PE(14:1(9Z)/22:0)";[M-H];C41H80NO8P;6.12850e-4;0.823109;744.554878;2 out of 5
744.555491;744.555491;"PE(15:1(9Z)/21:0)";[M-H];C41H80NO8P;6.12850e-4;0.823109;744.554878;2 out of 5
744.555491;744.555491;"PE(16:1(9Z)/20:0)";[M-H];C41H80NO8P;6.12850e-4;0.823109;744.554878;2 out of 5
744.555491;744.555491;"PE(17:0/19:1(9Z))";[M-H];C41H80NO8P;6.12850e-4;0.823109;744.554878;2 out of 5
744.555491;744.555491;"PE(17:1(9Z)/19:0)";[M-H];C41H80NO8P;6.12850e-4;0.823109;744.554878;2 out of 5
744.555491;744.555491;"PE(19:0/17:1(9Z))";[M-H];C41H80NO8P;6.12850e-4;0.823109;744.554878;2 out of 5
744.555491;744.555491;"PE(19:1(9Z)/17:0)";[M-H];C41H80NO8P;6.12850e-4;0.823109;744.554878;2 out of 5
744.555491;744.555491;"PE(20:0/16:1(9Z))";[M-H];C41H80NO8P;6.12850e-4;0.823109;744.554878;2 out of 5
744.555491;744.555491;"PE(20:1(11Z)/16:0)";[M-H];C41H80NO8P;6.12850e-4;0.823109;744.554878;2 out of 5
744.555491;744.555491;"PE(21:0/15:1(9Z))";[M-H];C41H80NO8P;6.12850e-4;0.823109;744.554878;2 out of 5
744.555491;744.555491;"PE(22:0/14:1(9Z))";[M-H];C41H80NO8P;6.12850e-4;0.823109;744.554878;2 out of 5
744.555491;744.555491;"PE(22:1(11Z)/14:0)";[M-H];C41H80NO8P;6.12850e-4;0.823109;744.554878;2 out of 5
744.555491;744.555491;"PS(O-18:0/17:0)";[M-H2O-H];C41H82NO9P;6.12166e-4;0.822191;744.554879;1 out of 5
744.555491;744.555491;"PS(O-20:0/15:0)";[M-H2O-H];C41H82NO9P;6.12166e-4;0.822191;744.554879;1 out of 5
744.555491;744.555491;"PS(O-16:0/19:0)";[M-H2O-H];C41H82NO9P;6.12166e-4;0.822191;744.554879;1 out of 5
747.134581;747.134581;Kaempferol 3-(2''-(E)-p-coumaroyl-alpha-L-arabinofuranoside)-7-rhamnoside;[M+K-H2];C35H34O16;1.29099e-3;1.727927;747.133290;1 out of 5
749.131351;749.131351;Quercetin 3-(2''-p-hydroxybenzoyl-4''-p-coumarylrhamnoside);[M+Cl];C37H30O15;3.47974e-3;4.645055;749.127871;1 out of 5
749.131351;749.131351;Syringetin 3-(6'''-acetylglucosyl)(1-&gt;3)-galactoside;[M+K-H2];C31H36O19;-2.33293e-3;-3.114173;749.133684;2 out of 5
749.131351;749.131351;Primflasine;[M+K-H2];C31H36O19;-2.33293e-3;-3.114173;749.133684;2 out of 5
749.131351;749.131351;"Syringetin 3-(,6'''-acetylglucosyl)(1-&gt;6)-galactoside";[M+K-H2];C31H36O19;-2.33293e-3;-3.114173;749.133684;2 out of 5
759.473287;759.473287;"PA(18:0/20:4(5Z,8Z,11Z,14Z))";[M+Cl];C41H73O8P;-4.19926e-4;-0.552917;759.473707;1 out of 5
759.473287;759.473287;"PA(18:1(9Z)/20:3(8Z,11Z,14Z))";[M+Cl];C41H73O8P;-4.19926e-4;-0.552917;759.473707;1 out of 5
759.473287;759.473287;"PA(18:2(9Z,12Z)/20:2(11Z,14Z))";[M+Cl];C41H73O8P;-4.19926e-4;-0.552917;759.473707;1 out of 5
759.473287;759.473287;"PA(18:3(6Z,9Z,12Z)/20:1(11Z))";[M+Cl];C41H73O8P;-4.19926e-4;-0.552917;759.473707;1 out of 5
759.473287;759.473287;"PA(18:3(9Z,12Z,15Z)/20:1(11Z))";[M+Cl];C41H73O8P;-4.19926e-4;-0.552917;759.473707;1 out of 5
759.473287;759.473287;"PA(18:4(6Z,9Z,12Z,15Z)/20:0)";[M+Cl];C41H73O8P;-4.19926e-4;-0.552917;759.473707;1 out of 5
759.473287;759.473287;"PA(20:1(11Z)/18:3(6Z,9Z,12Z))";[M+Cl];C41H73O8P;-4.19926e-4;-0.552917;759.473707;1 out of 5
759.473287;759.473287;"PA(20:1(11Z)/18:3(9Z,12Z,15Z))";[M+Cl];C41H73O8P;-4.19926e-4;-0.552917;759.473707;1 out of 5
759.473287;759.473287;"PA(20:2(11Z,14Z)/18:2(9Z,12Z))";[M+Cl];C41H73O8P;-4.19926e-4;-0.552917;759.473707;1 out of 5
759.473287;759.473287;"PA(20:3(8Z,11Z,14Z)/18:1(9Z))";[M+Cl];C41H73O8P;-4.19926e-4;-0.552917;759.473707;1 out of 5
759.473287;759.473287;"PA(20:4(5Z,8Z,11Z,14Z)/18:0)";[M+Cl];C41H73O8P;-4.19926e-4;-0.552917;759.473707;1 out of 5
759.473287;759.473287;"PA(22:4(7Z,10Z,13Z,16Z)/16:0)";[M+Cl];C41H73O8P;-4.19926e-4;-0.552917;759.473707;1 out of 5
759.473287;759.473287;"PA(20:0/18:4(6Z,9Z,12Z,15Z))";[M+Cl];C41H73O8P;-4.19926e-4;-0.552917;759.473707;1 out of 5
759.473287;759.473287;"PA(16:0/22:4(7Z,10Z,13Z,16Z))";[M+Cl];C41H73O8P;-4.19926e-4;-0.552917;759.473707;1 out of 5
764.394384;764.394384;"PS(12:0/20:4(5Z,8Z,11Z,14Z))";[M+K-H2];C38H66NO10P;3.34506e-3;4.376108;764.391039;1 out of 5
764.394384;764.394384;"PS(14:1(9Z)/18:3(6Z,9Z,12Z))";[M+K-H2];C38H66NO10P;3.34506e-3;4.376108;764.391039;1 out of 5
764.394384;764.394384;"PS(14:1(9Z)/18:3(9Z,12Z,15Z))";[M+K-H2];C38H66NO10P;3.34506e-3;4.376108;764.391039;1 out of 5
764.394384;764.394384;"PS(18:3(6Z,9Z,12Z)/14:1(9Z))";[M+K-H2];C38H66NO10P;3.34506e-3;4.376108;764.391039;1 out of 5
764.394384;764.394384;"PS(18:3(9Z,12Z,15Z)/14:1(9Z))";[M+K-H2];C38H66NO10P;3.34506e-3;4.376108;764.391039;1 out of 5
764.394384;764.394384;"PS(18:4(6Z,9Z,12Z,15Z)/14:0)";[M+K-H2];C38H66NO10P;3.34506e-3;4.376108;764.391039;1 out of 5
764.394384;764.394384;"PS(20:4(5Z,8Z,11Z,14Z)/12:0)";[M+K-H2];C38H66NO10P;3.34506e-3;4.376108;764.391039;1 out of 5
764.394384;764.394384;"PS(14:0/18:4(6Z,9Z,12Z,15Z))";[M+K-H2];C38H66NO10P;3.34506e-3;4.376108;764.391039;1 out of 5
766.539567;766.539567;"PC(15:0/18:1(11Z))";[M+Na-H2];C41H80NO8P;2.74485e-3;3.580846;766.536822;2 out of 5
766.539567;766.539567;"PC(16:0/17:1(9Z))";[M+Na-H2];C41H80NO8P;2.74485e-3;3.580846;766.536822;2 out of 5
766.539567;766.539567;"PC(13:0/20:1(11Z))";[M+Na-H2];C41H80NO8P;2.74485e-3;3.580846;766.536822;2 out of 5
766.539567;766.539567;"PC(14:0/19:1(9Z))";[M+Na-H2];C41H80NO8P;2.74485e-3;3.580846;766.536822;2 out of 5
766.539567;766.539567;"PC(14:1(9Z)/19:0)";[M+Na-H2];C41H80NO8P;2.74485e-3;3.580846;766.536822;2 out of 5
766.539567;766.539567;"PC(15:0/18:1(9Z))";[M+Na-H2];C41H80NO8P;2.74485e-3;3.580846;766.536822;2 out of 5
766.539567;766.539567;"PC(15:1(9Z)/18:0)";[M+Na-H2];C41H80NO8P;2.74485e-3;3.580846;766.536822;2 out of 5
766.539567;766.539567;"PC(16:1(9Z)/17:0)";[M+Na-H2];C41H80NO8P;2.74485e-3;3.580846;766.536822;2 out of 5
766.539567;766.539567;"PC(17:0/16:1(9Z))";[M+Na-H2];C41H80NO8P;2.74485e-3;3.580846;766.536822;2 out of 5
766.539567;766.539567;"PC(17:1(9Z)/16:0)";[M+Na-H2];C41H80NO8P;2.74485e-3;3.580846;766.536822;2 out of 5
766.539567;766.539567;"PC(18:0/15:1(9Z))";[M+Na-H2];C41H80NO8P;2.74485e-3;3.580846;766.536822;2 out of 5
766.539567;766.539567;"PC(18:1(9Z)/15:0)";[M+Na-H2];C41H80NO8P;2.74485e-3;3.580846;766.536822;2 out of 5
766.539567;766.539567;"PC(19:0/14:1(9Z))";[M+Na-H2];C41H80NO8P;2.74485e-3;3.580846;766.536822;2 out of 5
766.539567;766.539567;"PC(19:1(9Z)/14:0)";[M+Na-H2];C41H80NO8P;2.74485e-3;3.580846;766.536822;2 out of 5
766.539567;766.539567;"PC(20:1(11Z)/13:0)";[M+Na-H2];C41H80NO8P;2.74485e-3;3.580846;766.536822;2 out of 5
766.539567;766.539567;"PE(18:0/18:1(9Z))";[M+Na-H2];C41H80NO8P;2.74485e-3;3.580846;766.536822;2 out of 5
766.539567;766.539567;"PE(18:1(9Z)/18:0)";[M+Na-H2];C41H80NO8P;2.74485e-3;3.580846;766.536822;2 out of 5
766.539567;766.539567;"PE(18:0/18:1(7Z))";[M+Na-H2];C41H80NO8P;2.74485e-3;3.580846;766.536822;2 out of 5
766.539567;766.539567;"PE(16:0/20:1(11Z))";[M+Na-H2];C41H80NO8P;2.74485e-3;3.580846;766.536822;2 out of 5
766.539567;766.539567;"PE-NMe2(16:0/18:1(9Z))";[M+Na-H2];C41H80NO8P;2.74485e-3;3.580846;766.536822;2 out of 5
766.539567;766.539567;"PE-NMe2(18:1(9Z)/16:0)";[M+Na-H2];C41H80NO8P;2.74485e-3;3.580846;766.536822;2 out of 5
766.539567;766.539567;"PE(14:0/22:1(11Z))";[M+Na-H2];C41H80NO8P;2.74485e-3;3.580846;766.536822;2 out of 5
766.539567;766.539567;"PE(14:1(9Z)/22:0)";[M+Na-H2];C41H80NO8P;2.74485e-3;3.580846;766.536822;2 out of 5
766.539567;766.539567;"PE(15:1(9Z)/21:0)";[M+Na-H2];C41H80NO8P;2.74485e-3;3.580846;766.536822;2 out of 5
766.539567;766.539567;"PE(16:1(9Z)/20:0)";[M+Na-H2];C41H80NO8P;2.74485e-3;3.580846;766.536822;2 out of 5
766.539567;766.539567;"PE(17:0/19:1(9Z))";[M+Na-H2];C41H80NO8P;2.74485e-3;3.580846;766.536822;2 out of 5
766.539567;766.539567;"PE(17:1(9Z)/19:0)";[M+Na-H2];C41H80NO8P;2.74485e-3;3.580846;766.536822;2 out of 5
766.539567;766.539567;"PE(19:0/17:1(9Z))";[M+Na-H2];C41H80NO8P;2.74485e-3;3.580846;766.536822;2 out of 5
766.539567;766.539567;"PE(19:1(9Z)/17:0)";[M+Na-H2];C41H80NO8P;2.74485e-3;3.580846;766.536822;2 out of 5
766.539567;766.539567;"PE(20:0/16:1(9Z))";[M+Na-H2];C41H80NO8P;2.74485e-3;3.580846;766.536822;2 out of 5
766.539567;766.539567;"PE(20:1(11Z)/16:0)";[M+Na-H2];C41H80NO8P;2.74485e-3;3.580846;766.536822;2 out of 5
766.539567;766.539567;"PE(21:0/15:1(9Z))";[M+Na-H2];C41H80NO8P;2.74485e-3;3.580846;766.536822;2 out of 5
766.539567;766.539567;"PE(22:0/14:1(9Z))";[M+Na-H2];C41H80NO8P;2.74485e-3;3.580846;766.536822;2 out of 5
766.539567;766.539567;"PE(22:1(11Z)/14:0)";[M+Na-H2];C41H80NO8P;2.74485e-3;3.580846;766.536822;2 out of 5
766.539567;766.539567;"PC(18:2(9Z,12E)/17:2(9Z,11E))";[M-H];C43H78NO8P;3.38914e-4;0.442135;766.539228;1 out of 5
766.539567;766.539567;"PC(13:0/22:4(7Z,10Z,13Z,16Z))";[M-H];C43H78NO8P;3.38914e-4;0.442135;766.539228;1 out of 5
766.539567;766.539567;"PC(15:0/20:4(5Z,8Z,11Z,14Z))";[M-H];C43H78NO8P;3.38914e-4;0.442135;766.539228;1 out of 5
766.539567;766.539567;"PC(15:1(9Z)/20:3(8Z,11Z,14Z))";[M-H];C43H78NO8P;3.38914e-4;0.442135;766.539228;1 out of 5
766.539567;766.539567;"PC(17:0/18:4(6Z,9Z,12Z,15Z))";[M-H];C43H78NO8P;3.38914e-4;0.442135;766.539228;1 out of 5
766.539567;766.539567;"PC(17:1(9Z)/18:3(6Z,9Z,12Z))";[M-H];C43H78NO8P;3.38914e-4;0.442135;766.539228;1 out of 5
766.539567;766.539567;"PC(17:1(9Z)/18:3(9Z,12Z,15Z))";[M-H];C43H78NO8P;3.38914e-4;0.442135;766.539228;1 out of 5
766.539567;766.539567;"PC(17:2(9Z,12Z)/18:2(9Z,12Z))";[M-H];C43H78NO8P;3.38914e-4;0.442135;766.539228;1 out of 5
766.539567;766.539567;"PC(18:2(9Z,12Z)/17:2(9Z,12Z))";[M-H];C43H78NO8P;3.38914e-4;0.442135;766.539228;1 out of 5
766.539567;766.539567;"PC(18:3(6Z,9Z,12Z)/17:1(9Z))";[M-H];C43H78NO8P;3.38914e-4;0.442135;766.539228;1 out of 5
766.539567;766.539567;"PC(18:3(9Z,12Z,15Z)/17:1(9Z))";[M-H];C43H78NO8P;3.38914e-4;0.442135;766.539228;1 out of 5
766.539567;766.539567;"PC(18:4(6Z,9Z,12Z,15Z)/17:0)";[M-H];C43H78NO8P;3.38914e-4;0.442135;766.539228;1 out of 5
766.539567;766.539567;"PC(20:3(8Z,11Z,14Z)/15:1(9Z))";[M-H];C43H78NO8P;3.38914e-4;0.442135;766.539228;1 out of 5
766.539567;766.539567;"PC(20:4(5Z,8Z,11Z,14Z)/15:0)";[M-H];C43H78NO8P;3.38914e-4;0.442135;766.539228;1 out of 5
766.539567;766.539567;"PC(22:4(7Z,10Z,13Z,16Z)/13:0)";[M-H];C43H78NO8P;3.38914e-4;0.442135;766.539228;1 out of 5
766.539567;766.539567;"PE(20:0/18:4(6Z,9Z,12Z,15Z))";[M-H];C43H78NO8P;3.38914e-4;0.442135;766.539228;1 out of 5
766.539567;766.539567;"PE(18:1(9Z)/20:3(5Z,8Z,11Z))";[M-H];C43H78NO8P;3.38914e-4;0.442135;766.539228;1 out of 5
766.539567;766.539567;"PE(16:0/22:4(7Z,10Z,13Z,16Z))";[M-H];C43H78NO8P;3.38914e-4;0.442135;766.539228;1 out of 5
766.539567;766.539567;"PE(18:0/20:4(5Z,8Z,11Z,14Z))";[M-H];C43H78NO8P;3.38914e-4;0.442135;766.539228;1 out of 5
766.539567;766.539567;"PE(18:0/20:4(5E,8E,11E,14E))";[M-H];C43H78NO8P;3.38914e-4;0.442135;766.539228;1 out of 5
766.539567;766.539567;"PE(18:1(9Z)/20:3(8Z,11Z,14Z))";[M-H];C43H78NO8P;3.38914e-4;0.442135;766.539228;1 out of 5
766.539567;766.539567;"PE(18:2(9Z,12Z)/20:2(11Z,14Z))";[M-H];C43H78NO8P;3.38914e-4;0.442135;766.539228;1 out of 5
766.539567;766.539567;"PE(18:3(6Z,9Z,12Z)/20:1(11Z))";[M-H];C43H78NO8P;3.38914e-4;0.442135;766.539228;1 out of 5
766.539567;766.539567;"PE(18:3(9Z,12Z,15Z)/20:1(11Z))";[M-H];C43H78NO8P;3.38914e-4;0.442135;766.539228;1 out of 5
766.539567;766.539567;"PE(18:4(6Z,9Z,12Z,15Z)/20:0)";[M-H];C43H78NO8P;3.38914e-4;0.442135;766.539228;1 out of 5
766.539567;766.539567;"PE(20:1(11Z)/18:3(6Z,9Z,12Z))";[M-H];C43H78NO8P;3.38914e-4;0.442135;766.539228;1 out of 5
766.539567;766.539567;"PE(20:1(11Z)/18:3(9Z,12Z,15Z))";[M-H];C43H78NO8P;3.38914e-4;0.442135;766.539228;1 out of 5
766.539567;766.539567;"PE(20:2(11Z,14Z)/18:2(9Z,12Z))";[M-H];C43H78NO8P;3.38914e-4;0.442135;766.539228;1 out of 5
766.539567;766.539567;"PE(20:3(8Z,11Z,14Z)/18:1(9Z))";[M-H];C43H78NO8P;3.38914e-4;0.442135;766.539228;1 out of 5
766.539567;766.539567;"PE(20:4(5Z,8Z,11Z,14Z)/18:0)";[M-H];C43H78NO8P;3.38914e-4;0.442135;766.539228;1 out of 5
766.539567;766.539567;"PE(22:4(7Z,10Z,13Z,16Z)/16:0)";[M-H];C43H78NO8P;3.38914e-4;0.442135;766.539228;1 out of 5
766.539567;766.539567;"PE(P-18:0/20:4(5Z,8Z,10E,14Z)(12OH[S]))";[M-H];C43H78NO8P;3.38914e-4;0.442135;766.539228;1 out of 5
766.539567;766.539567;"PE(P-18:0/20:4(5Z,8Z,11Z,13E)(15OH[S]))";[M-H];C43H78NO8P;3.38914e-4;0.442135;766.539228;1 out of 5
766.539567;766.539567;"PE(P-18:0/20:4(6E,8Z,11Z,14Z)(5OH[S]))";[M-H];C43H78NO8P;3.38914e-4;0.442135;766.539228;1 out of 5
766.539567;766.539567;"PS(P-20:0/17:2(9Z,12Z))";[M-H2O-H];C43H80NO9P;3.38230e-4;0.441243;766.539229;1 out of 5
788.544434;788.544434;"PS(18:0/18:1(9Z))";[M-H];C42H80NO10P;-2.73390e-4;-0.346702;788.544707;2 out of 5
788.544434;788.544434;"PS(18:1(9Z)/18:0)";[M-H];C42H80NO10P;-2.73390e-4;-0.346702;788.544707;2 out of 5
788.544434;788.544434;"PS(14:0/22:1(11Z))";[M-H];C42H80NO10P;-2.73390e-4;-0.346702;788.544707;2 out of 5
788.544434;788.544434;"PS(14:1(9Z)/22:0)";[M-H];C42H80NO10P;-2.73390e-4;-0.346702;788.544707;2 out of 5
788.544434;788.544434;"PS(15:1(9Z)/21:0)";[M-H];C42H80NO10P;-2.73390e-4;-0.346702;788.544707;2 out of 5
788.544434;788.544434;"PS(16:1(9Z)/20:0)";[M-H];C42H80NO10P;-2.73390e-4;-0.346702;788.544707;2 out of 5
788.544434;788.544434;"PS(17:0/19:1(9Z))";[M-H];C42H80NO10P;-2.73390e-4;-0.346702;788.544707;2 out of 5
788.544434;788.544434;"PS(17:1(9Z)/19:0)";[M-H];C42H80NO10P;-2.73390e-4;-0.346702;788.544707;2 out of 5
788.544434;788.544434;"PS(19:0/17:1(9Z))";[M-H];C42H80NO10P;-2.73390e-4;-0.346702;788.544707;2 out of 5
788.544434;788.544434;"PS(19:1(9Z)/17:0)";[M-H];C42H80NO10P;-2.73390e-4;-0.346702;788.544707;2 out of 5
788.544434;788.544434;"PS(20:0/16:1(9Z))";[M-H];C42H80NO10P;-2.73390e-4;-0.346702;788.544707;2 out of 5
788.544434;788.544434;"PS(20:1(11Z)/16:0)";[M-H];C42H80NO10P;-2.73390e-4;-0.346702;788.544707;2 out of 5
788.544434;788.544434;"PS(21:0/15:1(9Z))";[M-H];C42H80NO10P;-2.73390e-4;-0.346702;788.544707;2 out of 5
788.544434;788.544434;"PS(22:0/14:1(9Z))";[M-H];C42H80NO10P;-2.73390e-4;-0.346702;788.544707;2 out of 5
788.544434;788.544434;"PS(22:1(11Z)/14:0)";[M-H];C42H80NO10P;-2.73390e-4;-0.346702;788.544707;2 out of 5
788.544434;788.544434;"PS(16:0/20:1(11Z))";[M-H];C42H80NO10P;-2.73390e-4;-0.346702;788.544707;2 out of 5
788.544434;788.544434;"PI-Cer(d20:1/16:0)";[M-H2O-H];C42H82NO11P;-2.74074e-4;-0.347569;788.544708;1 out of 5
788.544434;788.544434;"GlcCer(d18:2/20:1)";[M+K-H2];C44H81NO8;-3.89552e-4;-0.494014;788.544824;1 out of 5
788.544434;788.544434;"GalCer(d18:2/20:1)";[M+K-H2];C44H81NO8;-3.89552e-4;-0.494014;788.544824;1 out of 5
788.544434;788.544434;Flavicerebroside B;[M+Cl];C43H79NO9;-4.50108e-4;-0.570808;788.544884;1 out of 5
788.544434;788.544434;Unknown Name;[M+Cl];C43H79NO9;-4.50108e-4;-0.570808;788.544884;132 out of 5
788.544434;788.544434;"GlcCer(d18:2(4E,8E)(9Me)/18:1(3E)(2OH[S]))";[M+Cl];C43H79NO9;-4.50108e-4;-0.570808;788.544884;1 out of 5
788.544434;788.544434;Chrysogeside D;[M+Cl];C43H79NO9;-4.50108e-4;-0.570808;788.544884;1 out of 5
788.544434;788.544434;Cerebroside C;[M+Cl];C43H79NO9;-4.50108e-4;-0.570808;788.544884;1 out of 5
788.544434;788.544434;Flavuside B;[M+Cl];C43H79NO9;-4.50108e-4;-0.570808;788.544884;1 out of 5
788.544434;788.544434;"GalCer(d18:2(4E,8E)(9Me)/18:1(3E)(2OH[S]))";[M+Cl];C43H79NO9;-4.50108e-4;-0.570808;788.544884;1 out of 5
790.106079;790.106079;Acetyl-CoA;[M-H2O-H];C23H38N7O17P3S;-1.85365e-3;-2.346067;790.107933;1 out of 5
806.178694;806.178694;Unknown Name;[M+Cl];C37H39O18;-3.79783e-3;-4.710879;806.182492;132 out of 5
806.178694;806.178694;Unknown Name;[M+Cl];C37H39O18;-3.79783e-3;-4.710879;806.182492;132 out of 5
809.355143;809.355143;Dulcoside A;[M+Na-H2];C38H60O17;-2.57446e-3;-3.180868;809.357717;1 out of 5
809.355143;809.355143;Dulcoside B;[M+Na-H2];C38H60O17;-2.57446e-3;-3.180868;809.357717;1 out of 5
809.518863;809.518863;"PI(16:0/16:0)";[M-H];C41H79O13P;3.10782e-4;0.383910;809.518552;1 out of 5
809.518863;809.518863;"PI(20:0/12:0)";[M-H];C41H79O13P;3.10782e-4;0.383910;809.518552;1 out of 5
809.518863;809.518863;"PI(19:0/13:0)";[M-H];C41H79O13P;3.10782e-4;0.383910;809.518552;1 out of 5
809.518863;809.518863;"PI(18:0/14:0)";[M-H];C41H79O13P;3.10782e-4;0.383910;809.518552;1 out of 5
809.518863;809.518863;"PI(17:0/15:0)";[M-H];C41H79O13P;3.10782e-4;0.383910;809.518552;1 out of 5
809.518863;809.518863;"PI(15:0/17:0)";[M-H];C41H79O13P;3.10782e-4;0.383910;809.518552;1 out of 5
809.518863;809.518863;"PI(14:0/18:0)";[M-H];C41H79O13P;3.10782e-4;0.383910;809.518552;1 out of 5
809.518863;809.518863;"PI(13:0/19:0)";[M-H];C41H79O13P;3.10782e-4;0.383910;809.518552;1 out of 5
809.518863;809.518863;"PI(12:0/20:0)";[M-H];C41H79O13P;3.10782e-4;0.383910;809.518552;1 out of 5
810.522782;810.522782;Unknown Name;[M+K-H2];C46H80NO6P;1.85109e-3;2.283828;810.520931;131 out of 5
810.522782;810.522782;"PE(P-18:0/22:6(4Z,7Z,10Z,13Z,16Z,19Z))";[M+Cl];C45H78NO7P;1.79053e-3;2.209115;810.520991;1 out of 5
810.522782;810.522782;"PS(18:0/18:1(9Z))";[M+Na-H2];C42H80NO10P;-3.86939e-3;-4.773921;810.526651;2 out of 5
810.522782;810.522782;"PS(18:1(9Z)/18:0)";[M+Na-H2];C42H80NO10P;-3.86939e-3;-4.773921;810.526651;2 out of 5
810.522782;810.522782;"PS(14:0/22:1(11Z))";[M+Na-H2];C42H80NO10P;-3.86939e-3;-4.773921;810.526651;2 out of 5
810.522782;810.522782;"PS(14:1(9Z)/22:0)";[M+Na-H2];C42H80NO10P;-3.86939e-3;-4.773921;810.526651;2 out of 5
810.522782;810.522782;"PS(15:1(9Z)/21:0)";[M+Na-H2];C42H80NO10P;-3.86939e-3;-4.773921;810.526651;2 out of 5
810.522782;810.522782;"PS(16:1(9Z)/20:0)";[M+Na-H2];C42H80NO10P;-3.86939e-3;-4.773921;810.526651;2 out of 5
810.522782;810.522782;"PS(17:0/19:1(9Z))";[M+Na-H2];C42H80NO10P;-3.86939e-3;-4.773921;810.526651;2 out of 5
810.522782;810.522782;"PS(17:1(9Z)/19:0)";[M+Na-H2];C42H80NO10P;-3.86939e-3;-4.773921;810.526651;2 out of 5
810.522782;810.522782;"PS(19:0/17:1(9Z))";[M+Na-H2];C42H80NO10P;-3.86939e-3;-4.773921;810.526651;2 out of 5
810.522782;810.522782;"PS(19:1(9Z)/17:0)";[M+Na-H2];C42H80NO10P;-3.86939e-3;-4.773921;810.526651;2 out of 5
810.522782;810.522782;"PS(20:0/16:1(9Z))";[M+Na-H2];C42H80NO10P;-3.86939e-3;-4.773921;810.526651;2 out of 5
810.522782;810.522782;"PS(20:1(11Z)/16:0)";[M+Na-H2];C42H80NO10P;-3.86939e-3;-4.773921;810.526651;2 out of 5
810.522782;810.522782;"PS(21:0/15:1(9Z))";[M+Na-H2];C42H80NO10P;-3.86939e-3;-4.773921;810.526651;2 out of 5
810.522782;810.522782;"PS(22:0/14:1(9Z))";[M+Na-H2];C42H80NO10P;-3.86939e-3;-4.773921;810.526651;2 out of 5
810.522782;810.522782;"PS(22:1(11Z)/14:0)";[M+Na-H2];C42H80NO10P;-3.86939e-3;-4.773921;810.526651;2 out of 5
810.522782;810.522782;"PS(16:0/20:1(11Z))";[M+Na-H2];C42H80NO10P;-3.86939e-3;-4.773921;810.526651;2 out of 5
833.518299;833.518299;"PI(12:0/22:2(13Z,16Z))";[M-H];C43H79O13P;-2.53218e-4;-0.303794;833.518552;1 out of 5
833.518299;833.518299;"PI(14:0/20:2(11Z,14Z))";[M-H];C43H79O13P;-2.53218e-4;-0.303794;833.518552;1 out of 5
833.518299;833.518299;"PI(14:1(9Z)/20:1(11Z))";[M-H];C43H79O13P;-2.53218e-4;-0.303794;833.518552;1 out of 5
833.518299;833.518299;"PI(15:1(9Z)/19:1(9Z))";[M-H];C43H79O13P;-2.53218e-4;-0.303794;833.518552;1 out of 5
833.518299;833.518299;"PI(17:0/17:2(9Z,12Z))";[M-H];C43H79O13P;-2.53218e-4;-0.303794;833.518552;1 out of 5
833.518299;833.518299;"PI(17:2(9Z,12Z)/17:0)";[M-H];C43H79O13P;-2.53218e-4;-0.303794;833.518552;1 out of 5
833.518299;833.518299;"PI(19:1(9Z)/15:1(9Z))";[M-H];C43H79O13P;-2.53218e-4;-0.303794;833.518552;1 out of 5
833.518299;833.518299;"PI(20:1(11Z)/14:1(9Z))";[M-H];C43H79O13P;-2.53218e-4;-0.303794;833.518552;1 out of 5
833.518299;833.518299;"PI(20:2(11Z,14Z)/14:0)";[M-H];C43H79O13P;-2.53218e-4;-0.303794;833.518552;1 out of 5
833.518299;833.518299;"PI(22:2(13Z,16Z)/12:0)";[M-H];C43H79O13P;-2.53218e-4;-0.303794;833.518552;1 out of 5
833.518299;833.518299;"PI(18:2(9Z,12Z)/16:0)";[M-H];C43H79O13P;-2.53218e-4;-0.303794;833.518552;1 out of 5
833.518299;833.518299;"PI(18:1(9Z)/16:1(9Z))";[M-H];C43H79O13P;-2.53218e-4;-0.303794;833.518552;1 out of 5
833.518299;833.518299;"PI(17:1(9Z)/17:1(9Z))";[M-H];C43H79O13P;-2.53218e-4;-0.303794;833.518552;1 out of 5
833.518299;833.518299;"PI(16:1(9Z)/18:1(9Z))";[M-H];C43H79O13P;-2.53218e-4;-0.303794;833.518552;1 out of 5
833.518299;833.518299;"PI(16:0/18:2(9Z,12Z))";[M-H];C43H79O13P;-2.53218e-4;-0.303794;833.518552;1 out of 5
835.534333;835.534333;"PI(16:0/18:1(9Z))";[M-H];C43H81O13P;1.30718e-4;0.156448;835.534202;2 out of 5
835.534333;835.534333;"PI(12:0/22:1(11Z))";[M-H];C43H81O13P;1.30718e-4;0.156448;835.534202;2 out of 5
835.534333;835.534333;"PI(14:0/20:1(11Z))";[M-H];C43H81O13P;1.30718e-4;0.156448;835.534202;2 out of 5
835.534333;835.534333;"PI(14:1(9Z)/20:0)";[M-H];C43H81O13P;1.30718e-4;0.156448;835.534202;2 out of 5
835.534333;835.534333;"PI(15:0/19:1(9Z))";[M-H];C43H81O13P;1.30718e-4;0.156448;835.534202;2 out of 5
835.534333;835.534333;"PI(15:1(9Z)/19:0)";[M-H];C43H81O13P;1.30718e-4;0.156448;835.534202;2 out of 5
835.534333;835.534333;"PI(16:1(9Z)/18:0)";[M-H];C43H81O13P;1.30718e-4;0.156448;835.534202;2 out of 5
835.534333;835.534333;"PI(17:0/17:1(9Z))";[M-H];C43H81O13P;1.30718e-4;0.156448;835.534202;2 out of 5
835.534333;835.534333;"PI(17:1(9Z)/17:0)";[M-H];C43H81O13P;1.30718e-4;0.156448;835.534202;2 out of 5
835.534333;835.534333;"PI(19:0/15:1(9Z))";[M-H];C43H81O13P;1.30718e-4;0.156448;835.534202;2 out of 5
835.534333;835.534333;"PI(19:1(9Z)/15:0)";[M-H];C43H81O13P;1.30718e-4;0.156448;835.534202;2 out of 5
835.534333;835.534333;"PI(20:0/14:1(9Z))";[M-H];C43H81O13P;1.30718e-4;0.156448;835.534202;2 out of 5
835.534333;835.534333;"PI(20:1(11Z)/14:0)";[M-H];C43H81O13P;1.30718e-4;0.156448;835.534202;2 out of 5
835.534333;835.534333;"PI(22:1(11Z)/12:0)";[M-H];C43H81O13P;1.30718e-4;0.156448;835.534202;2 out of 5
835.534333;835.534333;"PI(18:0/16:1(9Z))";[M-H];C43H81O13P;1.30718e-4;0.156448;835.534202;2 out of 5
835.534333;835.534333;"PI(18:1(9Z)/16:0)";[M-H];C43H81O13P;1.30718e-4;0.156448;835.534202;2 out of 5
836.537492;836.537492;Unknown Name;[M+K-H2];C48H82NO6P;9.11026e-4;1.089045;836.536581;131 out of 5
837.550254;837.550254;"PI(22:0/12:0)";[M-H];C43H83O13P;4.01654e-4;0.479558;837.549852;2 out of 5
837.550254;837.550254;"PI(21:0/13:0)";[M-H];C43H83O13P;4.01654e-4;0.479558;837.549852;2 out of 5
837.550254;837.550254;"PI(20:0/14:0)";[M-H];C43H83O13P;4.01654e-4;0.479558;837.549852;2 out of 5
837.550254;837.550254;"PI(19:0/15:0)";[M-H];C43H83O13P;4.01654e-4;0.479558;837.549852;2 out of 5
837.550254;837.550254;"PI(18:0/16:0)";[M-H];C43H83O13P;4.01654e-4;0.479558;837.549852;2 out of 5
837.550254;837.550254;"PI(17:0/17:0)";[M-H];C43H83O13P;4.01654e-4;0.479558;837.549852;2 out of 5
837.550254;837.550254;"PI(16:0/18:0)";[M-H];C43H83O13P;4.01654e-4;0.479558;837.549852;2 out of 5
837.550254;837.550254;"PI(15:0/19:0)";[M-H];C43H83O13P;4.01654e-4;0.479558;837.549852;2 out of 5
837.550254;837.550254;"PI(14:0/20:0)";[M-H];C43H83O13P;4.01654e-4;0.479558;837.549852;2 out of 5
837.550254;837.550254;"PI(13:0/21:0)";[M-H];C43H83O13P;4.01654e-4;0.479558;837.549852;2 out of 5
837.550254;837.550254;"PI(12:0/22:0)";[M-H];C43H83O13P;4.01654e-4;0.479558;837.549852;2 out of 5
850.167860;850.167860;2-methylbutanoyl-CoA;[M-H];C26H44N7O17P3S;2.41316e-3;2.838462;850.165447;1 out of 5
850.167860;850.167860;Isovaleryl-CoA;[M-H];C26H44N7O17P3S;2.41316e-3;2.838462;850.165447;1 out of 5
850.167860;850.167860;pentanoyl-CoA;[M-H];C26H44N7O17P3S;2.41316e-3;2.838462;850.165447;1 out of 5
857.518320;857.518320;"PI(16:0/18:1(9Z))";[M+Na-H2];C43H81O13P;2.17372e-3;2.534900;857.516146;2 out of 5
857.518320;857.518320;"PI(12:0/22:1(11Z))";[M+Na-H2];C43H81O13P;2.17372e-3;2.534900;857.516146;2 out of 5
857.518320;857.518320;"PI(14:0/20:1(11Z))";[M+Na-H2];C43H81O13P;2.17372e-3;2.534900;857.516146;2 out of 5
857.518320;857.518320;"PI(14:1(9Z)/20:0)";[M+Na-H2];C43H81O13P;2.17372e-3;2.534900;857.516146;2 out of 5
857.518320;857.518320;"PI(15:0/19:1(9Z))";[M+Na-H2];C43H81O13P;2.17372e-3;2.534900;857.516146;2 out of 5
857.518320;857.518320;"PI(15:1(9Z)/19:0)";[M+Na-H2];C43H81O13P;2.17372e-3;2.534900;857.516146;2 out of 5
857.518320;857.518320;"PI(16:1(9Z)/18:0)";[M+Na-H2];C43H81O13P;2.17372e-3;2.534900;857.516146;2 out of 5
857.518320;857.518320;"PI(17:0/17:1(9Z))";[M+Na-H2];C43H81O13P;2.17372e-3;2.534900;857.516146;2 out of 5
857.518320;857.518320;"PI(17:1(9Z)/17:0)";[M+Na-H2];C43H81O13P;2.17372e-3;2.534900;857.516146;2 out of 5
857.518320;857.518320;"PI(19:0/15:1(9Z))";[M+Na-H2];C43H81O13P;2.17372e-3;2.534900;857.516146;2 out of 5
857.518320;857.518320;"PI(19:1(9Z)/15:0)";[M+Na-H2];C43H81O13P;2.17372e-3;2.534900;857.516146;2 out of 5
857.518320;857.518320;"PI(20:0/14:1(9Z))";[M+Na-H2];C43H81O13P;2.17372e-3;2.534900;857.516146;2 out of 5
857.518320;857.518320;"PI(20:1(11Z)/14:0)";[M+Na-H2];C43H81O13P;2.17372e-3;2.534900;857.516146;2 out of 5
857.518320;857.518320;"PI(22:1(11Z)/12:0)";[M+Na-H2];C43H81O13P;2.17372e-3;2.534900;857.516146;2 out of 5
857.518320;857.518320;"PI(18:0/16:1(9Z))";[M+Na-H2];C43H81O13P;2.17372e-3;2.534900;857.516146;2 out of 5
857.518320;857.518320;"PI(18:1(9Z)/16:0)";[M+Na-H2];C43H81O13P;2.17372e-3;2.534900;857.516146;2 out of 5
857.518320;857.518320;"PI(14:0/22:4(7Z,10Z,13Z,16Z))";[M-H];C45H79O13P;-2.32218e-4;-0.270802;857.518552;1 out of 5
857.518320;857.518320;"PI(16:1(9Z)/20:3(8Z,11Z,14Z))";[M-H];C45H79O13P;-2.32218e-4;-0.270802;857.518552;1 out of 5
857.518320;857.518320;"PI(18:1(9Z)/18:3(6Z,9Z,12Z))";[M-H];C45H79O13P;-2.32218e-4;-0.270802;857.518552;1 out of 5
857.518320;857.518320;"PI(18:3(6Z,9Z,12Z)/18:1(9Z))";[M-H];C45H79O13P;-2.32218e-4;-0.270802;857.518552;1 out of 5
857.518320;857.518320;"PI(18:4(6Z,9Z,12Z,15Z)/18:0)";[M-H];C45H79O13P;-2.32218e-4;-0.270802;857.518552;1 out of 5
857.518320;857.518320;"PI(20:3(8Z,11Z,14Z)/16:1(9Z))";[M-H];C45H79O13P;-2.32218e-4;-0.270802;857.518552;1 out of 5
857.518320;857.518320;"PI(22:4(7Z,10Z,13Z,16Z)/14:0)";[M-H];C45H79O13P;-2.32218e-4;-0.270802;857.518552;1 out of 5
857.518320;857.518320;"PI(20:4(5Z,8Z,11Z,14Z)/16:0)";[M-H];C45H79O13P;-2.32218e-4;-0.270802;857.518552;1 out of 5
857.518320;857.518320;"PI(18:3(9Z,12Z,15Z)/18:1(9Z))";[M-H];C45H79O13P;-2.32218e-4;-0.270802;857.518552;1 out of 5
857.518320;857.518320;"PI(18:1(9Z)/18:3(9Z,12Z,15Z))";[M-H];C45H79O13P;-2.32218e-4;-0.270802;857.518552;1 out of 5
857.518320;857.518320;"PI(18:0/18:4(6Z,9Z,12Z,15Z))";[M-H];C45H79O13P;-2.32218e-4;-0.270802;857.518552;1 out of 5
857.518320;857.518320;"PI(18:2(9Z,12Z)/18:2(9Z,12Z))";[M-H];C45H79O13P;-2.32218e-4;-0.270802;857.518552;1 out of 5
857.518320;857.518320;"PI(16:0/20:4(5Z,8Z,11Z,14Z))";[M-H];C45H79O13P;-2.32218e-4;-0.270802;857.518552;1 out of 5
859.534859;859.534859;"PI(22:0/12:0)";[M+Na-H2];C43H83O13P;3.06265e-3;3.563165;859.531796;2 out of 5
859.534859;859.534859;"PI(21:0/13:0)";[M+Na-H2];C43H83O13P;3.06265e-3;3.563165;859.531796;2 out of 5
859.534859;859.534859;"PI(20:0/14:0)";[M+Na-H2];C43H83O13P;3.06265e-3;3.563165;859.531796;2 out of 5
859.534859;859.534859;"PI(19:0/15:0)";[M+Na-H2];C43H83O13P;3.06265e-3;3.563165;859.531796;2 out of 5
859.534859;859.534859;"PI(18:0/16:0)";[M+Na-H2];C43H83O13P;3.06265e-3;3.563165;859.531796;2 out of 5
859.534859;859.534859;"PI(17:0/17:0)";[M+Na-H2];C43H83O13P;3.06265e-3;3.563165;859.531796;2 out of 5
859.534859;859.534859;"PI(16:0/18:0)";[M+Na-H2];C43H83O13P;3.06265e-3;3.563165;859.531796;2 out of 5
859.534859;859.534859;"PI(15:0/19:0)";[M+Na-H2];C43H83O13P;3.06265e-3;3.563165;859.531796;2 out of 5
859.534859;859.534859;"PI(14:0/20:0)";[M+Na-H2];C43H83O13P;3.06265e-3;3.563165;859.531796;2 out of 5
859.534859;859.534859;"PI(13:0/21:0)";[M+Na-H2];C43H83O13P;3.06265e-3;3.563165;859.531796;2 out of 5
859.534859;859.534859;"PI(12:0/22:0)";[M+Na-H2];C43H83O13P;3.06265e-3;3.563165;859.531796;2 out of 5
859.534859;859.534859;"PI(14:1(9Z)/22:2(13Z,16Z))";[M-H];C45H81O13P;6.56718e-4;0.764039;859.534202;1 out of 5
859.534859;859.534859;"PI(16:1(9Z)/20:2(11Z,14Z))";[M-H];C45H81O13P;6.56718e-4;0.764039;859.534202;1 out of 5
859.534859;859.534859;"PI(17:2(9Z,12Z)/19:1(9Z))";[M-H];C45H81O13P;6.56718e-4;0.764039;859.534202;1 out of 5
859.534859;859.534859;"PI(18:0/18:3(6Z,9Z,12Z))";[M-H];C45H81O13P;6.56718e-4;0.764039;859.534202;1 out of 5
859.534859;859.534859;"PI(18:0/18:3(9Z,12Z,15Z))";[M-H];C45H81O13P;6.56718e-4;0.764039;859.534202;1 out of 5
859.534859;859.534859;"PI(18:2(9Z,12Z)/18:1(9Z))";[M-H];C45H81O13P;6.56718e-4;0.764039;859.534202;1 out of 5
859.534859;859.534859;"PI(18:3(6Z,9Z,12Z)/18:0)";[M-H];C45H81O13P;6.56718e-4;0.764039;859.534202;1 out of 5
859.534859;859.534859;"PI(18:3(9Z,12Z,15Z)/18:0)";[M-H];C45H81O13P;6.56718e-4;0.764039;859.534202;1 out of 5
859.534859;859.534859;"PI(19:1(9Z)/17:2(9Z,12Z))";[M-H];C45H81O13P;6.56718e-4;0.764039;859.534202;1 out of 5
859.534859;859.534859;"PI(20:2(11Z,14Z)/16:1(9Z))";[M-H];C45H81O13P;6.56718e-4;0.764039;859.534202;1 out of 5
859.534859;859.534859;"PI(20:3(8Z,11Z,14Z)/16:0)";[M-H];C45H81O13P;6.56718e-4;0.764039;859.534202;1 out of 5
859.534859;859.534859;"PI(22:2(13Z,16Z)/14:1(9Z))";[M-H];C45H81O13P;6.56718e-4;0.764039;859.534202;1 out of 5
859.534859;859.534859;"PI(16:0/20:3(8Z,11Z,14Z))";[M-H];C45H81O13P;6.56718e-4;0.764039;859.534202;1 out of 5
859.534859;859.534859;"PI(18:1(9Z)/18:2(9Z,12Z))";[M-H];C45H81O13P;6.56718e-4;0.764039;859.534202;1 out of 5
859.534859;859.534859;Unknown Name;[M+Cl];C43H84O12S;-2.89113e-3;-3.363585;859.537750;132 out of 5
861.550443;861.550443;"PI(14:0/22:2(13Z,16Z))";[M-H];C45H83O13P;5.90654e-4;0.685571;861.549852;2 out of 5
861.550443;861.550443;"PI(14:1(9Z)/22:1(11Z))";[M-H];C45H83O13P;5.90654e-4;0.685571;861.549852;2 out of 5
861.550443;861.550443;"PI(16:0/20:2(11Z,14Z))";[M-H];C45H83O13P;5.90654e-4;0.685571;861.549852;2 out of 5
861.550443;861.550443;"PI(16:1(9Z)/20:1(11Z))";[M-H];C45H83O13P;5.90654e-4;0.685571;861.549852;2 out of 5
861.550443;861.550443;"PI(17:1(9Z)/19:1(9Z))";[M-H];C45H83O13P;5.90654e-4;0.685571;861.549852;2 out of 5
861.550443;861.550443;"PI(17:2(9Z,12Z)/19:0)";[M-H];C45H83O13P;5.90654e-4;0.685571;861.549852;2 out of 5
861.550443;861.550443;"PI(19:0/17:2(9Z,12Z))";[M-H];C45H83O13P;5.90654e-4;0.685571;861.549852;2 out of 5
861.550443;861.550443;"PI(19:1(9Z)/17:1(9Z))";[M-H];C45H83O13P;5.90654e-4;0.685571;861.549852;2 out of 5
861.550443;861.550443;"PI(20:1(11Z)/16:1(9Z))";[M-H];C45H83O13P;5.90654e-4;0.685571;861.549852;2 out of 5
861.550443;861.550443;"PI(20:2(11Z,14Z)/16:0)";[M-H];C45H83O13P;5.90654e-4;0.685571;861.549852;2 out of 5
861.550443;861.550443;"PI(22:1(11Z)/14:1(9Z))";[M-H];C45H83O13P;5.90654e-4;0.685571;861.549852;2 out of 5
861.550443;861.550443;"PI(22:2(13Z,16Z)/14:0)";[M-H];C45H83O13P;5.90654e-4;0.685571;861.549852;2 out of 5
861.550443;861.550443;"PI(18:2(9Z,12Z)/18:0)";[M-H];C45H83O13P;5.90654e-4;0.685571;861.549852;2 out of 5
861.550443;861.550443;"PI(18:0/18:2(9Z,12Z))";[M-H];C45H83O13P;5.90654e-4;0.685571;861.549852;2 out of 5
862.554156;862.554156;"PS(18:1(9Z)/22:2(13Z,16Z))";[M+Na-H2];C46H84NO10P;-3.79552e-3;-4.400305;862.557952;1 out of 5
862.554156;862.554156;"PS(18:2(9Z,12Z)/22:1(11Z))";[M+Na-H2];C46H84NO10P;-3.79552e-3;-4.400305;862.557952;1 out of 5
862.554156;862.554156;"PS(18:3(6Z,9Z,12Z)/22:0)";[M+Na-H2];C46H84NO10P;-3.79552e-3;-4.400305;862.557952;1 out of 5
862.554156;862.554156;"PS(18:3(9Z,12Z,15Z)/22:0)";[M+Na-H2];C46H84NO10P;-3.79552e-3;-4.400305;862.557952;1 out of 5
862.554156;862.554156;"PS(20:0/20:3(8Z,11Z,14Z))";[M+Na-H2];C46H84NO10P;-3.79552e-3;-4.400305;862.557952;1 out of 5
862.554156;862.554156;"PS(20:1(11Z)/20:2(11Z,14Z))";[M+Na-H2];C46H84NO10P;-3.79552e-3;-4.400305;862.557952;1 out of 5
862.554156;862.554156;"PS(20:2(11Z,14Z)/20:1(11Z))";[M+Na-H2];C46H84NO10P;-3.79552e-3;-4.400305;862.557952;1 out of 5
862.554156;862.554156;"PS(20:3(8Z,11Z,14Z)/20:0)";[M+Na-H2];C46H84NO10P;-3.79552e-3;-4.400305;862.557952;1 out of 5
862.554156;862.554156;"PS(22:0/18:3(6Z,9Z,12Z))";[M+Na-H2];C46H84NO10P;-3.79552e-3;-4.400305;862.557952;1 out of 5
862.554156;862.554156;"PS(22:0/18:3(9Z,12Z,15Z))";[M+Na-H2];C46H84NO10P;-3.79552e-3;-4.400305;862.557952;1 out of 5
862.554156;862.554156;"PS(22:1(11Z)/18:2(9Z,12Z))";[M+Na-H2];C46H84NO10P;-3.79552e-3;-4.400305;862.557952;1 out of 5
862.554156;862.554156;"PS(22:2(13Z,16Z)/18:1(9Z))";[M+Na-H2];C46H84NO10P;-3.79552e-3;-4.400305;862.557952;1 out of 5
863.565945;863.565945;Sulfated Dihydromenaquinone-9;[M-H2O-H];C56H82O6S;5.74656e-4;0.665446;863.565370;1 out of 5
863.565945;863.565945;"PI(14:0/22:1(11Z))";[M-H];C45H85O13P;4.42590e-4;0.512515;863.565502;2 out of 5
863.565945;863.565945;"PI(14:1(9Z)/22:0)";[M-H];C45H85O13P;4.42590e-4;0.512515;863.565502;2 out of 5
863.565945;863.565945;"PI(15:1(9Z)/21:0)";[M-H];C45H85O13P;4.42590e-4;0.512515;863.565502;2 out of 5
863.565945;863.565945;"PI(16:1(9Z)/20:0)";[M-H];C45H85O13P;4.42590e-4;0.512515;863.565502;2 out of 5
863.565945;863.565945;"PI(17:0/19:1(9Z))";[M-H];C45H85O13P;4.42590e-4;0.512515;863.565502;2 out of 5
863.565945;863.565945;"PI(17:1(9Z)/19:0)";[M-H];C45H85O13P;4.42590e-4;0.512515;863.565502;2 out of 5
863.565945;863.565945;"PI(19:0/17:1(9Z))";[M-H];C45H85O13P;4.42590e-4;0.512515;863.565502;2 out of 5
863.565945;863.565945;"PI(19:1(9Z)/17:0)";[M-H];C45H85O13P;4.42590e-4;0.512515;863.565502;2 out of 5
863.565945;863.565945;"PI(20:0/16:1(9Z))";[M-H];C45H85O13P;4.42590e-4;0.512515;863.565502;2 out of 5
863.565945;863.565945;"PI(20:1(11Z)/16:0)";[M-H];C45H85O13P;4.42590e-4;0.512515;863.565502;2 out of 5
863.565945;863.565945;"PI(21:0/15:1(9Z))";[M-H];C45H85O13P;4.42590e-4;0.512515;863.565502;2 out of 5
863.565945;863.565945;"PI(22:0/14:1(9Z))";[M-H];C45H85O13P;4.42590e-4;0.512515;863.565502;2 out of 5
863.565945;863.565945;"PI(22:1(11Z)/14:0)";[M-H];C45H85O13P;4.42590e-4;0.512515;863.565502;2 out of 5
863.565945;863.565945;"PI(18:1(9Z)/18:0)";[M-H];C45H85O13P;4.42590e-4;0.512515;863.565502;2 out of 5
863.565945;863.565945;"PI(16:0/20:1(11Z))";[M-H];C45H85O13P;4.42590e-4;0.512515;863.565502;2 out of 5
863.565945;863.565945;"PI(18:0/18:1(9Z))";[M-H];C45H85O13P;4.42590e-4;0.512515;863.565502;2 out of 5
865.571697;865.571697;"PG(18:0/22:2(13Z,16Z))";[M+Cl];C46H87O10P;-1.38961e-3;-1.605427;865.573087;1 out of 5
865.571697;865.571697;"PG(18:1(9Z)/22:1(11Z))";[M+Cl];C46H87O10P;-1.38961e-3;-1.605427;865.573087;1 out of 5
865.571697;865.571697;"PG(18:2(9Z,12Z)/22:0)";[M+Cl];C46H87O10P;-1.38961e-3;-1.605427;865.573087;1 out of 5
865.571697;865.571697;"PG(20:2(11Z,14Z)/20:0)";[M+Cl];C46H87O10P;-1.38961e-3;-1.605427;865.573087;1 out of 5
865.571697;865.571697;"PG(22:0/18:2(9Z,12Z))";[M+Cl];C46H87O10P;-1.38961e-3;-1.605427;865.573087;1 out of 5
865.571697;865.571697;"PG(22:1(11Z)/18:1(9Z))";[M+Cl];C46H87O10P;-1.38961e-3;-1.605427;865.573087;1 out of 5
865.571697;865.571697;"PG(22:2(13Z,16Z)/18:0)";[M+Cl];C46H87O10P;-1.38961e-3;-1.605427;865.573087;1 out of 5
865.571697;865.571697;"PG(20:1(11Z)/20:1(11Z))";[M+Cl];C46H87O10P;-1.38961e-3;-1.605427;865.573087;1 out of 5
865.571697;865.571697;"PG(20:0/20:2(11Z,14Z))";[M+Cl];C46H87O10P;-1.38961e-3;-1.605427;865.573087;1 out of 5
881.627684;881.627684;"PG(20:0/22:1(11Z))";[M+Na-H2];C48H93O10P;2.38119e-3;2.700914;881.625303;1 out of 5
881.627684;881.627684;"PG(20:1(11Z)/22:0)";[M+Na-H2];C48H93O10P;2.38119e-3;2.700914;881.625303;1 out of 5
881.627684;881.627684;"PG(22:1(11Z)/20:0)";[M+Na-H2];C48H93O10P;2.38119e-3;2.700914;881.625303;1 out of 5
881.627684;881.627684;"PG(22:0/20:1(11Z))";[M+Na-H2];C48H93O10P;2.38119e-3;2.700914;881.625303;1 out of 5
881.627684;881.627684;"PG(22:0/22:4(7Z,10Z,13Z,16Z))";[M-H];C50H91O10P;-2.47420e-5;-0.028064;881.627709;1 out of 5
881.627684;881.627684;"PG(22:2(13Z,16Z)/22:2(13Z,16Z))";[M-H];C50H91O10P;-2.47420e-5;-0.028064;881.627709;1 out of 5
881.627684;881.627684;"PG(22:4(7Z,10Z,13Z,16Z)/22:0)";[M-H];C50H91O10P;-2.47420e-5;-0.028064;881.627709;1 out of 5
881.627684;881.627684;Unknown Name;[M-H2O-H];C57H88O8;-2.39478e-3;-2.716305;881.630079;134 out of 5
883.533216;883.533216;"PI(14:0/22:2(13Z,16Z))";[M+Na-H2];C45H83O13P;1.41965e-3;1.606794;883.531796;2 out of 5
883.533216;883.533216;"PI(14:1(9Z)/22:1(11Z))";[M+Na-H2];C45H83O13P;1.41965e-3;1.606794;883.531796;2 out of 5
883.533216;883.533216;"PI(16:0/20:2(11Z,14Z))";[M+Na-H2];C45H83O13P;1.41965e-3;1.606794;883.531796;2 out of 5
883.533216;883.533216;"PI(16:1(9Z)/20:1(11Z))";[M+Na-H2];C45H83O13P;1.41965e-3;1.606794;883.531796;2 out of 5
883.533216;883.533216;"PI(17:1(9Z)/19:1(9Z))";[M+Na-H2];C45H83O13P;1.41965e-3;1.606794;883.531796;2 out of 5
883.533216;883.533216;"PI(17:2(9Z,12Z)/19:0)";[M+Na-H2];C45H83O13P;1.41965e-3;1.606794;883.531796;2 out of 5
883.533216;883.533216;"PI(19:0/17:2(9Z,12Z))";[M+Na-H2];C45H83O13P;1.41965e-3;1.606794;883.531796;2 out of 5
883.533216;883.533216;"PI(19:1(9Z)/17:1(9Z))";[M+Na-H2];C45H83O13P;1.41965e-3;1.606794;883.531796;2 out of 5
883.533216;883.533216;"PI(20:1(11Z)/16:1(9Z))";[M+Na-H2];C45H83O13P;1.41965e-3;1.606794;883.531796;2 out of 5
883.533216;883.533216;"PI(20:2(11Z,14Z)/16:0)";[M+Na-H2];C45H83O13P;1.41965e-3;1.606794;883.531796;2 out of 5
883.533216;883.533216;"PI(22:1(11Z)/14:1(9Z))";[M+Na-H2];C45H83O13P;1.41965e-3;1.606794;883.531796;2 out of 5
883.533216;883.533216;"PI(22:2(13Z,16Z)/14:0)";[M+Na-H2];C45H83O13P;1.41965e-3;1.606794;883.531796;2 out of 5
883.533216;883.533216;"PI(18:2(9Z,12Z)/18:0)";[M+Na-H2];C45H83O13P;1.41965e-3;1.606794;883.531796;2 out of 5
883.533216;883.533216;"PI(18:0/18:2(9Z,12Z))";[M+Na-H2];C45H83O13P;1.41965e-3;1.606794;883.531796;2 out of 5
883.533216;883.533216;"PI(16:1(9Z)/22:4(7Z,10Z,13Z,16Z))";[M-H];C47H81O13P;-9.86282e-4;-1.116292;883.534202;1 out of 5
883.533216;883.533216;"PI(18:2(9Z,12Z)/20:3(8Z,11Z,14Z))";[M-H];C47H81O13P;-9.86282e-4;-1.116292;883.534202;1 out of 5
883.533216;883.533216;"PI(18:3(6Z,9Z,12Z)/20:2(11Z,14Z))";[M-H];C47H81O13P;-9.86282e-4;-1.116292;883.534202;1 out of 5
883.533216;883.533216;"PI(18:3(9Z,12Z,15Z)/20:2(11Z,14Z))";[M-H];C47H81O13P;-9.86282e-4;-1.116292;883.534202;1 out of 5
883.533216;883.533216;"PI(18:4(6Z,9Z,12Z,15Z)/20:1(11Z))";[M-H];C47H81O13P;-9.86282e-4;-1.116292;883.534202;1 out of 5
883.533216;883.533216;"PI(20:1(11Z)/18:4(6Z,9Z,12Z,15Z))";[M-H];C47H81O13P;-9.86282e-4;-1.116292;883.534202;1 out of 5
883.533216;883.533216;"PI(20:2(11Z,14Z)/18:3(6Z,9Z,12Z))";[M-H];C47H81O13P;-9.86282e-4;-1.116292;883.534202;1 out of 5
883.533216;883.533216;"PI(20:2(11Z,14Z)/18:3(9Z,12Z,15Z))";[M-H];C47H81O13P;-9.86282e-4;-1.116292;883.534202;1 out of 5
883.533216;883.533216;"PI(20:3(8Z,11Z,14Z)/18:2(9Z,12Z))";[M-H];C47H81O13P;-9.86282e-4;-1.116292;883.534202;1 out of 5
883.533216;883.533216;"PI(20:4(5Z,8Z,11Z,14Z)/18:1(9Z))";[M-H];C47H81O13P;-9.86282e-4;-1.116292;883.534202;1 out of 5
883.533216;883.533216;"PI(20:5(5Z,8Z,11Z,14Z,17Z)/18:0)";[M-H];C47H81O13P;-9.86282e-4;-1.116292;883.534202;1 out of 5
883.533216;883.533216;"PI(22:4(7Z,10Z,13Z,16Z)/16:1(9Z))";[M-H];C47H81O13P;-9.86282e-4;-1.116292;883.534202;1 out of 5
883.533216;883.533216;"PI(18:1(9Z)/20:4(5Z,8Z,11Z,14Z))";[M-H];C47H81O13P;-9.86282e-4;-1.116292;883.534202;1 out of 5
883.533216;883.533216;"PI(18:0/20:5(5Z,8Z,11Z,14Z,17Z))";[M-H];C47H81O13P;-9.86282e-4;-1.116292;883.534202;1 out of 5
885.548486;885.548486;"PI(14:0/22:1(11Z))";[M+Na-H2];C45H85O13P;1.03959e-3;1.173952;885.547446;2 out of 5
885.548486;885.548486;"PI(14:1(9Z)/22:0)";[M+Na-H2];C45H85O13P;1.03959e-3;1.173952;885.547446;2 out of 5
885.548486;885.548486;"PI(15:1(9Z)/21:0)";[M+Na-H2];C45H85O13P;1.03959e-3;1.173952;885.547446;2 out of 5
885.548486;885.548486;"PI(16:1(9Z)/20:0)";[M+Na-H2];C45H85O13P;1.03959e-3;1.173952;885.547446;2 out of 5
885.548486;885.548486;"PI(17:0/19:1(9Z))";[M+Na-H2];C45H85O13P;1.03959e-3;1.173952;885.547446;2 out of 5
885.548486;885.548486;"PI(17:1(9Z)/19:0)";[M+Na-H2];C45H85O13P;1.03959e-3;1.173952;885.547446;2 out of 5
885.548486;885.548486;"PI(19:0/17:1(9Z))";[M+Na-H2];C45H85O13P;1.03959e-3;1.173952;885.547446;2 out of 5
885.548486;885.548486;"PI(19:1(9Z)/17:0)";[M+Na-H2];C45H85O13P;1.03959e-3;1.173952;885.547446;2 out of 5
885.548486;885.548486;"PI(20:0/16:1(9Z))";[M+Na-H2];C45H85O13P;1.03959e-3;1.173952;885.547446;2 out of 5
885.548486;885.548486;"PI(20:1(11Z)/16:0)";[M+Na-H2];C45H85O13P;1.03959e-3;1.173952;885.547446;2 out of 5
885.548486;885.548486;"PI(21:0/15:1(9Z))";[M+Na-H2];C45H85O13P;1.03959e-3;1.173952;885.547446;2 out of 5
885.548486;885.548486;"PI(22:0/14:1(9Z))";[M+Na-H2];C45H85O13P;1.03959e-3;1.173952;885.547446;2 out of 5
885.548486;885.548486;"PI(22:1(11Z)/14:0)";[M+Na-H2];C45H85O13P;1.03959e-3;1.173952;885.547446;2 out of 5
885.548486;885.548486;"PI(18:1(9Z)/18:0)";[M+Na-H2];C45H85O13P;1.03959e-3;1.173952;885.547446;2 out of 5
885.548486;885.548486;"PI(16:0/20:1(11Z))";[M+Na-H2];C45H85O13P;1.03959e-3;1.173952;885.547446;2 out of 5
885.548486;885.548486;"PI(18:0/18:1(9Z))";[M+Na-H2];C45H85O13P;1.03959e-3;1.173952;885.547446;2 out of 5
885.548486;885.548486;"PI(18:0/20:4(5Z,8Z,11Z,14Z))";[M-H];C47H83O13P;-1.36635e-3;-1.542935;885.549852;1 out of 5
885.548486;885.548486;"PI(18:1(9Z)/20:3(8Z,11Z,14Z))";[M-H];C47H83O13P;-1.36635e-3;-1.542935;885.549852;1 out of 5
885.548486;885.548486;"PI(18:2(9Z,12Z)/20:2(11Z,14Z))";[M-H];C47H83O13P;-1.36635e-3;-1.542935;885.549852;1 out of 5
885.548486;885.548486;"PI(18:3(6Z,9Z,12Z)/20:1(11Z))";[M-H];C47H83O13P;-1.36635e-3;-1.542935;885.549852;1 out of 5
885.548486;885.548486;"PI(18:3(9Z,12Z,15Z)/20:1(11Z))";[M-H];C47H83O13P;-1.36635e-3;-1.542935;885.549852;1 out of 5
885.548486;885.548486;"PI(18:4(6Z,9Z,12Z,15Z)/20:0)";[M-H];C47H83O13P;-1.36635e-3;-1.542935;885.549852;1 out of 5
885.548486;885.548486;"PI(20:1(11Z)/18:3(6Z,9Z,12Z))";[M-H];C47H83O13P;-1.36635e-3;-1.542935;885.549852;1 out of 5
885.548486;885.548486;"PI(20:1(11Z)/18:3(9Z,12Z,15Z))";[M-H];C47H83O13P;-1.36635e-3;-1.542935;885.549852;1 out of 5
885.548486;885.548486;"PI(20:2(11Z,14Z)/18:2(9Z,12Z))";[M-H];C47H83O13P;-1.36635e-3;-1.542935;885.549852;1 out of 5
885.548486;885.548486;"PI(20:3(8Z,11Z,14Z)/18:1(9Z))";[M-H];C47H83O13P;-1.36635e-3;-1.542935;885.549852;1 out of 5
885.548486;885.548486;"PI(20:4(5Z,8Z,11Z,14Z)/18:0)";[M-H];C47H83O13P;-1.36635e-3;-1.542935;885.549852;1 out of 5
885.548486;885.548486;"PI(22:4(7Z,10Z,13Z,16Z)/16:0)";[M-H];C47H83O13P;-1.36635e-3;-1.542935;885.549852;1 out of 5
885.548486;885.548486;"PI(20:0/18:4(6Z,9Z,12Z,15Z))";[M-H];C47H83O13P;-1.36635e-3;-1.542935;885.549852;1 out of 5
885.548486;885.548486;"PI(16:0/22:4(7Z,10Z,13Z,16Z))";[M-H];C47H83O13P;-1.36635e-3;-1.542935;885.549852;1 out of 5
885.548486;885.548486;"Glc-GP(18:0/20:4(5Z,8Z,11Z,14Z))";[M-H];C47H83O13P;-1.36635e-3;-1.542935;885.549852;1 out of 5
886.551515;886.551515;"(3'-sulfo)Galbeta-Cer(d18:1/20:0(2OH))";[M+Cl];C44H85NO12S;2.86584e-3;3.232581;886.548649;1 out of 5
887.564895;887.564895;"PI(18:0/18:0)";[M+Na-H2];C45H87O13P;1.79853e-3;2.026364;887.563096;1 out of 5
887.564895;887.564895;"PI(17:0/19:0)";[M+Na-H2];C45H87O13P;1.79853e-3;2.026364;887.563096;1 out of 5
887.564895;887.564895;"PI(19:0/17:0)";[M+Na-H2];C45H87O13P;1.79853e-3;2.026364;887.563096;1 out of 5
887.564895;887.564895;"PI(21:0/15:0)";[M+Na-H2];C45H87O13P;1.79853e-3;2.026364;887.563096;1 out of 5
887.564895;887.564895;"PI(22:0/14:0)";[M+Na-H2];C45H87O13P;1.79853e-3;2.026364;887.563096;1 out of 5
887.564895;887.564895;"PI(20:0/16:0)";[M+Na-H2];C45H87O13P;1.79853e-3;2.026364;887.563096;1 out of 5
887.564895;887.564895;"PI(15:0/21:0)";[M+Na-H2];C45H87O13P;1.79853e-3;2.026364;887.563096;1 out of 5
887.564895;887.564895;"PI(14:0/22:0)";[M+Na-H2];C45H87O13P;1.79853e-3;2.026364;887.563096;1 out of 5
887.564895;887.564895;"PI(16:0/20:0)";[M+Na-H2];C45H87O13P;1.79853e-3;2.026364;887.563096;1 out of 5
887.564895;887.564895;"Glc-GP(18:0/18:0)";[M+Na-H2];C45H87O13P;1.79853e-3;2.026364;887.563096;1 out of 5
887.564895;887.564895;"PI(16:1(9Z)/22:2(13Z,16Z))";[M-H];C47H85O13P;-6.07410e-4;-0.684355;887.565502;1 out of 5
887.564895;887.564895;"PI(18:1(9Z)/20:2(11Z,14Z))";[M-H];C47H85O13P;-6.07410e-4;-0.684355;887.565502;1 out of 5
887.564895;887.564895;"PI(18:2(9Z,12Z)/20:1(11Z))";[M-H];C47H85O13P;-6.07410e-4;-0.684355;887.565502;1 out of 5
887.564895;887.564895;"PI(18:3(6Z,9Z,12Z)/20:0)";[M-H];C47H85O13P;-6.07410e-4;-0.684355;887.565502;1 out of 5
887.564895;887.564895;"PI(18:3(9Z,12Z,15Z)/20:0)";[M-H];C47H85O13P;-6.07410e-4;-0.684355;887.565502;1 out of 5
887.564895;887.564895;"PI(20:0/18:3(6Z,9Z,12Z))";[M-H];C47H85O13P;-6.07410e-4;-0.684355;887.565502;1 out of 5
887.564895;887.564895;"PI(20:0/18:3(9Z,12Z,15Z))";[M-H];C47H85O13P;-6.07410e-4;-0.684355;887.565502;1 out of 5
887.564895;887.564895;"PI(20:1(11Z)/18:2(9Z,12Z))";[M-H];C47H85O13P;-6.07410e-4;-0.684355;887.565502;1 out of 5
887.564895;887.564895;"PI(20:2(11Z,14Z)/18:1(9Z))";[M-H];C47H85O13P;-6.07410e-4;-0.684355;887.565502;1 out of 5
887.564895;887.564895;"PI(20:3(8Z,11Z,14Z)/18:0)";[M-H];C47H85O13P;-6.07410e-4;-0.684355;887.565502;1 out of 5
887.564895;887.564895;"PI(22:2(13Z,16Z)/16:1(9Z))";[M-H];C47H85O13P;-6.07410e-4;-0.684355;887.565502;1 out of 5
887.564895;887.564895;"PI(18:0/20:3(8Z,11Z,14Z))";[M-H];C47H85O13P;-6.07410e-4;-0.684355;887.565502;1 out of 5
889.579353;889.579353;Fucoxanthinol 3-palmitoleate;[M+K-H2];C56H84O6;3.95759e-3;4.448855;889.575395;1 out of 5
889.579353;889.579353;Fucoxanthinol 3-(9E-hexadecenoate);[M+K-H2];C56H84O6;3.95759e-3;4.448855;889.575395;1 out of 5
889.579353;889.579353;"PI(16:0/22:2(13Z,16Z))";[M-H];C47H87O13P;-1.79947e-3;-2.022833;889.581152;1 out of 5
889.579353;889.579353;"PI(16:1(9Z)/22:1(11Z))";[M-H];C47H87O13P;-1.79947e-3;-2.022833;889.581152;1 out of 5
889.579353;889.579353;"PI(17:2(9Z,12Z)/21:0)";[M-H];C47H87O13P;-1.79947e-3;-2.022833;889.581152;1 out of 5
889.579353;889.579353;"PI(18:2(9Z,12Z)/20:0)";[M-H];C47H87O13P;-1.79947e-3;-2.022833;889.581152;1 out of 5
889.579353;889.579353;"PI(19:1(9Z)/19:1(9Z))";[M-H];C47H87O13P;-1.79947e-3;-2.022833;889.581152;1 out of 5
889.579353;889.579353;"PI(20:1(11Z)/18:1(9Z))";[M-H];C47H87O13P;-1.79947e-3;-2.022833;889.581152;1 out of 5
889.579353;889.579353;"PI(20:2(11Z,14Z)/18:0)";[M-H];C47H87O13P;-1.79947e-3;-2.022833;889.581152;1 out of 5
889.579353;889.579353;"PI(21:0/17:2(9Z,12Z))";[M-H];C47H87O13P;-1.79947e-3;-2.022833;889.581152;1 out of 5
889.579353;889.579353;"PI(22:1(11Z)/16:1(9Z))";[M-H];C47H87O13P;-1.79947e-3;-2.022833;889.581152;1 out of 5
889.579353;889.579353;"PI(22:2(13Z,16Z)/16:0)";[M-H];C47H87O13P;-1.79947e-3;-2.022833;889.581152;1 out of 5
889.579353;889.579353;"PI(20:0/18:2(9Z,12Z))";[M-H];C47H87O13P;-1.79947e-3;-2.022833;889.581152;1 out of 5
889.579353;889.579353;"PI(18:1(9Z)/20:1(11Z))";[M-H];C47H87O13P;-1.79947e-3;-2.022833;889.581152;1 out of 5
889.579353;889.579353;"PI(18:0/20:2(11Z,14Z))";[M-H];C47H87O13P;-1.79947e-3;-2.022833;889.581152;1 out of 5
