"Observed m/z";"Adjusted m/z";Matched name;Adduct;Formula;Matched delta mass (Da);Matched difference (ppm);Matched theoretical mass;Coverage
122.985264;122.985264;Vinyl acetic acid;[M+K-H2];C4H6O2;-1.20432e-4;-0.979238;122.985384;1 out of 5
122.985264;122.985264;Isocrotonic acid;[M+K-H2];C4H6O2;-1.20432e-4;-0.979238;122.985384;1 out of 5
122.985264;122.985264;Crotonic acid;[M+K-H2];C4H6O2;-1.20432e-4;-0.979238;122.985384;1 out of 5
122.985264;122.985264;but-2-enoic acid;[M+K-H2];C4H6O2;-1.20432e-4;-0.979238;122.985384;1 out of 5
122.985264;122.985264;Dihydrofuran-2(3H)-one;[M+K-H2];C4H6O2;-1.20432e-4;-0.979238;122.985384;1 out of 5
122.985264;122.985264;Diacetyl;[M+K-H2];C4H6O2;-1.20432e-4;-0.979238;122.985384;1 out of 5
125.001099;125.001099;Butyric acid;[M+K-H2];C4H8O2;6.45040e-5;0.516028;125.001034;1 out of 5
125.001099;125.001099;Isobutyric acid;[M+K-H2];C4H8O2;6.45040e-5;0.516028;125.001034;1 out of 5
125.001099;125.001099;Methyl propionate;[M+K-H2];C4H8O2;6.45040e-5;0.516028;125.001034;1 out of 5
125.001099;125.001099;3-Hydroxybutan-2-one;[M+K-H2];C4H8O2;6.45040e-5;0.516028;125.001034;1 out of 5
125.001099;125.001099;3R-Hydroxybutan-2-one;[M+K-H2];C4H8O2;6.45040e-5;0.516028;125.001034;1 out of 5
134.985269;134.985269;beta-vinyl acrylic acid;[M+K-H2];C5H6O2;-1.15432e-4;-0.855144;134.985384;1 out of 5
134.985269;134.985269;"penta-2,4-dienoic acid";[M+K-H2];C5H6O2;-1.15432e-4;-0.855144;134.985384;1 out of 5
140.011839;140.011839;2S-amino-butanoic acid;[M+K-H2];C4H9NO2;-9.45280e-5;-0.675142;140.011934;1 out of 5
140.011839;140.011839;4-amino-butanoic acid;[M+K-H2];C4H9NO2;-9.45280e-5;-0.675142;140.011934;1 out of 5
140.011839;140.011839;2R-amino-butanoic acid;[M+K-H2];C4H9NO2;-9.45280e-5;-0.675142;140.011934;1 out of 5
140.011839;140.011839;(R)-b-amino-isobutyric acid;[M+K-H2];C4H9NO2;-9.45280e-5;-0.675142;140.011934;1 out of 5
140.011839;140.011839;(S)-b-amino-isobutyric acid;[M+K-H2];C4H9NO2;-9.45280e-5;-0.675142;140.011934;1 out of 5
140.011839;140.011839;2-amino-isobutyric acid;[M+K-H2];C4H9NO2;-9.45280e-5;-0.675142;140.011934;1 out of 5
140.011839;140.011839;3-amino-isobutanoic acid;[M+K-H2];C4H9NO2;-9.45280e-5;-0.675142;140.011934;1 out of 5
152.995808;152.995808;"2,4,6-Octatriynoic acid";[M+Na-H2];C8H4O2;1.16320e-5;0.076028;152.995796;1 out of 5
152.995808;152.995808;3-methyl-2-oxo-butanoic acid;[M+K-H2];C5H8O3;-1.41116e-4;-0.922351;152.995949;1 out of 5
152.995808;152.995808;2-keto valeric acid;[M+K-H2];C5H8O3;-1.41116e-4;-0.922351;152.995949;1 out of 5
152.995808;152.995808;3-keto valeric acid;[M+K-H2];C5H8O3;-1.41116e-4;-0.922351;152.995949;1 out of 5
152.995808;152.995808;Levulinic acid;[M+K-H2];C5H8O3;-1.41116e-4;-0.922351;152.995949;1 out of 5
152.995808;152.995808;5-oxo-pentanoic acid;[M+K-H2];C5H8O3;-1.41116e-4;-0.922351;152.995949;1 out of 5
152.995808;152.995808;2methyl-3-ketovaleric acid;[M+K-H2];C5H8O3;-1.41116e-4;-0.922351;152.995949;1 out of 5
152.995808;152.995808;methyl 3-hydroxybut-2-enoate;[M+K-H2];C5H8O3;-1.41116e-4;-0.922351;152.995949;1 out of 5
168.006909;168.006909;2-oxo-5-amino-pentanoic acid;[M+K-H2];C5H9NO3;6.08520e-5;0.362200;168.006848;1 out of 5
168.006909;168.006909;2-amino-4-oxo-pentanoic acid;[M+K-H2];C5H9NO3;6.08520e-5;0.362200;168.006848;1 out of 5
168.006909;168.006909;5-amino-levulinic acid;[M+K-H2];C5H9NO3;6.08520e-5;0.362200;168.006848;1 out of 5
168.006909;168.006909;glutaramic acid;[M+K-H2];C5H9NO3;6.08520e-5;0.362200;168.006848;1 out of 5
168.043087;168.043087;6-amino-hexanoic acid;[M+K-H2];C6H13NO2;-1.46656e-4;-0.872728;168.043234;1 out of 5
168.043087;168.043087;2S-amino-hexanoic acid;[M+K-H2];C6H13NO2;-1.46656e-4;-0.872728;168.043234;1 out of 5
168.043087;168.043087;2S-Amino-3S-methylpentanoic acid;[M+K-H2];C6H13NO2;-1.46656e-4;-0.872728;168.043234;1 out of 5
168.043087;168.043087;2-Amino-4-methylpentanoic acid;[M+K-H2];C6H13NO2;-1.46656e-4;-0.872728;168.043234;1 out of 5
168.990763;168.990763;3-hydroxy-3-methyl-2-oxo-butanoic acid;[M+K-H2];C5H8O4;-1.00736e-4;-0.596103;168.990864;1 out of 5
168.990763;168.990763;(S)-2-Acetolactate;[M+K-H2];C5H8O4;-1.00736e-4;-0.596103;168.990864;1 out of 5
168.990763;168.990763;(S)-4-hydroxy-2-oxopentanoic acid;[M+K-H2];C5H8O4;-1.00736e-4;-0.596103;168.990864;1 out of 5
168.990763;168.990763;2-Acetolactate;[M+K-H2];C5H8O4;-1.00736e-4;-0.596103;168.990864;1 out of 5
168.990763;168.990763;2-Hydroxy-4-oxopentanoic acid;[M+K-H2];C5H8O4;-1.00736e-4;-0.596103;168.990864;1 out of 5
168.990763;168.990763;dimethyl-malonic acid;[M+K-H2];C5H8O4;-1.00736e-4;-0.596103;168.990864;1 out of 5
168.990763;168.990763;Ethylmalonic acid;[M+K-H2];C5H8O4;-1.00736e-4;-0.596103;168.990864;1 out of 5
168.990763;168.990763;Methylsuccinic acid;[M+K-H2];C5H8O4;-1.00736e-4;-0.596103;168.990864;1 out of 5
168.990910;168.990910;3-hydroxy-3-methyl-2-oxo-butanoic acid;[M+K-H2];C5H8O4;4.62640e-5;0.273766;168.990864;1 out of 5
168.990910;168.990910;(S)-2-Acetolactate;[M+K-H2];C5H8O4;4.62640e-5;0.273766;168.990864;1 out of 5
168.990910;168.990910;(S)-4-hydroxy-2-oxopentanoic acid;[M+K-H2];C5H8O4;4.62640e-5;0.273766;168.990864;1 out of 5
168.990910;168.990910;2-Acetolactate;[M+K-H2];C5H8O4;4.62640e-5;0.273766;168.990864;1 out of 5
168.990910;168.990910;2-Hydroxy-4-oxopentanoic acid;[M+K-H2];C5H8O4;4.62640e-5;0.273766;168.990864;1 out of 5
168.990910;168.990910;dimethyl-malonic acid;[M+K-H2];C5H8O4;4.62640e-5;0.273766;168.990864;1 out of 5
168.990910;168.990910;Ethylmalonic acid;[M+K-H2];C5H8O4;4.62640e-5;0.273766;168.990864;1 out of 5
168.990910;168.990910;Methylsuccinic acid;[M+K-H2];C5H8O4;4.62640e-5;0.273766;168.990864;1 out of 5
171.006416;171.006416;"2,3-dihydroxy-valeric acid";[M+K-H2];C5H10O4;-9.78000e-5;-0.571908;171.006514;1 out of 5
171.006416;171.006416;"(R)-2,3-Dihydroxy-isovalerate";[M+K-H2];C5H10O4;-9.78000e-5;-0.571908;171.006514;1 out of 5
171.006416;171.006416;"2,3-Dihydroxy-2-methylbutanoic acid";[M+K-H2];C5H10O4;-9.78000e-5;-0.571908;171.006514;1 out of 5
174.040805;174.040805;2-amino-3-oxo-hexanedioic acid;[M-H];C6H9NO5;9.61200e-6;0.055228;174.040795;1 out of 5
175.024796;175.024796;"(4S,5S)-4,5-dihydroxy-2,6-dioxohexanoic acid";[M-H];C6H8O6;-1.49760e-5;-0.085565;175.024811;2 out of 5
175.024796;175.024796;2-hydroxy-3-oxoadipic acid;[M-H];C6H8O6;-1.49760e-5;-0.085565;175.024811;2 out of 5
175.024796;175.024796;"3-deoxy-D-glycero-hexo-2,5-diulosonic acid";[M-H];C6H8O6;-1.49760e-5;-0.085565;175.024811;2 out of 5
175.024796;175.024796;D-tagaturonic acid;[M-H2O-H];C6H10O7;-1.56600e-5;-0.089473;175.024812;1 out of 5
181.038546;181.038546;Adipamide;[M+K-H2];C6H12N2O2;6.33760e-5;0.350069;181.038483;1 out of 5
182.022537;182.022537;3-oxo-5S-amino-hexanoic acid;[M+K-H2];C6H11NO3;3.87880e-5;0.213095;182.022498;1 out of 5
188.995990;188.995990;Methyl furfuracrylate;[M+K-H2];C8H8O3;4.08840e-5;0.216322;188.995949;1 out of 5
188.995990;188.995990;6-Methylsalicylic acid;[M+K-H2];C8H8O3;4.08840e-5;0.216322;188.995949;1 out of 5
191.019714;191.019714;"2,5-didehydro-D-gluconic acid";[M-H];C6H8O7;-1.15960e-5;-0.060706;191.019726;2 out of 5
191.019714;191.019714;diketo-gulonic acid;[M-H];C6H8O7;-1.15960e-5;-0.060706;191.019726;2 out of 5
191.019714;191.019714;Galactaric acid;[M-H2O-H];C6H10O8;-1.22800e-5;-0.064287;191.019726;1 out of 5
191.019714;191.019714;Glucaric acid;[M-H2O-H];C6H10O8;-1.22800e-5;-0.064287;191.019726;1 out of 5
196.038015;196.038015;5-Acetamidovalerate;[M+K-H2];C7H13NO3;-1.33276e-4;-0.679847;196.038148;1 out of 5
196.038015;196.038015;Aminoadipic acid;[M+Cl];C6H11NO4;-1.93832e-4;-0.988746;196.038209;1 out of 5
211.001438;211.001438;"Deca-2,4,6-triynedioic acid";[M+Na-H2];C10H6O4;1.62328e-4;0.769322;211.001276;1 out of 5
211.001438;211.001438;"6,7-dihydroxy-4-oxo-2-heptenoic acid";[M+K-H2];C7H10O5;9.58000e-6;0.045403;211.001428;1 out of 5
211.001438;211.001438;3-oxopimelic acid;[M+K-H2];C7H10O5;9.58000e-6;0.045403;211.001428;1 out of 5
211.001438;211.001438;"(4S,5S)-4,5-dihydroxy-2,6-dioxohexanoic acid";[M+Cl];C6H8O6;-5.09760e-5;-0.241591;211.001489;2 out of 5
211.001438;211.001438;2-hydroxy-3-oxoadipic acid;[M+Cl];C6H8O6;-5.09760e-5;-0.241591;211.001489;2 out of 5
211.001438;211.001438;"3-deoxy-D-glycero-hexo-2,5-diulosonic acid";[M+Cl];C6H8O6;-5.09760e-5;-0.241591;211.001489;2 out of 5
213.017112;213.017112;"2,10-dihydroxy-4,6,8-decatriynoic acid";[M+Na-H2];C10H8O4;1.86264e-4;0.874409;213.016926;1 out of 5
213.017112;213.017112;3-propylmalic acid;[M+K-H2];C7H12O5;3.35160e-5;0.157339;213.017078;1 out of 5
213.017112;213.017112;"2,3-dimethyl-3-hydroxy-glutaric acid";[M+K-H2];C7H12O5;3.35160e-5;0.157339;213.017078;1 out of 5
213.017112;213.017112;2-isopropyl-malic acid;[M+K-H2];C7H12O5;3.35160e-5;0.157339;213.017078;1 out of 5
213.017112;213.017112;2-dehydro-3-deoxy-D-gluconic acid;[M+Cl];C6H10O6;-2.70400e-5;-0.126938;213.017139;1 out of 5
213.017112;213.017112;2-Keto-3-deoxy-D-gluconic acid;[M+Cl];C6H10O6;-2.70400e-5;-0.126938;213.017139;1 out of 5
215.032733;215.032733;"2E,4E,6Z,8Z-Decatetraenedioic acid";[M+Na-H2];C10H10O4;1.57200e-4;0.731052;215.032576;1 out of 5
215.032733;215.032733;"2E,4Z,6Z,8Z-Decatetraenedioic acid";[M+Na-H2];C10H10O4;1.57200e-4;0.731052;215.032576;1 out of 5
215.032733;215.032733;"2E,4E,6E,8E-Decatetraenedioic acid";[M+Na-H2];C10H10O4;1.57200e-4;0.731052;215.032576;1 out of 5
215.032733;215.032733;"Deca-4,6,8-triyne-1,1,2,3-tetraol";[M+Na-H2];C10H10O4;1.57200e-4;0.731052;215.032576;1 out of 5
215.032733;215.032733;Fuconic acid;[M+Cl];C6H12O6;-5.61040e-5;-0.260909;215.032789;1 out of 5
224.069342;224.069342;7-oxo-8-amino-nonanoic acid;[M+K-H2];C9H17NO3;-1.06404e-4;-0.474871;224.069448;1 out of 5
224.069342;224.069342;7-Keto-8-aminopelargonic acid;[M+K-H2];C9H17NO3;-1.06404e-4;-0.474871;224.069448;1 out of 5
226.996438;226.996438;"3,7-dideoxy-D-threo-hepto-2,6-diuolosonic acid";[M+K-H2];C7H10O6;9.49600e-5;0.418333;226.996343;1 out of 5
226.996438;226.996438;4-hydroxy-2-oxo-Heptanedioic acid;[M+K-H2];C7H10O6;9.49600e-5;0.418333;226.996343;1 out of 5
226.996438;226.996438;"2,4-dihydroxy-2-heptenedioc acid";[M+K-H2];C7H10O6;9.49600e-5;0.418333;226.996343;1 out of 5
226.996438;226.996438;"2,5-didehydro-D-gluconic acid";[M+Cl];C6H8O7;3.44040e-5;0.151562;226.996404;2 out of 5
226.996438;226.996438;diketo-gulonic acid;[M+Cl];C6H8O7;3.44040e-5;0.151562;226.996404;2 out of 5
229.050559;229.050559;Visnagin;[M-H];C13H10O4;-7.28000e-5;-0.317834;229.050632;2 out of 5
229.050559;229.050559;"methyl 10-acetoxy-8,9-epoxy-2Z-decen-4,6-diynoate";[M-H2O-H];C13H12O5;-7.34840e-5;-0.320820;229.050632;1 out of 5
232.983427;232.983427;"2-(hexa-5-en-1,3-diyn-1-yl)-5-(prop-1-yn-1-yl)thiophene";[M+K-H2];C13H8S;1.50744e-4;0.647016;232.983276;1 out of 5
241.011890;241.011890;"(2R,3S)-2-methylcitric acid";[M+Cl];C7H10O7;-1.63660e-4;-0.679053;241.012054;1 out of 5
241.011890;241.011890;"(2S,3R)-3-hydroxybutane-1,2,3-tricarboxylic acid";[M+Cl];C7H10O7;-1.63660e-4;-0.679053;241.012054;1 out of 5
245.043155;245.043155;4-methyl-5-carboxyethyl-2-furanacrylic acid;[M+Na-H2];C11H12O5;1.45160e-5;0.059239;245.043140;1 out of 5
265.027375;265.027375;Resveratrol;[M+K-H2];C14H12O3;1.25756e-4;0.474502;265.027249;1 out of 5
265.027375;265.027375;Visnagin;[M+Cl];C13H10O4;6.52000e-5;0.246012;265.027310;2 out of 5
267.029961;267.029961;Coumestrol;[M-H];C15H8O5;6.46440e-5;0.242085;267.029896;1 out of 5
267.029961;267.029961;Baptigenin;[M-H2O-H];C15H10O6;6.39600e-5;0.239524;267.029897;1 out of 5
267.029961;267.029961;Unknown Name;[M-H2O-H];C15H10O6;6.39600e-5;0.239524;267.029897;35 out of 5
267.029961;267.029961;Orobol;[M-H2O-H];C15H10O6;6.39600e-5;0.239524;267.029897;1 out of 5
267.029961;267.029961;2'-Hydroxygenistein;[M-H2O-H];C15H10O6;6.39600e-5;0.239524;267.029897;1 out of 5
267.029961;267.029961;6-Hydroxygenistein;[M-H2O-H];C15H10O6;6.39600e-5;0.239524;267.029897;1 out of 5
267.029961;267.029961;Kaempferol;[M-H2O-H];C15H10O6;6.39600e-5;0.239524;267.029897;1 out of 5
267.029961;267.029961;Luteolin;[M-H2O-H];C15H10O6;6.39600e-5;0.239524;267.029897;1 out of 5
267.029961;267.029961;Unknown Name;[M-H2O-H];C15H10O6;6.39600e-5;0.239524;267.029897;35 out of 5
267.029961;267.029961;Unknown Name;[M-H2O-H];C15H10O6;6.39600e-5;0.239524;267.029897;35 out of 5
267.029961;267.029961;Unknown Name;[M-H2O-H];C15H10O6;6.39600e-5;0.239524;267.029897;35 out of 5
267.029961;267.029961;Unknown Name;[M-H2O-H];C15H10O6;6.39600e-5;0.239524;267.029897;35 out of 5
267.029961;267.029961;Norartocarpetin;[M-H2O-H];C15H10O6;6.39600e-5;0.239524;267.029897;1 out of 5
267.029961;267.029961;Scutellarein;[M-H2O-H];C15H10O6;6.39600e-5;0.239524;267.029897;1 out of 5
267.029961;267.029961;Isoscutellarein;[M-H2O-H];C15H10O6;6.39600e-5;0.239524;267.029897;1 out of 5
267.029961;267.029961;Fisetin;[M-H2O-H];C15H10O6;6.39600e-5;0.239524;267.029897;1 out of 5
267.029961;267.029961;Unknown Name;[M-H2O-H];C15H10O6;6.39600e-5;0.239524;267.029897;35 out of 5
267.029961;267.029961;Datiscetin;[M-H2O-H];C15H10O6;6.39600e-5;0.239524;267.029897;1 out of 5
267.029961;267.029961;6-Hydroxygalangin;[M-H2O-H];C15H10O6;6.39600e-5;0.239524;267.029897;1 out of 5
267.029961;267.029961;8-Hydroxygalangin;[M-H2O-H];C15H10O6;6.39600e-5;0.239524;267.029897;1 out of 5
267.029961;267.029961;Maritimetin;[M-H2O-H];C15H10O6;6.39600e-5;0.239524;267.029897;1 out of 5
267.029961;267.029961;Aureusidin;[M-H2O-H];C15H10O6;6.39600e-5;0.239524;267.029897;1 out of 5
267.029961;267.029961;Helmon;[M-H2O-H];C15H10O6;6.39600e-5;0.239524;267.029897;1 out of 5
267.029961;267.029961;omega-Hydroxyemodin;[M-H2O-H];C15H10O6;6.39600e-5;0.239524;267.029897;1 out of 5
291.006419;291.006419;Daidzein;[M+K-H2];C15H10O4;-9.48000e-5;-0.325766;291.006514;1 out of 5
291.006419;291.006419;Unknown Name;[M+K-H2];C15H10O4;-9.48000e-5;-0.325766;291.006514;30 out of 5
291.006419;291.006419;Unknown Name;[M+K-H2];C15H10O4;-9.48000e-5;-0.325766;291.006514;30 out of 5
291.006419;291.006419;Anhydroglycinol;[M+K-H2];C15H10O4;-9.48000e-5;-0.325766;291.006514;1 out of 5
291.006419;291.006419;Nordalbergin;[M+K-H2];C15H10O4;-9.48000e-5;-0.325766;291.006514;1 out of 5
291.006419;291.006419;Serratin;[M+K-H2];C15H10O4;-9.48000e-5;-0.325766;291.006514;1 out of 5
291.006419;291.006419;Unknown Name;[M+K-H2];C15H10O4;-9.48000e-5;-0.325766;291.006514;30 out of 5
291.006419;291.006419;Unknown Name;[M+K-H2];C15H10O4;-9.48000e-5;-0.325766;291.006514;30 out of 5
291.006419;291.006419;Unknown Name;[M+K-H2];C15H10O4;-9.48000e-5;-0.325766;291.006514;30 out of 5
291.006419;291.006419;Unknown Name;[M+K-H2];C15H10O4;-9.48000e-5;-0.325766;291.006514;30 out of 5
291.006419;291.006419;Primetin;[M+K-H2];C15H10O4;-9.48000e-5;-0.325766;291.006514;1 out of 5
291.006419;291.006419;Chrysin;[M+K-H2];C15H10O4;-9.48000e-5;-0.325766;291.006514;1 out of 5
291.006419;291.006419;Unknown Name;[M+K-H2];C15H10O4;-9.48000e-5;-0.325766;291.006514;30 out of 5
291.006419;291.006419;Hispidol;[M+K-H2];C15H10O4;-9.48000e-5;-0.325766;291.006514;1 out of 5
291.006419;291.006419;Chrysophanol;[M+K-H2];C15H10O4;-9.48000e-5;-0.325766;291.006514;1 out of 5
291.006419;291.006419;Rubiadin;[M+K-H2];C15H10O4;-9.48000e-5;-0.325766;291.006514;1 out of 5
297.038103;297.038103;Thysanone;[M+Na-H2];C14H12O6;4.78960e-5;0.161245;297.038055;1 out of 5
298.069883;298.069883;Methylmalonylcarnitine;[M+K-H2];C11H19NO6;4.06720e-5;0.136451;298.069842;1 out of 5
298.069883;298.069883;O-methylmalonylcarnitine;[M+K-H2];C11H19NO6;4.06720e-5;0.136451;298.069842;1 out of 5
298.069883;298.069883;O-succinylcarnitine;[M+K-H2];C11H19NO6;4.06720e-5;0.136451;298.069842;1 out of 5
299.123188;299.123188;"11,11-Difluoro-9Z-dodecenyl acetate";[M+K-H2];C14H24O2F2;1.46552e-4;0.489939;299.123041;1 out of 5
299.123188;299.123188;"7,7-Difluoro-8Z-dodecenyl acetate";[M+K-H2];C14H24F2O2;1.46552e-4;0.489939;299.123041;1 out of 5
306.029743;306.029743;Pelargonidin;[M+Cl];C15H11O5;2.42128e-4;0.791191;306.029501;1 out of 5
315.048530;315.048530;6-Tuliposide A;[M+K-H2];C11H18O8;-2.42536e-4;-0.769836;315.048773;1 out of 5
315.048530;315.048530;Tuliposide A;[M+K-H2];C11H18O8;-2.42536e-4;-0.769836;315.048773;1 out of 5
317.225336;317.225336;10Z-Nonadecenal;[M+K-H2];C19H36O;1.15228e-4;0.363237;317.225221;1 out of 5
317.225336;317.225336;9Z-Nonadecenal;[M+K-H2];C19H36O;1.15228e-4;0.363237;317.225221;1 out of 5
317.225336;317.225336;10Z-Nonadecen-2-one;[M+K-H2];C19H36O;1.15228e-4;0.363237;317.225221;1 out of 5
317.225336;317.225336;12Z-Nonadecen-9-one;[M+K-H2];C19H36O;1.15228e-4;0.363237;317.225221;1 out of 5
317.225336;317.225336;10-Nonadecen-2-one;[M+K-H2];C19H36O;1.15228e-4;0.363237;317.225221;1 out of 5
317.225336;317.225336;7-Ethyl-4-heptadecen-6-one;[M+K-H2];C19H36O;1.15228e-4;0.363237;317.225221;1 out of 5
317.225336;317.225336;"2-methyl-7R,8S-Epoxy-17-octadecene";[M+K-H2];C19H36O;1.15228e-4;0.363237;317.225221;1 out of 5
317.225336;317.225336;"9S,10R-Epoxy-6Z-nonadecene";[M+K-H2];C19H36O;1.15228e-4;0.363237;317.225221;1 out of 5
317.225336;317.225336;"6R,7S-Epoxy-9Z-nonadecene";[M+K-H2];C19H36O;1.15228e-4;0.363237;317.225221;1 out of 5
317.225336;317.225336;"6S,7R-Epoxy-9Z-nonadecene";[M+K-H2];C19H36O;1.15228e-4;0.363237;317.225221;1 out of 5
317.225336;317.225336;2-chloro-stearic acid;[M-H];C18H35O2Cl;5.49600e-5;0.173252;317.225281;1 out of 5
317.225336;317.225336;2-methyl-16-heptadecenoic acid;[M+Cl];C18H34O2;5.46720e-5;0.172344;317.225281;1 out of 5
317.225336;317.225336;17:1(4)(16Me);[M+Cl];C18H34O2;5.46720e-5;0.172344;317.225281;1 out of 5
317.225336;317.225336;17:1(6)(9Me);[M+Cl];C18H34O2;5.46720e-5;0.172344;317.225281;1 out of 5
317.225336;317.225336;17:1(12)(7Me);[M+Cl];C18H34O2;5.46720e-5;0.172344;317.225281;1 out of 5
317.225336;317.225336;Isooctadecenoic acid;[M+Cl];C18H34O2;5.46720e-5;0.172344;317.225281;1 out of 5
317.225336;317.225336;Isooctadecenoic acid;[M+Cl];C18H34O2;5.46720e-5;0.172344;317.225281;1 out of 5
317.225336;317.225336;Oleic acid;[M+Cl];C18H34O2;5.46720e-5;0.172344;317.225281;1 out of 5
317.225336;317.225336;2Z-octadecenoic acid;[M+Cl];C18H34O2;5.46720e-5;0.172344;317.225281;1 out of 5
317.225336;317.225336;trans-2-oleic acid;[M+Cl];C18H34O2;5.46720e-5;0.172344;317.225281;1 out of 5
317.225336;317.225336;3-octadecylenic acid;[M+Cl];C18H34O2;5.46720e-5;0.172344;317.225281;1 out of 5
317.225336;317.225336;4-octadecylenic acid;[M+Cl];C18H34O2;5.46720e-5;0.172344;317.225281;1 out of 5
317.225336;317.225336;Thalictric acid;[M+Cl];C18H34O2;5.46720e-5;0.172344;317.225281;1 out of 5
317.225336;317.225336;Petroselinic acid;[M+Cl];C18H34O2;5.46720e-5;0.172344;317.225281;1 out of 5
317.225336;317.225336;Petroselaidic acid;[M+Cl];C18H34O2;5.46720e-5;0.172344;317.225281;1 out of 5
317.225336;317.225336;7Z-octadecenoic acid;[M+Cl];C18H34O2;5.46720e-5;0.172344;317.225281;1 out of 5
317.225336;317.225336;7E-octadecenoic acid;[M+Cl];C18H34O2;5.46720e-5;0.172344;317.225281;1 out of 5
317.225336;317.225336;cis-8-oleic acid;[M+Cl];C18H34O2;5.46720e-5;0.172344;317.225281;1 out of 5
317.225336;317.225336;trans-8-elaidic acid;[M+Cl];C18H34O2;5.46720e-5;0.172344;317.225281;1 out of 5
317.225336;317.225336;9-elaidic acid;[M+Cl];C18H34O2;5.46720e-5;0.172344;317.225281;1 out of 5
317.225336;317.225336;cis-10-oleic acid;[M+Cl];C18H34O2;5.46720e-5;0.172344;317.225281;1 out of 5
317.225336;317.225336;10E-octadecenoic acid;[M+Cl];C18H34O2;5.46720e-5;0.172344;317.225281;1 out of 5
317.225336;317.225336;cis-vaccenic acid;[M+Cl];C18H34O2;5.46720e-5;0.172344;317.225281;1 out of 5
317.225336;317.225336;trans-vaccenic acid;[M+Cl];C18H34O2;5.46720e-5;0.172344;317.225281;1 out of 5
317.225336;317.225336;cis-12-oleic acid;[M+Cl];C18H34O2;5.46720e-5;0.172344;317.225281;1 out of 5
317.225336;317.225336;trans-12-elaidic acid;[M+Cl];C18H34O2;5.46720e-5;0.172344;317.225281;1 out of 5
317.225336;317.225336;15E-octadecenoic acid;[M+Cl];C18H34O2;5.46720e-5;0.172344;317.225281;1 out of 5
317.225336;317.225336;16E-octadecenoic acid;[M+Cl];C18H34O2;5.46720e-5;0.172344;317.225281;1 out of 5
317.225336;317.225336;13Z-octadecenoic acid;[M+Cl];C18H34O2;5.46720e-5;0.172344;317.225281;1 out of 5
317.225336;317.225336;15Z-octadecenoic acid;[M+Cl];C18H34O2;5.46720e-5;0.172344;317.225281;1 out of 5
317.225336;317.225336;16Z-octadecenoic acid;[M+Cl];C18H34O2;5.46720e-5;0.172344;317.225281;1 out of 5
317.225336;317.225336;17-octadecenoic acid;[M+Cl];C18H34O2;5.46720e-5;0.172344;317.225281;1 out of 5
317.225336;317.225336;3Z-octadecenoic acid;[M+Cl];C18H34O2;5.46720e-5;0.172344;317.225281;1 out of 5
317.225336;317.225336;4Z-octadecenoic acid;[M+Cl];C18H34O2;5.46720e-5;0.172344;317.225281;1 out of 5
317.225336;317.225336;5Z-octadecenoic acid;[M+Cl];C18H34O2;5.46720e-5;0.172344;317.225281;1 out of 5
317.225336;317.225336;18:1(13E);[M+Cl];C18H34O2;5.46720e-5;0.172344;317.225281;1 out of 5
317.225336;317.225336;18:1(14E);[M+Cl];C18H34O2;5.46720e-5;0.172344;317.225281;1 out of 5
317.225336;317.225336;18:1(14Z);[M+Cl];C18H34O2;5.46720e-5;0.172344;317.225281;1 out of 5
317.225336;317.225336;17:1(4)(15Me);[M+Cl];C18H34O2;5.46720e-5;0.172344;317.225281;1 out of 5
317.225336;317.225336;10-Octadecenoic acid;[M+Cl];C18H34O2;5.46720e-5;0.172344;317.225281;1 out of 5
317.225336;317.225336;11-Cycloheptylundecanoic acid;[M+Cl];C18H34O2;5.46720e-5;0.172344;317.225281;1 out of 5
317.225336;317.225336;Dihydromalvalic acid;[M+Cl];C18H34O2;5.46720e-5;0.172344;317.225281;1 out of 5
317.225336;317.225336;Cyclopentanetridecanoic acid;[M+Cl];C18H34O2;5.46720e-5;0.172344;317.225281;1 out of 5
317.225336;317.225336;11E-Hexadecenyl acetate;[M+Cl];C18H34O2;5.46720e-5;0.172344;317.225281;1 out of 5
317.225336;317.225336;5E-Hexadecenyl acetate;[M+Cl];C18H34O2;5.46720e-5;0.172344;317.225281;1 out of 5
317.225336;317.225336;6E-Hexadecenyl acetate;[M+Cl];C18H34O2;5.46720e-5;0.172344;317.225281;1 out of 5
317.225336;317.225336;8E-Hexadecenyl acetate;[M+Cl];C18H34O2;5.46720e-5;0.172344;317.225281;1 out of 5
317.225336;317.225336;9E-Hexadecenyl acetate;[M+Cl];C18H34O2;5.46720e-5;0.172344;317.225281;1 out of 5
317.225336;317.225336;10Z-Hexadecenyl acetate;[M+Cl];C18H34O2;5.46720e-5;0.172344;317.225281;1 out of 5
317.225336;317.225336;11Z-Hexadecenyl acetate;[M+Cl];C18H34O2;5.46720e-5;0.172344;317.225281;1 out of 5
317.225336;317.225336;12Z-Hexadecenyl acetate;[M+Cl];C18H34O2;5.46720e-5;0.172344;317.225281;1 out of 5
317.225336;317.225336;3Z-Hexadecenyl acetate;[M+Cl];C18H34O2;5.46720e-5;0.172344;317.225281;1 out of 5
317.225336;317.225336;5Z-Hexadecenyl acetate;[M+Cl];C18H34O2;5.46720e-5;0.172344;317.225281;1 out of 5
317.225336;317.225336;7Z-Hexadecenyl acetate;[M+Cl];C18H34O2;5.46720e-5;0.172344;317.225281;1 out of 5
317.225336;317.225336;9Z-Hexadecenyl acetate;[M+Cl];C18H34O2;5.46720e-5;0.172344;317.225281;1 out of 5
317.225336;317.225336;7-Hexadecenyl acetate;[M+Cl];C18H34O2;5.46720e-5;0.172344;317.225281;1 out of 5
317.225336;317.225336;ethyl 7Z-hexadecenoate;[M+Cl];C18H34O2;5.46720e-5;0.172344;317.225281;1 out of 5
317.225336;317.225336;Methyl 14-methyl-8E-hexadecenoate;[M+Cl];C18H34O2;5.46720e-5;0.172344;317.225281;1 out of 5
317.225336;317.225336;Methyl 14-methyl-8Z-hexadecenoate;[M+Cl];C18H34O2;5.46720e-5;0.172344;317.225281;1 out of 5
317.225336;317.225336;ethyl 9Z-hexadecenoate;[M+Cl];C18H34O2;5.46720e-5;0.172344;317.225281;1 out of 5
317.225336;317.225336;Ethyl 9-hexadecenoate;[M+Cl];C18H34O2;5.46720e-5;0.172344;317.225281;1 out of 5
317.225336;317.225336;18-Octadecanolide;[M+Cl];C18H34O2;5.46720e-5;0.172344;317.225281;1 out of 5
319.095177;319.095177;Aurentiacin;[M+Na-H2];C18H18O4;9.44000e-7;0.002958;319.095176;1 out of 5
319.095177;319.095177;Unknown Name;[M+Na-H2];C18H18O4;9.44000e-7;0.002958;319.095176;24 out of 5
319.095177;319.095177;Ceroptene;[M+Na-H2];C18H18O4;9.44000e-7;0.002958;319.095176;1 out of 5
319.095177;319.095177;Infectocaryone;[M+Na-H2];C18H18O4;9.44000e-7;0.002958;319.095176;1 out of 5
319.095177;319.095177;"7,4'-Dimethoxy-6-C-methylflavanone";[M+Na-H2];C18H18O4;9.44000e-7;0.002958;319.095176;1 out of 5
319.095177;319.095177;Unknown Name;[M+Na-H2];C18H18O4;9.44000e-7;0.002958;319.095176;24 out of 5
319.095177;319.095177;"(+)-6,8-Di-C-methylpinocembrin 5-methyl ether";[M+Na-H2];C18H18O4;9.44000e-7;0.002958;319.095176;1 out of 5
319.095177;319.095177;Unknown Name;[M+Na-H2];C18H18O4;9.44000e-7;0.002958;319.095176;24 out of 5
319.095177;319.095177;Unknown Name;[M+Na-H2];C18H18O4;9.44000e-7;0.002958;319.095176;24 out of 5
319.095177;319.095177;"3,4-dimethyl-5-carboxyethyl-2-furanhexanoic acid";[M+K-H2];C15H22O5;-1.51804e-4;-0.475732;319.095329;1 out of 5
319.095177;319.095177;"3,4-dimethyl-5-carboxypropyl-2-furanpentanoic acid";[M+K-H2];C15H22O5;-1.51804e-4;-0.475732;319.095329;1 out of 5
319.095177;319.095177;dihydrophaseic acid;[M+K-H2];C15H22O5;-1.51804e-4;-0.475732;319.095329;1 out of 5
319.095177;319.095177;epi-dihydrophaseic acid;[M+K-H2];C15H22O5;-1.51804e-4;-0.475732;319.095329;1 out of 5
319.095177;319.095177;Artemisin;[M+K-H2];C15H22O5;-1.51804e-4;-0.475732;319.095329;1 out of 5
319.095177;319.095177;3-carboxy-4-methyl-5-(4-hydroxypentyl)-2-furanpropanoic acid;[M+Cl];C14H20O6;-2.12360e-4;-0.665506;319.095389;1 out of 5
319.095177;319.095177;karalicin;[M+Cl];C14H20O6;-2.12360e-4;-0.665506;319.095389;1 out of 5
339.209687;339.209687;pregnan-21-al;[M+K-H2];C21H34O;1.16292e-4;0.342832;339.209571;1 out of 5
339.209687;339.209687;(Z)-3-(pentadec-8-en-1-yl)phenol;[M+K-H2];C21H34O;1.16292e-4;0.342832;339.209571;1 out of 5
339.209687;339.209687;"18-methyl-5Z,8Z,11Z,14Z-nonadecatetraenoic acid";[M+Cl];C20H32O2;5.57360e-5;0.164311;339.209631;1 out of 5
339.209687;339.209687;"16:3(2E,10E,12E)(3Me,5Me[R],7My,15Me)";[M+Cl];C20H32O2;5.57360e-5;0.164311;339.209631;1 out of 5
339.209687;339.209687;"17:4(2E,4E,9E,11E)(8Me[R],10Me,15Me[R])";[M+Cl];C20H32O2;5.57360e-5;0.164311;339.209631;1 out of 5
339.209687;339.209687;Arachidonic acid;[M+Cl];C20H32O2;5.57360e-5;0.164311;339.209631;1 out of 5
339.209687;339.209687;"4,8,12,16-eicosatetraenoic acid";[M+Cl];C20H32O2;5.57360e-5;0.164311;339.209631;1 out of 5
339.209687;339.209687;"6,10,14,18-eicosatetraenoic acid";[M+Cl];C20H32O2;5.57360e-5;0.164311;339.209631;1 out of 5
339.209687;339.209687;"8,11,14,17-eicosatetraenoic acid";[M+Cl];C20H32O2;5.57360e-5;0.164311;339.209631;1 out of 5
339.209687;339.209687;"4,7,10,13-Eicosatetraenoic acid";[M+Cl];C20H32O2;5.57360e-5;0.164311;339.209631;1 out of 5
339.209687;339.209687;"4Z,7Z,10Z,13Z-eicosatetraenoic acid";[M+Cl];C20H32O2;5.57360e-5;0.164311;339.209631;1 out of 5
339.209687;339.209687;"4Z,8Z,11Z,14Z-eicosatetraenoic acid";[M+Cl];C20H32O2;5.57360e-5;0.164311;339.209631;1 out of 5
339.209687;339.209687;"5,11,14,17-Eicosatetraenoic acid";[M+Cl];C20H32O2;5.57360e-5;0.164311;339.209631;1 out of 5
339.209687;339.209687;"5,8,11,14-eicosatetraenoic acid";[M+Cl];C20H32O2;5.57360e-5;0.164311;339.209631;1 out of 5
339.209687;339.209687;Juniperonic acid;[M+Cl];C20H32O2;5.57360e-5;0.164311;339.209631;1 out of 5
339.209687;339.209687;"8Z,11Z,14Z,18Z-eicosatetraenoic acid";[M+Cl];C20H32O2;5.57360e-5;0.164311;339.209631;1 out of 5
339.209687;339.209687;"7,13-Eicosadiynoic acid";[M+Cl];C20H32O2;5.57360e-5;0.164311;339.209631;1 out of 5
339.209687;339.209687;"8,11-Eicosadiynoic acid";[M+Cl];C20H32O2;5.57360e-5;0.164311;339.209631;1 out of 5
339.209687;339.209687;"10,13-Eicosadiynoic acid";[M+Cl];C20H32O2;5.57360e-5;0.164311;339.209631;1 out of 5
339.209687;339.209687;"2E,8Z,11Z,14Z-Eicosatetraenoic acid";[M+Cl];C20H32O2;5.57360e-5;0.164311;339.209631;1 out of 5
339.209687;339.209687;5(E)-Arachidonic acid;[M+Cl];C20H32O2;5.57360e-5;0.164311;339.209631;1 out of 5
339.209687;339.209687;omega-3-Arachidonic acid;[M+Cl];C20H32O2;5.57360e-5;0.164311;339.209631;1 out of 5
339.209687;339.209687;"20:4(5Z,13Z,16Z,19Z)";[M+Cl];C20H32O2;5.57360e-5;0.164311;339.209631;1 out of 5
339.209687;339.209687;"17:4(2E,4E,9E,11E)(7Me[R],10Me,13Me[S])";[M+Cl];C20H32O2;5.57360e-5;0.164311;339.209631;1 out of 5
339.209687;339.209687;"16:3(2E,9E,11E)(3Me,5Me[S],7My,15Me)";[M+Cl];C20H32O2;5.57360e-5;0.164311;339.209631;1 out of 5
339.209687;339.209687;"7Z,11Z,14Z,17Z-Eicosatetraenoic acid";[M+Cl];C20H32O2;5.57360e-5;0.164311;339.209631;1 out of 5
339.209687;339.209687;8-[3]-ladderane-octanoic acid;[M+Cl];C20H32O2;5.57360e-5;0.164311;339.209631;1 out of 5
339.209687;339.209687;8-[1]-ladderane octanoic acid;[M+Cl];C20H32O2;5.57360e-5;0.164311;339.209631;1 out of 5
339.209687;339.209687;"7Z,10Z,13Z,16Z-eicosatraenoic acid";[M+Cl];C20H32O2;5.57360e-5;0.164311;339.209631;1 out of 5
339.209687;339.209687;Methandriol;[M+Cl];C20H32O2;5.57360e-5;0.164311;339.209631;1 out of 5
339.209687;339.209687;Mestanolone;[M+Cl];C20H32O2;5.57360e-5;0.164311;339.209631;1 out of 5
339.209687;339.209687;Mesterolone;[M+Cl];C20H32O2;5.57360e-5;0.164311;339.209631;1 out of 5
339.209687;339.209687;Geranylgeranoic acid;[M+Cl];C20H32O2;5.57360e-5;0.164311;339.209631;1 out of 5
339.209687;339.209687;(+)-Serradiol;[M+Cl];C20H32O2;5.57360e-5;0.164311;339.209631;1 out of 5
339.209687;339.209687;(-)-Cladielline;[M+Cl];C20H32O2;5.57360e-5;0.164311;339.209631;1 out of 5
339.209687;339.209687;(-)-Amijiol;[M+Cl];C20H32O2;5.57360e-5;0.164311;339.209631;1 out of 5
339.209687;339.209687;(-)-Isoamijiol;[M+Cl];C20H32O2;5.57360e-5;0.164311;339.209631;1 out of 5
339.209687;339.209687;"Taxa-4(20),11(12)-dien-5alpha,13alpha-diol";[M+Cl];C20H32O2;5.57360e-5;0.164311;339.209631;1 out of 5
339.209687;339.209687;Isotrinervidiol;[M+Cl];C20H32O2;5.57360e-5;0.164311;339.209631;1 out of 5
339.209687;339.209687;Acutilol A;[M+Cl];C20H32O2;5.57360e-5;0.164311;339.209631;1 out of 5
339.209687;339.209687;(-)-Reiswigin A;[M+Cl];C20H32O2;5.57360e-5;0.164311;339.209631;1 out of 5
339.209687;339.209687;Ximaosarcophytol A;[M+Cl];C20H32O2;5.57360e-5;0.164311;339.209631;1 out of 5
339.209687;339.209687;Ximaosarcophytol B;[M+Cl];C20H32O2;5.57360e-5;0.164311;339.209631;1 out of 5
359.005277;359.005277;"16-bromo-7E,15E-hexadecadien-5,13-diynoic acid";[M+K-H2];C16H19BrO2;-1.69948e-4;-0.473386;359.005447;1 out of 5
377.085609;377.085609;Gentiopicrin;[M+Na-H2];C16H20O9;2.09780e-4;0.556320;377.085399;1 out of 5
391.225550;391.225550;Unknown Name;[M+Na-H2];C24H34O3;8.80520e-5;0.225067;391.225462;24 out of 5
391.225550;391.225550;Unknown Name;[M+Na-H2];C24H34O3;8.80520e-5;0.225067;391.225462;24 out of 5
391.225550;391.225550;Unknown Name;[M+Na-H2];C24H34O3;8.80520e-5;0.225067;391.225462;24 out of 5
391.225550;391.225550;Unknown Name;[M+Na-H2];C24H34O3;8.80520e-5;0.225067;391.225462;24 out of 5
391.225550;391.225550;Unknown Name;[M+Na-H2];C24H34O3;8.80520e-5;0.225067;391.225462;24 out of 5
391.225550;391.225550;Unknown Name;[M+Na-H2];C24H34O3;8.80520e-5;0.225067;391.225462;24 out of 5
391.225550;391.225550;Unknown Name;[M+Na-H2];C24H34O3;8.80520e-5;0.225067;391.225462;24 out of 5
391.225550;391.225550;"6-((8Z,11Z,14Z)-heptadeca-8,11,14-trien-1-yl)salicylic acid";[M+Na-H2];C24H34O3;8.80520e-5;0.225067;391.225462;1 out of 5
391.225550;391.225550;CPA(16:0);[M-H];C19H37O6P;5.14660e-5;0.131551;391.225499;1 out of 5
391.225550;391.225550;"PA(0:0/16:0)";[M-H2O-H];C19H39O7P;5.07820e-5;0.129802;391.225499;1 out of 5
391.225550;391.225550;"PA(16:0/0:0)";[M-H2O-H];C19H39O7P;5.07820e-5;0.129802;391.225499;1 out of 5
391.225550;391.225550;1-palmitoylglycerol 3-phosphate;[M-H2O-H];C19H39O7P;5.07820e-5;0.129802;391.225499;1 out of 5
391.225550;391.225550;Ceriporic acid B;[M+K-H2];C21H38O4;-6.46960e-5;-0.165367;391.225615;1 out of 5
391.225550;391.225550;PGF2alpha methyl ether;[M+K-H2];C21H38O4;-6.46960e-5;-0.165367;391.225615;1 out of 5
391.225550;391.225550;Persenone B;[M+K-H2];C21H38O4;-6.46960e-5;-0.165367;391.225615;1 out of 5
391.225550;391.225550;"MG(18:2(9Z,12Z)/0:0/0:0)[rac]";[M+K-H2];C21H38O4;-6.46960e-5;-0.165367;391.225615;1 out of 5
391.225550;391.225550;2-linoleoyl-sn-glycerol;[M+K-H2];C21H38O4;-6.46960e-5;-0.165367;391.225615;1 out of 5
391.225550;391.225550;PGF1beta;[M+Cl];C20H36O5;-1.25252e-4;-0.320153;391.225675;1 out of 5
391.225550;391.225550;"13,14-dihydro-PGF2alpha";[M+Cl];C20H36O5;-1.25252e-4;-0.320153;391.225675;1 out of 5
391.225550;391.225550;PGF1alpha;[M+Cl];C20H36O5;-1.25252e-4;-0.320153;391.225675;1 out of 5
391.225550;391.225550;"13,14-dihydro-PGE1";[M+Cl];C20H36O5;-1.25252e-4;-0.320153;391.225675;1 out of 5
391.225550;391.225550;"13,14-dihydro-15-keto-PGF1alpha";[M+Cl];C20H36O5;-1.25252e-4;-0.320153;391.225675;1 out of 5
415.225403;415.225403;"PA(0:0/18:2(9Z,12Z))";[M-H2O-H];C21H39O7P;-9.62180e-5;-0.231725;415.225499;1 out of 5
415.225403;415.225403;"PA(18:2(9Z,12Z)/0:0)";[M-H2O-H];C21H39O7P;-9.62180e-5;-0.231725;415.225499;1 out of 5
415.225403;415.225403;Unknown Name;[M+K-H2];C23H38O4;-2.11696e-4;-0.509834;415.225615;30 out of 5
415.225403;415.225403;Norchenodeoxycholic acid;[M+K-H2];C23H38O4;-2.11696e-4;-0.509834;415.225615;1 out of 5
415.225403;415.225403;Nordeoxycholic acid;[M+K-H2];C23H38O4;-2.11696e-4;-0.509834;415.225615;1 out of 5
415.225403;415.225403;Norursodeoxycholic acid;[M+K-H2];C23H38O4;-2.11696e-4;-0.509834;415.225615;1 out of 5
415.225403;415.225403;Norhyodeoxycholic acid;[M+K-H2];C23H38O4;-2.11696e-4;-0.509834;415.225615;1 out of 5
415.225403;415.225403;Normurideoxycholic acid;[M+K-H2];C23H38O4;-2.11696e-4;-0.509834;415.225615;1 out of 5
415.225403;415.225403;"9-deoxy-9-methylene-16,16-dimethyl -PGE2";[M+K-H2];C23H38O4;-2.11696e-4;-0.509834;415.225615;1 out of 5
415.225403;415.225403;"1-Acetoxy-2-hydroxy-5,12,15-heneicosatrien-4-one";[M+K-H2];C23H38O4;-2.11696e-4;-0.509834;415.225615;1 out of 5
415.225403;415.225403;Persenone A;[M+K-H2];C23H38O4;-2.11696e-4;-0.509834;415.225615;1 out of 5
415.225403;415.225403;Persenone A;[M+K-H2];C23H38O4;-2.11696e-4;-0.509834;415.225615;1 out of 5
415.225403;415.225403;1-Juniperoyl glycerol;[M+K-H2];C23H38O4;-2.11696e-4;-0.509834;415.225615;1 out of 5
415.225403;415.225403;2-Juniperoyl glycerol;[M+K-H2];C23H38O4;-2.11696e-4;-0.509834;415.225615;1 out of 5
415.225403;415.225403;"MG(0:0/20:4(5Z,8Z,11Z,14Z)/0:0)";[M+K-H2];C23H38O4;-2.11696e-4;-0.509834;415.225615;1 out of 5
415.225403;415.225403;1-arachidonoyl-sn-glycerol;[M+K-H2];C23H38O4;-2.11696e-4;-0.509834;415.225615;1 out of 5
415.225403;415.225403;Dinorcholic acid;[M+Cl];C22H36O5;-2.72252e-4;-0.655672;415.225675;1 out of 5
415.225403;415.225403;Dinorhyocholic acid;[M+Cl];C22H36O5;-2.72252e-4;-0.655672;415.225675;1 out of 5
415.225403;415.225403;Dinor-alpha-muricholic acid;[M+Cl];C22H36O5;-2.72252e-4;-0.655672;415.225675;1 out of 5
415.225403;415.225403;Dinor-beta-muricholic acid;[M+Cl];C22H36O5;-2.72252e-4;-0.655672;415.225675;1 out of 5
415.225403;415.225403;Dinor-omega-muricholic acid;[M+Cl];C22H36O5;-2.72252e-4;-0.655672;415.225675;1 out of 5
415.225403;415.225403;Dinoravicholic acid;[M+Cl];C22H36O5;-2.72252e-4;-0.655672;415.225675;1 out of 5
415.225403;415.225403;"16,16-dimethyl-PGD2";[M+Cl];C22H36O5;-2.72252e-4;-0.655672;415.225675;1 out of 5
415.225403;415.225403;"16,16-dimethyl-PGE2";[M+Cl];C22H36O5;-2.72252e-4;-0.655672;415.225675;1 out of 5
415.225403;415.225403;"1a,1b-dihomo-PGE2";[M+Cl];C22H36O5;-2.72252e-4;-0.655672;415.225675;1 out of 5
415.225403;415.225403;"1a,1b-dihomo-PGD2";[M+Cl];C22H36O5;-2.72252e-4;-0.655672;415.225675;1 out of 5
415.225403;415.225403;20-ethyl-PGE2;[M+Cl];C22H36O5;-2.72252e-4;-0.655672;415.225675;1 out of 5
415.225403;415.225403;Dihomo-PGI2;[M+Cl];C22H36O5;-2.72252e-4;-0.655672;415.225675;1 out of 5
415.225403;415.225403;Unknown Name;[M+Cl];C22H36O5;-2.72252e-4;-0.655672;415.225675;41 out of 5
417.241033;417.241033;CPA(18:1(9Z));[M-H];C21H39O6P;-1.15598e-4;-0.277053;417.241149;1 out of 5
417.241033;417.241033;"PA(18:1(9Z)/0:0)";[M-H2O-H];C21H41O7P;-1.16282e-4;-0.278693;417.241149;1 out of 5
417.241033;417.241033;"PA(0:0/18:1(9Z))";[M-H2O-H];C21H41O7P;-1.16282e-4;-0.278693;417.241149;1 out of 5
417.241033;417.241033;lysophosphatidic acid;[M-H2O-H];C21H41O7P;-1.16282e-4;-0.278693;417.241149;1 out of 5
417.241033;417.241033;Isopersin;[M+K-H2];C23H40O4;-2.31760e-4;-0.555458;417.241265;1 out of 5
417.241033;417.241033;Unknown Name;[M+K-H2];C23H40O4;-2.31760e-4;-0.555458;417.241265;30 out of 5
417.241033;417.241033;Unknown Name;[M+K-H2];C23H40O4;-2.31760e-4;-0.555458;417.241265;30 out of 5
417.241033;417.241033;Unknown Name;[M+K-H2];C23H40O4;-2.31760e-4;-0.555458;417.241265;30 out of 5
417.241033;417.241033;Unknown Name;[M+K-H2];C23H40O4;-2.31760e-4;-0.555458;417.241265;30 out of 5
417.241033;417.241033;Persin;[M+K-H2];C23H40O4;-2.31760e-4;-0.555458;417.241265;1 out of 5
417.241033;417.241033;Sciadonoyl-2-glycerol;[M+K-H2];C23H40O4;-2.31760e-4;-0.555458;417.241265;1 out of 5
417.241033;417.241033;17-F2-dihomo-IsoP;[M+Cl];C22H38O5;-2.92316e-4;-0.700592;417.241325;1 out of 5
417.241033;417.241033;14-F2-dihomo-IsoP;[M+Cl];C22H38O5;-2.92316e-4;-0.700592;417.241325;1 out of 5
417.241033;417.241033;7-F2-dihomo-IsoP;[M+Cl];C22H38O5;-2.92316e-4;-0.700592;417.241325;1 out of 5
417.241033;417.241033;"16,16-dimethyl-PGE1";[M+Cl];C22H38O5;-2.92316e-4;-0.700592;417.241325;1 out of 5
417.241033;417.241033;"16,16-dimethyl-PGF2beta";[M+Cl];C22H38O5;-2.92316e-4;-0.700592;417.241325;1 out of 5
417.241033;417.241033;"1a,1b-dihomo-PGE1";[M+Cl];C22H38O5;-2.92316e-4;-0.700592;417.241325;1 out of 5
417.241033;417.241033;20-ethyl PGF2alpha;[M+Cl];C22H38O5;-2.92316e-4;-0.700592;417.241325;1 out of 5
417.241033;417.241033;15-methyl-15R-PGF2alpha methyl ester;[M+Cl];C22H38O5;-2.92316e-4;-0.700592;417.241325;1 out of 5
417.241033;417.241033;"1a,1b-dihomo-PGF2alpha";[M+Cl];C22H38O5;-2.92316e-4;-0.700592;417.241325;1 out of 5
417.241033;417.241033;unoprostone;[M+Cl];C22H38O5;-2.92316e-4;-0.700592;417.241325;1 out of 5
417.241033;417.241033;ent-7-F2t-dihomo-IsoP;[M+Cl];C22H38O5;-2.92316e-4;-0.700592;417.241325;1 out of 5
417.241033;417.241033;ent-10-epi-7-F2c-dihomo-IsoP;[M+Cl];C22H38O5;-2.92316e-4;-0.700592;417.241325;1 out of 5
417.241033;417.241033;ent-10-epi-7-F2t-dihomo-IsoP;[M+Cl];C22H38O5;-2.92316e-4;-0.700592;417.241325;1 out of 5
417.241033;417.241033;ent-7-F2c-dihomo-IsoP;[M+Cl];C22H38O5;-2.92316e-4;-0.700592;417.241325;1 out of 5
417.241033;417.241033;5-epi-7-F2c-dihomo-IsoP;[M+Cl];C22H38O5;-2.92316e-4;-0.700592;417.241325;1 out of 5
417.241033;417.241033;"10,7-diepi-7-F2t-dihomo-IsoP";[M+Cl];C22H38O5;-2.92316e-4;-0.700592;417.241325;1 out of 5
417.241033;417.241033;"10,7-diepi-7-F2c-dihomo-IsoP";[M+Cl];C22H38O5;-2.92316e-4;-0.700592;417.241325;1 out of 5
417.241033;417.241033;5-epi-7-F2t-dihomo-IsoP;[M+Cl];C22H38O5;-2.92316e-4;-0.700592;417.241325;1 out of 5
417.241033;417.241033;ent-5-epi-7-F2t-dihomo-IsoP;[M+Cl];C22H38O5;-2.92316e-4;-0.700592;417.241325;1 out of 5
417.241033;417.241033;"ent-10,7-diepi-7-F2c-dihomo-IsoP";[M+Cl];C22H38O5;-2.92316e-4;-0.700592;417.241325;1 out of 5
417.241033;417.241033;"ent-10,7-diepi-7-F2t-dihomo-IsoP";[M+Cl];C22H38O5;-2.92316e-4;-0.700592;417.241325;1 out of 5
417.241033;417.241033;ent-5-epi-7-F2c-dihomo-IsoP;[M+Cl];C22H38O5;-2.92316e-4;-0.700592;417.241325;1 out of 5
417.241033;417.241033;7-F2c-dihomo-IsoP;[M+Cl];C22H38O5;-2.92316e-4;-0.700592;417.241325;1 out of 5
417.241033;417.241033;10-epi-7-F2t-dihomo-IsoP;[M+Cl];C22H38O5;-2.92316e-4;-0.700592;417.241325;1 out of 5
417.241033;417.241033;10-epi-7-F2c-dihomo-IsoP;[M+Cl];C22H38O5;-2.92316e-4;-0.700592;417.241325;1 out of 5
417.241033;417.241033;7-F2t-dihomo-IsoP;[M+Cl];C22H38O5;-2.92316e-4;-0.700592;417.241325;1 out of 5
417.241033;417.241033;ent-10-F2t-dihomo-IsoP;[M+Cl];C22H38O5;-2.92316e-4;-0.700592;417.241325;1 out of 5
417.241033;417.241033;ent-13-epi-10-F2c-dihomo-IsoP;[M+Cl];C22H38O5;-2.92316e-4;-0.700592;417.241325;1 out of 5
417.241033;417.241033;ent-13-epi-10-F2t-dihomo-IsoP;[M+Cl];C22H38O5;-2.92316e-4;-0.700592;417.241325;1 out of 5
417.241033;417.241033;ent-10-F2c-dihomo-IsoP;[M+Cl];C22H38O5;-2.92316e-4;-0.700592;417.241325;1 out of 5
417.241033;417.241033;8-epi-10-F2c-dihomo-IsoP;[M+Cl];C22H38O5;-2.92316e-4;-0.700592;417.241325;1 out of 5
417.241033;417.241033;"10,13-diepi-10-F2t-dihomo-IsoP";[M+Cl];C22H38O5;-2.92316e-4;-0.700592;417.241325;1 out of 5
417.241033;417.241033;"10,13-diepi-10-F2c-dihomo-IsoP";[M+Cl];C22H38O5;-2.92316e-4;-0.700592;417.241325;1 out of 5
417.241033;417.241033;8-epi-10-F2t-dihomo-IsoP;[M+Cl];C22H38O5;-2.92316e-4;-0.700592;417.241325;1 out of 5
417.241033;417.241033;ent-8-epi-10-F2t-dihomo-IsoP;[M+Cl];C22H38O5;-2.92316e-4;-0.700592;417.241325;1 out of 5
417.241033;417.241033;"ent-10,13-diepi-10-F2c-dihomo-IsoP";[M+Cl];C22H38O5;-2.92316e-4;-0.700592;417.241325;1 out of 5
417.241033;417.241033;"ent-10,13-diepi-10-F2t-dihomo-IsoP";[M+Cl];C22H38O5;-2.92316e-4;-0.700592;417.241325;1 out of 5
417.241033;417.241033;ent-8-epi-10-F2c-dihomo-IsoP;[M+Cl];C22H38O5;-2.92316e-4;-0.700592;417.241325;1 out of 5
417.241033;417.241033;10-F2c-dihomo-IsoP;[M+Cl];C22H38O5;-2.92316e-4;-0.700592;417.241325;1 out of 5
417.241033;417.241033;13-epi-10-F2t-dihomo-IsoP;[M+Cl];C22H38O5;-2.92316e-4;-0.700592;417.241325;1 out of 5
417.241033;417.241033;13-epi-10-F2c-dihomo-IsoP;[M+Cl];C22H38O5;-2.92316e-4;-0.700592;417.241325;1 out of 5
417.241033;417.241033;10-F2t-dihomo-IsoP;[M+Cl];C22H38O5;-2.92316e-4;-0.700592;417.241325;1 out of 5
417.241033;417.241033;ent-14-F2t-dihomo-IsoP;[M+Cl];C22H38O5;-2.92316e-4;-0.700592;417.241325;1 out of 5
417.241033;417.241033;ent-14-epi-14-F2c-dihomo-IsoP;[M+Cl];C22H38O5;-2.92316e-4;-0.700592;417.241325;1 out of 5
417.241033;417.241033;ent-14-epi-14-F2t-dihomo-IsoP;[M+Cl];C22H38O5;-2.92316e-4;-0.700592;417.241325;1 out of 5
417.241033;417.241033;ent-14-F2c-dihomo-IsoP;[M+Cl];C22H38O5;-2.92316e-4;-0.700592;417.241325;1 out of 5
417.241033;417.241033;ent-12-epi-14-F2c-dihomo-IsoP;[M+Cl];C22H38O5;-2.92316e-4;-0.700592;417.241325;1 out of 5
417.241033;417.241033;"ent-14,7-diepi-14-F2t-dihomo-IsoP";[M+Cl];C22H38O5;-2.92316e-4;-0.700592;417.241325;1 out of 5
417.241033;417.241033;"ent-14,7-diepi-14-F2c-dihomo-IsoP";[M+Cl];C22H38O5;-2.92316e-4;-0.700592;417.241325;1 out of 5
417.241033;417.241033;ent-12-epi-14-F2t-dihomo-IsoP;[M+Cl];C22H38O5;-2.92316e-4;-0.700592;417.241325;1 out of 5
417.241033;417.241033;12-epi-14-F2c-dihomo-IsoP;[M+Cl];C22H38O5;-2.92316e-4;-0.700592;417.241325;1 out of 5
417.241033;417.241033;"14,7-diepi-14-F2t-dihomo-IsoP";[M+Cl];C22H38O5;-2.92316e-4;-0.700592;417.241325;1 out of 5
417.241033;417.241033;"14,7-diepi-14-F2c-dihomo-IsoP";[M+Cl];C22H38O5;-2.92316e-4;-0.700592;417.241325;1 out of 5
417.241033;417.241033;12-epi-14-F2t-dihomo-IsoP;[M+Cl];C22H38O5;-2.92316e-4;-0.700592;417.241325;1 out of 5
417.241033;417.241033;14-F2c-dihomo-IsoP;[M+Cl];C22H38O5;-2.92316e-4;-0.700592;417.241325;1 out of 5
417.241033;417.241033;14-epi-14-F2t-dihomo-IsoP;[M+Cl];C22H38O5;-2.92316e-4;-0.700592;417.241325;1 out of 5
417.241033;417.241033;14-epi-14-F2c-dihomo-IsoP;[M+Cl];C22H38O5;-2.92316e-4;-0.700592;417.241325;1 out of 5
417.241033;417.241033;14-F2t-dihomo-IsoP;[M+Cl];C22H38O5;-2.92316e-4;-0.700592;417.241325;1 out of 5
417.241033;417.241033;ent-17-F2t-dihomo-IsoP;[M+Cl];C22H38O5;-2.92316e-4;-0.700592;417.241325;1 out of 5
417.241033;417.241033;ent-10-epi-17-F2c-dihomo-IsoP;[M+Cl];C22H38O5;-2.92316e-4;-0.700592;417.241325;1 out of 5
417.241033;417.241033;ent-10-epi-17-F2t-dihomo-IsoP;[M+Cl];C22H38O5;-2.92316e-4;-0.700592;417.241325;1 out of 5
417.241033;417.241033;ent-17-F2c-dihomo-IsoP;[M+Cl];C22H38O5;-2.92316e-4;-0.700592;417.241325;1 out of 5
417.241033;417.241033;ent-15-epi-17-F2t-dihomo-IsoP;[M+Cl];C22H38O5;-2.92316e-4;-0.700592;417.241325;1 out of 5
417.241033;417.241033;"ent-10,17-diepi-17-F2c-dihomo-IsoP";[M+Cl];C22H38O5;-2.92316e-4;-0.700592;417.241325;1 out of 5
417.241033;417.241033;"ent-10,17-diepi-17-F2t-dihomo-IsoP";[M+Cl];C22H38O5;-2.92316e-4;-0.700592;417.241325;1 out of 5
417.241033;417.241033;ent-15-epi-17-F2c-dihomo-IsoP;[M+Cl];C22H38O5;-2.92316e-4;-0.700592;417.241325;1 out of 5
417.241033;417.241033;15-epi-17-F2c-dihomo-IsoP;[M+Cl];C22H38O5;-2.92316e-4;-0.700592;417.241325;1 out of 5
417.241033;417.241033;"10,17-diepi-17-F2t-dihomo-IsoP";[M+Cl];C22H38O5;-2.92316e-4;-0.700592;417.241325;1 out of 5
417.241033;417.241033;"10,17-diepi-17-F2c-dihomo-IsoP";[M+Cl];C22H38O5;-2.92316e-4;-0.700592;417.241325;1 out of 5
417.241033;417.241033;15-epi-17-F2t-dihomo-IsoP;[M+Cl];C22H38O5;-2.92316e-4;-0.700592;417.241325;1 out of 5
417.241033;417.241033;17-F2c-dihomo-IsoP;[M+Cl];C22H38O5;-2.92316e-4;-0.700592;417.241325;1 out of 5
417.241033;417.241033;10-epi-17-F2c-dihomo-IsoP;[M+Cl];C22H38O5;-2.92316e-4;-0.700592;417.241325;1 out of 5
417.241033;417.241033;17-F2t-dihomo-IsoP;[M+Cl];C22H38O5;-2.92316e-4;-0.700592;417.241325;1 out of 5
419.256731;419.256731;Asparacemosone D;[M+Na-H2];C26H38O3;-3.10760e-5;-0.074122;419.256762;1 out of 5
419.256731;419.256731;"25,26-epoxy-1alpha-hydroxy-23,23,24,24-tetradehydro-19-norvitamin D3 / 25,26-epoxy-1alpha-hydroxy-23,23,24,24-tetradehydro-19-norcholecalciferol";[M+Na-H2];C26H38O3;-3.10760e-5;-0.074122;419.256762;1 out of 5
419.256731;419.256731;"(22E,24E)-1alpha,26-dihydroxy-22,23,24,25-tetradehydro-27-norvitamin D3 / (22E,24E)-1alpha,26-dihydroxy-22,23,24,25-tetradehydro-27-norcholecalciferol";[M+Na-H2];C26H38O3;-3.10760e-5;-0.074122;419.256762;1 out of 5
419.256731;419.256731;CPA(18:0);[M-H];C21H41O6P;-6.76620e-5;-0.161386;419.256799;2 out of 5
419.256731;419.256731;"PA(0:0/18:0)";[M-H2O-H];C21H43O7P;-6.83460e-5;-0.163017;419.256799;3 out of 5
419.256731;419.256731;"PA(18:0/0:0)";[M-H2O-H];C21H43O7P;-6.83460e-5;-0.163017;419.256799;3 out of 5
419.256731;419.256731;"methyl 9-butylperoxy-10,12-octadecadienoate";[M+K-H2];C23H42O4;-1.83824e-4;-0.438452;419.256915;1 out of 5
419.256731;419.256731;"methyl 13-butylperoxy-9,11-octadecadienoate";[M+K-H2];C23H42O4;-1.83824e-4;-0.438452;419.256915;1 out of 5
419.256731;419.256731;Persin;[M+K-H2];C23H42O4;-1.83824e-4;-0.438452;419.256915;1 out of 5
421.054230;421.054230;Unknown Name;[M+Na-H2];C20H16O9;1.30908e-4;0.310905;421.054099;24 out of 5
421.054230;421.054230;Unknown Name;[M+Na-H2];C20H16O9;1.30908e-4;0.310905;421.054099;24 out of 5
421.054230;421.054230;Unknown Name;[M+Na-H2];C20H16O9;1.30908e-4;0.310905;421.054099;24 out of 5
425.135239;425.135239;Doxycycline;[M-H2O-H];C22H24N2O8;-1.85728e-4;-0.436868;425.135425;1 out of 5
436.283275;436.283275;N-linoleoyl dopamine;[M+Na-H2];C26H41NO3;-3.61720e-5;-0.082909;436.283311;1 out of 5
436.283275;436.283275;"PE(P-16:0/0:0)";[M-H];C21H44NO6P;-7.27580e-5;-0.166768;436.283348;1 out of 5
436.283275;436.283275;1-(2-methoxy-13-methyl-tetradecanyl)-sn-glycero-3-phosphoethanolamine;[M-H2O-H];C21H46NO7P;-7.34420e-5;-0.168336;436.283348;1 out of 5
436.283275;436.283275;1-(2-methoxy-pentadecanyl)-sn-glycero-3-phosphoethanolamine;[M-H2O-H];C21H46NO7P;-7.34420e-5;-0.168336;436.283348;1 out of 5
436.283275;436.283275;Palmitoylcarnitine;[M+K-H2];C23H45NO4;-1.88920e-4;-0.433021;436.283464;1 out of 5
436.283275;436.283275;L-palmitoylcarnitine;[M+K-H2];C23H45NO4;-1.88920e-4;-0.433021;436.283464;1 out of 5
436.283275;436.283275;O-palmitoylcarnitine;[M+K-H2];C23H45NO4;-1.88920e-4;-0.433021;436.283464;1 out of 5
437.267493;437.267493;"1alpha,25-Dihydroxy-16-ene-19-nor-24-oxovitamin D3";[M+Na-H2];C26H40O4;1.66240e-4;0.380179;437.267327;1 out of 5
437.267493;437.267493;"(24R,25S)-25,26-epoxy-1alpha,24-dihydroxy-27-norvitamin D3 / (24R,25S)-25,26-epoxy-1alpha,24-dihydroxy-27-norcholecalciferol";[M+Na-H2];C26H40O4;1.66240e-4;0.380179;437.267327;1 out of 5
437.267493;437.267493;"(24S,25R)-25,26-epoxy-1alpha,24-dihydroxy-27-norvitamin D3 / (24S,25R)-25,26-epoxy-1alpha,24-dihydroxy-27-norcholecalciferol";[M+Na-H2];C26H40O4;1.66240e-4;0.380179;437.267327;1 out of 5
437.267493;437.267493;"PA(0:0/18:0)";[M-H];C21H43O7P;1.29654e-4;0.296510;437.267363;3 out of 5
437.267493;437.267493;"PA(18:0/0:0)";[M-H];C21H43O7P;1.29654e-4;0.296510;437.267363;3 out of 5
437.267493;437.267493;oscr#28;[M+Cl];C22H42O6;-4.70640e-5;-0.107632;437.267540;1 out of 5
437.267493;437.267493;ascr#28;[M+Cl];C22H42O6;-4.70640e-5;-0.107632;437.267540;1 out of 5
437.267493;437.267493;Sorbitan palmitate;[M+Cl];C22H42O6;-4.70640e-5;-0.107632;437.267540;1 out of 5
455.233582;455.233582;Phytyl diphosphate;[M-H];C20H42O7P2;2.82056e-4;0.619586;455.233300;1 out of 5
455.233582;455.233582;phytyl diphosphate;[M-H];C20H42O7P2;2.82056e-4;0.619586;455.233300;1 out of 5
455.233582;455.233582;CPA(18:0);[M+Cl];C21H41O6P;1.05338e-4;0.231393;455.233477;2 out of 5
459.096325;459.096325;Chlortetracycline;[M-H2O-H];C22H23ClN2O8;-1.27376e-4;-0.277449;459.096452;1 out of 5
461.121446;461.121446;(+)-12a-Hydroxyerythynone;[M+Na-H2];C24H24O8;-3.38728e-4;-0.734574;461.121785;1 out of 5
461.121446;461.121446;Unknown Name;[M+Na-H2];C24H24O8;-3.38728e-4;-0.734574;461.121785;24 out of 5
473.244214;473.244214;"PA(0:0/18:0)";[M+Cl];C21H43O7P;1.72654e-4;0.364831;473.244041;3 out of 5
473.244214;473.244214;"PA(18:0/0:0)";[M+Cl];C21H43O7P;1.72654e-4;0.364831;473.244041;3 out of 5
480.309467;480.309467;Stieleriacine E;[M+Na-H2];C28H45NO4;-5.89200e-5;-0.122671;480.309526;1 out of 5
480.309467;480.309467;"PC(15:0/0:0)";[M-H];C23H48NO7P;-9.55060e-5;-0.198843;480.309563;1 out of 5
480.309467;480.309467;"PE(0:0/18:0)";[M-H];C23H48NO7P;-9.55060e-5;-0.198843;480.309563;1 out of 5
480.309467;480.309467;1-(2-methoxy-6Z-heptadecenyl)-sn-glycero-3-phosphoethanolamine;[M-H];C23H48NO7P;-9.55060e-5;-0.198843;480.309563;1 out of 5
480.309467;480.309467;"PE(18:0/0:0)";[M-H];C23H48NO7P;-9.55060e-5;-0.198843;480.309563;1 out of 5
480.309467;480.309467;12-Hydroxy-12-octadecanoylcarnitine;[M+K-H2];C25H49NO5;-2.11668e-4;-0.440691;480.309679;1 out of 5
480.309467;480.309467;3-hydroxyoctadecanoylcarnitine;[M+K-H2];C25H49NO5;-2.11668e-4;-0.440691;480.309679;1 out of 5
480.309467;480.309467;"MGTS(14:0/0:0)";[M+Cl];C24H47NO6;-2.72224e-4;-0.566768;480.309739;1 out of 5
495.208891;495.208891;N-(4-benzenesulfonamide) arachidonoyl amine;[M+K-H2];C26H38N2O3S;-2.80760e-5;-0.056695;495.208919;1 out of 5
499.085773;499.085773;Unknown Name;[M+Na-H2];C22H22O12;-2.01440e-5;-0.040362;499.085793;24 out of 5
499.085773;499.085773;Isorhamnetin 3-glucoside;[M+Na-H2];C22H22O12;-2.01440e-5;-0.040362;499.085793;1 out of 5
499.085773;499.085773;Tamarixetin 7-glucoside;[M+Na-H2];C22H22O12;-2.01440e-5;-0.040362;499.085793;1 out of 5
499.085773;499.085773;Tricetin 3'-methyl ether 7-glucoside;[M+Na-H2];C22H22O12;-2.01440e-5;-0.040362;499.085793;1 out of 5
499.085773;499.085773;6-Methoxyluteolin 7-glucoside;[M+Na-H2];C22H22O12;-2.01440e-5;-0.040362;499.085793;1 out of 5
499.085773;499.085773;6-Hydroxyluteolin 7-methyl ether 6-glucoside;[M+Na-H2];C22H22O12;-2.01440e-5;-0.040362;499.085793;1 out of 5
499.085773;499.085773;6-Hydroxyluteolin 7-methyl ether 6-galactoside;[M+Na-H2];C22H22O12;-2.01440e-5;-0.040362;499.085793;1 out of 5
499.085773;499.085773;Nepetin 4'-glucoside;[M+Na-H2];C22H22O12;-2.01440e-5;-0.040362;499.085793;1 out of 5
499.085773;499.085773;8-Hydroxyluteolin 3'-methyl ether 7-glucoside;[M+Na-H2];C22H22O12;-2.01440e-5;-0.040362;499.085793;1 out of 5
499.085773;499.085773;8-Hydroxyluteolin 4'-methyl ether 8-glucoside;[M+Na-H2];C22H22O12;-2.01440e-5;-0.040362;499.085793;1 out of 5
499.085773;499.085773;Isorhamnetin 3-galactoside;[M+Na-H2];C22H22O12;-2.01440e-5;-0.040362;499.085793;1 out of 5
499.085773;499.085773;Isorhamnetin 7-glucoside;[M+Na-H2];C22H22O12;-2.01440e-5;-0.040362;499.085793;1 out of 5
499.085773;499.085773;Isorhamnetin 4'-glucoside;[M+Na-H2];C22H22O12;-2.01440e-5;-0.040362;499.085793;1 out of 5
499.085773;499.085773;Tamarixetin 3-galactoside;[M+Na-H2];C22H22O12;-2.01440e-5;-0.040362;499.085793;1 out of 5
499.085773;499.085773;Tamarixin;[M+Na-H2];C22H22O12;-2.01440e-5;-0.040362;499.085793;1 out of 5
499.085773;499.085773;Laricitrin 3-rhamnoside;[M+Na-H2];C22H22O12;-2.01440e-5;-0.040362;499.085793;1 out of 5
499.085773;499.085773;Syringetin 3-xyloside;[M+Na-H2];C22H22O12;-2.01440e-5;-0.040362;499.085793;1 out of 5
499.085773;499.085773;Mearnsitrin;[M+Na-H2];C22H22O12;-2.01440e-5;-0.040362;499.085793;1 out of 5
499.085773;499.085773;Azaleatin 3-galactoside;[M+Na-H2];C22H22O12;-2.01440e-5;-0.040362;499.085793;1 out of 5
499.085773;499.085773;Azaleatin 3-glucoside;[M+Na-H2];C22H22O12;-2.01440e-5;-0.040362;499.085793;1 out of 5
499.085773;499.085773;Myricetin 5-methyl ether 3-rhamnoside;[M+Na-H2];C22H22O12;-2.01440e-5;-0.040362;499.085793;1 out of 5
499.085773;499.085773;Keyakinin B;[M+Na-H2];C22H22O12;-2.01440e-5;-0.040362;499.085793;1 out of 5
499.085773;499.085773;Rhamnetin 3-galactoside;[M+Na-H2];C22H22O12;-2.01440e-5;-0.040362;499.085793;1 out of 5
499.085773;499.085773;Rhamnetin 3-glucoside;[M+Na-H2];C22H22O12;-2.01440e-5;-0.040362;499.085793;1 out of 5
499.085773;499.085773;Rhamnetin 5-glucoside;[M+Na-H2];C22H22O12;-2.01440e-5;-0.040362;499.085793;1 out of 5
499.085773;499.085773;8-C-Rhamnosyleuropetin;[M+Na-H2];C22H22O12;-2.01440e-5;-0.040362;499.085793;1 out of 5
499.085773;499.085773;Europetin 3-rhamnoside;[M+Na-H2];C22H22O12;-2.01440e-5;-0.040362;499.085793;1 out of 5
499.085773;499.085773;Quercetin 3-methyl ether 5-glucoside;[M+Na-H2];C22H22O12;-2.01440e-5;-0.040362;499.085793;1 out of 5
499.085773;499.085773;Quercetin 3-methyl ether 7-galactoside;[M+Na-H2];C22H22O12;-2.01440e-5;-0.040362;499.085793;1 out of 5
499.085773;499.085773;Quercetin 3-methyl ether 7-glucoside;[M+Na-H2];C22H22O12;-2.01440e-5;-0.040362;499.085793;1 out of 5
499.085773;499.085773;Quercetin 3-methyl ether 3'-glucoside;[M+Na-H2];C22H22O12;-2.01440e-5;-0.040362;499.085793;1 out of 5
499.085773;499.085773;Quercetin 3-methyl ether 4'-glucoside;[M+Na-H2];C22H22O12;-2.01440e-5;-0.040362;499.085793;1 out of 5
499.085773;499.085773;Annulatin 7-rhamnoside;[M+Na-H2];C22H22O12;-2.01440e-5;-0.040362;499.085793;1 out of 5
499.085773;499.085773;"Myricetin 3,4'-dimethyl ether 3'-xyloside";[M+Na-H2];C22H22O12;-2.01440e-5;-0.040362;499.085793;1 out of 5
499.085773;499.085773;6-Methoxykaempferol 3-galactoside;[M+Na-H2];C22H22O12;-2.01440e-5;-0.040362;499.085793;1 out of 5
499.085773;499.085773;6-Methoxykaempferol 3-glucoside;[M+Na-H2];C22H22O12;-2.01440e-5;-0.040362;499.085793;1 out of 5
499.085773;499.085773;6-Hydroxykaempferol 3-methyl ether 6-glucoside;[M+Na-H2];C22H22O12;-2.01440e-5;-0.040362;499.085793;1 out of 5
499.085773;499.085773;6-Hydroxykaempferol 3-methyl ether 7-glucoside;[M+Na-H2];C22H22O12;-2.01440e-5;-0.040362;499.085793;1 out of 5
499.085773;499.085773;6-Methoxykaempferol 7-glucoside;[M+Na-H2];C22H22O12;-2.01440e-5;-0.040362;499.085793;1 out of 5
499.085773;499.085773;6-Hydroxykaempferol 4'-methyl ether 7-glucoside;[M+Na-H2];C22H22O12;-2.01440e-5;-0.040362;499.085793;1 out of 5
499.085773;499.085773;Patuletin 3-rhamnoside;[M+Na-H2];C22H22O12;-2.01440e-5;-0.040362;499.085793;1 out of 5
499.085773;499.085773;Eupatolitin 3-apioside;[M+Na-H2];C22H22O12;-2.01440e-5;-0.040362;499.085793;1 out of 5
499.085773;499.085773;Sexangularetin 3-galactoside;[M+Na-H2];C22H22O12;-2.01440e-5;-0.040362;499.085793;1 out of 5
499.085773;499.085773;Sexangularetin 3-glucoside;[M+Na-H2];C22H22O12;-2.01440e-5;-0.040362;499.085793;1 out of 5
499.085773;499.085773;Herbacetin 7-methyl ether 3-glucoside;[M+Na-H2];C22H22O12;-2.01440e-5;-0.040362;499.085793;1 out of 5
499.085773;499.085773;Ranupenin 3-rhamnoside;[M+Na-H2];C22H22O12;-2.01440e-5;-0.040362;499.085793;1 out of 5
523.064752;523.064752;"Epigallocatechin 3-O-(3,5-di-O-methylgallate)";[M+K-H2];C24H22O11;-6.45240e-5;-0.123358;523.064817;1 out of 5
539.080980;539.080980;Genistein 7-O-glucoside-6''-malonate;[M+Na-H2];C24H22O13;2.72236e-4;0.505000;539.080708;1 out of 5
539.080980;539.080980;Apigenin 5-(6''-malonylglucoside);[M+Na-H2];C24H22O13;2.72236e-4;0.505000;539.080708;1 out of 5
539.080980;539.080980;Apigenin 7-(6''-malonylglucoside);[M+Na-H2];C24H22O13;2.72236e-4;0.505000;539.080708;1 out of 5
539.080980;539.080980;Apigenin 7-(2''-glucuronosyllactate);[M+Na-H2];C24H22O13;2.72236e-4;0.505000;539.080708;1 out of 5
539.080980;539.080980;Unknown Name;[M+Na-H2];C24H22O13;2.72236e-4;0.505000;539.080708;24 out of 5
539.080980;539.080980;"Herbacetin 8-(2'',3''-diacetylxyloside)";[M+Na-H2];C24H22O13;2.72236e-4;0.505000;539.080708;1 out of 5
541.568872;541.568872;"13R,23S-Dimethylpentatriacontane";[M+Na-H2];C37H76;-4.97432e-4;-0.918501;541.569369;1 out of 5
541.568872;541.568872;"11,15-Dimethylpentatriacontane";[M+Na-H2];C37H76;-4.97432e-4;-0.918501;541.569369;1 out of 5
541.568872;541.568872;"11,21-Dimethylpentatriacontane";[M+Na-H2];C37H76;-4.97432e-4;-0.918501;541.569369;1 out of 5
541.568872;541.568872;"13,17-Dimethylpentatriacontane";[M+Na-H2];C37H76;-4.97432e-4;-0.918501;541.569369;1 out of 5
541.568872;541.568872;"13,19-Dimethylpentatriacontane";[M+Na-H2];C37H76;-4.97432e-4;-0.918501;541.569369;1 out of 5
541.568872;541.568872;"13,23-Dimethylpentatriacontane";[M+Na-H2];C37H76;-4.97432e-4;-0.918501;541.569369;1 out of 5
541.568872;541.568872;"15,19-Dimethylpentatriacontane";[M+Na-H2];C37H76;-4.97432e-4;-0.918501;541.569369;1 out of 5
541.568872;541.568872;"15,21-Dimethylpentatriacontane";[M+Na-H2];C37H76;-4.97432e-4;-0.918501;541.569369;1 out of 5
541.568872;541.568872;"3,15-Dimethylpentatriacontane";[M+Na-H2];C37H76;-4.97432e-4;-0.918501;541.569369;1 out of 5
541.568872;541.568872;"3,7,11,15-Tetramethyltritriacontane";[M+Na-H2];C37H76;-4.97432e-4;-0.918501;541.569369;1 out of 5
541.568872;541.568872;"3,7-Dimethylpentatriacontane";[M+Na-H2];C37H76;-4.97432e-4;-0.918501;541.569369;1 out of 5
541.568872;541.568872;"4,8,12-Trimethyltetratriacontane";[M+Na-H2];C37H76;-4.97432e-4;-0.918501;541.569369;1 out of 5
541.568872;541.568872;"4,8,16-Trimethyltetratriacontane";[M+Na-H2];C37H76;-4.97432e-4;-0.918501;541.569369;1 out of 5
541.568872;541.568872;"7,19-Dimethylpentatriacontane";[M+Na-H2];C37H76;-4.97432e-4;-0.918501;541.569369;1 out of 5
541.568872;541.568872;"7,21-Dimethylpentatriacontane";[M+Na-H2];C37H76;-4.97432e-4;-0.918501;541.569369;1 out of 5
541.568872;541.568872;"7,23-Dimethylpentatriacontane";[M+Na-H2];C37H76;-4.97432e-4;-0.918501;541.569369;1 out of 5
543.075305;543.075305;Syringetin 3-glucuronide;[M+Na-H2];C23H22O14;-3.17384e-4;-0.584420;543.075622;1 out of 5
543.075305;543.075305;Spinatoside;[M+Na-H2];C23H22O14;-3.17384e-4;-0.584420;543.075622;1 out of 5
543.075305;543.075305;Quercetagetin 7-(6''-acetylglucoside);[M+Na-H2];C23H22O14;-3.17384e-4;-0.584420;543.075622;1 out of 5
553.278481;553.278481;Ganoweberianic acid C;[M+Na-H2];C30H44O8;1.95632e-4;0.353587;553.278285;1 out of 5
553.278481;553.278481;Cucurbitacin J;[M+Na-H2];C30H44O8;1.95632e-4;0.353587;553.278285;1 out of 5
553.278481;553.278481;"PI(16:0/0:0)";[M-H2O-H];C25H49O12P;1.58362e-4;0.286225;553.278323;1 out of 5
553.278481;553.278481;Unknown Name;[M+K-H2];C27H48O9;4.28840e-5;0.077509;553.278438;30 out of 5
553.278481;553.278481;"MGMG(18:2(9Z,12)/0:0)";[M+K-H2];C27H48O9;4.28840e-5;0.077509;553.278438;1 out of 5
557.091594;557.091594;Laricitrin 3-(6''-acetylglucoside);[M+Na-H2];C24H24O14;3.21552e-4;0.577198;557.091272;1 out of 5
557.091594;557.091594;Patuletin 3-(6''-acetylglucoside);[M+Na-H2];C24H24O14;3.21552e-4;0.577198;557.091272;1 out of 5
557.091594;557.091594;Jaceidin 4'-glucuronide;[M+Na-H2];C24H24O14;3.21552e-4;0.577198;557.091272;1 out of 5
557.091594;557.091594;Haploside A;[M+Na-H2];C24H24O14;3.21552e-4;0.577198;557.091272;1 out of 5
579.294259;579.294259;Cucurbitacin B;[M+Na-H2];C32H46O8;3.23568e-4;0.558556;579.293935;1 out of 5
579.294259;579.294259;PHODiA-PA;[M-H];C27H49O11P;2.86982e-4;0.495400;579.293972;1 out of 5
579.294259;579.294259;"PI(18:1(9Z)/0:0)";[M-H2O-H];C27H51O12P;2.86298e-4;0.494219;579.293973;1 out of 5
579.294259;579.294259;PG-PG;[M-H2O-H];C27H51O12P;2.86298e-4;0.494219;579.293973;1 out of 5
581.309494;581.309494;Cucurbitacin C;[M+Na-H2];C32H48O8;-9.14960e-5;-0.157396;581.309585;1 out of 5
581.309494;581.309494;Cucurbitacin Q;[M+Na-H2];C32H48O8;-9.14960e-5;-0.157396;581.309585;1 out of 5
581.309494;581.309494;POV-PG;[M-H];C27H51O11P;-1.28082e-4;-0.220334;581.309622;1 out of 5
581.309494;581.309494;"PI(18:0/0:0)";[M-H2O-H];C27H53O12P;-1.28766e-4;-0.221510;581.309623;2 out of 5
581.309494;581.309494;"Glc-GP(18:0/0:0)";[M-H2O-H];C27H53O12P;-1.28766e-4;-0.221510;581.309623;2 out of 5
599.319989;599.319989;"3beta,15alpha,16alpha,24alpha-tetrahydroxy25,26,27-trinor-16,24-cyclo-cycloartane-23-one-3-O-beta-D-xylopyranoside";[M+Na-H2];C32H50O9;-1.61180e-4;-0.268938;599.320150;1 out of 5
599.319989;599.319989;"PI(18:0/0:0)";[M-H];C27H53O12P;-1.97766e-4;-0.329984;599.320187;2 out of 5
599.319989;599.319989;"Glc-GP(18:0/0:0)";[M-H];C27H53O12P;-1.97766e-4;-0.329984;599.320187;2 out of 5
601.278404;601.278404;"PI(20:4(5Z,8Z,11Z,14Z)/0:0)";[M-H2O-H];C29H49O12P;8.13620e-5;0.135315;601.278323;1 out of 5
601.278404;601.278404;Colocynthenin E;[M+K-H2];C31H48O9;-3.41160e-5;-0.056739;601.278438;1 out of 5
601.278404;601.278404;Austrobuxusin L;[M+Cl];C30H46O10;-9.46720e-5;-0.157451;601.278499;1 out of 5
601.278404;601.278404;2-O-(6-O-isocaleryl-beta-D-glucopyranosyl) atractyligenin;[M+Cl];C30H46O10;-9.46720e-5;-0.157451;601.278499;1 out of 5
606.073876;606.073876;UDP-GlcNAc;[M-H];C17H27N3O17P2;-4.16664e-4;-0.687480;606.074293;1 out of 5
613.118015;613.118015;Luteolin 7-(3'''-acetylapiosyl-(1-&gt;2)-xyloside);[M+Na-H2];C27H28O15;5.27804e-4;0.860853;613.117487;1 out of 5
613.118015;613.118015;"3',5'-O-Dimethylmyricetin 3-O-beta-D-2'',3''-diacetylglucopyranoside";[M+Na-H2];C27H28O15;5.27804e-4;0.860853;613.117487;1 out of 5
613.118015;613.118015;Apigenin 7-rhamnosyl-(1-&gt;2)-galacturonide;[M+Na-H2];C27H28O15;5.27804e-4;0.860853;613.117487;1 out of 5
613.118015;613.118015;Apigenin 7-glucuronide-4'-rhamnoside;[M+Na-H2];C27H28O15;5.27804e-4;0.860853;613.117487;1 out of 5
613.118015;613.118015;Luteolin 7-[6''-(3-hydroxy-3-methylglutaryl)glucoside];[M+Na-H2];C27H28O15;5.27804e-4;0.860853;613.117487;1 out of 5
613.118015;613.118015;6-Hydroxyapigenin 7-[6''-(3-hydroxy-3-methylglutaryl)glucoside];[M+Na-H2];C27H28O15;5.27804e-4;0.860853;613.117487;1 out of 5
613.118015;613.118015;Kaempferol 3-[6''-(3-hydroxy-3-methylglutaryl)glucoside];[M+Na-H2];C27H28O15;5.27804e-4;0.860853;613.117487;1 out of 5
614.344502;614.344502;"PC(16:0/5:0(CHO))";[M+Na-H2];C29H56NO9P;5.65998e-4;0.921305;614.343936;1 out of 5
616.118782;616.118782;Unknown Name;[M+Na-H2];C30H27O13;-5.02344e-4;-0.815336;616.119284;24 out of 5
616.118782;616.118782;Hyacinthin;[M+Na-H2];C30H27O13;-5.02344e-4;-0.815336;616.119284;1 out of 5
621.109400;621.109400;Apigenin 7-glucuronosyl-(1-&gt;2)-glucuronide;[M-H];C27H26O17;-3.22372e-4;-0.519026;621.109722;2 out of 5
621.109400;621.109400;"Apigenin 7,4'-diglucuronide";[M-H];C27H26O17;-3.22372e-4;-0.519026;621.109722;2 out of 5
621.109400;621.109400;Quercetin 3-glucoside-7-glucuronide;[M-H2O-H];C27H28O18;-3.23056e-4;-0.520127;621.109723;1 out of 5
621.109400;621.109400;Quercetin 3-glucuronide-7-glucoside;[M-H2O-H];C27H28O18;-3.23056e-4;-0.520127;621.109723;1 out of 5
621.109400;621.109400;Quercetin 3-glucosyl-(1-&gt;2)-glucuronide;[M-H2O-H];C27H28O18;-3.23056e-4;-0.520127;621.109723;1 out of 5
621.109400;621.109400;Herbacetin 3-glucuronide-8-glucoside;[M-H2O-H];C27H28O18;-3.23056e-4;-0.520127;621.109723;1 out of 5
631.128343;631.128343;Isoorientin 2''-O-glucopyranoside;[M+Na-H2];C27H30O16;2.91120e-4;0.461269;631.128052;1 out of 5
631.128343;631.128343;Isoorientin 6''-O-glucoside;[M+Na-H2];C27H30O16;2.91120e-4;0.461269;631.128052;1 out of 5
631.128343;631.128343;Orientin 4'-glucoside;[M+Na-H2];C27H30O16;2.91120e-4;0.461269;631.128052;1 out of 5
631.128343;631.128343;Orientin 7-glucoside;[M+Na-H2];C27H30O16;2.91120e-4;0.461269;631.128052;1 out of 5
631.128343;631.128343;Isoorientin 4'-O-glucoside;[M+Na-H2];C27H30O16;2.91120e-4;0.461269;631.128052;1 out of 5
631.128343;631.128343;Isoorientin 7-O-galactoside;[M+Na-H2];C27H30O16;2.91120e-4;0.461269;631.128052;1 out of 5
631.128343;631.128343;Orientin 3'-O-glucoside;[M+Na-H2];C27H30O16;2.91120e-4;0.461269;631.128052;1 out of 5
631.128343;631.128343;Luteolin 7-gentiobioside;[M+Na-H2];C27H30O16;2.91120e-4;0.461269;631.128052;1 out of 5
631.128343;631.128343;6-Hydroxyluteolin 7-rutinoside;[M+Na-H2];C27H30O16;2.91120e-4;0.461269;631.128052;1 out of 5
631.128343;631.128343;Robinetin 3-rutinoside;[M+Na-H2];C27H30O16;2.91120e-4;0.461269;631.128052;1 out of 5
631.128343;631.128343;"Kaempferol 3,5-digalactoside";[M+Na-H2];C27H30O16;2.91120e-4;0.461269;631.128052;1 out of 5
631.128343;631.128343;Kaempferol 3-gentiobioside;[M+Na-H2];C27H30O16;2.91120e-4;0.461269;631.128052;1 out of 5
631.128343;631.128343;Rutin;[M+Na-H2];C27H30O16;2.91120e-4;0.461269;631.128052;1 out of 5
631.128343;631.128343;Quercetin 7-rutinoside;[M+Na-H2];C27H30O16;2.91120e-4;0.461269;631.128052;1 out of 5
631.128343;631.128343;Isorhamnetin 3-glucoside-7-xyloside;[M+Na-H2];C27H30O16;2.91120e-4;0.461269;631.128052;1 out of 5
631.128343;631.128343;Isorhamnetin 3-xylosyl-(1-&gt;2)-galactoside;[M+Na-H2];C27H30O16;2.91120e-4;0.461269;631.128052;1 out of 5
631.128343;631.128343;Annulatin 7-rhamnoside-3'-xyloside;[M+Na-H2];C27H30O16;2.91120e-4;0.461269;631.128052;1 out of 5
631.128343;631.128343;6-Hydroxykaempferol 7-rutinoside;[M+Na-H2];C27H30O16;2.91120e-4;0.461269;631.128052;1 out of 5
631.128343;631.128343;6-Hydroxykaempferol 3-rutinoside;[M+Na-H2];C27H30O16;2.91120e-4;0.461269;631.128052;1 out of 5
631.128343;631.128343;Herbacetin 8-rutinoside;[M+Na-H2];C27H30O16;2.91120e-4;0.461269;631.128052;1 out of 5
631.128343;631.128343;Gossypetin 8-methyl ether 3-xylosyl-(1-&gt;2)-rhamnoside;[M+Na-H2];C27H30O16;2.91120e-4;0.461269;631.128052;1 out of 5
631.128343;631.128343;Orobol 7-O-sophoroside;[M+Na-H2];C27H30O16;2.91120e-4;0.461269;631.128052;1 out of 5
631.128343;631.128343;Flavocannabiside;[M+Na-H2];C27H30O16;2.91120e-4;0.461269;631.128052;1 out of 5
631.128343;631.128343;Isoorientin 2''-O-alpha-D-mannoside;[M+Na-H2];C27H30O16;2.91120e-4;0.461269;631.128052;1 out of 5
631.128343;631.128343;Lucenin 2;[M+Na-H2];C27H30O16;2.91120e-4;0.461269;631.128052;1 out of 5
631.128343;631.128343;Lutonarin;[M+Na-H2];C27H30O16;2.91120e-4;0.461269;631.128052;1 out of 5
631.128343;631.128343;Isoorientin 3'-O-glucoside;[M+Na-H2];C27H30O16;2.91120e-4;0.461269;631.128052;1 out of 5
631.128343;631.128343;Isorhamnetin 3-sambubioside;[M+Na-H2];C27H30O16;2.91120e-4;0.461269;631.128052;1 out of 5
631.128343;631.128343;Isorhamnetin 3-glucoside-7-alpha-L-arabinopyranoside;[M+Na-H2];C27H30O16;2.91120e-4;0.461269;631.128052;1 out of 5
631.128343;631.128343;Luteolin 7-allosyl-(1-&gt;2)-glucoside;[M+Na-H2];C27H30O16;2.91120e-4;0.461269;631.128052;1 out of 5
631.128343;631.128343;"Luteolin 7,3'-diglucoside";[M+Na-H2];C27H30O16;2.91120e-4;0.461269;631.128052;1 out of 5
631.128343;631.128343;"Luteolin 7,4'-diglucoside";[M+Na-H2];C27H30O16;2.91120e-4;0.461269;631.128052;1 out of 5
631.128343;631.128343;Luteolin 7-galactoside-4'-glucoside;[M+Na-H2];C27H30O16;2.91120e-4;0.461269;631.128052;1 out of 5
631.128343;631.128343;"Luteolin 3',4'-diglucoside";[M+Na-H2];C27H30O16;2.91120e-4;0.461269;631.128052;1 out of 5
631.128343;631.128343;Isoscutellarein 7-allosyl-(1-&gt;2)-glucoside;[M+Na-H2];C27H30O16;2.91120e-4;0.461269;631.128052;1 out of 5
631.128343;631.128343;"Fisetin 3,7-diglucoside";[M+Na-H2];C27H30O16;2.91120e-4;0.461269;631.128052;1 out of 5
631.128343;631.128343;Panasenoside;[M+Na-H2];C27H30O16;2.91120e-4;0.461269;631.128052;1 out of 5
631.128343;631.128343;"Kaempferol 3,7-digalactoside";[M+Na-H2];C27H30O16;2.91120e-4;0.461269;631.128052;1 out of 5
631.128343;631.128343;Kaempferol 3-galactoside-4'-glucoside;[M+Na-H2];C27H30O16;2.91120e-4;0.461269;631.128052;1 out of 5
631.128343;631.128343;Camelliaside C;[M+Na-H2];C27H30O16;2.91120e-4;0.461269;631.128052;1 out of 5
631.128343;631.128343;Kaempferol 3-glucoside-7-galactoside;[M+Na-H2];C27H30O16;2.91120e-4;0.461269;631.128052;1 out of 5
631.128343;631.128343;"Kaempferol 3,7-diglucoside";[M+Na-H2];C27H30O16;2.91120e-4;0.461269;631.128052;1 out of 5
631.128343;631.128343;"Kaempferol 3,4'-diglucoside";[M+Na-H2];C27H30O16;2.91120e-4;0.461269;631.128052;1 out of 5
631.128343;631.128343;Quercetin 3-rhamnosyl-(1-&gt;2)-galactoside;[M+Na-H2];C27H30O16;2.91120e-4;0.461269;631.128052;1 out of 5
631.128343;631.128343;Quercetin 3-neohesperidoside;[M+Na-H2];C27H30O16;2.91120e-4;0.461269;631.128052;1 out of 5
631.128343;631.128343;Quercetin 3-rhamnoside-7-glucoside;[M+Na-H2];C27H30O16;2.91120e-4;0.461269;631.128052;1 out of 5
631.128343;631.128343;Quercetin 3-methyl ether 7-alpha-L-arabinofuranosyl-(1-&gt;6)-glucoside;[M+Na-H2];C27H30O16;2.91120e-4;0.461269;631.128052;1 out of 5
631.128343;631.128343;"Aureusidin 4,6-diglucoside";[M+Na-H2];C27H30O16;2.91120e-4;0.461269;631.128052;1 out of 5
631.128343;631.128343;"Orobol 6,8-di-C-glucoside";[M+Na-H2];C27H30O16;2.91120e-4;0.461269;631.128052;1 out of 5
631.128343;631.128343;6-C-Glucosylkaempferol 3-O-glucoside;[M+Na-H2];C27H30O16;2.91120e-4;0.461269;631.128052;1 out of 5
631.128343;631.128343;2''-O-beta-L-galactopyranosylorientin;[M+Na-H2];C27H30O16;2.91120e-4;0.461269;631.128052;1 out of 5
631.128343;631.128343;8-C-Glucosylquercetin 2''-O-rhamnoside;[M+Na-H2];C27H30O16;2.91120e-4;0.461269;631.128052;1 out of 5
631.128343;631.128343;Isorhamnetin 3-vicianoside;[M+Na-H2];C27H30O16;2.91120e-4;0.461269;631.128052;1 out of 5
631.128343;631.128343;Isorhamnetin 3-xylosyl-(1-&gt;6)-glucoside;[M+Na-H2];C27H30O16;2.91120e-4;0.461269;631.128052;1 out of 5
631.128343;631.128343;Luteolin 7-laminaribioside;[M+Na-H2];C27H30O16;2.91120e-4;0.461269;631.128052;1 out of 5
631.128343;631.128343;Luteolin 7-galactosyl-(1-&gt;6)-galactoside;[M+Na-H2];C27H30O16;2.91120e-4;0.461269;631.128052;1 out of 5
631.128343;631.128343;6-Hydroxyluteolin 6-glucoside-3'-rhamnoside;[M+Na-H2];C27H30O16;2.91120e-4;0.461269;631.128052;1 out of 5
631.128343;631.128343;8-Hydroxyapigenin 8-sophoroside;[M+Na-H2];C27H30O16;2.91120e-4;0.461269;631.128052;1 out of 5
631.128343;631.128343;Unknown Name;[M+Na-H2];C27H30O16;2.91120e-4;0.461269;631.128052;24 out of 5
631.128343;631.128343;Kaempferol 3-glucosyl-(1-&gt;6)-galactoside;[M+Na-H2];C27H30O16;2.91120e-4;0.461269;631.128052;1 out of 5
631.128343;631.128343;Kaempferol 7-sophoroside;[M+Na-H2];C27H30O16;2.91120e-4;0.461269;631.128052;1 out of 5
631.128343;631.128343;"Kaempferol 3,5-diglucoside";[M+Na-H2];C27H30O16;2.91120e-4;0.461269;631.128052;1 out of 5
631.128343;631.128343;"Kaempferol 7,4'-diglucoside";[M+Na-H2];C27H30O16;2.91120e-4;0.461269;631.128052;1 out of 5
631.128343;631.128343;Quercetin 3-robinobioside;[M+Na-H2];C27H30O16;2.91120e-4;0.461269;631.128052;1 out of 5
631.128343;631.128343;Quercetin 3-galactoside-7-rhamnoside;[M+Na-H2];C27H30O16;2.91120e-4;0.461269;631.128052;1 out of 5
631.128343;631.128343;Quercetin 3-glucoside-7-rhamnoside;[M+Na-H2];C27H30O16;2.91120e-4;0.461269;631.128052;1 out of 5
631.128343;631.128343;Quercetin 3-galactosyl-(1-&gt;4)-rhamnoside;[M+Na-H2];C27H30O16;2.91120e-4;0.461269;631.128052;1 out of 5
631.128343;631.128343;Quercetin 3-glucosyl-(1-&gt;2)-rhamnoside;[M+Na-H2];C27H30O16;2.91120e-4;0.461269;631.128052;1 out of 5
631.128343;631.128343;Quercetin 3-glucosyl-(1-&gt;4)-rhamnoside;[M+Na-H2];C27H30O16;2.91120e-4;0.461269;631.128052;1 out of 5
631.128343;631.128343;Quercetin 3-glucosyl-(1-&gt;2)-rhamnoside;[M+Na-H2];C27H30O16;2.91120e-4;0.461269;631.128052;1 out of 5
631.128343;631.128343;Quercetin 3-galactosyl-(1-&gt;2)-rhamnoside;[M+Na-H2];C27H30O16;2.91120e-4;0.461269;631.128052;1 out of 5
631.128343;631.128343;Quercetin 3-rhamnoside-3'-glucoside;[M+Na-H2];C27H30O16;2.91120e-4;0.461269;631.128052;1 out of 5
631.128343;631.128343;Isorhamnetin 3-L-arabinopyranosyl-(1-&gt;6)-galactoside;[M+Na-H2];C27H30O16;2.91120e-4;0.461269;631.128052;1 out of 5
631.128343;631.128343;Isorhamnetin 3-apiosyl-(1-&gt;2)-glucoside;[M+Na-H2];C27H30O16;2.91120e-4;0.461269;631.128052;1 out of 5
631.128343;631.128343;Isorhamnetin 3-apiosyl-(1-&gt;2)-galactoside;[M+Na-H2];C27H30O16;2.91120e-4;0.461269;631.128052;1 out of 5
631.128343;631.128343;"Myricetin 3,4'-di-O-alpha-L-rhamnopyranoside";[M+Na-H2];C27H30O16;2.91120e-4;0.461269;631.128052;1 out of 5
631.128343;631.128343;Myricetin 3-rhamnosyl-(1-&gt;2)-rhamnoside;[M+Na-H2];C27H30O16;2.91120e-4;0.461269;631.128052;1 out of 5
631.128343;631.128343;Quercetin 7-methyl ether 3-alpha-L-arabinopyranosyl-(1-&gt;3)-galactoside;[M+Na-H2];C27H30O16;2.91120e-4;0.461269;631.128052;1 out of 5
631.128343;631.128343;Herbacetin 7-glucosyl-(1-&gt;3)-rhamnoside;[M+Na-H2];C27H30O16;2.91120e-4;0.461269;631.128052;1 out of 5
631.128343;631.128343;Herbacetin 7-rhamnoside-8-glucoside;[M+Na-H2];C27H30O16;2.91120e-4;0.461269;631.128052;1 out of 5
631.128343;631.128343;Herbacetin 3-rhamnoside-8-glucoside;[M+Na-H2];C27H30O16;2.91120e-4;0.461269;631.128052;1 out of 5
636.520796;636.520796;"DGTS(14:0/14:0)";[M-H2O-H];C38H73NO7;-6.66760e-5;-0.104751;636.520863;1 out of 5
636.520796;636.520796;"DGTA(14:0/14:0)";[M-H2O-H];C38H73NO7;-6.66760e-5;-0.104751;636.520863;1 out of 5
643.091315;643.091315;Apigenin 7-glucuronosyl-(1-&gt;2)-glucuronide;[M+Na-H2];C27H26O17;-3.51372e-4;-0.546379;643.091666;2 out of 5
643.091315;643.091315;"Apigenin 7,4'-diglucuronide";[M+Na-H2];C27H26O17;-3.51372e-4;-0.546379;643.091666;2 out of 5
651.315283;651.315283;PKODiA-PG;[M-H];C30H53O13P;1.81614e-4;0.278842;651.315101;1 out of 5
651.315283;651.315283;POV-PI;[M-H2O-H];C30H55O14P;1.80930e-4;0.277792;651.315102;1 out of 5
651.315283;651.315283;Kurilensoside H;[M+K-H2];C32H54O11;6.54520e-5;0.100492;651.315218;1 out of 5
687.544973;687.544973;"SM(d16:1/17:0)";[M-H];C38H77N2O6P;3.25186e-4;0.472967;687.544648;1 out of 5
687.544973;687.544973;"SM(d18:1/15:0)";[M-H];C38H77N2O6P;3.25186e-4;0.472967;687.544648;1 out of 5
687.544973;687.544973;"PE-Cer(d14:1(4E)/22:0)";[M-H];C38H77N2O6P;3.25186e-4;0.472967;687.544648;1 out of 5
687.544973;687.544973;"PE-Cer(d16:1(4E)/20:0)";[M-H];C38H77N2O6P;3.25186e-4;0.472967;687.544648;1 out of 5
687.544973;687.544973;"PE-Cer(d18:0(17Me)/16:0(3OH,15Me))";[M-H2O-H];C38H79N2O7P;3.24502e-4;0.471972;687.544648;1 out of 5
693.179563;693.179563;Triphyllin A;[M+K-H2];C30H40O16;-6.77200e-4;-0.976946;693.180240;1 out of 5
701.133968;701.133968;Luteolin 7-(6''-malonylneohesperidoside);[M+Na-H2];C30H32O18;4.36816e-4;0.623014;701.133531;1 out of 5
701.133968;701.133968;Kaempferol 3-(6G-malonylneohesperidoside);[M+Na-H2];C30H32O18;4.36816e-4;0.623014;701.133531;1 out of 5
701.512771;701.512771;"DG(19:1(9Z)/22:6(4Z,7Z,10Z,13Z,16Z,19Z)/0:0)[iso2]";[M+Na-H2];C44H72O5;1.28596e-4;0.183312;701.512642;1 out of 5
701.512771;701.512771;"PA(18:0/18:1(9Z))";[M-H];C39H75O8P;9.20100e-5;0.131159;701.512679;2 out of 5
701.512771;701.512771;"PA(14:0/22:1(11Z))";[M-H];C39H75O8P;9.20100e-5;0.131159;701.512679;2 out of 5
701.512771;701.512771;"PA(14:1(9Z)/22:0)";[M-H];C39H75O8P;9.20100e-5;0.131159;701.512679;2 out of 5
701.512771;701.512771;"PA(15:1(9Z)/21:0)";[M-H];C39H75O8P;9.20100e-5;0.131159;701.512679;2 out of 5
701.512771;701.512771;"PA(16:1(9Z)/20:0)";[M-H];C39H75O8P;9.20100e-5;0.131159;701.512679;2 out of 5
701.512771;701.512771;"PA(17:0/19:1(9Z))";[M-H];C39H75O8P;9.20100e-5;0.131159;701.512679;2 out of 5
701.512771;701.512771;"PA(17:1(9Z)/19:0)";[M-H];C39H75O8P;9.20100e-5;0.131159;701.512679;2 out of 5
701.512771;701.512771;"PA(19:0/17:1(9Z))";[M-H];C39H75O8P;9.20100e-5;0.131159;701.512679;2 out of 5
701.512771;701.512771;"PA(19:1(9Z)/17:0)";[M-H];C39H75O8P;9.20100e-5;0.131159;701.512679;2 out of 5
701.512771;701.512771;"PA(20:0/16:1(9Z))";[M-H];C39H75O8P;9.20100e-5;0.131159;701.512679;2 out of 5
701.512771;701.512771;"PA(20:1(11Z)/16:0)";[M-H];C39H75O8P;9.20100e-5;0.131159;701.512679;2 out of 5
701.512771;701.512771;"PA(21:0/15:1(9Z))";[M-H];C39H75O8P;9.20100e-5;0.131159;701.512679;2 out of 5
701.512771;701.512771;"PA(22:0/14:1(9Z))";[M-H];C39H75O8P;9.20100e-5;0.131159;701.512679;2 out of 5
701.512771;701.512771;"PA(22:1(11Z)/14:0)";[M-H];C39H75O8P;9.20100e-5;0.131159;701.512679;2 out of 5
701.512771;701.512771;"PA(18:1(9Z)/18:0)";[M-H];C39H75O8P;9.20100e-5;0.131159;701.512679;2 out of 5
701.512771;701.512771;"PA(16:0/20:1(11Z))";[M-H];C39H75O8P;9.20100e-5;0.131159;701.512679;2 out of 5
701.512771;701.512771;"PG(O-16:0/17:1(9Z))";[M-H2O-H];C39H77O9P;9.13260e-5;0.130184;701.512680;1 out of 5
701.512771;701.512771;"PG(O-18:0/15:1(9Z))";[M-H2O-H];C39H77O9P;9.13260e-5;0.130184;701.512680;1 out of 5
701.512771;701.512771;"PG(P-16:0/17:0)";[M-H2O-H];C39H77O9P;9.13260e-5;0.130184;701.512680;1 out of 5
701.512771;701.512771;"PG(P-18:0/15:0)";[M-H2O-H];C39H77O9P;9.13260e-5;0.130184;701.512680;1 out of 5
701.512771;701.512771;"PG(P-20:0/13:0)";[M-H2O-H];C39H77O9P;9.13260e-5;0.130184;701.512680;1 out of 5
701.512771;701.512771;"TG(12:0/12:0/14:1(9Z))[iso3]";[M+K-H2];C41H76O6;-2.41520e-5;-0.034428;701.512795;1 out of 5
724.164652;724.164652;Unknown Name;[M-H2O-H];C35H35O18;7.02300e-4;0.969808;724.163950;35 out of 5
724.164652;724.164652;Unknown Name;[M-H2O-H];C35H35O18;7.02300e-4;0.969808;724.163950;35 out of 5
727.149887;727.149887;"Kaempferol 3-[2''',3''',5'''-triacetyl-alpha-L-arabinofuranosyl-(1-&gt;6)-glucoside";[M+Na-H2];C32H34O18;7.05752e-4;0.970574;727.149181;1 out of 5
727.149887;727.149887;"Kaempferol 3-[2''',3''',4'''-triacetyl-alpha-L-arabinopyranosyl-(1-&gt;6)-glucoside]";[M+Na-H2];C32H34O18;7.05752e-4;0.970574;727.149181;1 out of 5
731.144263;731.144263;Apigenin 6-C-glucosyl-7-O-(6-malyl-glucoside);[M+Na-H2];C31H34O19;1.67132e-4;0.228590;731.144096;1 out of 5
731.144263;731.144263;8-Hydroxyluteolin 7-[6'''-acethylallosyl-(1-&gt;2)-3''-acetylglucoside];[M+Na-H2];C31H34O19;1.67132e-4;0.228590;731.144096;1 out of 5
731.144263;731.144263;8-Hydroxyluteolin 7-[6'''-acetylallosyl-(1-&gt;2)-6''-acetylglucoside];[M+Na-H2];C31H34O19;1.67132e-4;0.228590;731.144096;1 out of 5
735.473779;735.473779;"PA(P-20:0/17:2(9Z,12Z))";[M+K-H2];C40H75O7P;1.32630e-4;0.180333;735.473646;1 out of 5
735.473779;735.473779;"PA(18:0/18:2(9Z,12Z))";[M+Cl];C39H73O8P;7.20740e-5;0.097997;735.473707;1 out of 5
735.473779;735.473779;"PA(14:0/22:2(13Z,16Z))";[M+Cl];C39H73O8P;7.20740e-5;0.097997;735.473707;1 out of 5
735.473779;735.473779;"PA(14:1(9Z)/22:1(11Z))";[M+Cl];C39H73O8P;7.20740e-5;0.097997;735.473707;1 out of 5
735.473779;735.473779;"PA(16:0/20:2(11Z,14Z))";[M+Cl];C39H73O8P;7.20740e-5;0.097997;735.473707;1 out of 5
735.473779;735.473779;"PA(16:1(9Z)/20:1(11Z))";[M+Cl];C39H73O8P;7.20740e-5;0.097997;735.473707;1 out of 5
735.473779;735.473779;"PA(17:1(9Z)/19:1(9Z))";[M+Cl];C39H73O8P;7.20740e-5;0.097997;735.473707;1 out of 5
735.473779;735.473779;"PA(17:2(9Z,12Z)/19:0)";[M+Cl];C39H73O8P;7.20740e-5;0.097997;735.473707;1 out of 5
735.473779;735.473779;"PA(19:0/17:2(9Z,12Z))";[M+Cl];C39H73O8P;7.20740e-5;0.097997;735.473707;1 out of 5
735.473779;735.473779;"PA(19:1(9Z)/17:1(9Z))";[M+Cl];C39H73O8P;7.20740e-5;0.097997;735.473707;1 out of 5
735.473779;735.473779;"PA(20:1(11Z)/16:1(9Z))";[M+Cl];C39H73O8P;7.20740e-5;0.097997;735.473707;1 out of 5
735.473779;735.473779;"PA(20:2(11Z,14Z)/16:0)";[M+Cl];C39H73O8P;7.20740e-5;0.097997;735.473707;1 out of 5
735.473779;735.473779;"PA(22:1(11Z)/14:1(9Z))";[M+Cl];C39H73O8P;7.20740e-5;0.097997;735.473707;1 out of 5
735.473779;735.473779;"PA(22:2(13Z,16Z)/14:0)";[M+Cl];C39H73O8P;7.20740e-5;0.097997;735.473707;1 out of 5
735.473779;735.473779;"PA(18:2(9Z,12Z)/18:0)";[M+Cl];C39H73O8P;7.20740e-5;0.097997;735.473707;1 out of 5
735.473779;735.473779;"PA(18:1(9Z)/18:1(9Z))";[M+Cl];C39H73O8P;7.20740e-5;0.097997;735.473707;1 out of 5
737.489466;737.489466;"PA(O-20:0/17:2(9Z,12Z))";[M+K-H2];C40H77O7P;1.69566e-4;0.229923;737.489296;1 out of 5
737.489466;737.489466;"PA(P-18:0/19:1(9Z))";[M+K-H2];C40H77O7P;1.69566e-4;0.229923;737.489296;1 out of 5
737.489466;737.489466;"PA(P-20:0/17:1(9Z))";[M+K-H2];C40H77O7P;1.69566e-4;0.229923;737.489296;1 out of 5
737.489466;737.489466;"PA(18:0/18:1(9Z))";[M+Cl];C39H75O8P;1.09010e-4;0.147812;737.489357;2 out of 5
737.489466;737.489466;"PA(14:0/22:1(11Z))";[M+Cl];C39H75O8P;1.09010e-4;0.147812;737.489357;2 out of 5
737.489466;737.489466;"PA(14:1(9Z)/22:0)";[M+Cl];C39H75O8P;1.09010e-4;0.147812;737.489357;2 out of 5
737.489466;737.489466;"PA(15:1(9Z)/21:0)";[M+Cl];C39H75O8P;1.09010e-4;0.147812;737.489357;2 out of 5
737.489466;737.489466;"PA(16:1(9Z)/20:0)";[M+Cl];C39H75O8P;1.09010e-4;0.147812;737.489357;2 out of 5
737.489466;737.489466;"PA(17:0/19:1(9Z))";[M+Cl];C39H75O8P;1.09010e-4;0.147812;737.489357;2 out of 5
737.489466;737.489466;"PA(17:1(9Z)/19:0)";[M+Cl];C39H75O8P;1.09010e-4;0.147812;737.489357;2 out of 5
737.489466;737.489466;"PA(19:0/17:1(9Z))";[M+Cl];C39H75O8P;1.09010e-4;0.147812;737.489357;2 out of 5
737.489466;737.489466;"PA(19:1(9Z)/17:0)";[M+Cl];C39H75O8P;1.09010e-4;0.147812;737.489357;2 out of 5
737.489466;737.489466;"PA(20:0/16:1(9Z))";[M+Cl];C39H75O8P;1.09010e-4;0.147812;737.489357;2 out of 5
737.489466;737.489466;"PA(20:1(11Z)/16:0)";[M+Cl];C39H75O8P;1.09010e-4;0.147812;737.489357;2 out of 5
737.489466;737.489466;"PA(21:0/15:1(9Z))";[M+Cl];C39H75O8P;1.09010e-4;0.147812;737.489357;2 out of 5
737.489466;737.489466;"PA(22:0/14:1(9Z))";[M+Cl];C39H75O8P;1.09010e-4;0.147812;737.489357;2 out of 5
737.489466;737.489466;"PA(22:1(11Z)/14:0)";[M+Cl];C39H75O8P;1.09010e-4;0.147812;737.489357;2 out of 5
737.489466;737.489466;"PA(18:1(9Z)/18:0)";[M+Cl];C39H75O8P;1.09010e-4;0.147812;737.489357;2 out of 5
737.489466;737.489466;"PA(16:0/20:1(11Z))";[M+Cl];C39H75O8P;1.09010e-4;0.147812;737.489357;2 out of 5
739.486799;739.486799;2-demethylmenaquinone-8;[M+K-H2];C50H70O2;6.12520e-4;0.828305;739.486186;1 out of 5
742.539199;742.539199;"PC(15:0/18:2(9Z,12Z))";[M-H];C41H78NO8P;-2.90860e-5;-0.039171;742.539228;1 out of 5
742.539199;742.539199;"PC(13:0/20:2(11Z,14Z))";[M-H];C41H78NO8P;-2.90860e-5;-0.039171;742.539228;1 out of 5
742.539199;742.539199;"PC(14:1(9Z)/19:1(9Z))";[M-H];C41H78NO8P;-2.90860e-5;-0.039171;742.539228;1 out of 5
742.539199;742.539199;"PC(15:1(9Z)/18:1(9Z))";[M-H];C41H78NO8P;-2.90860e-5;-0.039171;742.539228;1 out of 5
742.539199;742.539199;"PC(16:0/17:2(9Z,12Z))";[M-H];C41H78NO8P;-2.90860e-5;-0.039171;742.539228;1 out of 5
742.539199;742.539199;"PC(16:1(9Z)/17:1(9Z))";[M-H];C41H78NO8P;-2.90860e-5;-0.039171;742.539228;1 out of 5
742.539199;742.539199;"PC(17:1(9Z)/16:1(9Z))";[M-H];C41H78NO8P;-2.90860e-5;-0.039171;742.539228;1 out of 5
742.539199;742.539199;"PC(17:2(9Z,12Z)/16:0)";[M-H];C41H78NO8P;-2.90860e-5;-0.039171;742.539228;1 out of 5
742.539199;742.539199;"PC(18:1(9Z)/15:1(9Z))";[M-H];C41H78NO8P;-2.90860e-5;-0.039171;742.539228;1 out of 5
742.539199;742.539199;"PC(18:2(9Z,12Z)/15:0)";[M-H];C41H78NO8P;-2.90860e-5;-0.039171;742.539228;1 out of 5
742.539199;742.539199;"PC(19:1(9Z)/14:1(9Z))";[M-H];C41H78NO8P;-2.90860e-5;-0.039171;742.539228;1 out of 5
742.539199;742.539199;"PC(20:2(11Z,14Z)/13:0)";[M-H];C41H78NO8P;-2.90860e-5;-0.039171;742.539228;1 out of 5
742.539199;742.539199;"PE(18:1(9E)/18:1(9E))";[M-H];C41H78NO8P;-2.90860e-5;-0.039171;742.539228;1 out of 5
742.539199;742.539199;"PE(18:0/18:2(9Z,12Z))";[M-H];C41H78NO8P;-2.90860e-5;-0.039171;742.539228;1 out of 5
742.539199;742.539199;"PE(18:1(9Z)/18:1(9Z))";[M-H];C41H78NO8P;-2.90860e-5;-0.039171;742.539228;1 out of 5
742.539199;742.539199;"PE(18:1(6Z)/18:1(6Z))";[M-H];C41H78NO8P;-2.90860e-5;-0.039171;742.539228;1 out of 5
742.539199;742.539199;"PE(14:0/22:2(13Z,16Z))";[M-H];C41H78NO8P;-2.90860e-5;-0.039171;742.539228;1 out of 5
742.539199;742.539199;"PE(14:1(9Z)/22:1(11Z))";[M-H];C41H78NO8P;-2.90860e-5;-0.039171;742.539228;1 out of 5
742.539199;742.539199;"PE(16:0/20:2(11Z,14Z))";[M-H];C41H78NO8P;-2.90860e-5;-0.039171;742.539228;1 out of 5
742.539199;742.539199;"PE(16:1(9Z)/20:1(11Z))";[M-H];C41H78NO8P;-2.90860e-5;-0.039171;742.539228;1 out of 5
742.539199;742.539199;"PE(17:1(9Z)/19:1(9Z))";[M-H];C41H78NO8P;-2.90860e-5;-0.039171;742.539228;1 out of 5
742.539199;742.539199;"PE(17:2(9Z,12Z)/19:0)";[M-H];C41H78NO8P;-2.90860e-5;-0.039171;742.539228;1 out of 5
742.539199;742.539199;"PE(19:0/17:2(9Z,12Z))";[M-H];C41H78NO8P;-2.90860e-5;-0.039171;742.539228;1 out of 5
742.539199;742.539199;"PE(19:1(9Z)/17:1(9Z))";[M-H];C41H78NO8P;-2.90860e-5;-0.039171;742.539228;1 out of 5
742.539199;742.539199;"PE(20:1(11Z)/16:1(9Z))";[M-H];C41H78NO8P;-2.90860e-5;-0.039171;742.539228;1 out of 5
742.539199;742.539199;"PE(20:2(11Z,14Z)/16:0)";[M-H];C41H78NO8P;-2.90860e-5;-0.039171;742.539228;1 out of 5
742.539199;742.539199;"PE(22:1(11Z)/14:1(9Z))";[M-H];C41H78NO8P;-2.90860e-5;-0.039171;742.539228;1 out of 5
742.539199;742.539199;"PE(22:2(13Z,16Z)/14:0)";[M-H];C41H78NO8P;-2.90860e-5;-0.039171;742.539228;1 out of 5
742.539199;742.539199;"PE(18:2(9Z,12Z)/18:0)";[M-H];C41H78NO8P;-2.90860e-5;-0.039171;742.539228;1 out of 5
742.539199;742.539199;"PE(18:0(11Cp)/16:0(9Cp))";[M-H];C41H78NO8P;-2.90860e-5;-0.039171;742.539228;1 out of 5
742.539199;742.539199;"PS(O-16:0/19:1(9Z))";[M-H2O-H];C41H80NO9P;-2.97700e-5;-0.040092;742.539229;1 out of 5
742.539199;742.539199;"PS(O-18:0/17:1(9Z))";[M-H2O-H];C41H80NO9P;-2.97700e-5;-0.040092;742.539229;1 out of 5
742.539199;742.539199;"PS(O-20:0/15:1(9Z))";[M-H2O-H];C41H80NO9P;-2.97700e-5;-0.040092;742.539229;1 out of 5
742.539199;742.539199;"PS(P-16:0/19:0)";[M-H2O-H];C41H80NO9P;-2.97700e-5;-0.040092;742.539229;1 out of 5
742.539199;742.539199;"PS(P-18:0/17:0)";[M-H2O-H];C41H80NO9P;-2.97700e-5;-0.040092;742.539229;1 out of 5
742.539199;742.539199;"PS(P-20:0/15:0)";[M-H2O-H];C41H80NO9P;-2.97700e-5;-0.040092;742.539229;1 out of 5
744.555491;744.555491;"PC(15:0/18:1(11Z))";[M-H];C41H80NO8P;6.12850e-4;0.823109;744.554878;1 out of 5
744.555491;744.555491;"PC(16:0/17:1(9Z))";[M-H];C41H80NO8P;6.12850e-4;0.823109;744.554878;1 out of 5
744.555491;744.555491;"PC(13:0/20:1(11Z))";[M-H];C41H80NO8P;6.12850e-4;0.823109;744.554878;1 out of 5
744.555491;744.555491;"PC(14:0/19:1(9Z))";[M-H];C41H80NO8P;6.12850e-4;0.823109;744.554878;1 out of 5
744.555491;744.555491;"PC(14:1(9Z)/19:0)";[M-H];C41H80NO8P;6.12850e-4;0.823109;744.554878;1 out of 5
744.555491;744.555491;"PC(15:0/18:1(9Z))";[M-H];C41H80NO8P;6.12850e-4;0.823109;744.554878;1 out of 5
744.555491;744.555491;"PC(15:1(9Z)/18:0)";[M-H];C41H80NO8P;6.12850e-4;0.823109;744.554878;1 out of 5
744.555491;744.555491;"PC(16:1(9Z)/17:0)";[M-H];C41H80NO8P;6.12850e-4;0.823109;744.554878;1 out of 5
744.555491;744.555491;"PC(17:0/16:1(9Z))";[M-H];C41H80NO8P;6.12850e-4;0.823109;744.554878;1 out of 5
744.555491;744.555491;"PC(17:1(9Z)/16:0)";[M-H];C41H80NO8P;6.12850e-4;0.823109;744.554878;1 out of 5
744.555491;744.555491;"PC(18:0/15:1(9Z))";[M-H];C41H80NO8P;6.12850e-4;0.823109;744.554878;1 out of 5
744.555491;744.555491;"PC(18:1(9Z)/15:0)";[M-H];C41H80NO8P;6.12850e-4;0.823109;744.554878;1 out of 5
744.555491;744.555491;"PC(19:0/14:1(9Z))";[M-H];C41H80NO8P;6.12850e-4;0.823109;744.554878;1 out of 5
744.555491;744.555491;"PC(19:1(9Z)/14:0)";[M-H];C41H80NO8P;6.12850e-4;0.823109;744.554878;1 out of 5
744.555491;744.555491;"PC(20:1(11Z)/13:0)";[M-H];C41H80NO8P;6.12850e-4;0.823109;744.554878;1 out of 5
744.555491;744.555491;"PE(18:0/18:1(9Z))";[M-H];C41H80NO8P;6.12850e-4;0.823109;744.554878;1 out of 5
744.555491;744.555491;"PE(18:1(9Z)/18:0)";[M-H];C41H80NO8P;6.12850e-4;0.823109;744.554878;1 out of 5
744.555491;744.555491;"PE(18:0/18:1(7Z))";[M-H];C41H80NO8P;6.12850e-4;0.823109;744.554878;1 out of 5
744.555491;744.555491;"PE(16:0/20:1(11Z))";[M-H];C41H80NO8P;6.12850e-4;0.823109;744.554878;1 out of 5
744.555491;744.555491;"PE-NMe2(16:0/18:1(9Z))";[M-H];C41H80NO8P;6.12850e-4;0.823109;744.554878;1 out of 5
744.555491;744.555491;"PE-NMe2(18:1(9Z)/16:0)";[M-H];C41H80NO8P;6.12850e-4;0.823109;744.554878;1 out of 5
744.555491;744.555491;"PE(14:0/22:1(11Z))";[M-H];C41H80NO8P;6.12850e-4;0.823109;744.554878;1 out of 5
744.555491;744.555491;"PE(14:1(9Z)/22:0)";[M-H];C41H80NO8P;6.12850e-4;0.823109;744.554878;1 out of 5
744.555491;744.555491;"PE(15:1(9Z)/21:0)";[M-H];C41H80NO8P;6.12850e-4;0.823109;744.554878;1 out of 5
744.555491;744.555491;"PE(16:1(9Z)/20:0)";[M-H];C41H80NO8P;6.12850e-4;0.823109;744.554878;1 out of 5
744.555491;744.555491;"PE(17:0/19:1(9Z))";[M-H];C41H80NO8P;6.12850e-4;0.823109;744.554878;1 out of 5
744.555491;744.555491;"PE(17:1(9Z)/19:0)";[M-H];C41H80NO8P;6.12850e-4;0.823109;744.554878;1 out of 5
744.555491;744.555491;"PE(19:0/17:1(9Z))";[M-H];C41H80NO8P;6.12850e-4;0.823109;744.554878;1 out of 5
744.555491;744.555491;"PE(19:1(9Z)/17:0)";[M-H];C41H80NO8P;6.12850e-4;0.823109;744.554878;1 out of 5
744.555491;744.555491;"PE(20:0/16:1(9Z))";[M-H];C41H80NO8P;6.12850e-4;0.823109;744.554878;1 out of 5
744.555491;744.555491;"PE(20:1(11Z)/16:0)";[M-H];C41H80NO8P;6.12850e-4;0.823109;744.554878;1 out of 5
744.555491;744.555491;"PE(21:0/15:1(9Z))";[M-H];C41H80NO8P;6.12850e-4;0.823109;744.554878;1 out of 5
744.555491;744.555491;"PE(22:0/14:1(9Z))";[M-H];C41H80NO8P;6.12850e-4;0.823109;744.554878;1 out of 5
744.555491;744.555491;"PE(22:1(11Z)/14:0)";[M-H];C41H80NO8P;6.12850e-4;0.823109;744.554878;1 out of 5
744.555491;744.555491;"PS(O-18:0/17:0)";[M-H2O-H];C41H82NO9P;6.12166e-4;0.822191;744.554879;1 out of 5
744.555491;744.555491;"PS(O-20:0/15:0)";[M-H2O-H];C41H82NO9P;6.12166e-4;0.822191;744.554879;1 out of 5
744.555491;744.555491;"PS(O-16:0/19:0)";[M-H2O-H];C41H82NO9P;6.12166e-4;0.822191;744.554879;1 out of 5
759.473287;759.473287;"PA(18:0/20:4(5Z,8Z,11Z,14Z))";[M+Cl];C41H73O8P;-4.19926e-4;-0.552917;759.473707;1 out of 5
759.473287;759.473287;"PA(18:1(9Z)/20:3(8Z,11Z,14Z))";[M+Cl];C41H73O8P;-4.19926e-4;-0.552917;759.473707;1 out of 5
759.473287;759.473287;"PA(18:2(9Z,12Z)/20:2(11Z,14Z))";[M+Cl];C41H73O8P;-4.19926e-4;-0.552917;759.473707;1 out of 5
759.473287;759.473287;"PA(18:3(6Z,9Z,12Z)/20:1(11Z))";[M+Cl];C41H73O8P;-4.19926e-4;-0.552917;759.473707;1 out of 5
759.473287;759.473287;"PA(18:3(9Z,12Z,15Z)/20:1(11Z))";[M+Cl];C41H73O8P;-4.19926e-4;-0.552917;759.473707;1 out of 5
759.473287;759.473287;"PA(18:4(6Z,9Z,12Z,15Z)/20:0)";[M+Cl];C41H73O8P;-4.19926e-4;-0.552917;759.473707;1 out of 5
759.473287;759.473287;"PA(20:1(11Z)/18:3(6Z,9Z,12Z))";[M+Cl];C41H73O8P;-4.19926e-4;-0.552917;759.473707;1 out of 5
759.473287;759.473287;"PA(20:1(11Z)/18:3(9Z,12Z,15Z))";[M+Cl];C41H73O8P;-4.19926e-4;-0.552917;759.473707;1 out of 5
759.473287;759.473287;"PA(20:2(11Z,14Z)/18:2(9Z,12Z))";[M+Cl];C41H73O8P;-4.19926e-4;-0.552917;759.473707;1 out of 5
759.473287;759.473287;"PA(20:3(8Z,11Z,14Z)/18:1(9Z))";[M+Cl];C41H73O8P;-4.19926e-4;-0.552917;759.473707;1 out of 5
759.473287;759.473287;"PA(20:4(5Z,8Z,11Z,14Z)/18:0)";[M+Cl];C41H73O8P;-4.19926e-4;-0.552917;759.473707;1 out of 5
759.473287;759.473287;"PA(22:4(7Z,10Z,13Z,16Z)/16:0)";[M+Cl];C41H73O8P;-4.19926e-4;-0.552917;759.473707;1 out of 5
759.473287;759.473287;"PA(20:0/18:4(6Z,9Z,12Z,15Z))";[M+Cl];C41H73O8P;-4.19926e-4;-0.552917;759.473707;1 out of 5
759.473287;759.473287;"PA(16:0/22:4(7Z,10Z,13Z,16Z))";[M+Cl];C41H73O8P;-4.19926e-4;-0.552917;759.473707;1 out of 5
766.539567;766.539567;"PC(18:2(9Z,12E)/17:2(9Z,11E))";[M-H];C43H78NO8P;3.38914e-4;0.442135;766.539228;1 out of 5
766.539567;766.539567;"PC(13:0/22:4(7Z,10Z,13Z,16Z))";[M-H];C43H78NO8P;3.38914e-4;0.442135;766.539228;1 out of 5
766.539567;766.539567;"PC(15:0/20:4(5Z,8Z,11Z,14Z))";[M-H];C43H78NO8P;3.38914e-4;0.442135;766.539228;1 out of 5
766.539567;766.539567;"PC(15:1(9Z)/20:3(8Z,11Z,14Z))";[M-H];C43H78NO8P;3.38914e-4;0.442135;766.539228;1 out of 5
766.539567;766.539567;"PC(17:0/18:4(6Z,9Z,12Z,15Z))";[M-H];C43H78NO8P;3.38914e-4;0.442135;766.539228;1 out of 5
766.539567;766.539567;"PC(17:1(9Z)/18:3(6Z,9Z,12Z))";[M-H];C43H78NO8P;3.38914e-4;0.442135;766.539228;1 out of 5
766.539567;766.539567;"PC(17:1(9Z)/18:3(9Z,12Z,15Z))";[M-H];C43H78NO8P;3.38914e-4;0.442135;766.539228;1 out of 5
766.539567;766.539567;"PC(17:2(9Z,12Z)/18:2(9Z,12Z))";[M-H];C43H78NO8P;3.38914e-4;0.442135;766.539228;1 out of 5
766.539567;766.539567;"PC(18:2(9Z,12Z)/17:2(9Z,12Z))";[M-H];C43H78NO8P;3.38914e-4;0.442135;766.539228;1 out of 5
766.539567;766.539567;"PC(18:3(6Z,9Z,12Z)/17:1(9Z))";[M-H];C43H78NO8P;3.38914e-4;0.442135;766.539228;1 out of 5
766.539567;766.539567;"PC(18:3(9Z,12Z,15Z)/17:1(9Z))";[M-H];C43H78NO8P;3.38914e-4;0.442135;766.539228;1 out of 5
766.539567;766.539567;"PC(18:4(6Z,9Z,12Z,15Z)/17:0)";[M-H];C43H78NO8P;3.38914e-4;0.442135;766.539228;1 out of 5
766.539567;766.539567;"PC(20:3(8Z,11Z,14Z)/15:1(9Z))";[M-H];C43H78NO8P;3.38914e-4;0.442135;766.539228;1 out of 5
766.539567;766.539567;"PC(20:4(5Z,8Z,11Z,14Z)/15:0)";[M-H];C43H78NO8P;3.38914e-4;0.442135;766.539228;1 out of 5
766.539567;766.539567;"PC(22:4(7Z,10Z,13Z,16Z)/13:0)";[M-H];C43H78NO8P;3.38914e-4;0.442135;766.539228;1 out of 5
766.539567;766.539567;"PE(20:0/18:4(6Z,9Z,12Z,15Z))";[M-H];C43H78NO8P;3.38914e-4;0.442135;766.539228;1 out of 5
766.539567;766.539567;"PE(18:1(9Z)/20:3(5Z,8Z,11Z))";[M-H];C43H78NO8P;3.38914e-4;0.442135;766.539228;1 out of 5
766.539567;766.539567;"PE(16:0/22:4(7Z,10Z,13Z,16Z))";[M-H];C43H78NO8P;3.38914e-4;0.442135;766.539228;1 out of 5
766.539567;766.539567;"PE(18:0/20:4(5Z,8Z,11Z,14Z))";[M-H];C43H78NO8P;3.38914e-4;0.442135;766.539228;1 out of 5
766.539567;766.539567;"PE(18:0/20:4(5E,8E,11E,14E))";[M-H];C43H78NO8P;3.38914e-4;0.442135;766.539228;1 out of 5
766.539567;766.539567;"PE(18:1(9Z)/20:3(8Z,11Z,14Z))";[M-H];C43H78NO8P;3.38914e-4;0.442135;766.539228;1 out of 5
766.539567;766.539567;"PE(18:2(9Z,12Z)/20:2(11Z,14Z))";[M-H];C43H78NO8P;3.38914e-4;0.442135;766.539228;1 out of 5
766.539567;766.539567;"PE(18:3(6Z,9Z,12Z)/20:1(11Z))";[M-H];C43H78NO8P;3.38914e-4;0.442135;766.539228;1 out of 5
766.539567;766.539567;"PE(18:3(9Z,12Z,15Z)/20:1(11Z))";[M-H];C43H78NO8P;3.38914e-4;0.442135;766.539228;1 out of 5
766.539567;766.539567;"PE(18:4(6Z,9Z,12Z,15Z)/20:0)";[M-H];C43H78NO8P;3.38914e-4;0.442135;766.539228;1 out of 5
766.539567;766.539567;"PE(20:1(11Z)/18:3(6Z,9Z,12Z))";[M-H];C43H78NO8P;3.38914e-4;0.442135;766.539228;1 out of 5
766.539567;766.539567;"PE(20:1(11Z)/18:3(9Z,12Z,15Z))";[M-H];C43H78NO8P;3.38914e-4;0.442135;766.539228;1 out of 5
766.539567;766.539567;"PE(20:2(11Z,14Z)/18:2(9Z,12Z))";[M-H];C43H78NO8P;3.38914e-4;0.442135;766.539228;1 out of 5
766.539567;766.539567;"PE(20:3(8Z,11Z,14Z)/18:1(9Z))";[M-H];C43H78NO8P;3.38914e-4;0.442135;766.539228;1 out of 5
766.539567;766.539567;"PE(20:4(5Z,8Z,11Z,14Z)/18:0)";[M-H];C43H78NO8P;3.38914e-4;0.442135;766.539228;1 out of 5
766.539567;766.539567;"PE(22:4(7Z,10Z,13Z,16Z)/16:0)";[M-H];C43H78NO8P;3.38914e-4;0.442135;766.539228;1 out of 5
766.539567;766.539567;"PE(P-18:0/20:4(5Z,8Z,10E,14Z)(12OH[S]))";[M-H];C43H78NO8P;3.38914e-4;0.442135;766.539228;1 out of 5
766.539567;766.539567;"PE(P-18:0/20:4(5Z,8Z,11Z,13E)(15OH[S]))";[M-H];C43H78NO8P;3.38914e-4;0.442135;766.539228;1 out of 5
766.539567;766.539567;"PE(P-18:0/20:4(6E,8Z,11Z,14Z)(5OH[S]))";[M-H];C43H78NO8P;3.38914e-4;0.442135;766.539228;1 out of 5
766.539567;766.539567;"PS(P-20:0/17:2(9Z,12Z))";[M-H2O-H];C43H80NO9P;3.38230e-4;0.441243;766.539229;1 out of 5
788.544434;788.544434;"PS(18:0/18:1(9Z))";[M-H];C42H80NO10P;-2.73390e-4;-0.346702;788.544707;1 out of 5
788.544434;788.544434;"PS(18:1(9Z)/18:0)";[M-H];C42H80NO10P;-2.73390e-4;-0.346702;788.544707;1 out of 5
788.544434;788.544434;"PS(14:0/22:1(11Z))";[M-H];C42H80NO10P;-2.73390e-4;-0.346702;788.544707;1 out of 5
788.544434;788.544434;"PS(14:1(9Z)/22:0)";[M-H];C42H80NO10P;-2.73390e-4;-0.346702;788.544707;1 out of 5
788.544434;788.544434;"PS(15:1(9Z)/21:0)";[M-H];C42H80NO10P;-2.73390e-4;-0.346702;788.544707;1 out of 5
788.544434;788.544434;"PS(16:1(9Z)/20:0)";[M-H];C42H80NO10P;-2.73390e-4;-0.346702;788.544707;1 out of 5
788.544434;788.544434;"PS(17:0/19:1(9Z))";[M-H];C42H80NO10P;-2.73390e-4;-0.346702;788.544707;1 out of 5
788.544434;788.544434;"PS(17:1(9Z)/19:0)";[M-H];C42H80NO10P;-2.73390e-4;-0.346702;788.544707;1 out of 5
788.544434;788.544434;"PS(19:0/17:1(9Z))";[M-H];C42H80NO10P;-2.73390e-4;-0.346702;788.544707;1 out of 5
788.544434;788.544434;"PS(19:1(9Z)/17:0)";[M-H];C42H80NO10P;-2.73390e-4;-0.346702;788.544707;1 out of 5
788.544434;788.544434;"PS(20:0/16:1(9Z))";[M-H];C42H80NO10P;-2.73390e-4;-0.346702;788.544707;1 out of 5
788.544434;788.544434;"PS(20:1(11Z)/16:0)";[M-H];C42H80NO10P;-2.73390e-4;-0.346702;788.544707;1 out of 5
788.544434;788.544434;"PS(21:0/15:1(9Z))";[M-H];C42H80NO10P;-2.73390e-4;-0.346702;788.544707;1 out of 5
788.544434;788.544434;"PS(22:0/14:1(9Z))";[M-H];C42H80NO10P;-2.73390e-4;-0.346702;788.544707;1 out of 5
788.544434;788.544434;"PS(22:1(11Z)/14:0)";[M-H];C42H80NO10P;-2.73390e-4;-0.346702;788.544707;1 out of 5
788.544434;788.544434;"PS(16:0/20:1(11Z))";[M-H];C42H80NO10P;-2.73390e-4;-0.346702;788.544707;1 out of 5
788.544434;788.544434;"PI-Cer(d20:1/16:0)";[M-H2O-H];C42H82NO11P;-2.74074e-4;-0.347569;788.544708;1 out of 5
788.544434;788.544434;"GlcCer(d18:2/20:1)";[M+K-H2];C44H81NO8;-3.89552e-4;-0.494014;788.544824;1 out of 5
788.544434;788.544434;"GalCer(d18:2/20:1)";[M+K-H2];C44H81NO8;-3.89552e-4;-0.494014;788.544824;1 out of 5
788.544434;788.544434;Flavicerebroside B;[M+Cl];C43H79NO9;-4.50108e-4;-0.570808;788.544884;1 out of 5
788.544434;788.544434;Unknown Name;[M+Cl];C43H79NO9;-4.50108e-4;-0.570808;788.544884;41 out of 5
788.544434;788.544434;"GlcCer(d18:2(4E,8E)(9Me)/18:1(3E)(2OH[S]))";[M+Cl];C43H79NO9;-4.50108e-4;-0.570808;788.544884;1 out of 5
788.544434;788.544434;Chrysogeside D;[M+Cl];C43H79NO9;-4.50108e-4;-0.570808;788.544884;1 out of 5
788.544434;788.544434;Cerebroside C;[M+Cl];C43H79NO9;-4.50108e-4;-0.570808;788.544884;1 out of 5
788.544434;788.544434;Flavuside B;[M+Cl];C43H79NO9;-4.50108e-4;-0.570808;788.544884;1 out of 5
788.544434;788.544434;"GalCer(d18:2(4E,8E)(9Me)/18:1(3E)(2OH[S]))";[M+Cl];C43H79NO9;-4.50108e-4;-0.570808;788.544884;1 out of 5
809.518863;809.518863;"PI(16:0/16:0)";[M-H];C41H79O13P;3.10782e-4;0.383910;809.518552;1 out of 5
809.518863;809.518863;"PI(20:0/12:0)";[M-H];C41H79O13P;3.10782e-4;0.383910;809.518552;1 out of 5
809.518863;809.518863;"PI(19:0/13:0)";[M-H];C41H79O13P;3.10782e-4;0.383910;809.518552;1 out of 5
809.518863;809.518863;"PI(18:0/14:0)";[M-H];C41H79O13P;3.10782e-4;0.383910;809.518552;1 out of 5
809.518863;809.518863;"PI(17:0/15:0)";[M-H];C41H79O13P;3.10782e-4;0.383910;809.518552;1 out of 5
809.518863;809.518863;"PI(15:0/17:0)";[M-H];C41H79O13P;3.10782e-4;0.383910;809.518552;1 out of 5
809.518863;809.518863;"PI(14:0/18:0)";[M-H];C41H79O13P;3.10782e-4;0.383910;809.518552;1 out of 5
809.518863;809.518863;"PI(13:0/19:0)";[M-H];C41H79O13P;3.10782e-4;0.383910;809.518552;1 out of 5
809.518863;809.518863;"PI(12:0/20:0)";[M-H];C41H79O13P;3.10782e-4;0.383910;809.518552;1 out of 5
833.518299;833.518299;"PI(12:0/22:2(13Z,16Z))";[M-H];C43H79O13P;-2.53218e-4;-0.303794;833.518552;1 out of 5
833.518299;833.518299;"PI(14:0/20:2(11Z,14Z))";[M-H];C43H79O13P;-2.53218e-4;-0.303794;833.518552;1 out of 5
833.518299;833.518299;"PI(14:1(9Z)/20:1(11Z))";[M-H];C43H79O13P;-2.53218e-4;-0.303794;833.518552;1 out of 5
833.518299;833.518299;"PI(15:1(9Z)/19:1(9Z))";[M-H];C43H79O13P;-2.53218e-4;-0.303794;833.518552;1 out of 5
833.518299;833.518299;"PI(17:0/17:2(9Z,12Z))";[M-H];C43H79O13P;-2.53218e-4;-0.303794;833.518552;1 out of 5
833.518299;833.518299;"PI(17:2(9Z,12Z)/17:0)";[M-H];C43H79O13P;-2.53218e-4;-0.303794;833.518552;1 out of 5
833.518299;833.518299;"PI(19:1(9Z)/15:1(9Z))";[M-H];C43H79O13P;-2.53218e-4;-0.303794;833.518552;1 out of 5
833.518299;833.518299;"PI(20:1(11Z)/14:1(9Z))";[M-H];C43H79O13P;-2.53218e-4;-0.303794;833.518552;1 out of 5
833.518299;833.518299;"PI(20:2(11Z,14Z)/14:0)";[M-H];C43H79O13P;-2.53218e-4;-0.303794;833.518552;1 out of 5
833.518299;833.518299;"PI(22:2(13Z,16Z)/12:0)";[M-H];C43H79O13P;-2.53218e-4;-0.303794;833.518552;1 out of 5
833.518299;833.518299;"PI(18:2(9Z,12Z)/16:0)";[M-H];C43H79O13P;-2.53218e-4;-0.303794;833.518552;1 out of 5
833.518299;833.518299;"PI(18:1(9Z)/16:1(9Z))";[M-H];C43H79O13P;-2.53218e-4;-0.303794;833.518552;1 out of 5
833.518299;833.518299;"PI(17:1(9Z)/17:1(9Z))";[M-H];C43H79O13P;-2.53218e-4;-0.303794;833.518552;1 out of 5
833.518299;833.518299;"PI(16:1(9Z)/18:1(9Z))";[M-H];C43H79O13P;-2.53218e-4;-0.303794;833.518552;1 out of 5
833.518299;833.518299;"PI(16:0/18:2(9Z,12Z))";[M-H];C43H79O13P;-2.53218e-4;-0.303794;833.518552;1 out of 5
835.534333;835.534333;"PI(16:0/18:1(9Z))";[M-H];C43H81O13P;1.30718e-4;0.156448;835.534202;1 out of 5
835.534333;835.534333;"PI(12:0/22:1(11Z))";[M-H];C43H81O13P;1.30718e-4;0.156448;835.534202;1 out of 5
835.534333;835.534333;"PI(14:0/20:1(11Z))";[M-H];C43H81O13P;1.30718e-4;0.156448;835.534202;1 out of 5
835.534333;835.534333;"PI(14:1(9Z)/20:0)";[M-H];C43H81O13P;1.30718e-4;0.156448;835.534202;1 out of 5
835.534333;835.534333;"PI(15:0/19:1(9Z))";[M-H];C43H81O13P;1.30718e-4;0.156448;835.534202;1 out of 5
835.534333;835.534333;"PI(15:1(9Z)/19:0)";[M-H];C43H81O13P;1.30718e-4;0.156448;835.534202;1 out of 5
835.534333;835.534333;"PI(16:1(9Z)/18:0)";[M-H];C43H81O13P;1.30718e-4;0.156448;835.534202;1 out of 5
835.534333;835.534333;"PI(17:0/17:1(9Z))";[M-H];C43H81O13P;1.30718e-4;0.156448;835.534202;1 out of 5
835.534333;835.534333;"PI(17:1(9Z)/17:0)";[M-H];C43H81O13P;1.30718e-4;0.156448;835.534202;1 out of 5
835.534333;835.534333;"PI(19:0/15:1(9Z))";[M-H];C43H81O13P;1.30718e-4;0.156448;835.534202;1 out of 5
835.534333;835.534333;"PI(19:1(9Z)/15:0)";[M-H];C43H81O13P;1.30718e-4;0.156448;835.534202;1 out of 5
835.534333;835.534333;"PI(20:0/14:1(9Z))";[M-H];C43H81O13P;1.30718e-4;0.156448;835.534202;1 out of 5
835.534333;835.534333;"PI(20:1(11Z)/14:0)";[M-H];C43H81O13P;1.30718e-4;0.156448;835.534202;1 out of 5
835.534333;835.534333;"PI(22:1(11Z)/12:0)";[M-H];C43H81O13P;1.30718e-4;0.156448;835.534202;1 out of 5
835.534333;835.534333;"PI(18:0/16:1(9Z))";[M-H];C43H81O13P;1.30718e-4;0.156448;835.534202;1 out of 5
835.534333;835.534333;"PI(18:1(9Z)/16:0)";[M-H];C43H81O13P;1.30718e-4;0.156448;835.534202;1 out of 5
837.550254;837.550254;"PI(22:0/12:0)";[M-H];C43H83O13P;4.01654e-4;0.479558;837.549852;1 out of 5
837.550254;837.550254;"PI(21:0/13:0)";[M-H];C43H83O13P;4.01654e-4;0.479558;837.549852;1 out of 5
837.550254;837.550254;"PI(20:0/14:0)";[M-H];C43H83O13P;4.01654e-4;0.479558;837.549852;1 out of 5
837.550254;837.550254;"PI(19:0/15:0)";[M-H];C43H83O13P;4.01654e-4;0.479558;837.549852;1 out of 5
837.550254;837.550254;"PI(18:0/16:0)";[M-H];C43H83O13P;4.01654e-4;0.479558;837.549852;1 out of 5
837.550254;837.550254;"PI(17:0/17:0)";[M-H];C43H83O13P;4.01654e-4;0.479558;837.549852;1 out of 5
837.550254;837.550254;"PI(16:0/18:0)";[M-H];C43H83O13P;4.01654e-4;0.479558;837.549852;1 out of 5
837.550254;837.550254;"PI(15:0/19:0)";[M-H];C43H83O13P;4.01654e-4;0.479558;837.549852;1 out of 5
837.550254;837.550254;"PI(14:0/20:0)";[M-H];C43H83O13P;4.01654e-4;0.479558;837.549852;1 out of 5
837.550254;837.550254;"PI(13:0/21:0)";[M-H];C43H83O13P;4.01654e-4;0.479558;837.549852;1 out of 5
837.550254;837.550254;"PI(12:0/22:0)";[M-H];C43H83O13P;4.01654e-4;0.479558;837.549852;1 out of 5
857.518320;857.518320;"PI(14:0/22:4(7Z,10Z,13Z,16Z))";[M-H];C45H79O13P;-2.32218e-4;-0.270802;857.518552;1 out of 5
857.518320;857.518320;"PI(16:1(9Z)/20:3(8Z,11Z,14Z))";[M-H];C45H79O13P;-2.32218e-4;-0.270802;857.518552;1 out of 5
857.518320;857.518320;"PI(18:1(9Z)/18:3(6Z,9Z,12Z))";[M-H];C45H79O13P;-2.32218e-4;-0.270802;857.518552;1 out of 5
857.518320;857.518320;"PI(18:3(6Z,9Z,12Z)/18:1(9Z))";[M-H];C45H79O13P;-2.32218e-4;-0.270802;857.518552;1 out of 5
857.518320;857.518320;"PI(18:4(6Z,9Z,12Z,15Z)/18:0)";[M-H];C45H79O13P;-2.32218e-4;-0.270802;857.518552;1 out of 5
857.518320;857.518320;"PI(20:3(8Z,11Z,14Z)/16:1(9Z))";[M-H];C45H79O13P;-2.32218e-4;-0.270802;857.518552;1 out of 5
857.518320;857.518320;"PI(22:4(7Z,10Z,13Z,16Z)/14:0)";[M-H];C45H79O13P;-2.32218e-4;-0.270802;857.518552;1 out of 5
857.518320;857.518320;"PI(20:4(5Z,8Z,11Z,14Z)/16:0)";[M-H];C45H79O13P;-2.32218e-4;-0.270802;857.518552;1 out of 5
857.518320;857.518320;"PI(18:3(9Z,12Z,15Z)/18:1(9Z))";[M-H];C45H79O13P;-2.32218e-4;-0.270802;857.518552;1 out of 5
857.518320;857.518320;"PI(18:1(9Z)/18:3(9Z,12Z,15Z))";[M-H];C45H79O13P;-2.32218e-4;-0.270802;857.518552;1 out of 5
857.518320;857.518320;"PI(18:0/18:4(6Z,9Z,12Z,15Z))";[M-H];C45H79O13P;-2.32218e-4;-0.270802;857.518552;1 out of 5
857.518320;857.518320;"PI(18:2(9Z,12Z)/18:2(9Z,12Z))";[M-H];C45H79O13P;-2.32218e-4;-0.270802;857.518552;1 out of 5
857.518320;857.518320;"PI(16:0/20:4(5Z,8Z,11Z,14Z))";[M-H];C45H79O13P;-2.32218e-4;-0.270802;857.518552;1 out of 5
859.534859;859.534859;"PI(14:1(9Z)/22:2(13Z,16Z))";[M-H];C45H81O13P;6.56718e-4;0.764039;859.534202;1 out of 5
859.534859;859.534859;"PI(16:1(9Z)/20:2(11Z,14Z))";[M-H];C45H81O13P;6.56718e-4;0.764039;859.534202;1 out of 5
859.534859;859.534859;"PI(17:2(9Z,12Z)/19:1(9Z))";[M-H];C45H81O13P;6.56718e-4;0.764039;859.534202;1 out of 5
859.534859;859.534859;"PI(18:0/18:3(6Z,9Z,12Z))";[M-H];C45H81O13P;6.56718e-4;0.764039;859.534202;1 out of 5
859.534859;859.534859;"PI(18:0/18:3(9Z,12Z,15Z))";[M-H];C45H81O13P;6.56718e-4;0.764039;859.534202;1 out of 5
859.534859;859.534859;"PI(18:2(9Z,12Z)/18:1(9Z))";[M-H];C45H81O13P;6.56718e-4;0.764039;859.534202;1 out of 5
859.534859;859.534859;"PI(18:3(6Z,9Z,12Z)/18:0)";[M-H];C45H81O13P;6.56718e-4;0.764039;859.534202;1 out of 5
859.534859;859.534859;"PI(18:3(9Z,12Z,15Z)/18:0)";[M-H];C45H81O13P;6.56718e-4;0.764039;859.534202;1 out of 5
859.534859;859.534859;"PI(19:1(9Z)/17:2(9Z,12Z))";[M-H];C45H81O13P;6.56718e-4;0.764039;859.534202;1 out of 5
859.534859;859.534859;"PI(20:2(11Z,14Z)/16:1(9Z))";[M-H];C45H81O13P;6.56718e-4;0.764039;859.534202;1 out of 5
859.534859;859.534859;"PI(20:3(8Z,11Z,14Z)/16:0)";[M-H];C45H81O13P;6.56718e-4;0.764039;859.534202;1 out of 5
859.534859;859.534859;"PI(22:2(13Z,16Z)/14:1(9Z))";[M-H];C45H81O13P;6.56718e-4;0.764039;859.534202;1 out of 5
859.534859;859.534859;"PI(16:0/20:3(8Z,11Z,14Z))";[M-H];C45H81O13P;6.56718e-4;0.764039;859.534202;1 out of 5
859.534859;859.534859;"PI(18:1(9Z)/18:2(9Z,12Z))";[M-H];C45H81O13P;6.56718e-4;0.764039;859.534202;1 out of 5
861.550443;861.550443;"PI(14:0/22:2(13Z,16Z))";[M-H];C45H83O13P;5.90654e-4;0.685571;861.549852;1 out of 5
861.550443;861.550443;"PI(14:1(9Z)/22:1(11Z))";[M-H];C45H83O13P;5.90654e-4;0.685571;861.549852;1 out of 5
861.550443;861.550443;"PI(16:0/20:2(11Z,14Z))";[M-H];C45H83O13P;5.90654e-4;0.685571;861.549852;1 out of 5
861.550443;861.550443;"PI(16:1(9Z)/20:1(11Z))";[M-H];C45H83O13P;5.90654e-4;0.685571;861.549852;1 out of 5
861.550443;861.550443;"PI(17:1(9Z)/19:1(9Z))";[M-H];C45H83O13P;5.90654e-4;0.685571;861.549852;1 out of 5
861.550443;861.550443;"PI(17:2(9Z,12Z)/19:0)";[M-H];C45H83O13P;5.90654e-4;0.685571;861.549852;1 out of 5
861.550443;861.550443;"PI(19:0/17:2(9Z,12Z))";[M-H];C45H83O13P;5.90654e-4;0.685571;861.549852;1 out of 5
861.550443;861.550443;"PI(19:1(9Z)/17:1(9Z))";[M-H];C45H83O13P;5.90654e-4;0.685571;861.549852;1 out of 5
861.550443;861.550443;"PI(20:1(11Z)/16:1(9Z))";[M-H];C45H83O13P;5.90654e-4;0.685571;861.549852;1 out of 5
861.550443;861.550443;"PI(20:2(11Z,14Z)/16:0)";[M-H];C45H83O13P;5.90654e-4;0.685571;861.549852;1 out of 5
861.550443;861.550443;"PI(22:1(11Z)/14:1(9Z))";[M-H];C45H83O13P;5.90654e-4;0.685571;861.549852;1 out of 5
861.550443;861.550443;"PI(22:2(13Z,16Z)/14:0)";[M-H];C45H83O13P;5.90654e-4;0.685571;861.549852;1 out of 5
861.550443;861.550443;"PI(18:2(9Z,12Z)/18:0)";[M-H];C45H83O13P;5.90654e-4;0.685571;861.549852;1 out of 5
861.550443;861.550443;"PI(18:0/18:2(9Z,12Z))";[M-H];C45H83O13P;5.90654e-4;0.685571;861.549852;1 out of 5
863.565945;863.565945;Sulfated Dihydromenaquinone-9;[M-H2O-H];C56H82O6S;5.74656e-4;0.665446;863.565370;1 out of 5
863.565945;863.565945;"PI(14:0/22:1(11Z))";[M-H];C45H85O13P;4.42590e-4;0.512515;863.565502;1 out of 5
863.565945;863.565945;"PI(14:1(9Z)/22:0)";[M-H];C45H85O13P;4.42590e-4;0.512515;863.565502;1 out of 5
863.565945;863.565945;"PI(15:1(9Z)/21:0)";[M-H];C45H85O13P;4.42590e-4;0.512515;863.565502;1 out of 5
863.565945;863.565945;"PI(16:1(9Z)/20:0)";[M-H];C45H85O13P;4.42590e-4;0.512515;863.565502;1 out of 5
863.565945;863.565945;"PI(17:0/19:1(9Z))";[M-H];C45H85O13P;4.42590e-4;0.512515;863.565502;1 out of 5
863.565945;863.565945;"PI(17:1(9Z)/19:0)";[M-H];C45H85O13P;4.42590e-4;0.512515;863.565502;1 out of 5
863.565945;863.565945;"PI(19:0/17:1(9Z))";[M-H];C45H85O13P;4.42590e-4;0.512515;863.565502;1 out of 5
863.565945;863.565945;"PI(19:1(9Z)/17:0)";[M-H];C45H85O13P;4.42590e-4;0.512515;863.565502;1 out of 5
863.565945;863.565945;"PI(20:0/16:1(9Z))";[M-H];C45H85O13P;4.42590e-4;0.512515;863.565502;1 out of 5
863.565945;863.565945;"PI(20:1(11Z)/16:0)";[M-H];C45H85O13P;4.42590e-4;0.512515;863.565502;1 out of 5
863.565945;863.565945;"PI(21:0/15:1(9Z))";[M-H];C45H85O13P;4.42590e-4;0.512515;863.565502;1 out of 5
863.565945;863.565945;"PI(22:0/14:1(9Z))";[M-H];C45H85O13P;4.42590e-4;0.512515;863.565502;1 out of 5
863.565945;863.565945;"PI(22:1(11Z)/14:0)";[M-H];C45H85O13P;4.42590e-4;0.512515;863.565502;1 out of 5
863.565945;863.565945;"PI(18:1(9Z)/18:0)";[M-H];C45H85O13P;4.42590e-4;0.512515;863.565502;1 out of 5
863.565945;863.565945;"PI(16:0/20:1(11Z))";[M-H];C45H85O13P;4.42590e-4;0.512515;863.565502;1 out of 5
863.565945;863.565945;"PI(18:0/18:1(9Z))";[M-H];C45H85O13P;4.42590e-4;0.512515;863.565502;1 out of 5
881.627684;881.627684;"PG(22:0/22:4(7Z,10Z,13Z,16Z))";[M-H];C50H91O10P;-2.47420e-5;-0.028064;881.627709;1 out of 5
881.627684;881.627684;"PG(22:2(13Z,16Z)/22:2(13Z,16Z))";[M-H];C50H91O10P;-2.47420e-5;-0.028064;881.627709;1 out of 5
881.627684;881.627684;"PG(22:4(7Z,10Z,13Z,16Z)/22:0)";[M-H];C50H91O10P;-2.47420e-5;-0.028064;881.627709;1 out of 5
887.564895;887.564895;"PI(16:1(9Z)/22:2(13Z,16Z))";[M-H];C47H85O13P;-6.07410e-4;-0.684355;887.565502;1 out of 5
887.564895;887.564895;"PI(18:1(9Z)/20:2(11Z,14Z))";[M-H];C47H85O13P;-6.07410e-4;-0.684355;887.565502;1 out of 5
887.564895;887.564895;"PI(18:2(9Z,12Z)/20:1(11Z))";[M-H];C47H85O13P;-6.07410e-4;-0.684355;887.565502;1 out of 5
887.564895;887.564895;"PI(18:3(6Z,9Z,12Z)/20:0)";[M-H];C47H85O13P;-6.07410e-4;-0.684355;887.565502;1 out of 5
887.564895;887.564895;"PI(18:3(9Z,12Z,15Z)/20:0)";[M-H];C47H85O13P;-6.07410e-4;-0.684355;887.565502;1 out of 5
887.564895;887.564895;"PI(20:0/18:3(6Z,9Z,12Z))";[M-H];C47H85O13P;-6.07410e-4;-0.684355;887.565502;1 out of 5
887.564895;887.564895;"PI(20:0/18:3(9Z,12Z,15Z))";[M-H];C47H85O13P;-6.07410e-4;-0.684355;887.565502;1 out of 5
887.564895;887.564895;"PI(20:1(11Z)/18:2(9Z,12Z))";[M-H];C47H85O13P;-6.07410e-4;-0.684355;887.565502;1 out of 5
887.564895;887.564895;"PI(20:2(11Z,14Z)/18:1(9Z))";[M-H];C47H85O13P;-6.07410e-4;-0.684355;887.565502;1 out of 5
887.564895;887.564895;"PI(20:3(8Z,11Z,14Z)/18:0)";[M-H];C47H85O13P;-6.07410e-4;-0.684355;887.565502;1 out of 5
887.564895;887.564895;"PI(22:2(13Z,16Z)/16:1(9Z))";[M-H];C47H85O13P;-6.07410e-4;-0.684355;887.565502;1 out of 5
887.564895;887.564895;"PI(18:0/20:3(8Z,11Z,14Z))";[M-H];C47H85O13P;-6.07410e-4;-0.684355;887.565502;1 out of 5
