"Observed m/z";"Adjusted m/z";Matched name;Adduct;Formula;Matched delta mass (Da);Matched difference (ppm);Matched theoretical mass;Coverage
108.901981;108.901981;Potassium chloride;[M+Cl];ClK;2.04320e-5;0.187618;108.901961;1 out of 5
109.018001;109.018001;4-Oxoproline;[M-H2O-H];C5H6NO3;5.25363e-4;4.819071;109.017476;1 out of 5
110.899036;110.899036;Selenite;[M-H2O-H];H2O3Se;-3.87580e-5;-0.349489;110.899075;1 out of 5
112.985620;112.985620;"Fluoro 2,2-difluoroacetate";[M-H];C2HF3O2;3.32390e-5;0.294188;112.985587;1 out of 5
112.985620;112.985620;Trifluoroacetic acid;[M-H];C2HF3O2;3.31090e-5;0.293037;112.985587;1 out of 5
112.985620;112.985620;Hydroxymethyl hydrogen carbonate;[M+Na-H2];C2H4O4;-5.60900e-6;-0.049643;112.985626;1 out of 5
114.926237;114.926237;"Carbonothioic O,S-acid";[M+K-H2];CH2O2S;8.15220e-5;0.709342;114.926155;1 out of 5
114.926237;114.926237;Chlorosulfonic acid;[M-H];ClHO3S;2.12000e-5;0.184466;114.926216;1 out of 5
114.926237;114.926237;Sulfur trioxide;[M+Cl];O3S;2.09660e-5;0.182430;114.926216;1 out of 5
114.935750;114.935750;"Poly(acrylic acid-co-hypophosphite), sodium salt";[M+K-H2];CH3O2P;7.86650e-5;0.684426;114.935671;1 out of 5
114.935750;114.935750;Metaphosphoric acid;[M+Cl];HO3P;1.85900e-5;0.161743;114.935731;1 out of 5
114.935750;114.935750;Acetyl chloride;[M+K-H2];C2H3ClO;-9.74000e-5;-0.847429;114.935847;1 out of 5
114.935750;114.935750;Chloroacetaldehyde;[M+K-H2];C2H3ClO;-9.74250e-5;-0.847647;114.935847;1 out of 5
114.935750;114.935750;Chlorocarbonic acid;[M+Cl];CHClO2;-1.58000e-4;-1.374679;114.935908;1 out of 5
119.947002;119.947002;Sodium nitrate (NaNO3);[M+Cl];NNaO3;1.34540e-5;0.112166;119.946989;1 out of 5
122.985264;122.985264;phosphonoacetaldehyde;[M-H];C2H5O4P;-4.16000e-6;-0.033825;122.985268;2 out of 5
122.985264;122.985264;"2-Butyne-1,4-diol";[M+K-H2];C4H6O2;-1.20433e-4;-0.979246;122.985384;1 out of 5
122.985264;122.985264;"2,2'-Bioxirane";[M+K-H2];C4H6O2;-1.20433e-4;-0.979246;122.985384;1 out of 5
122.985264;122.985264;Acetoacetaldehyde;[M+K-H2];C4H6O2;-1.20433e-4;-0.979246;122.985384;1 out of 5
122.985264;122.985264;Allyl formate;[M+K-H2];C4H6O2;-1.20433e-4;-0.979246;122.985384;1 out of 5
122.985264;122.985264;Cyclopropanecarboxylic acid;[M+K-H2];C4H6O2;-1.20433e-4;-0.979246;122.985384;1 out of 5
122.985264;122.985264;"Butanal, 2-oxo-";[M+K-H2];C4H6O2;-1.20433e-4;-0.979246;122.985384;1 out of 5
122.985264;122.985264;Methylmalondialdehyde;[M+K-H2];C4H6O2;-1.20433e-4;-0.979246;122.985384;1 out of 5
122.985264;122.985264;Succinaldehyde;[M+K-H2];C4H6O2;-1.20433e-4;-0.979246;122.985384;1 out of 5
122.985264;122.985264;gamma-Butyrolactone;[M+K-H2];C4H6O2;-1.20436e-4;-0.979271;122.985384;1 out of 5
122.985264;122.985264;Oxolan-3-one;[M+K-H2];C4H6O2;-1.20436e-4;-0.979271;122.985384;1 out of 5
122.985264;122.985264;Diacetyl;[M+K-H2];C4H6O2;-1.20436e-4;-0.979271;122.985384;1 out of 5
122.985264;122.985264;But-2-enoic acid;[M+K-H2];C4H6O2;-1.20436e-4;-0.979271;122.985384;1 out of 5
122.985264;122.985264;Ethenyl acetate;[M+K-H2];C4H6O2;-1.20436e-4;-0.979271;122.985384;1 out of 5
122.985264;122.985264;Methyl acrylate;[M+K-H2];C4H6O2;-1.20436e-4;-0.979271;122.985384;1 out of 5
122.985264;122.985264;Isocrotonic acid;[M+K-H2];C4H6O2;-1.20436e-4;-0.979271;122.985384;1 out of 5
122.985264;122.985264;METHACRYLIC ACID;[M+K-H2];C4H6O2;-1.20436e-4;-0.979271;122.985384;1 out of 5
122.985264;122.985264;3-Chloro-2-hydroxypropanoic acid;[M-H];C3H5ClO3;-1.80700e-4;-1.469280;122.985445;2 out of 5
122.985264;122.985264;2-hydroxyacrylic Acid;[M+Cl];C3H4O3;-1.80989e-4;-1.471629;122.985445;1 out of 5
122.985264;122.985264;Ethylene carbonate;[M+Cl];C3H4O3;-1.80989e-4;-1.471629;122.985445;1 out of 5
122.985264;122.985264;Pyruvic acid;[M+Cl];C3H4O3;-1.80994e-4;-1.471670;122.985445;1 out of 5
122.985264;122.985264;Malonic semialdehyde;[M+Cl];C3H4O3;-1.80994e-4;-1.471670;122.985445;1 out of 5
122.985264;122.985264;Glucosereductone;[M+Cl];C3H4O3;-1.80994e-4;-1.471670;122.985445;1 out of 5
124.007409;124.007409;Taurine;[M-H];C2H7NO3S;2.22150e-5;0.179143;124.007387;2 out of 5
124.007409;124.007409;3h-Taurine;[M-H];C2H7NO3S;2.17370e-5;0.175288;124.007387;2 out of 5
124.007409;124.007409;Sulfonamidoethanol;[M-H];C2H7NO3S;2.17370e-5;0.175288;124.007387;2 out of 5
125.001099;125.001099;Sodium benzoate;[M-H2O-H];C7H5NaO2;2.15921e-4;1.727356;125.000883;1 out of 5
125.001099;125.001099;Ethylphosphate;[M-H];C2H7O4P;1.80776e-4;1.446197;125.000918;2 out of 5
125.001099;125.001099;Dimethylphosphate;[M-H];C2H7O4P;1.80297e-4;1.442365;125.000919;2 out of 5
125.001099;125.001099;"1,3-Dioxane";[M+K-H2];C4H8O2;6.45020e-5;0.516012;125.001034;1 out of 5
125.001099;125.001099;"3-Butene-1,2-diol";[M+K-H2];C4H8O2;6.45020e-5;0.516012;125.001034;1 out of 5
125.001099;125.001099;Butyric acid;[M+K-H2];C4H8O2;6.45000e-5;0.515996;125.001035;1 out of 5
125.001099;125.001099;Isobutyric acid;[M+K-H2];C4H8O2;6.45000e-5;0.515996;125.001035;1 out of 5
125.001099;125.001099;Acetoin;[M+K-H2];C4H8O2;6.45000e-5;0.515996;125.001035;1 out of 5
125.001099;125.001099;Methyl propionate;[M+K-H2];C4H8O2;6.45000e-5;0.515996;125.001035;1 out of 5
125.001099;125.001099;Ethyl acetate;[M+K-H2];C4H8O2;6.45000e-5;0.515996;125.001035;1 out of 5
125.001099;125.001099;1-Hydroxy-2-butanone;[M+K-H2];C4H8O2;6.45000e-5;0.515996;125.001035;1 out of 5
125.001099;125.001099;Propyl formate;[M+K-H2];C4H8O2;6.45000e-5;0.515996;125.001035;1 out of 5
125.001099;125.001099;Isopropyl formate;[M+K-H2];C4H8O2;6.45000e-5;0.515996;125.001035;1 out of 5
125.001099;125.001099;Dioxane;[M+K-H2];C4H8O2;6.45000e-5;0.515996;125.001035;1 out of 5
125.001099;125.001099;(R)-Acetoin;[M+K-H2];C4H8O2;6.45000e-5;0.515996;125.001035;1 out of 5
125.001099;125.001099;"1,2,4-Trioxane";[M+Cl];C3H6O3;3.94700e-6;0.031576;125.001095;1 out of 5
125.001099;125.001099;"1,3,5-Trioxane";[M+Cl];C3H6O3;3.94700e-6;0.031576;125.001095;1 out of 5
125.001099;125.001099;Methyl ethaneperoxoate;[M+Cl];C3H6O3;3.94700e-6;0.031576;125.001095;1 out of 5
125.001099;125.001099;L-Lactic acid;[M+Cl];C3H6O3;3.94200e-6;0.031536;125.001095;1 out of 5
125.001099;125.001099;Hydroxypropionic acid;[M+Cl];C3H6O3;3.94200e-6;0.031536;125.001095;1 out of 5
125.001099;125.001099;Glyceraldehyde;[M+Cl];C3H6O3;3.94200e-6;0.031536;125.001095;1 out of 5
125.001099;125.001099;D-Lactic acid;[M+Cl];C3H6O3;3.94200e-6;0.031536;125.001095;1 out of 5
125.001099;125.001099;Dihydroxyacetone;[M+Cl];C3H6O3;3.94200e-6;0.031536;125.001095;1 out of 5
125.001099;125.001099;Dimethyl carbonate;[M+Cl];C3H6O3;3.94200e-6;0.031536;125.001095;1 out of 5
125.001099;125.001099;Monoethyl carbonate;[M+Cl];C3H6O3;3.94200e-6;0.031536;125.001095;1 out of 5
125.001099;125.001099;Methoxyacetic acid;[M+Cl];C3H6O3;3.94200e-6;0.031536;125.001095;1 out of 5
126.905040;126.905040;I(-);[M-H];HI;2.35480e-5;0.185556;126.905016;1 out of 5
128.892164;128.892164;Magnesium dichloride;[M+Cl];Cl2Mg;1.56880e-5;0.121714;128.892148;1 out of 5
132.030235;132.030235;L-Aspartic acid;[M-H];C4H7NO4;4.28300e-6;0.032440;132.030231;2 out of 5
132.030235;132.030235;D-Aspartic acid;[M-H];C4H7NO4;4.28300e-6;0.032440;132.030231;2 out of 5
132.030235;132.030235;Iminodiacetic acid;[M-H];C4H7NO4;4.28300e-6;0.032440;132.030231;2 out of 5
132.946294;132.946294;Methylphosphonic acid;[M+K-H2];CH5O3P;5.84620e-5;0.439742;132.946236;1 out of 5
132.946294;132.946294;Phosphate;[M+Cl];H3O4P;-2.09600e-6;-0.015766;132.946296;1 out of 5
132.946294;132.946294;"2-Chloroethane-1,1-diol";[M+K-H2];C2H5ClO2;-1.18100e-4;-0.888328;132.946412;1 out of 5
132.946294;132.946294;Potassium acetate;[M+Cl];C2H3KO2;-1.18201e-4;-0.889088;132.946412;1 out of 5
133.014276;133.014276;2-Carboxyoxypropanoic acid;[M-H];C4H6O5;2.97070e-5;0.223337;133.014246;3 out of 5
133.014276;133.014276;Malic acid;[M-H];C4H6O5;2.96980e-5;0.223269;133.014246;3 out of 5
133.014276;133.014276;D-Malic acid;[M-H];C4H6O5;2.96980e-5;0.223269;133.014246;3 out of 5
133.014276;133.014276;Velcorin;[M-H];C4H6O5;2.96980e-5;0.223269;133.014246;3 out of 5
133.014276;133.014276;Diglycolic acid;[M-H];C4H6O5;2.96980e-5;0.223269;133.014246;3 out of 5
134.943347;134.943347;Chloropentafluoroethane;[M-H2O-H];C2ClF5;3.19268e-4;2.365947;134.943028;1 out of 5
134.985269;134.985269;2-Phosphonopropionic acid;[M-H2O-H];C3H7O5P;-3.23000e-7;-0.002393;134.985269;3 out of 5
134.985269;134.985269;alpha-Methylene-gamma-butyrolactone;[M+K-H2];C5H6O2;-1.15433e-4;-0.855152;134.985384;1 out of 5
134.985269;134.985269;2-Pentenedial;[M+K-H2];C5H6O2;-1.15433e-4;-0.855152;134.985384;1 out of 5
134.985269;134.985269;5-Methyl-3(2H)-furanone;[M+K-H2];C5H6O2;-1.15433e-4;-0.855152;134.985384;1 out of 5
134.985269;134.985269;2-Furanmethanol;[M+K-H2];C5H6O2;-1.15436e-4;-0.855174;134.985384;1 out of 5
134.985269;134.985269;5-Methyl-2(3H)-furanone;[M+K-H2];C5H6O2;-1.15436e-4;-0.855174;134.985384;1 out of 5
134.985269;134.985269;5-Hydroxy-4-pentenoic acid d-lactone;[M+K-H2];C5H6O2;-1.15436e-4;-0.855174;134.985384;1 out of 5
134.985269;134.985269;Succinic anhydride;[M+Cl];C4H4O3;-1.75994e-4;-1.303800;134.985445;1 out of 5
136.917686;136.917686;Sodium metaphosphate;[M+Cl];NaO3P;9.94700e-6;0.072649;136.917676;1 out of 5
138.875483;138.875483;Potassium phosphinate;[M+K-H2];KO2P;-4.19617e-4;-3.021525;138.875903;1 out of 5
140.011839;140.011839;"Furo[3,2-b]pyridine";[M+Na-H2];C7H5NO;5.82150e-5;0.415786;140.011781;1 out of 5
140.011839;140.011839;"1,2-Diacylglycerol-LD-PI-pool";[M+Na-H2];C7H5NO;5.82130e-5;0.415772;140.011781;1 out of 5
140.011839;140.011839;"1,2-Benzisoxazole";[M+Na-H2];C7H5NO;5.82130e-5;0.415772;140.011781;1 out of 5
140.011839;140.011839;Benzoxazole;[M+Na-H2];C7H5NO;5.82130e-5;0.415772;140.011781;1 out of 5
140.011839;140.011839;O-Phosphoethanolamine;[M-H];C2H8NO4P;2.17390e-5;0.155265;140.011817;2 out of 5
140.011839;140.011839;Aminoethanol phosphate;[M-H];C2H8NO4P;2.12600e-5;0.151844;140.011818;2 out of 5
140.011839;140.011839;"Propanamide, 2-hydroxy-2-methyl-";[M+K-H2];C4H9NO2;-9.45340e-5;-0.675185;140.011934;1 out of 5
140.011839;140.011839;1-Amino-4-hydroxybutan-2-one;[M+K-H2];C4H9NO2;-9.45340e-5;-0.675185;140.011934;1 out of 5
140.011839;140.011839;Isobutyl nitrite;[M+K-H2];C4H9NO2;-9.45340e-5;-0.675185;140.011934;1 out of 5
140.011839;140.011839;N-Methyl-DL-alanine;[M+K-H2];C4H9NO2;-9.45340e-5;-0.675185;140.011934;1 out of 5
140.011839;140.011839;Dimethylglycine;[M+K-H2];C4H9NO2;-9.45370e-5;-0.675207;140.011934;1 out of 5
140.011839;140.011839;gamma-Aminobutyric acid;[M+K-H2];C4H9NO2;-9.45370e-5;-0.675207;140.011934;1 out of 5
140.011839;140.011839;L-alpha-Aminobutyric acid;[M+K-H2];C4H9NO2;-9.45370e-5;-0.675207;140.011934;1 out of 5
140.011839;140.011839;D-alpha-Aminobutyric acid;[M+K-H2];C4H9NO2;-9.45370e-5;-0.675207;140.011934;1 out of 5
140.011839;140.011839;2-Aminoisobutyric acid;[M+K-H2];C4H9NO2;-9.45370e-5;-0.675207;140.011934;1 out of 5
140.011839;140.011839;(S)-beta-Aminoisobutyric acid;[M+K-H2];C4H9NO2;-9.45370e-5;-0.675207;140.011934;1 out of 5
140.011839;140.011839;(R)-beta-Aminoisobutyric acid;[M+K-H2];C4H9NO2;-9.45370e-5;-0.675207;140.011934;1 out of 5
140.011839;140.011839;3-Aminoisobutanoic acid;[M+K-H2];C4H9NO2;-9.45370e-5;-0.675207;140.011934;1 out of 5
140.011839;140.011839;Butyl nitrite;[M+K-H2];C4H9NO2;-9.45370e-5;-0.675207;140.011934;1 out of 5
140.011839;140.011839;3-Aminobutanoic acid;[M+K-H2];C4H9NO2;-9.45370e-5;-0.675207;140.011934;1 out of 5
140.011839;140.011839;O-Acetylethanolamine;[M+K-H2];C4H9NO2;-9.45370e-5;-0.675207;140.011934;1 out of 5
140.011839;140.011839;N-Ethylglycine;[M+K-H2];C4H9NO2;-9.45370e-5;-0.675207;140.011934;1 out of 5
140.011839;140.011839;N-Methylalanine;[M+K-H2];C4H9NO2;-9.45370e-5;-0.675207;140.011934;1 out of 5
140.011839;140.011839;alpha-Aminobutyric acid;[M+K-H2];C4H9NO2;-9.45370e-5;-0.675207;140.011934;1 out of 5
140.011839;140.011839;Ethyl glycinate;[M+K-H2];C4H9NO2;-9.45370e-5;-0.675207;140.011934;1 out of 5
140.011839;140.011839;"2,3-Dihydroxypropanamide";[M+Cl];C3H7NO3;-1.55089e-4;-1.107684;140.011994;1 out of 5
140.011839;140.011839;3-Nitropropanol;[M+Cl];C3H7NO3;-1.55089e-4;-1.107684;140.011994;1 out of 5
140.011839;140.011839;L-Serine;[M+Cl];C3H7NO3;-1.55095e-4;-1.107727;140.011994;1 out of 5
140.011839;140.011839;D-Serine;[M+Cl];C3H7NO3;-1.55095e-4;-1.107727;140.011994;1 out of 5
140.872532;140.872532;Palladium;[M+Cl];Pd;-3.52087e-4;-2.499324;140.872884;1 out of 5
144.869692;144.869692;Calcium chloride (CaCl2);[M+Cl];CaCl2;-5.56900e-6;-0.038441;144.869698;1 out of 5
144.869692;144.869692;tetraphosphorus;[M+Na-H2];P4;-2.10480e-5;-0.145289;144.869713;2 out of 5
145.061863;145.061863;Alanylglycine;[M-H];C5H10N2O3;-2.19000e-6;-0.015097;145.061865;2 out of 5
145.061863;145.061863;Cyclic Urea;[M-H];C5H10N2O3;-2.19000e-6;-0.015097;145.061865;2 out of 5
145.061863;145.061863;Glycyl-D-Alanine;[M-H];C5H10N2O3;-2.19000e-6;-0.015097;145.061865;2 out of 5
145.061863;145.061863;Glycylsarcosine;[M-H];C5H10N2O3;-2.19000e-6;-0.015097;145.061865;2 out of 5
145.061863;145.061863;D-Alanyl glycine;[M-H];C5H10N2O3;-2.19000e-6;-0.015097;145.061865;2 out of 5
145.061863;145.061863;L-Glutamine;[M-H];C5H10N2O3;-2.19600e-6;-0.015138;145.061865;2 out of 5
145.061863;145.061863;Ureidoisobutyric acid;[M-H];C5H10N2O3;-2.19600e-6;-0.015138;145.061865;2 out of 5
145.061863;145.061863;D-Glutamine;[M-H];C5H10N2O3;-2.19600e-6;-0.015138;145.061865;2 out of 5
145.061863;145.061863;3-ureido-isobutyrate;[M-H];C5H10N2O3;-2.19600e-6;-0.015138;145.061865;2 out of 5
146.045884;146.045884;N-lactoyl-Glycine;[M-H];C5H9NO4;3.22600e-6;0.022089;146.045881;2 out of 5
146.045884;146.045884;5-Hydroxy-4-oxo-L-norvaline;[M-H];C5H9NO4;3.22600e-6;0.022089;146.045881;2 out of 5
146.045884;146.045884;Alanine acetate;[M-H];C5H9NO4;3.22600e-6;0.022089;146.045881;2 out of 5
146.045884;146.045884;N-Methyl-DL-aspartic acid;[M-H];C5H9NO4;3.22600e-6;0.022089;146.045881;2 out of 5
146.045884;146.045884;L-Glutamic acid;[M-H];C5H9NO4;3.21900e-6;0.022041;146.045881;2 out of 5
146.045884;146.045884;N-Methyl-D-aspartic acid;[M-H];C5H9NO4;3.21900e-6;0.022041;146.045881;2 out of 5
146.045884;146.045884;N-Acetylserine;[M-H];C5H9NO4;3.21900e-6;0.022041;146.045881;2 out of 5
146.045884;146.045884;O-Acetylserine;[M-H];C5H9NO4;3.21900e-6;0.022041;146.045881;2 out of 5
146.045884;146.045884;D-Glutamic acid;[M-H];C5H9NO4;3.21900e-6;0.022041;146.045881;2 out of 5
146.045884;146.045884;L-4-Hydroxyglutamate semialdehyde;[M-H];C5H9NO4;3.21900e-6;0.022041;146.045881;2 out of 5
146.045884;146.045884;3-(Carboxymethylamino)propanoic acid;[M-H];C5H9NO4;3.21900e-6;0.022041;146.045881;2 out of 5
146.045884;146.045884;DL-Glutamate;[M-H];C5H9NO4;3.21900e-6;0.022041;146.045881;2 out of 5
146.983054;146.983054;Ethylphosphate;[M+Na-H2];C2H7O4P;1.91776e-4;1.304751;146.982862;2 out of 5
146.983054;146.983054;Dimethylphosphate;[M+Na-H2];C2H7O4P;1.91297e-4;1.301492;146.982863;2 out of 5
146.983054;146.983054;Sodium lactate;[M+Cl];C3H5NaO3;1.42990e-5;0.097283;146.983040;1 out of 5
150.912413;150.912413;Iron(II) fumarate;[M-H2O-H];C4H2FeO4;3.31500e-6;0.021966;150.912410;2 out of 5
150.912413;150.912413;"1,2-Diacylglycerol-LD-SM-pool";[M-H];Sm;-3.82440e-5;-0.253418;150.912451;2 out of 5
150.912413;150.912413;"2,2-Dichloroethanol";[M+K-H2];C2H4Cl2O;-1.12100e-4;-0.742814;150.912525;1 out of 5
152.002301;152.002301;3-Sulfinoalanine;[M-H];C3H7NO4S;-4.07000e-7;-0.002678;152.002301;1 out of 5
152.002301;152.002301;Cysteine sulfinic acid;[M-H];C3H7NO4S;-8.83000e-7;-0.005809;152.002302;1 out of 5
152.011509;152.011509;indol-2-one;[M+Na-H2];C8H5NO;-2.71785e-4;-1.787921;152.011781;1 out of 5
152.011509;152.011509;5-(Hydroxymethyl)pyrrolidin-2-one;[M+K-H2];C5H9NO2;-4.24534e-4;-2.792768;152.011934;1 out of 5
152.011509;152.011509;5-Hydroxy-1-methylpyrrolidin-2-one;[M+K-H2];C5H9NO2;-4.24534e-4;-2.792768;152.011934;1 out of 5
152.011509;152.011509;DL-Allylglycine;[M+K-H2];C5H9NO2;-4.24534e-4;-2.792768;152.011934;1 out of 5
152.011509;152.011509;N-(2-Hydroxyethyl)acrylamide;[M+K-H2];C5H9NO2;-4.24534e-4;-2.792768;152.011934;1 out of 5
152.011509;152.011509;N-Allylglycine;[M+K-H2];C5H9NO2;-4.24534e-4;-2.792768;152.011934;1 out of 5
152.011509;152.011509;L-Proline;[M+K-H2];C5H9NO2;-4.24537e-4;-2.792787;152.011934;1 out of 5
152.011509;152.011509;D-Proline;[M+K-H2];C5H9NO2;-4.24537e-4;-2.792787;152.011934;1 out of 5
152.011509;152.011509;Acetamidopropanal;[M+K-H2];C5H9NO2;-4.24537e-4;-2.792787;152.011934;1 out of 5
152.011509;152.011509;4-Amino-2-methylenebutanoic acid;[M+K-H2];C5H9NO2;-4.24537e-4;-2.792787;152.011934;1 out of 5
152.011509;152.011509;Pterolactam;[M+K-H2];C5H9NO2;-4.24537e-4;-2.792787;152.011934;1 out of 5
152.011509;152.011509;DL-Proline;[M+K-H2];C5H9NO2;-4.24537e-4;-2.792787;152.011934;1 out of 5
152.011509;152.011509;(3S)-3-Amino-4-oxobutanoic acid;[M+Cl];C4H7NO3;-4.85089e-4;-3.191123;152.011994;1 out of 5
152.011509;152.011509;Succinamic acid;[M+Cl];C4H7NO3;-4.85089e-4;-3.191123;152.011994;1 out of 5
152.011509;152.011509;Acetylglycine;[M+Cl];C4H7NO3;-4.85095e-4;-3.191163;152.011994;1 out of 5
152.011509;152.011509;L-2-Amino-3-oxobutanoic acid;[M+Cl];C4H7NO3;-4.85095e-4;-3.191163;152.011994;1 out of 5
152.011509;152.011509;L-Aspartate-semialdehyde;[M+Cl];C4H7NO3;-4.85095e-4;-3.191163;152.011994;1 out of 5
152.011509;152.011509;(Z)-2-methyl-peroxyaminoacrylate;[M+Cl];C4H7NO3;-4.85095e-4;-3.191163;152.011994;1 out of 5
152.011509;152.011509;3-dehydroshikimate;[M-H2O-H];C7H7O5;-5.46905e-4;-3.597774;152.012056;1 out of 5
152.883706;152.883706;Chloroform;[M+Cl];CHCl3;-7.81530e-5;-0.511192;152.883784;1 out of 5
152.909469;152.909469;"1,1-Dichloro-2,2-difluoroethylene";[M+Na-H2];C2Cl2F2;2.90300e-4;1.898513;152.909179;1 out of 5
152.995808;152.995808;"2,4,6-Octatriynoic acid";[M+Na-H2];C8H4O2;1.16280e-5;0.076002;152.995796;1 out of 5
152.995808;152.995808;2-Phosphonopropionic acid;[M-H];C3H7O5P;-2.53230e-5;-0.165514;152.995833;3 out of 5
152.995808;152.995808;Glycerol 3-phosphate;[M-H2O-H];C3H9O6P;-2.55320e-5;-0.166880;152.995834;3 out of 5
152.995808;152.995808;beta-Glycerophosphoric acid;[M-H2O-H];C3H9O6P;-2.55320e-5;-0.166880;152.995834;3 out of 5
152.995808;152.995808;Glycerophosphoric acid;[M-H2O-H];C3H9O6P;-2.55320e-5;-0.166880;152.995834;3 out of 5
152.995808;152.995808;2-Methylacetoacetic acid;[M+K-H2];C5H8O3;-1.41118e-4;-0.922364;152.995949;1 out of 5
152.995808;152.995808;3-Oxopentanoic acid;[M+K-H2];C5H8O3;-1.41118e-4;-0.922364;152.995949;1 out of 5
152.995808;152.995808;alpha-Ketoisovaleric acid;[M+K-H2];C5H8O3;-1.41122e-4;-0.922390;152.995949;1 out of 5
152.995808;152.995808;Methylacetoacetic acid;[M+K-H2];C5H8O3;-1.41122e-4;-0.922390;152.995949;1 out of 5
152.995808;152.995808;Levulinic acid;[M+K-H2];C5H8O3;-1.41122e-4;-0.922390;152.995949;1 out of 5
152.995808;152.995808;2-Oxovaleric acid;[M+K-H2];C5H8O3;-1.41122e-4;-0.922390;152.995949;1 out of 5
152.995808;152.995808;Glutarate semialdehyde;[M+K-H2];C5H8O3;-1.41122e-4;-0.922390;152.995949;1 out of 5
152.995808;152.995808;Ethyl pyruvate;[M+K-H2];C5H8O3;-1.41122e-4;-0.922390;152.995949;1 out of 5
152.995808;152.995808;Acetoxyacetone;[M+K-H2];C5H8O3;-1.41122e-4;-0.922390;152.995949;1 out of 5
152.995808;152.995808;Methylmalonic acid;[M+Cl];C4H6O4;-2.01680e-4;-1.318204;152.996010;1 out of 5
152.995808;152.995808;Succinic acid;[M+Cl];C4H6O4;-2.01680e-4;-1.318204;152.996010;1 out of 5
152.995808;152.995808;"Erythrono-1,4-lactone";[M+Cl];C4H6O4;-2.01680e-4;-1.318204;152.996010;1 out of 5
152.995808;152.995808;Threonolactone;[M+Cl];C4H6O4;-2.01680e-4;-1.318204;152.996010;1 out of 5
152.995808;152.995808;4-Hydroxy-2-oxobutanoic acid;[M+Cl];C4H6O4;-2.01680e-4;-1.318204;152.996010;1 out of 5
152.995808;152.995808;xi-3-Hydroxy-2-oxobutanoic acid;[M+Cl];C4H6O4;-2.01680e-4;-1.318204;152.996010;1 out of 5
153.019329;153.019329;Gentisic acid;[M-H];C7H6O4;-2.67300e-6;-0.017468;153.019332;2 out of 5
153.019329;153.019329;2-Pyrocatechuic acid;[M-H];C7H6O4;-2.67300e-6;-0.017468;153.019332;2 out of 5
153.019329;153.019329;Protocatechuic acid;[M-H];C7H6O4;-2.67300e-6;-0.017468;153.019332;2 out of 5
153.019329;153.019329;"2,6-Dihydroxybenzoic acid";[M-H];C7H6O4;-2.67300e-6;-0.017468;153.019332;2 out of 5
153.019329;153.019329;"3,5-Dihydroxybenzoic acid";[M-H];C7H6O4;-2.67300e-6;-0.017468;153.019332;2 out of 5
153.019329;153.019329;"2,4-Dihydroxybenzoic acid";[M-H];C7H6O4;-2.67300e-6;-0.017468;153.019332;2 out of 5
153.019329;153.019329;"2,4,6-trihydroxybenzaldehyde";[M-H];C7H6O4;-2.67300e-6;-0.017468;153.019332;2 out of 5
153.019329;153.019329;Terreic acid;[M-H];C7H6O4;-2.67300e-6;-0.017468;153.019332;2 out of 5
153.019329;153.019329;Patulin;[M-H];C7H6O4;-2.68000e-6;-0.017514;153.019332;2 out of 5
153.019329;153.019329;"3,4,5-Trihydroxybenzaldehyde";[M-H];C7H6O4;-2.68000e-6;-0.017514;153.019332;2 out of 5
153.019329;153.019329;Doxyl;[M+K-H2];C5H10NO2;-4.29566e-4;-2.807258;153.019759;1 out of 5
153.019329;153.019329;"N,N-dimethyl-beta-alanine";[M+K-H2];C5H10NO2;-4.29566e-4;-2.807258;153.019759;1 out of 5
154.918744;154.918744;Sodium hydrogen sulfate;[M+Cl];HNaO4S;1.91150e-5;0.123387;154.918725;1 out of 5
154.928248;154.928248;Sodium phosphate (Na(H2PO4));[M+Cl];H2NaO4P;7.26100e-6;0.046867;154.928241;1 out of 5
154.928248;154.928248;"2-Chloro-1,1,1-trifluoroethane";[M+K-H2];C2H2ClF3;-6.93000e-5;-0.447304;154.928317;1 out of 5
158.846729;158.846729;Iron(III) oxide (Fe2O3);[M-H];Fe2O3;-6.22132e-4;-3.916540;158.847351;1 out of 5
158.925372;158.925372;Pyrophosphate;[M-H2O-H];H4O7P2;-1.25060e-5;-0.078691;158.925385;2 out of 5
158.925372;158.925372;"4-Chloro-1,3-dioxolan-2-one";[M+K-H2];C3H3ClO3;-3.04700e-4;-1.917248;158.925677;1 out of 5
158.961922;158.961922;phosphonoacetaldehyde;[M+Cl];C2H5O4P;-2.41600e-5;-0.151986;158.961946;2 out of 5
158.961922;158.961922;Propyl chloroformate;[M+K-H2];C4H7ClO2;-1.40200e-4;-0.881971;158.962062;1 out of 5
158.961922;158.961922;3-Chloro-2-hydroxypropanoic acid;[M+Cl];C3H5ClO3;-2.00700e-4;-1.262565;158.962123;2 out of 5
159.984078;159.984078;Taurine;[M+Cl];C2H7NO3S;1.32150e-5;0.082602;159.984065;2 out of 5
159.984078;159.984078;3h-Taurine;[M+Cl];C2H7NO3S;1.27370e-5;0.079614;159.984065;2 out of 5
159.984078;159.984078;Sulfonamidoethanol;[M+Cl];C2H7NO3S;1.27370e-5;0.079614;159.984065;2 out of 5
160.843765;160.843765;tetraphosphorus;[M+K-H2];P4;1.13952e-4;0.708464;160.843651;2 out of 5
165.991075;165.991075;Diatretin 2;[M+Na-H2];C8H3NO2;2.96550e-5;0.178654;165.991045;1 out of 5
165.991075;165.991075;Phosphoserine;[M-H2O-H];C3H8NO6P;-7.50500e-6;-0.045213;165.991083;1 out of 5
165.991075;165.991075;DL-O-Phosphoserine;[M-H2O-H];C3H8NO6P;-7.50500e-6;-0.045213;165.991083;1 out of 5
165.991075;165.991075;3-phospho-L-serine;[M-H2O-H];C3H8NO6P;-7.50500e-6;-0.045213;165.991083;1 out of 5
165.991075;165.991075;"(3R,5S)-1-pyrroline-3-hydroxy-5-carboxylic Acid";[M+K-H2];C5H7NO3;-1.23089e-4;-0.741539;165.991198;1 out of 5
165.991075;165.991075;"3-Hydroxy-1-methylpyrrolidine-2,5-dione";[M+K-H2];C5H7NO3;-1.23089e-4;-0.741539;165.991198;1 out of 5
165.991075;165.991075;4-Oxo-L-proline;[M+K-H2];C5H7NO3;-1.23089e-4;-0.741539;165.991198;1 out of 5
165.991075;165.991075;"1-Methylpyrrole-2,3,5-triol";[M+K-H2];C5H7NO3;-1.23089e-4;-0.741539;165.991198;1 out of 5
165.991075;165.991075;(2S)-6-Oxa-1-azabicyclo[3.1.0]hexane-2-carboxylic acid;[M+K-H2];C5H7NO3;-1.23089e-4;-0.741539;165.991198;1 out of 5
165.991075;165.991075;Pyroglutamic acid;[M+K-H2];C5H7NO3;-1.23095e-4;-0.741575;165.991198;1 out of 5
165.991075;165.991075;Pyrroline hydroxycarboxylic acid;[M+K-H2];C5H7NO3;-1.23095e-4;-0.741575;165.991198;1 out of 5
165.991075;165.991075;N-Acryloylglycine;[M+K-H2];C5H7NO3;-1.23095e-4;-0.741575;165.991198;1 out of 5
165.991075;165.991075;1-Pyrroline-4-hydroxy-2-carboxylate;[M+K-H2];C5H7NO3;-1.23095e-4;-0.741575;165.991198;1 out of 5
165.991075;165.991075;dimethadione;[M+K-H2];C5H7NO3;-1.23095e-4;-0.741575;165.991198;1 out of 5
165.991075;165.991075;pyrrolidone carboxylic acid;[M+K-H2];C5H7NO3;-1.23095e-4;-0.741575;165.991198;1 out of 5
165.991075;165.991075;Iminoaspartic acid;[M+Cl];C4H5NO4;-1.83653e-4;-1.106402;165.991259;1 out of 5
165.991075;165.991075;2-Oxosuccinamate;[M+Cl];C4H5NO4;-1.83653e-4;-1.106402;165.991259;1 out of 5
166.017949;166.017949;"1,2,3-Benzotriazine";[M+Cl];C7H5N3;2.00827e-4;1.209672;166.017748;1 out of 5
166.017949;166.017949;PYRIDOPYRIMIDINE;[M+Cl];C7H5N3;2.00827e-4;1.209672;166.017748;1 out of 5
166.017949;166.017949;pyrrolodiazepine;[M+Cl];C7H5N3;2.00827e-4;1.209672;166.017748;1 out of 5
166.017949;166.017949;Homocysteinesulfinic acid;[M-H];C4H9NO4S;-2.47100e-6;-0.014884;166.017951;1 out of 5
166.017949;166.017949;N-Acetyltaurine;[M-H];C4H9NO4S;-2.94800e-6;-0.017757;166.017952;1 out of 5
167.021073;167.021073;Uric acid;[M-H];C5H4N4O3;9.98600e-6;0.059789;167.021063;1 out of 5
168.006909;168.006909;Phthalimide;[M+Na-H2];C8H5NO2;2.13595e-4;1.271348;168.006695;1 out of 5
168.006909;168.006909;"Indole-5,6-quinone";[M+Na-H2];C8H5NO2;2.13591e-4;1.271324;168.006695;1 out of 5
168.006909;168.006909;Agrocybin;[M+Na-H2];C8H5NO2;2.13591e-4;1.271324;168.006695;1 out of 5
168.006909;168.006909;"1H-Indole-2,3-dione";[M+Na-H2];C8H5NO2;2.13591e-4;1.271324;168.006695;1 out of 5
168.006909;168.006909;2-Amino-3-phosphonopropionic acid;[M-H];C3H8NO5P;1.77117e-4;1.054226;168.006732;2 out of 5
168.006909;168.006909;Glyphosate;[M-H];C3H8NO5P;1.77117e-4;1.054226;168.006732;2 out of 5
168.006909;168.006909;N-Hydroxy-L-proline;[M+K-H2];C5H9NO3;6.08460e-5;0.362164;168.006848;1 out of 5
168.006909;168.006909;1-Hydroxypyrrolidine-3-carboxylic acid;[M+K-H2];C5H9NO3;6.08460e-5;0.362164;168.006848;1 out of 5
168.006909;168.006909;2-Amino-4-oxopentanoic acid;[M+K-H2];C5H9NO3;6.08460e-5;0.362164;168.006848;1 out of 5
168.006909;168.006909;Glutaramic acid;[M+K-H2];C5H9NO3;6.08460e-5;0.362164;168.006848;1 out of 5
168.006909;168.006909;5-Hydroxyproline;[M+K-H2];C5H9NO3;6.08460e-5;0.362164;168.006848;1 out of 5
168.006909;168.006909;N-Acetyl-DL-alanine;[M+K-H2];C5H9NO3;6.08460e-5;0.362164;168.006848;1 out of 5
168.006909;168.006909;4-Hydroxyproline;[M+K-H2];C5H9NO3;6.08410e-5;0.362134;168.006848;1 out of 5
168.006909;168.006909;N-Acetyl-L-alanine;[M+K-H2];C5H9NO3;6.08410e-5;0.362134;168.006848;1 out of 5
168.006909;168.006909;Propionylglycine;[M+K-H2];C5H9NO3;6.08410e-5;0.362134;168.006848;1 out of 5
168.006909;168.006909;5-Aminolevulinic acid;[M+K-H2];C5H9NO3;6.08410e-5;0.362134;168.006848;1 out of 5
168.006909;168.006909;L-Glutamic gamma-semialdehyde;[M+K-H2];C5H9NO3;6.08410e-5;0.362134;168.006848;1 out of 5
168.006909;168.006909;3-Hydroxy-L-proline;[M+K-H2];C5H9NO3;6.08410e-5;0.362134;168.006848;1 out of 5
168.006909;168.006909;5-Amino-2-oxopentanoic acid;[M+K-H2];C5H9NO3;6.08410e-5;0.362134;168.006848;1 out of 5
168.006909;168.006909;Trans-3-hydroxy-L-proline;[M+K-H2];C5H9NO3;6.08410e-5;0.362134;168.006848;1 out of 5
168.006909;168.006909;cis-4-Hydroxy-D-proline;[M+K-H2];C5H9NO3;6.08410e-5;0.362134;168.006848;1 out of 5
168.006909;168.006909;N-Acetyl-beta-alanine;[M+K-H2];C5H9NO3;6.08410e-5;0.362134;168.006848;1 out of 5
168.006909;168.006909;cis-4-Hydroxyproline;[M+K-H2];C5H9NO3;6.08410e-5;0.362134;168.006848;1 out of 5
168.006909;168.006909;3-Hydroxyproline;[M+K-H2];C5H9NO3;6.08410e-5;0.362134;168.006848;1 out of 5
168.006909;168.006909;4-Amino-5-oxo-pentanoic acid;[M+K-H2];C5H9NO3;6.08410e-5;0.362134;168.006848;1 out of 5
168.006909;168.006909;L-Aspartic acid;[M+Cl];C4H7NO4;2.83000e-7;0.001684;168.006909;2 out of 5
168.006909;168.006909;D-Aspartic acid;[M+Cl];C4H7NO4;2.83000e-7;0.001684;168.006909;2 out of 5
168.006909;168.006909;Iminodiacetic acid;[M+Cl];C4H7NO4;2.83000e-7;0.001684;168.006909;2 out of 5
168.043087;168.043087;Cinnamamide;[M+Na-H2];C9H9NO;6.08600e-6;0.036217;168.043081;1 out of 5
168.043087;168.043087;methoxyindole;[M+Na-H2];C9H9NO;6.08600e-6;0.036217;168.043081;1 out of 5
168.043087;168.043087;Phenethyl isocyanate;[M+Na-H2];C9H9NO;6.08600e-6;0.036217;168.043081;1 out of 5
168.043087;168.043087;3-Methyloxindole;[M+Na-H2];C9H9NO;6.08600e-6;0.036217;168.043081;1 out of 5
168.043087;168.043087;Indole-3-carbinol;[M+Na-H2];C9H9NO;6.08500e-6;0.036211;168.043081;1 out of 5
168.043087;168.043087;1-(2-Furanylmethyl)-1H-pyrrole;[M+Na-H2];C9H9NO;6.08500e-6;0.036211;168.043081;1 out of 5
168.043087;168.043087;"4-(2-Furanylmethylene)-3,4-dihydro-2H-pyrrole";[M+Na-H2];C9H9NO;6.08500e-6;0.036211;168.043081;1 out of 5
168.043087;168.043087;3-(2-Furanylmethyl)-1H-pyrrole;[M+Na-H2];C9H9NO;6.08500e-6;0.036211;168.043081;1 out of 5
168.043087;168.043087;5-Methoxyindole;[M+Na-H2];C9H9NO;6.08500e-6;0.036211;168.043081;1 out of 5
168.043087;168.043087;Phosphodimethylethanolamine;[M-H];C4H12NO4P;-3.03890e-5;-0.180840;168.043117;2 out of 5
168.043087;168.043087;Alanine betaine;[M+K-H2];C6H13NO2;-1.46663e-4;-0.872769;168.043234;1 out of 5
168.043087;168.043087;3-Amino-4-methylpentanoic acid;[M+K-H2];C6H13NO2;-1.46663e-4;-0.872769;168.043234;1 out of 5
168.043087;168.043087;DL-Norleucine;[M+K-H2];C6H13NO2;-1.46663e-4;-0.872769;168.043234;1 out of 5
168.043087;168.043087;"L-Valine, methyl ester";[M+K-H2];C6H13NO2;-1.46663e-4;-0.872769;168.043234;1 out of 5
168.043087;168.043087;"1-Hydroxy-5,5-dimethylpyrrolidin-2-ol";[M+K-H2];C6H13NO2;-1.46663e-4;-0.872769;168.043234;1 out of 5
168.043087;168.043087;beta-alanine betaine;[M+K-H2];C6H13NO2;-1.46663e-4;-0.872769;168.043234;1 out of 5
168.043087;168.043087;L-Isoleucine;[M+K-H2];C6H13NO2;-1.46665e-4;-0.872781;168.043234;1 out of 5
168.043087;168.043087;L-Alloisoleucine;[M+K-H2];C6H13NO2;-1.46665e-4;-0.872781;168.043234;1 out of 5
168.043087;168.043087;L-Leucine;[M+K-H2];C6H13NO2;-1.46665e-4;-0.872781;168.043234;1 out of 5
168.043087;168.043087;L-Norleucine;[M+K-H2];C6H13NO2;-1.46665e-4;-0.872781;168.043234;1 out of 5
168.043087;168.043087;Aminocaproic acid;[M+K-H2];C6H13NO2;-1.46665e-4;-0.872781;168.043234;1 out of 5
168.043087;168.043087;Beta-Leucine;[M+K-H2];C6H13NO2;-1.46665e-4;-0.872781;168.043234;1 out of 5
168.043087;168.043087;D-Leucine;[M+K-H2];C6H13NO2;-1.46665e-4;-0.872781;168.043234;1 out of 5
168.043087;168.043087;3-Aminocaproic acid;[M+K-H2];C6H13NO2;-1.46665e-4;-0.872781;168.043234;1 out of 5
168.043087;168.043087;(±)-erythro-Isoleucine;[M+K-H2];C6H13NO2;-1.46665e-4;-0.872781;168.043234;1 out of 5
168.043087;168.043087;6-Deoxyfagomine;[M+K-H2];C6H13NO2;-1.46665e-4;-0.872781;168.043234;1 out of 5
168.043087;168.043087;N-(2-Hydroxyethyl)-morpholine;[M+K-H2];C6H13NO2;-1.46665e-4;-0.872781;168.043234;1 out of 5
168.043087;168.043087;N-methylvaline;[M+K-H2];C6H13NO2;-1.46665e-4;-0.872781;168.043234;1 out of 5
168.043087;168.043087;3-Hydroxynorvaline;[M+Cl];C5H11NO3;-2.07218e-4;-1.233123;168.043294;1 out of 5
168.043087;168.043087;Amyl nitrate;[M+Cl];C5H11NO3;-2.07218e-4;-1.233123;168.043294;1 out of 5
168.043087;168.043087;L-2-Amino-5-hydroxypentanoic acid;[M+Cl];C5H11NO3;-2.07223e-4;-1.233152;168.043294;1 out of 5
168.043087;168.043087;N-Lactoyl ethanolamine;[M+Cl];C5H11NO3;-2.07223e-4;-1.233152;168.043294;1 out of 5
168.043087;168.043087;"1,4-Dideoxy-1,4-imino-D-ribitol";[M+Cl];C5H11NO3;-2.07223e-4;-1.233152;168.043294;1 out of 5
168.990763;168.990763;Phthalic anhydride;[M+Na-H2];C8H4O3;5.20110e-5;0.307774;168.990711;1 out of 5
168.990763;168.990763;Glyceraldehyde 3-phosphate;[M-H];C3H7O6P;1.55320e-5;0.091910;168.990747;1 out of 5
168.990763;168.990763;Dihydroxyacetone phosphate;[M-H];C3H7O6P;1.55320e-5;0.091910;168.990747;1 out of 5
168.990763;168.990763;(1-Hydroxy-3-oxopropan-2-yl) dihydrogen phosphate;[M-H];C3H7O6P;1.50570e-5;0.089100;168.990748;1 out of 5
168.990763;168.990763;Methylsuccinic acid;[M+K-H2];C5H8O4;-1.00738e-4;-0.596115;168.990864;1 out of 5
168.990763;168.990763;Formyl 3-hydroxybutanoate;[M+K-H2];C5H8O4;-1.00738e-4;-0.596115;168.990864;1 out of 5
168.990763;168.990763;Monoethyl malonic acid;[M+K-H2];C5H8O4;-1.00744e-4;-0.596151;168.990864;1 out of 5
168.990763;168.990763;Ethylmalonic acid;[M+K-H2];C5H8O4;-1.00744e-4;-0.596151;168.990864;1 out of 5
168.990763;168.990763;Glutaric acid;[M+K-H2];C5H8O4;-1.00744e-4;-0.596151;168.990864;1 out of 5
168.990763;168.990763;Dimethylmalonic acid;[M+K-H2];C5H8O4;-1.00744e-4;-0.596151;168.990864;1 out of 5
168.990763;168.990763;2-Acetolactate;[M+K-H2];C5H8O4;-1.00744e-4;-0.596151;168.990864;1 out of 5
168.990763;168.990763;(S)-2-Acetolactate;[M+K-H2];C5H8O4;-1.00744e-4;-0.596151;168.990864;1 out of 5
168.990763;168.990763;"2-C-Methyl-1,4-erythrono-D-lactone";[M+K-H2];C5H8O4;-1.00744e-4;-0.596151;168.990864;1 out of 5
168.990763;168.990763;"2-Deoxy-L-ribono-1,4-lactone";[M+K-H2];C5H8O4;-1.00744e-4;-0.596151;168.990864;1 out of 5
168.990763;168.990763;2-Hydroxy-4-oxopentanoic acid;[M+K-H2];C5H8O4;-1.00744e-4;-0.596151;168.990864;1 out of 5
168.990763;168.990763;Monomethyl succinate;[M+K-H2];C5H8O4;-1.00744e-4;-0.596151;168.990864;1 out of 5
168.990763;168.990763;Dimethyl malonate;[M+K-H2];C5H8O4;-1.00744e-4;-0.596151;168.990864;1 out of 5
168.990763;168.990763;2-Carboxyoxypropanoic acid;[M+Cl];C4H6O5;-1.61293e-4;-0.954448;168.990924;2 out of 5
168.990763;168.990763;Malic acid;[M+Cl];C4H6O5;-1.61302e-4;-0.954501;168.990924;2 out of 5
168.990763;168.990763;D-Malic acid;[M+Cl];C4H6O5;-1.61302e-4;-0.954501;168.990924;2 out of 5
168.990763;168.990763;Velcorin;[M+Cl];C4H6O5;-1.61302e-4;-0.954501;168.990924;2 out of 5
168.990763;168.990763;Diglycolic acid;[M+Cl];C4H6O5;-1.61302e-4;-0.954501;168.990924;2 out of 5
168.990910;168.990910;Phthalic anhydride;[M+Na-H2];C8H4O3;1.99011e-4;1.177645;168.990711;1 out of 5
168.990910;168.990910;Glyceraldehyde 3-phosphate;[M-H];C3H7O6P;1.62532e-4;0.961780;168.990747;1 out of 5
168.990910;168.990910;Dihydroxyacetone phosphate;[M-H];C3H7O6P;1.62532e-4;0.961780;168.990747;1 out of 5
168.990910;168.990910;(1-Hydroxy-3-oxopropan-2-yl) dihydrogen phosphate;[M-H];C3H7O6P;1.62057e-4;0.958970;168.990748;1 out of 5
168.990910;168.990910;Methylsuccinic acid;[M+K-H2];C5H8O4;4.62620e-5;0.273754;168.990864;1 out of 5
168.990910;168.990910;Formyl 3-hydroxybutanoate;[M+K-H2];C5H8O4;4.62620e-5;0.273754;168.990864;1 out of 5
168.990910;168.990910;Monoethyl malonic acid;[M+K-H2];C5H8O4;4.62560e-5;0.273719;168.990864;1 out of 5
168.990910;168.990910;Ethylmalonic acid;[M+K-H2];C5H8O4;4.62560e-5;0.273719;168.990864;1 out of 5
168.990910;168.990910;Glutaric acid;[M+K-H2];C5H8O4;4.62560e-5;0.273719;168.990864;1 out of 5
168.990910;168.990910;Dimethylmalonic acid;[M+K-H2];C5H8O4;4.62560e-5;0.273719;168.990864;1 out of 5
168.990910;168.990910;2-Acetolactate;[M+K-H2];C5H8O4;4.62560e-5;0.273719;168.990864;1 out of 5
168.990910;168.990910;(S)-2-Acetolactate;[M+K-H2];C5H8O4;4.62560e-5;0.273719;168.990864;1 out of 5
168.990910;168.990910;"2-C-Methyl-1,4-erythrono-D-lactone";[M+K-H2];C5H8O4;4.62560e-5;0.273719;168.990864;1 out of 5
168.990910;168.990910;"2-Deoxy-L-ribono-1,4-lactone";[M+K-H2];C5H8O4;4.62560e-5;0.273719;168.990864;1 out of 5
168.990910;168.990910;2-Hydroxy-4-oxopentanoic acid;[M+K-H2];C5H8O4;4.62560e-5;0.273719;168.990864;1 out of 5
168.990910;168.990910;Monomethyl succinate;[M+K-H2];C5H8O4;4.62560e-5;0.273719;168.990864;1 out of 5
168.990910;168.990910;Dimethyl malonate;[M+K-H2];C5H8O4;4.62560e-5;0.273719;168.990864;1 out of 5
168.990910;168.990910;2-Carboxyoxypropanoic acid;[M+Cl];C4H6O5;-1.42930e-5;-0.084579;168.990924;2 out of 5
168.990910;168.990910;Malic acid;[M+Cl];C4H6O5;-1.43020e-5;-0.084632;168.990924;2 out of 5
168.990910;168.990910;D-Malic acid;[M+Cl];C4H6O5;-1.43020e-5;-0.084632;168.990924;2 out of 5
168.990910;168.990910;Velcorin;[M+Cl];C4H6O5;-1.43020e-5;-0.084632;168.990924;2 out of 5
168.990910;168.990910;Diglycolic acid;[M+Cl];C4H6O5;-1.43020e-5;-0.084632;168.990924;2 out of 5
170.892647;170.892647;Potassium hydrogen sulfate (KHSO4);[M+Cl];HKO4S;-1.50710e-5;-0.088190;170.892662;1 out of 5
171.006416;171.006416;4-(Trifluoromethyl)benzoic acid;[M-H2O-H];C8H5F3O2;9.31100e-5;0.544483;171.006323;1 out of 5
171.006416;171.006416;5-Hydroxybenzofuran-2(3H)-one;[M+Na-H2];C8H6O3;5.49470e-5;0.321316;171.006361;1 out of 5
171.006416;171.006416;4-Formylbenzoic acid;[M+Na-H2];C8H6O3;5.49470e-5;0.321316;171.006361;1 out of 5
171.006416;171.006416;Phenylglyoxylic acid;[M+Na-H2];C8H6O3;5.49420e-5;0.321286;171.006361;1 out of 5
171.006416;171.006416;"(E)-8-Hydroxy-2-octene-4,6-diynoic acid";[M+Na-H2];C8H6O3;5.49420e-5;0.321286;171.006361;1 out of 5
171.006416;171.006416;4-Hydroxyphthalide;[M+Na-H2];C8H6O3;5.49420e-5;0.321286;171.006361;1 out of 5
171.006416;171.006416;"3,4-Methylenedioxybenzaldehyde";[M+Na-H2];C8H6O3;5.49420e-5;0.321286;171.006361;1 out of 5
171.006416;171.006416;"1,4-Benzodioxin-2(3H)-one";[M+Na-H2];C8H6O3;5.49420e-5;0.321286;171.006361;1 out of 5
171.006416;171.006416;Glycerol 3-phosphate;[M-H];C3H9O6P;1.84680e-5;0.107996;171.006398;3 out of 5
171.006416;171.006416;beta-Glycerophosphoric acid;[M-H];C3H9O6P;1.84680e-5;0.107996;171.006398;3 out of 5
171.006416;171.006416;Glycerophosphoric acid;[M-H];C3H9O6P;1.84680e-5;0.107996;171.006398;3 out of 5
171.006416;171.006416;"2,3-Dihydroxypropyl acetate";[M+K-H2];C5H10O4;-9.78020e-5;-0.571920;171.006514;1 out of 5
171.006416;171.006416;Glyceryl 2-acetate;[M+K-H2];C5H10O4;-9.78020e-5;-0.571920;171.006514;1 out of 5
171.006416;171.006416;"1,4-Anhydroribitol";[M+K-H2];C5H10O4;-9.78020e-5;-0.571920;171.006514;1 out of 5
171.006416;171.006416;2-Deoxy-D-ribose;[M+K-H2];C5H10O4;-9.78020e-5;-0.571920;171.006514;1 out of 5
171.006416;171.006416;5-Deoxy-D-ribose;[M+K-H2];C5H10O4;-9.78020e-5;-0.571920;171.006514;1 out of 5
171.006416;171.006416;"2,3-Dihydroxyvaleric acid";[M+K-H2];C5H10O4;-9.78080e-5;-0.571955;171.006514;1 out of 5
171.006416;171.006416;1-Deoxy-D-xylulose;[M+K-H2];C5H10O4;-9.78080e-5;-0.571955;171.006514;1 out of 5
171.006416;171.006416;Deoxyribose;[M+K-H2];C5H10O4;-9.78080e-5;-0.571955;171.006514;1 out of 5
171.006416;171.006416;"(R)-2,3-Dihydroxy-isovalerate";[M+K-H2];C5H10O4;-9.78080e-5;-0.571955;171.006514;1 out of 5
171.006416;171.006416;(R)-glycerol 1-acetate;[M+K-H2];C5H10O4;-9.78080e-5;-0.571955;171.006514;1 out of 5
171.006416;171.006416;"2,3-Dihydroxy-2-methylbutanoic acid";[M+K-H2];C5H10O4;-9.78080e-5;-0.571955;171.006514;1 out of 5
171.006416;171.006416;"2,3,4-Trihydroxybutanoic acid";[M+Cl];C4H8O5;-1.58358e-4;-0.926035;171.006574;1 out of 5
171.006416;171.006416;Erythronic acid;[M+Cl];C4H8O5;-1.58366e-4;-0.926081;171.006574;1 out of 5
171.006416;171.006416;Threonic acid;[M+Cl];C4H8O5;-1.58366e-4;-0.926081;171.006574;1 out of 5
172.894347;172.894347;"1,2-Diacylglycerol-LD-SM-pool";[M+Na-H2];Sm;-4.82440e-5;-0.279037;172.894395;2 out of 5
174.016976;174.016976;Semidehydroascorbic acid;[M-H];C6H7O6;-9.94500e-6;-0.057150;174.016986;1 out of 5
174.016976;174.016976;3-Methyl-4-nitrophenol;[M+Na-H2];C7H7NO3;-2.84089e-4;-1.632533;174.017260;1 out of 5
174.016976;174.016976;4-Nitroanisole;[M+Na-H2];C7H7NO3;-2.84089e-4;-1.632533;174.017260;1 out of 5
174.016976;174.016976;"2,5-Dihydroxybenzamide";[M+Na-H2];C7H7NO3;-2.84089e-4;-1.632533;174.017260;1 out of 5
174.016976;174.016976;2-Aminooxybenzoic acid;[M+Na-H2];C7H7NO3;-2.84089e-4;-1.632533;174.017260;1 out of 5
174.016976;174.016976;5-Formyl-2H-pyran-6-carboxamide;[M+Na-H2];C7H7NO3;-2.84089e-4;-1.632533;174.017260;1 out of 5
174.016976;174.016976;3-Amino-4-hydroxybenzoic acid;[M+Na-H2];C7H7NO3;-2.84089e-4;-1.632533;174.017260;1 out of 5
174.016976;174.016976;3-Amino-5-hydroxybenzoic acid;[M+Na-H2];C7H7NO3;-2.84089e-4;-1.632533;174.017260;1 out of 5
174.016976;174.016976;3-Hydroxyanthranilic acid;[M+Na-H2];C7H7NO3;-2.84095e-4;-1.632568;174.017260;1 out of 5
174.016976;174.016976;3-Aminosalicylic acid;[M+Na-H2];C7H7NO3;-2.84095e-4;-1.632568;174.017260;1 out of 5
174.016976;174.016976;Aminosalicylic Acid;[M+Na-H2];C7H7NO3;-2.84095e-4;-1.632568;174.017260;1 out of 5
174.016976;174.016976;Mesalazine;[M+Na-H2];C7H7NO3;-2.84095e-4;-1.632568;174.017260;1 out of 5
174.016976;174.016976;6-Methoxy-pyridine-3-carboxylic acid;[M+Na-H2];C7H7NO3;-2.84095e-4;-1.632568;174.017260;1 out of 5
174.016976;174.016976;2-Nitro-p-cresol;[M+Na-H2];C7H7NO3;-2.84095e-4;-1.632568;174.017260;1 out of 5
174.016976;174.016976;4-Nitrobenzyl alcohol;[M+Na-H2];C7H7NO3;-2.84095e-4;-1.632568;174.017260;1 out of 5
174.016976;174.016976;Salicylhydroxamic acid;[M+Na-H2];C7H7NO3;-2.84095e-4;-1.632568;174.017260;1 out of 5
174.040805;174.040805;Alanine pyruvate;[M-H];C6H9NO5;9.60600e-6;0.055194;174.040795;1 out of 5
174.040805;174.040805;Dimethyloxalylglycine;[M-H];C6H9NO5;9.60600e-6;0.055194;174.040795;1 out of 5
174.040805;174.040805;N-Acetyl-L-aspartic acid;[M-H];C6H9NO5;9.59700e-6;0.055142;174.040795;1 out of 5
174.040805;174.040805;N-Formyl-L-glutamic acid;[M-H];C6H9NO5;9.59700e-6;0.055142;174.040795;1 out of 5
174.040805;174.040805;D-N-(Carboxyacetyl)alanine;[M-H];C6H9NO5;9.59700e-6;0.055142;174.040795;1 out of 5
174.040805;174.040805;2-Amino-3-oxoadipate;[M-H];C6H9NO5;9.59700e-6;0.055142;174.040795;1 out of 5
174.040805;174.040805;Berteroin;[M-H];C7H13NS2;-8.58801e-4;-4.934456;174.041664;1 out of 5
175.024796;175.024796;"(2R)-2-[(3R,4S)-3,4-Dihydroxy-5-oxooxolan-2-yl]-2-hydroxyacetaldehyde";[M-H];C6H8O6;-1.49780e-5;-0.085576;175.024811;2 out of 5
175.024796;175.024796;"5-(1,2-Dihydroxyethyl)-4-hydroxyoxolane-2,3-dione";[M-H];C6H8O6;-1.49780e-5;-0.085576;175.024811;2 out of 5
175.024796;175.024796;"(R)-2-((S)-1,2-Dihydroxyethyl)-4,5-dihydroxyfuran-3(2H)-one";[M-H];C6H8O6;-1.49780e-5;-0.085576;175.024811;2 out of 5
175.024796;175.024796;Diglyceride;[M-H];C6H8O6;-1.49780e-5;-0.085576;175.024811;2 out of 5
175.024796;175.024796;"(3S,4R,5S)-3,4-Dihydroxy-5-(2-hydroxyacetyl)oxolan-2-one";[M-H];C6H8O6;-1.49780e-5;-0.085576;175.024811;2 out of 5
175.024796;175.024796;2-Hydroxy-5-oxohexanedioic acid;[M-H];C6H8O6;-1.49780e-5;-0.085576;175.024811;2 out of 5
175.024796;175.024796;"(5R)-5-(1,2-Dihydroxyethyl)-3-hydroxyoxolane-2,4-dione";[M-H];C6H8O6;-1.49780e-5;-0.085576;175.024811;2 out of 5
175.024796;175.024796;Ascorbic acid;[M-H];C6H8O6;-1.49880e-5;-0.085634;175.024811;2 out of 5
175.024796;175.024796;"D-Glucurono-6,3-lactone";[M-H];C6H8O6;-1.49880e-5;-0.085634;175.024811;2 out of 5
175.024796;175.024796;"1,2,3-Propanetricarboxylic acid";[M-H];C6H8O6;-1.49880e-5;-0.085634;175.024811;2 out of 5
175.024796;175.024796;"3,4-Dihydroxy-5-[(S)-1,2-dihydroxyethyl]furan-2(5H)-one";[M-H];C6H8O6;-1.49880e-5;-0.085634;175.024811;2 out of 5
175.024796;175.024796;Aldehydo-L-iduronate;[M-H2O-H];C6H10O7;-1.56620e-5;-0.089484;175.024812;1 out of 5
175.024796;175.024796;"(2R,3R,4R,5S,6S)-3,4,5,6-Tetrahydroxyoxane-2-carboxylic acid";[M-H2O-H];C6H10O7;-1.56620e-5;-0.089484;175.024812;1 out of 5
175.024796;175.024796;Lactate oxygen;[M-H2O-H];C6H10O7;-1.56620e-5;-0.089484;175.024812;1 out of 5
175.024796;175.024796;Mannuronic acid;[M-H2O-H];C6H10O7;-1.56620e-5;-0.089484;175.024812;1 out of 5
175.024796;175.024796;D-Glucuronic acid;[M-H2O-H];C6H10O7;-1.56740e-5;-0.089553;175.024812;1 out of 5
175.024796;175.024796;Galacturonic acid;[M-H2O-H];C6H10O7;-1.56740e-5;-0.089553;175.024812;1 out of 5
175.024796;175.024796;Iduronic acid;[M-H2O-H];C6H10O7;-1.56740e-5;-0.089553;175.024812;1 out of 5
175.024796;175.024796;Pectic acid;[M-H2O-H];C6H10O7;-1.56740e-5;-0.089553;175.024812;1 out of 5
175.024796;175.024796;Pectin;[M-H2O-H];C6H10O7;-1.56740e-5;-0.089553;175.024812;1 out of 5
175.024796;175.024796;3-Dehydro-L-gulonate;[M-H2O-H];C6H10O7;-1.56740e-5;-0.089553;175.024812;1 out of 5
175.024796;175.024796;5-Keto-D-gluconate;[M-H2O-H];C6H10O7;-1.56740e-5;-0.089553;175.024812;1 out of 5
175.024796;175.024796;2-Keto-L-gluconate;[M-H2O-H];C6H10O7;-1.56740e-5;-0.089553;175.024812;1 out of 5
175.024796;175.024796;L-Altruronic acid;[M-H2O-H];C6H10O7;-1.56740e-5;-0.089553;175.024812;1 out of 5
175.036063;175.036063;"3,4-Diethylthiophene";[M+Cl];C8H12S;6.90926e-4;3.947351;175.035372;1 out of 5
175.036063;175.036063;Ureidosuccinic acid;[M-H];C5H8N2O5;1.86240e-5;0.106401;175.036044;1 out of 5
175.036063;175.036063;L-2-Amino-3-(oxalylamino)propanoic acid;[M-H];C5H8N2O5;1.86240e-5;0.106401;175.036044;1 out of 5
175.036063;175.036063;L-3-Amino-2-(oxalylamino)propanoic acid;[M-H];C5H8N2O5;1.86240e-5;0.106401;175.036044;1 out of 5
175.988498;175.988498;3-Aminopropylphosphonic acid;[M+K-H2];C3H10NO3P;6.32970e-5;0.359666;175.988435;1 out of 5
175.988498;175.988498;O-Phosphoethanolamine;[M+Cl];C2H8NO4P;2.73900e-6;0.015564;175.988495;2 out of 5
175.988498;175.988498;Aminoethanol phosphate;[M+Cl];C2H8NO4P;2.26000e-6;0.012842;175.988496;2 out of 5
175.988498;175.988498;(2E)-2-ethylidene-4-hydroxy-5-methyl-3(2H)-furanone;[M+K-H2];C7H7O3;-1.74665e-4;-0.992479;175.988673;1 out of 5
176.935948;176.935948;Pyrophosphate;[M-H];H4O7P2;-5.06000e-7;-0.002860;176.935949;2 out of 5
176.935948;176.935948;Acetylphosphate;[M+K-H2];C2H5O5P;-1.16782e-4;-0.660024;176.936065;1 out of 5
176.935948;176.935948;Phosphonoacetate;[M+K-H2];C2H5O5P;-1.16782e-4;-0.660024;176.936065;1 out of 5
177.985554;177.985554;2-Amino-6-methylpyrimidine-4-thiol;[M+K-H2];C5H7N3S;8.80589e-4;4.947555;177.984673;1 out of 5
181.038546;181.038546;1H-Indole-2-carboxamide;[M+Na-H2];C9H8N2O;2.16114e-4;1.193747;181.038330;1 out of 5
181.038546;181.038546;1H-Indole-5-carboxamide;[M+Na-H2];C9H8N2O;2.16114e-4;1.193747;181.038330;1 out of 5
181.038546;181.038546;"3-Hydroxy-1,4-benzodiazepine";[M+Na-H2];C9H8N2O;2.16114e-4;1.193747;181.038330;1 out of 5
181.038546;181.038546;"4-Quinolinamine, N-hydroxy-";[M+Na-H2];C9H8N2O;2.16114e-4;1.193747;181.038330;1 out of 5
181.038546;181.038546;5-Aminoisoquinolin-1(2H)-one;[M+Na-H2];C9H8N2O;2.16114e-4;1.193747;181.038330;1 out of 5
181.038546;181.038546;2-Methyl-4(3H)-quinazolinone;[M+Na-H2];C9H8N2O;2.16112e-4;1.193736;181.038330;1 out of 5
181.038546;181.038546;ISOVALERYLUREA;[M+K-H2];C6H12N2O2;6.33660e-5;0.350014;181.038483;1 out of 5
181.038546;181.038546;4-Amino-1-piperidinecarboxylic acid;[M+K-H2];C6H12N2O2;6.33620e-5;0.349992;181.038483;1 out of 5
181.038546;181.038546;Adipamide;[M+K-H2];C6H12N2O2;6.33620e-5;0.349992;181.038483;1 out of 5
181.038546;181.038546;Alanylglycine;[M+Cl];C5H10N2O3;2.81000e-6;0.015522;181.038543;2 out of 5
181.038546;181.038546;Cyclic Urea;[M+Cl];C5H10N2O3;2.81000e-6;0.015522;181.038543;2 out of 5
181.038546;181.038546;Glycyl-D-Alanine;[M+Cl];C5H10N2O3;2.81000e-6;0.015522;181.038543;2 out of 5
181.038546;181.038546;Glycylsarcosine;[M+Cl];C5H10N2O3;2.81000e-6;0.015522;181.038543;2 out of 5
181.038546;181.038546;D-Alanyl glycine;[M+Cl];C5H10N2O3;2.81000e-6;0.015522;181.038543;2 out of 5
181.038546;181.038546;L-Glutamine;[M+Cl];C5H10N2O3;2.80400e-6;0.015488;181.038543;2 out of 5
181.038546;181.038546;Ureidoisobutyric acid;[M+Cl];C5H10N2O3;2.80400e-6;0.015488;181.038543;2 out of 5
181.038546;181.038546;D-Glutamine;[M+Cl];C5H10N2O3;2.80400e-6;0.015488;181.038543;2 out of 5
181.038546;181.038546;3-ureido-isobutyrate;[M+Cl];C5H10N2O3;2.80400e-6;0.015488;181.038543;2 out of 5
182.022537;182.022537;"2,8-Quinolinediol";[M+Na-H2];C9H7NO2;1.91531e-4;1.052239;182.022345;1 out of 5
182.022537;182.022537;"1,5-Isoquinolinediol";[M+Na-H2];C9H7NO2;1.91531e-4;1.052239;182.022345;1 out of 5
182.022537;182.022537;"2,4-Quinolinediol";[M+Na-H2];C9H7NO2;1.91531e-4;1.052239;182.022345;1 out of 5
182.022537;182.022537;Indole-5-carboxylic acid;[M+Na-H2];C9H7NO2;1.91531e-4;1.052239;182.022345;1 out of 5
182.022537;182.022537;2-Indolecarboxylic acid;[M+Na-H2];C9H7NO2;1.91527e-4;1.052217;182.022345;1 out of 5
182.022537;182.022537;Indole-3-carboxylic acid;[M+Na-H2];C9H7NO2;1.91527e-4;1.052217;182.022345;1 out of 5
182.022537;182.022537;"4,6-Dihydroxyquinoline";[M+Na-H2];C9H7NO2;1.91527e-4;1.052217;182.022345;1 out of 5
182.022537;182.022537;3-Formyl-6-hydroxyindole;[M+Na-H2];C9H7NO2;1.91527e-4;1.052217;182.022345;1 out of 5
182.022537;182.022537;"Quinoline-4,8-diol";[M+Na-H2];C9H7NO2;1.91527e-4;1.052217;182.022345;1 out of 5
182.022537;182.022537;3-Hydroxyquinolin-2(1h)-One;[M+Na-H2];C9H7NO2;1.91527e-4;1.052217;182.022345;1 out of 5
182.022537;182.022537;Fosmidomycin;[M-H];C4H10NO5P;1.55053e-4;0.851835;182.022382;2 out of 5
182.022537;182.022537;2-Amino-4-phosphonobutyric acid;[M-H];C4H10NO5P;1.54576e-4;0.849214;182.022382;2 out of 5
182.022537;182.022537;N-Propionylalanine;[M+K-H2];C6H11NO3;3.87820e-5;0.213062;182.022498;1 out of 5
182.022537;182.022537;methyl 2-amino-4-oxopentanoate;[M+K-H2];C6H11NO3;3.87820e-5;0.213062;182.022498;1 out of 5
182.022537;182.022537;But-2-en-2-yl 2-aminoethaneperoxoate;[M+K-H2];C6H11NO3;3.87820e-5;0.213062;182.022498;1 out of 5
182.022537;182.022537;Amino 6-oxohexanoate;[M+K-H2];C6H11NO3;3.87820e-5;0.213062;182.022498;1 out of 5
182.022537;182.022537;Isobutyrylglycine;[M+K-H2];C6H11NO3;3.87770e-5;0.213034;182.022498;1 out of 5
182.022537;182.022537;N-Butyrylglycine;[M+K-H2];C6H11NO3;3.87770e-5;0.213034;182.022498;1 out of 5
182.022537;182.022537;Allysine;[M+K-H2];C6H11NO3;3.87770e-5;0.213034;182.022498;1 out of 5
182.022537;182.022537;4-Acetamidobutanoic acid;[M+K-H2];C6H11NO3;3.87770e-5;0.213034;182.022498;1 out of 5
182.022537;182.022537;(S)-5-Amino-3-oxohexanoate;[M+K-H2];C6H11NO3;3.87770e-5;0.213034;182.022498;1 out of 5
182.022537;182.022537;2-Keto-6-aminocaproate;[M+K-H2];C6H11NO3;3.87770e-5;0.213034;182.022498;1 out of 5
182.022537;182.022537;Methyl aminolevulinate;[M+K-H2];C6H11NO3;3.87770e-5;0.213034;182.022498;1 out of 5
182.022537;182.022537;L-cis-4-(Hydroxymethyl)-2-pyrrolidinecarboxylic acid;[M+K-H2];C6H11NO3;3.87770e-5;0.213034;182.022498;1 out of 5
182.022537;182.022537;L-trans-5-Hydroxy-2-piperidinecarboxylic acid;[M+K-H2];C6H11NO3;3.87770e-5;0.213034;182.022498;1 out of 5
182.022537;182.022537;N-(2-Carboxymethyl)-morpholine;[M+K-H2];C6H11NO3;3.87770e-5;0.213034;182.022498;1 out of 5
182.022537;182.022537;L-2-Amino-6-oxohexanoic acid;[M+K-H2];C6H11NO3;3.87770e-5;0.213034;182.022498;1 out of 5
182.022537;182.022537;N-lactoyl-Glycine;[M+Cl];C5H9NO4;-2.17740e-5;-0.119623;182.022559;2 out of 5
182.022537;182.022537;5-Hydroxy-4-oxo-L-norvaline;[M+Cl];C5H9NO4;-2.17740e-5;-0.119623;182.022559;2 out of 5
182.022537;182.022537;Alanine acetate;[M+Cl];C5H9NO4;-2.17740e-5;-0.119623;182.022559;2 out of 5
182.022537;182.022537;N-Methyl-DL-aspartic acid;[M+Cl];C5H9NO4;-2.17740e-5;-0.119623;182.022559;2 out of 5
182.022537;182.022537;L-Glutamic acid;[M+Cl];C5H9NO4;-2.17810e-5;-0.119661;182.022559;2 out of 5
182.022537;182.022537;N-Methyl-D-aspartic acid;[M+Cl];C5H9NO4;-2.17810e-5;-0.119661;182.022559;2 out of 5
182.022537;182.022537;N-Acetylserine;[M+Cl];C5H9NO4;-2.17810e-5;-0.119661;182.022559;2 out of 5
182.022537;182.022537;O-Acetylserine;[M+Cl];C5H9NO4;-2.17810e-5;-0.119661;182.022559;2 out of 5
182.022537;182.022537;D-Glutamic acid;[M+Cl];C5H9NO4;-2.17810e-5;-0.119661;182.022559;2 out of 5
182.022537;182.022537;L-4-Hydroxyglutamate semialdehyde;[M+Cl];C5H9NO4;-2.17810e-5;-0.119661;182.022559;2 out of 5
182.022537;182.022537;3-(Carboxymethylamino)propanoic acid;[M+Cl];C5H9NO4;-2.17810e-5;-0.119661;182.022559;2 out of 5
182.022537;182.022537;DL-Glutamate;[M+Cl];C5H9NO4;-2.17810e-5;-0.119661;182.022559;2 out of 5
182.959700;182.959700;"1-Chloro-2,4-dinitrobenzene";[M-H2O-H];C6H3ClN2O4;-5.93301e-4;-3.242786;182.960293;1 out of 5
184.019622;184.019622;1-Isothiocyanato-2-phenylethane;[M+Na-H2];C9H9NS;-6.14983e-4;-3.341931;184.020237;1 out of 5
184.019622;184.019622;2-Ethylbenzothiazole;[M+Na-H2];C9H9NS;-6.14983e-4;-3.341931;184.020237;1 out of 5
184.019622;184.019622;2-Ethylphenyl isothiocyanate;[M+Na-H2];C9H9NS;-6.15468e-4;-3.344567;184.020237;1 out of 5
184.019622;184.019622;Diethylthiocarbamic acid methyl ester;[M+K-H2];C6H13NOS;-7.68217e-4;-4.174630;184.020390;1 out of 5
184.019622;184.019622;"S-Methyl N,N-Diethylthiocarbamate";[M+K-H2];C6H13NOS;-7.68217e-4;-4.174630;184.020390;1 out of 5
184.019622;184.019622;L-Methionine;[M+Cl];C5H11NO2S;-8.28291e-4;-4.501081;184.020450;1 out of 5
184.019622;184.019622;Penicillamine;[M+Cl];C5H11NO2S;-8.28291e-4;-4.501081;184.020450;1 out of 5
184.019622;184.019622;Racemethionine;[M+Cl];C5H11NO2S;-8.28291e-4;-4.501081;184.020450;1 out of 5
184.019622;184.019622;Ethyl 2-amino-3-sulfanylpropanoate;[M+Cl];C5H11NO2S;-8.28772e-4;-4.503695;184.020451;1 out of 5
184.019622;184.019622;S-Ethyl-L-cysteine;[M+Cl];C5H11NO2S;-8.28772e-4;-4.503695;184.020451;1 out of 5
187.041905;187.041905;Hexanesulfonic acid;[M+Na-H2];C6H14O3S;8.72515e-4;4.664832;187.041032;1 out of 5
187.041905;187.041905;Bisazobiphenyl;[M-H2O-H];C12H6N4;4.99791e-4;2.672087;187.041405;1 out of 5
188.972511;188.972511;2-Phosphonopropionic acid;[M+Cl];C3H7O5P;-3.23000e-7;-0.001709;188.972511;3 out of 5
188.995990;188.995990;RESORCINOL MONOACETATE;[M+K-H2];C8H8O3;4.08820e-5;0.216312;188.995949;1 out of 5
188.995990;188.995990;p-Hydroxyphenylacetic acid;[M+K-H2];C8H8O3;4.08780e-5;0.216290;188.995949;1 out of 5
188.995990;188.995990;3-Hydroxyphenylacetic acid;[M+K-H2];C8H8O3;4.08780e-5;0.216290;188.995949;1 out of 5
188.995990;188.995990;ortho-Hydroxyphenylacetic acid;[M+K-H2];C8H8O3;4.08780e-5;0.216290;188.995949;1 out of 5
188.995990;188.995990;Mandelic acid;[M+K-H2];C8H8O3;4.08780e-5;0.216290;188.995949;1 out of 5
188.995990;188.995990;p-Anisic acid;[M+K-H2];C8H8O3;4.08780e-5;0.216290;188.995949;1 out of 5
188.995990;188.995990;3-Cresotinic acid;[M+K-H2];C8H8O3;4.08780e-5;0.216290;188.995949;1 out of 5
188.995990;188.995990;"3,4-Dihydroxyphenylacetaldehyde";[M+K-H2];C8H8O3;4.08780e-5;0.216290;188.995949;1 out of 5
188.995990;188.995990;4-Hydroxy-3-methylbenzoic acid;[M+K-H2];C8H8O3;4.08780e-5;0.216290;188.995949;1 out of 5
188.995990;188.995990;Vanillin;[M+K-H2];C8H8O3;4.08780e-5;0.216290;188.995949;1 out of 5
188.995990;188.995990;"2,4'-Dihydroxyacetophenone";[M+K-H2];C8H8O3;4.08780e-5;0.216290;188.995949;1 out of 5
188.995990;188.995990;"2',3'-Dihydroxyacetophenone";[M+K-H2];C8H8O3;4.08780e-5;0.216290;188.995949;1 out of 5
188.995990;188.995990;"2',4'-Dihydroxyacetophenone";[M+K-H2];C8H8O3;4.08780e-5;0.216290;188.995949;1 out of 5
188.995990;188.995990;"2',6'-Dihydroxyacetophenone";[M+K-H2];C8H8O3;4.08780e-5;0.216290;188.995949;1 out of 5
188.995990;188.995990;"3',4'-Dihydroxyacetophenone";[M+K-H2];C8H8O3;4.08780e-5;0.216290;188.995949;1 out of 5
188.995990;188.995990;"3',5'-Dihydroxyacetophenone";[M+K-H2];C8H8O3;4.08780e-5;0.216290;188.995949;1 out of 5
188.995990;188.995990;Phenoxyacetic acid;[M+K-H2];C8H8O3;4.08780e-5;0.216290;188.995949;1 out of 5
188.995990;188.995990;Methyl furfuracrylate;[M+K-H2];C8H8O3;4.08780e-5;0.216290;188.995949;1 out of 5
188.995990;188.995990;Methylparaben;[M+K-H2];C8H8O3;4.08780e-5;0.216290;188.995949;1 out of 5
188.995990;188.995990;2-(Hydroxymethyl)benzoic acid;[M+K-H2];C8H8O3;4.08780e-5;0.216290;188.995949;1 out of 5
188.995990;188.995990;2-Methoxybenzoic acid;[M+K-H2];C8H8O3;4.08780e-5;0.216290;188.995949;1 out of 5
188.995990;188.995990;3-Methoxybenzoic acid;[M+K-H2];C8H8O3;4.08780e-5;0.216290;188.995949;1 out of 5
188.995990;188.995990;"2',5'-Dihydroxyacetophenone";[M+K-H2];C8H8O3;4.08780e-5;0.216290;188.995949;1 out of 5
188.995990;188.995990;Ethyl 2-furanyl diketone;[M+K-H2];C8H8O3;4.08780e-5;0.216290;188.995949;1 out of 5
188.995990;188.995990;"1-(5-Methyl-2-furanyl)-1,2-propanedione";[M+K-H2];C8H8O3;4.08780e-5;0.216290;188.995949;1 out of 5
188.995990;188.995990;Methyl 2-hydroxybenzoate;[M+K-H2];C8H8O3;4.08780e-5;0.216290;188.995949;1 out of 5
188.995990;188.995990;2-Propenyl 2-furancarboxylate;[M+K-H2];C8H8O3;4.08780e-5;0.216290;188.995949;1 out of 5
188.995990;188.995990;"1-(2-Furanyl)-1,3-butanedione";[M+K-H2];C8H8O3;4.08780e-5;0.216290;188.995949;1 out of 5
188.995990;188.995990;4-Hydroxyphenyl acetate;[M+K-H2];C8H8O3;4.08780e-5;0.216290;188.995949;1 out of 5
188.995990;188.995990;(R)-mandelic Acid;[M+K-H2];C8H8O3;4.08780e-5;0.216290;188.995949;1 out of 5
188.995990;188.995990;Gentisic acid;[M+Cl];C7H6O4;-1.96730e-5;-0.104092;188.996010;2 out of 5
188.995990;188.995990;2-Pyrocatechuic acid;[M+Cl];C7H6O4;-1.96730e-5;-0.104092;188.996010;2 out of 5
188.995990;188.995990;Protocatechuic acid;[M+Cl];C7H6O4;-1.96730e-5;-0.104092;188.996010;2 out of 5
188.995990;188.995990;"2,6-Dihydroxybenzoic acid";[M+Cl];C7H6O4;-1.96730e-5;-0.104092;188.996010;2 out of 5
188.995990;188.995990;"3,5-Dihydroxybenzoic acid";[M+Cl];C7H6O4;-1.96730e-5;-0.104092;188.996010;2 out of 5
188.995990;188.995990;"2,4-Dihydroxybenzoic acid";[M+Cl];C7H6O4;-1.96730e-5;-0.104092;188.996010;2 out of 5
188.995990;188.995990;"2,4,6-trihydroxybenzaldehyde";[M+Cl];C7H6O4;-1.96730e-5;-0.104092;188.996010;2 out of 5
188.995990;188.995990;Terreic acid;[M+Cl];C7H6O4;-1.96730e-5;-0.104092;188.996010;2 out of 5
188.995990;188.995990;Patulin;[M+Cl];C7H6O4;-1.96800e-5;-0.104129;188.996010;2 out of 5
188.995990;188.995990;"3,4,5-Trihydroxybenzaldehyde";[M+Cl];C7H6O4;-1.96800e-5;-0.104129;188.996010;2 out of 5
189.988863;189.988863;2-Amino-3-phosphonopropionic acid;[M+Na-H2];C3H8NO5P;1.87117e-4;0.984885;189.988676;2 out of 5
189.988863;189.988863;Glyphosate;[M+Na-H2];C3H8NO5P;1.87117e-4;0.984885;189.988676;2 out of 5
190.904945;190.904945;Iron(II) fumarate;[M+Na-H2];C4H2FeO4;2.73150e-5;0.143082;190.904918;2 out of 5
190.969556;190.969556;Aluminium potassium silicate;[M+Na-H2];AlH12KO4Si;-8.41400e-4;-4.405918;190.970397;1 out of 5
190.969556;190.969556;"O,O,S-Trimethyl phosphorothioate";[M+Cl];C3H9O3PS;-8.47322e-4;-4.436928;190.970403;1 out of 5
190.993066;190.993066;1-(2-Thienyl)-1-butanone;[M+K-H2];C8H10OS;-7.74632e-4;-4.055796;190.993841;1 out of 5
190.993066;190.993066;1-(5-Methyl-2-thienyl)-1-propanone;[M+K-H2];C8H10OS;-7.74632e-4;-4.055796;190.993841;1 out of 5
190.993066;190.993066;"3-Acetyl-2,5-dimethylthiophene";[M+K-H2];C8H10OS;-7.74632e-4;-4.055796;190.993841;1 out of 5
190.993066;190.993066;3-(Acetylthio)-2-methylfuran;[M+Cl];C7H8O2S;-8.35190e-4;-4.372862;190.993901;1 out of 5
190.993066;190.993066;1-(3-Hydroxy-5-methyl-2-thienyl)ethanone;[M+Cl];C7H8O2S;-8.35190e-4;-4.372862;190.993901;1 out of 5
190.993066;190.993066;Furfuryl thioacetate;[M+Cl];C7H8O2S;-8.35190e-4;-4.372862;190.993901;1 out of 5
191.019714;191.019714;"2,3-diketogulonate";[M-H];C6H8O7;-1.15980e-5;-0.060716;191.019726;2 out of 5
191.019714;191.019714;dehydroascorbate (bicyclic form);[M-H];C6H8O7;-1.15980e-5;-0.060716;191.019726;2 out of 5
191.019714;191.019714;Citric acid;[M-H];C6H8O7;-1.16100e-5;-0.060779;191.019726;2 out of 5
191.019714;191.019714;Isocitric acid;[M-H];C6H8O7;-1.16100e-5;-0.060779;191.019726;2 out of 5
191.019714;191.019714;D-threo-Isocitric acid;[M-H];C6H8O7;-1.16100e-5;-0.060779;191.019726;2 out of 5
191.019714;191.019714;Diketogulonic acid;[M-H];C6H8O7;-1.16100e-5;-0.060779;191.019726;2 out of 5
191.019714;191.019714;"2,3-Diketo-L-gulonate";[M-H];C6H8O7;-1.16100e-5;-0.060779;191.019726;2 out of 5
191.019714;191.019714;"(1R,2R)-Isocitric acid";[M-H];C6H8O7;-1.16100e-5;-0.060779;191.019726;2 out of 5
191.019714;191.019714;"D-Glucaro-1,4-lactone";[M-H];C6H8O7;-1.16100e-5;-0.060779;191.019726;2 out of 5
191.019714;191.019714;Galactaric acid;[M-H2O-H];C6H10O8;-1.22960e-5;-0.064370;191.019726;1 out of 5
191.019714;191.019714;Glucaric acid;[M-H2O-H];C6H10O8;-1.22960e-5;-0.064370;191.019726;1 out of 5
191.061432;191.061432;2H-Benzo[F]isoindole-1-carbonitrile;[M-H];C13H8N2;-3.92660e-5;-0.205515;191.061471;2 out of 5
191.061432;191.061432;1-Methoxyphenazine;[M-H2O-H];C13H10N2O;-3.99500e-5;-0.209095;191.061472;2 out of 5
191.061432;191.061432;2-Aminoacridone;[M-H2O-H];C13H10N2O;-3.99500e-5;-0.209095;191.061472;2 out of 5
191.061432;191.061432;C1=CC=CC2=CC3=C(O)C(N)=CC=C3N=C21;[M-H2O-H];C13H10N2O;-3.99500e-5;-0.209095;191.061472;2 out of 5
191.061432;191.061432;Pyocyanin;[M-H2O-H];C13H10N2O;-3.99520e-5;-0.209105;191.061472;2 out of 5
192.023106;192.023106;1-nitrosonaphthalene;[M+Cl];C10H7NO;9.41151e-4;4.901262;192.022165;1 out of 5
192.064837;192.064837;Diethadione;[M+Na-H2];C8H13NO3;6.26717e-4;3.263060;192.064210;1 out of 5
192.064837;192.064837;N-[(3s)-2-Oxotetrahydrofuran-3-Yl]butanamide;[M+Na-H2];C8H13NO3;6.26713e-4;3.263039;192.064210;1 out of 5
192.069281;192.069281;S-Butylcysteine sulfoxide;[M-H];C7H15NO3S;-7.06041e-4;-3.675957;192.069987;2 out of 5
193.075494;193.075494;"1,2,3,4-Tetrahydro-beta-carboline";[M+Na-H2];C11H12N2;7.78606e-4;4.032667;193.074715;1 out of 5
193.075494;193.075494;N-BENZYL-3-CYANOAZETIDINE;[M+Na-H2];C11H12N2;7.78606e-4;4.032667;193.074715;1 out of 5
193.075494;193.075494;tetrahydropyridoindole;[M+Na-H2];C11H12N2;7.78606e-4;4.032667;193.074715;1 out of 5
193.075494;193.075494;N-(3-(Dimethylamino)propyl)acrylamide;[M+K-H2];C8H16N2O;6.25857e-4;3.241525;193.074868;1 out of 5
193.076450;193.076450;1-Aminoacridine;[M-H];C13H10N2;-6.71330e-4;-3.477004;193.077121;2 out of 5
193.076450;193.076450;"2-Phenylimidazo[1,2-a]pyridine";[M-H];C13H10N2;-6.71330e-4;-3.477004;193.077121;2 out of 5
193.076450;193.076450;9-Aminoacridine;[M-H];C13H10N2;-6.71330e-4;-3.477004;193.077121;2 out of 5
193.076450;193.076450;Cyclopropylpyrroloindole;[M-H];C13H10N2;-6.71330e-4;-3.477004;193.077121;2 out of 5
193.076450;193.076450;Dibenzodiazepine;[M-H];C13H10N2;-6.71330e-4;-3.477004;193.077121;2 out of 5
193.076450;193.076450;Harmine;[M-H2O-H];C13H12N2O;-6.72016e-4;-3.480557;193.077122;1 out of 5
193.076450;193.076450;Carbanilide;[M-H2O-H];C13H12N2O;-6.72016e-4;-3.480557;193.077122;1 out of 5
193.076450;193.076450;Salicyaldehyde;[M-H2O-H];C13H12N2O;-6.72016e-4;-3.480557;193.077122;1 out of 5
193.077118;193.077118;1-Aminoacridine;[M-H];C13H10N2;-3.33000e-6;-0.017247;193.077121;2 out of 5
193.077118;193.077118;"2-Phenylimidazo[1,2-a]pyridine";[M-H];C13H10N2;-3.33000e-6;-0.017247;193.077121;2 out of 5
193.077118;193.077118;9-Aminoacridine;[M-H];C13H10N2;-3.33000e-6;-0.017247;193.077121;2 out of 5
193.077118;193.077118;Cyclopropylpyrroloindole;[M-H];C13H10N2;-3.33000e-6;-0.017247;193.077121;2 out of 5
193.077118;193.077118;Dibenzodiazepine;[M-H];C13H10N2;-3.33000e-6;-0.017247;193.077121;2 out of 5
193.077118;193.077118;Harmine;[M-H2O-H];C13H12N2O;-4.01600e-6;-0.020800;193.077122;1 out of 5
193.077118;193.077118;Carbanilide;[M-H2O-H];C13H12N2O;-4.01600e-6;-0.020800;193.077122;1 out of 5
193.077118;193.077118;Salicyaldehyde;[M-H2O-H];C13H12N2O;-4.01600e-6;-0.020800;193.077122;1 out of 5
194.061125;194.061125;Acridone;[M-H];C13H9NO;-1.19140e-5;-0.061393;194.061137;2 out of 5
194.061125;194.061125;Phenanthridinol;[M-H];C13H9NO;-1.19140e-5;-0.061393;194.061137;2 out of 5
194.061125;194.061125;9H-Carbazole-3-carboxaldehyde;[M-H];C13H9NO;-1.19150e-5;-0.061398;194.061137;2 out of 5
194.061125;194.061125;"Dibenz[b,f][1,4]oxazepine";[M-H];C13H9NO;-1.19150e-5;-0.061398;194.061137;2 out of 5
194.061125;194.061125;6(5H)-Phenanthridinone;[M-H];C13H9NO;-1.19150e-5;-0.061398;194.061137;2 out of 5
194.061125;194.061125;4-(Phenylamino)benzoic acid;[M-H2O-H];C13H11NO2;-1.25980e-5;-0.064918;194.061138;1 out of 5
194.061125;194.061125;N-phenylanthranilic acid;[M-H2O-H];C13H11NO2;-1.25980e-5;-0.064918;194.061138;1 out of 5
194.061125;194.061125;Benzyl nicotinate;[M-H2O-H];C13H11NO2;-1.26010e-5;-0.064933;194.061138;1 out of 5
194.061125;194.061125;Salicylanilide;[M-H2O-H];C13H11NO2;-1.26010e-5;-0.064933;194.061138;1 out of 5
194.074156;194.074156;"8-Chloro-1-methyl-2,3,4,5-tetrahydro-1H-benzo[d]azepine";[M-H];C11H14ClN;-4.42000e-5;-0.227748;194.074200;2 out of 5
194.074156;194.074156;benalfocin;[M-H];C11H14ClN;-4.42000e-5;-0.227748;194.074200;2 out of 5
194.074156;194.074156;Pargyline;[M+Cl];C11H13N;-4.44210e-5;-0.228887;194.074200;1 out of 5
194.074156;194.074156;Clorprenaline;[M-H2O-H];C11H16ClNO;-4.48000e-5;-0.230840;194.074201;1 out of 5
194.080479;194.080479;N-Acetylisoleucine;[M+Na-H2];C8H15NO3;6.18653e-4;3.187621;194.079860;1 out of 5
194.080479;194.080479;6-Acetamidohexanoic acid;[M+Na-H2];C8H15NO3;6.18653e-4;3.187621;194.079860;1 out of 5
194.080479;194.080479;Acrylamide-sodium acrylate resin;[M+Na-H2];C8H15NO3;6.18653e-4;3.187621;194.079860;1 out of 5
194.080479;194.080479;Hexanoylglycine;[M+Na-H2];C8H15NO3;6.18649e-4;3.187600;194.079860;1 out of 5
194.080479;194.080479;Isovalerylalanine;[M+Na-H2];C8H15NO3;6.18649e-4;3.187600;194.079860;1 out of 5
194.080479;194.080479;Isovalerylsarcosine;[M+Na-H2];C8H15NO3;6.18649e-4;3.187600;194.079860;1 out of 5
194.080479;194.080479;N-Acetylleucine;[M+Na-H2];C8H15NO3;6.18649e-4;3.187600;194.079860;1 out of 5
194.080479;194.080479;"8,8a-Diepiswainsonine";[M+Na-H2];C8H15NO3;6.18649e-4;3.187600;194.079860;1 out of 5
194.080479;194.080479;Buformin;[M+K-H2];C6H15N5;-8.71505e-4;-4.490411;194.081351;1 out of 5
195.051021;195.051021;Galactonic acid;[M-H];C6H12O7;-4.73800e-6;-0.024291;195.051026;1 out of 5
195.051021;195.051021;Gluconic acid;[M-H];C6H12O7;-4.73800e-6;-0.024291;195.051026;1 out of 5
195.051021;195.051021;Gulonic acid;[M-H];C6H12O7;-4.73800e-6;-0.024291;195.051026;1 out of 5
195.051021;195.051021;D-Mannonic acid;[M-H];C6H12O7;-4.73800e-6;-0.024291;195.051026;1 out of 5
195.051021;195.051021;L-Gluconic acid;[M-H];C6H12O7;-4.73800e-6;-0.024291;195.051026;1 out of 5
195.051021;195.051021;2-Carboxyarabinitol;[M-H];C6H12O7;-4.73800e-6;-0.024291;195.051026;1 out of 5
195.064477;195.064477;Dimethyl adipate;[M+Na-H2];C8H14O4;6.01069e-4;3.081396;195.063876;1 out of 5
195.064477;195.064477;Dimethyl (S)-(+)-2-Methylglutarate;[M+Na-H2];C8H14O4;6.01069e-4;3.081396;195.063876;1 out of 5
195.064477;195.064477;Ethylene glycol diglycidyl ether;[M+Na-H2];C8H14O4;6.01069e-4;3.081396;195.063876;1 out of 5
195.064477;195.064477;Glyceryl methylmethacrylate;[M+Na-H2];C8H14O4;6.01069e-4;3.081396;195.063876;1 out of 5
195.064477;195.064477;Suberic acid;[M+Na-H2];C8H14O4;6.01064e-4;3.081370;195.063876;1 out of 5
195.064477;195.064477;Ethyladipic acid;[M+Na-H2];C8H14O4;6.01064e-4;3.081370;195.063876;1 out of 5
195.064477;195.064477;Diethyl succinate;[M+Na-H2];C8H14O4;6.01064e-4;3.081370;195.063876;1 out of 5
195.064477;195.064477;"2,4-Dimethyladipic acid";[M+Na-H2];C8H14O4;6.01064e-4;3.081370;195.063876;1 out of 5
195.064477;195.064477;3-Methylpimelic acid;[M+Na-H2];C8H14O4;6.01064e-4;3.081370;195.063876;1 out of 5
195.064477;195.064477;2-Propylglutaric acid;[M+Na-H2];C8H14O4;6.01064e-4;3.081370;195.063876;1 out of 5
195.064477;195.064477;2-[(4S)-4-Amino-5-oxopentyl]guanidine;[M+K-H2];C6H14N4O;-8.89087e-4;-4.557893;195.065366;1 out of 5
195.810854;195.810854;Iron(III) chloride;[M+Cl];Cl3Fe;-4.72540e-5;-0.241325;195.810901;1 out of 5
196.038015;196.038015;"2H-1-Benzopyran-2-one, aminomethyl-";[M+Na-H2];C10H9NO2;1.94660e-5;0.099297;196.037996;1 out of 5
196.038015;196.038015;3-Acetoxyindole;[M+Na-H2];C10H9NO2;1.94660e-5;0.099297;196.037996;1 out of 5
196.038015;196.038015;"2(1H)-Quinolinone, 3-methoxy-";[M+Na-H2];C10H9NO2;1.94660e-5;0.099297;196.037996;1 out of 5
196.038015;196.038015;5-Acetoxyindole;[M+Na-H2];C10H9NO2;1.94660e-5;0.099297;196.037996;1 out of 5
196.038015;196.038015;8-Methoxyquinolin-2(1H)-one;[M+Na-H2];C10H9NO2;1.94660e-5;0.099297;196.037996;1 out of 5
196.038015;196.038015;N-Phenylsuccinimide;[M+Na-H2];C10H9NO2;1.94660e-5;0.099297;196.037996;1 out of 5
196.038015;196.038015;indole-3-glycol aldehyde;[M+Na-H2];C10H9NO2;1.94660e-5;0.099297;196.037996;1 out of 5
196.038015;196.038015;Indoleacetic acid;[M+Na-H2];C10H9NO2;1.94630e-5;0.099282;196.037996;1 out of 5
196.038015;196.038015;5-Hydroxyindoleacetaldehyde;[M+Na-H2];C10H9NO2;1.94630e-5;0.099282;196.037996;1 out of 5
196.038015;196.038015;Hydroxymethyl indol-3-yl ketone;[M+Na-H2];C10H9NO2;1.94630e-5;0.099282;196.037996;1 out of 5
196.038015;196.038015;1-Methoxy-1H-indole-3-carboxaldehyde;[M+Na-H2];C10H9NO2;1.94630e-5;0.099282;196.037996;1 out of 5
196.038015;196.038015;7-Amino-4-methylcoumarin;[M+Na-H2];C10H9NO2;1.94630e-5;0.099282;196.037996;1 out of 5
196.038015;196.038015;INDOLE-2-ACETIC ACID;[M+Na-H2];C10H9NO2;1.94630e-5;0.099282;196.037996;1 out of 5
196.038015;196.038015;Gentianine;[M+Na-H2];C10H9NO2;1.94630e-5;0.099282;196.037996;1 out of 5
196.038015;196.038015;2-Amino-5-phosphonopentanoic acid;[M-H];C5H12NO5P;-1.74880e-5;-0.089207;196.038032;1 out of 5
196.038015;196.038015;Glycerylphosphorylethanolamine;[M-H2O-H];C5H14NO6P;-1.76970e-5;-0.090273;196.038033;3 out of 5
196.038015;196.038015;sn-glycero-3-Phosphoethanolamine;[M-H2O-H];C5H14NO6P;-1.76970e-5;-0.090273;196.038033;3 out of 5
196.038015;196.038015;N-Acetylvaline;[M+K-H2];C7H13NO3;-1.33283e-4;-0.679883;196.038148;1 out of 5
196.038015;196.038015;"(2R,3S)-3-Hydroxy-1,1-dimethylpyrrolidin-1-ium-2-carboxylate";[M+K-H2];C7H13NO3;-1.33283e-4;-0.679883;196.038148;1 out of 5
196.038015;196.038015;2-Pivalamidoacetic acid;[M+K-H2];C7H13NO3;-1.33283e-4;-0.679883;196.038148;1 out of 5
196.038015;196.038015;2-Methylbutyrylglycine;[M+K-H2];C7H13NO3;-1.33287e-4;-0.679903;196.038148;1 out of 5
196.038015;196.038015;Isovalerylglycine;[M+K-H2];C7H13NO3;-1.33287e-4;-0.679903;196.038148;1 out of 5
196.038015;196.038015;Valerylglycine;[M+K-H2];C7H13NO3;-1.33287e-4;-0.679903;196.038148;1 out of 5
196.038015;196.038015;3-Dehydrocarnitine;[M+K-H2];C7H13NO3;-1.33287e-4;-0.679903;196.038148;1 out of 5
196.038015;196.038015;5-Acetamidovalerate;[M+K-H2];C7H13NO3;-1.33287e-4;-0.679903;196.038148;1 out of 5
196.038015;196.038015;4-Hydroxystachydrine;[M+K-H2];C7H13NO3;-1.33287e-4;-0.679903;196.038148;1 out of 5
196.038015;196.038015;Turicine;[M+K-H2];C7H13NO3;-1.33287e-4;-0.679903;196.038148;1 out of 5
196.038015;196.038015;Betonicine;[M+K-H2];C7H13NO3;-1.33287e-4;-0.679903;196.038148;1 out of 5
196.038015;196.038015;Calystegine A6;[M+K-H2];C7H13NO3;-1.33287e-4;-0.679903;196.038148;1 out of 5
196.038015;196.038015;Calystegine A7;[M+K-H2];C7H13NO3;-1.33287e-4;-0.679903;196.038148;1 out of 5
196.038015;196.038015;Calystegin A3;[M+K-H2];C7H13NO3;-1.33287e-4;-0.679903;196.038148;1 out of 5
196.038015;196.038015;Medicanine;[M+K-H2];C7H13NO3;-1.33287e-4;-0.679903;196.038148;1 out of 5
196.038015;196.038015;Methyl 5-(hydroxymethyl)pyrrolidine-3-carboxylate;[M+K-H2];C7H13NO3;-1.33287e-4;-0.679903;196.038148;1 out of 5
196.038015;196.038015;hydroxybutyrylglycine;[M+Cl];C6H11NO4;-1.93838e-4;-0.988777;196.038209;1 out of 5
196.038015;196.038015;3-Aminoadipic acid;[M+Cl];C6H11NO4;-1.93838e-4;-0.988777;196.038209;1 out of 5
196.038015;196.038015;Carboxybetaine;[M+Cl];C6H11NO4;-1.93838e-4;-0.988777;196.038209;1 out of 5
196.038015;196.038015;Aminoadipic acid;[M+Cl];C6H11NO4;-1.93845e-4;-0.988812;196.038209;1 out of 5
196.038015;196.038015;Acetylhomoserine;[M+Cl];C6H11NO4;-1.93845e-4;-0.988812;196.038209;1 out of 5
196.038015;196.038015;"(±)-2,2'-Iminobispropanoic acid";[M+Cl];C6H11NO4;-1.93845e-4;-0.988812;196.038209;1 out of 5
196.038015;196.038015;Glutamic acid gamma-methyl ester;[M+Cl];C6H11NO4;-1.93845e-4;-0.988812;196.038209;1 out of 5
196.038015;196.038015;N-Acetylthreonine;[M+Cl];C6H11NO4;-1.93845e-4;-0.988812;196.038209;1 out of 5
196.038015;196.038015;N-methyl-L-glutamic Acid;[M+Cl];C6H11NO4;-1.93845e-4;-0.988812;196.038209;1 out of 5
196.038015;196.038015;2-Aminoadipic acid;[M+Cl];C6H11NO4;-1.93845e-4;-0.988812;196.038209;1 out of 5
196.038015;196.038015;vanillyl mandelate;[M-H];C9H9O5;-2.54970e-4;-1.300613;196.038270;1 out of 5
196.834067;196.834067;Bromodichloromethane;[M+Cl];CHBrCl2;7.97907e-4;4.053720;196.833269;1 out of 5
197.970432;197.970432;4-Chloro-7-nitrobenzofurazan;[M-H];C6H2ClN3O3;-7.59600e-4;-3.836922;197.971192;2 out of 5
198.040216;198.040216;"4(1H)-Pteridinone, 2-amino-6-methyl-";[M+Na-H2];C7H7N5O;4.89135e-4;2.469883;198.039727;1 out of 5
198.040216;198.040216;5-(Hydroxymethyl-2-furoyl)glycine;[M-H];C8H9NO5;-5.79394e-4;-2.925630;198.040795;1 out of 5
198.040216;198.040216;"(2R,5R)-3-(2-Hydroxyethylidene)-7-oxo-4-oxa-1-azabicyclo[3.2.0]heptane-2-carboxylic acid";[M-H];C8H9NO5;-5.79394e-4;-2.925630;198.040795;1 out of 5
198.040216;198.040216;Clavulanate;[M-H];C8H9NO5;-5.79403e-4;-2.925675;198.040795;1 out of 5
198.040216;198.040216;(S)-alpha-Amino-4-carboxy-3-furanpropanoic acid;[M-H];C8H9NO5;-5.79403e-4;-2.925675;198.040795;1 out of 5
198.040216;198.040216;Glutamyl pyruvate;[M-H2O-H];C8H11NO6;-5.80078e-4;-2.929083;198.040796;2 out of 5
198.040216;198.040216;Lycoperdic acid;[M-H2O-H];C8H11NO6;-5.80089e-4;-2.929139;198.040796;2 out of 5
199.967506;199.967506;2-Chloroquinoline;[M+K-H2];C9H6ClN;2.41000e-5;0.120520;199.967482;1 out of 5
200.837562;200.837562;Potassium iodide;[M+Cl];IK;-1.42810e-5;-0.071107;200.837576;1 out of 5
200.986327;200.986327;Benzoic acid sulfate;[M-H];C7H6O5S;9.53300e-6;0.047431;200.986317;1 out of 5
200.986327;200.986327;3-Sulfobenzoic acid;[M-H];C7H6O5S;9.53300e-6;0.047431;200.986317;1 out of 5
200.986327;200.986327;Methylpyrogallol sulfate 3;[M-H2O-H];C7H8O6S;8.84800e-6;0.044023;200.986318;1 out of 5
200.986327;200.986327;Methylpyrogallol sulfate 1;[M-H2O-H];C7H8O6S;8.84800e-6;0.044023;200.986318;1 out of 5
200.986327;200.986327;Methylpyrogallol sulfate 2;[M-H2O-H];C7H8O6S;8.84800e-6;0.044023;200.986318;1 out of 5
200.986327;200.986327;2-Methoxyhydroquinone sulfate;[M-H2O-H];C7H8O6S;8.84800e-6;0.044023;200.986318;1 out of 5
200.986327;200.986327;5-Methylpyrogallol sulfate;[M-H2O-H];C7H8O6S;8.84800e-6;0.044023;200.986318;1 out of 5
200.986327;200.986327;Fluoronaphthyridone;[M+K-H2];C8H5FN2O;-8.68952e-4;-4.323420;200.987196;1 out of 5
202.828337;202.828337;Potassium disulfite;[M-H2O-H];K2O5S2;4.97880e-5;0.245469;202.828287;1 out of 5
204.004509;204.004509;Fosmidomycin;[M+Na-H2];C4H10NO5P;1.83053e-4;0.897300;204.004326;2 out of 5
204.004509;204.004509;2-Amino-4-phosphonobutyric acid;[M+Na-H2];C4H10NO5P;1.82576e-4;0.894961;204.004326;2 out of 5
204.004509;204.004509;Monosodium glutamate;[M+Cl];C5H8NNaO4;5.57600e-6;0.027333;204.004503;1 out of 5
204.019817;204.019817;Phosphodimethylethanolamine;[M+Cl];C4H12NO4P;2.16110e-5;0.105926;204.019795;2 out of 5
204.019817;204.019817;(2E)-2-butylidene-4-hydroxy-5-methyl-3(2H)-furanone;[M+K-H2];C9H11O3;-1.55794e-4;-0.763621;204.019973;1 out of 5
204.019817;204.019817;6-isobutyl-4-hydroxy-2-pyrone;[M+K-H2];C9H11O3;-1.55794e-4;-0.763621;204.019973;1 out of 5
206.016833;206.016833;Methioprim;[M+Cl];C6H9N3OS;7.98904e-4;3.877873;206.016034;1 out of 5
206.983042;206.983042;"1-Fluoro-2,4-dinitrobenzene";[M+Na-H2];C6H3FN2O4;6.90252e-4;3.334835;206.982352;1 out of 5
206.983042;206.983042;"1-Fluoro-2,3-dinitrobenzene";[M+Na-H2];C6H3FN2O4;6.90252e-4;3.334835;206.982352;1 out of 5
206.983042;206.983042;3-Chloro-4-hydroxy-5-methoxybenzaldehyde;[M+Na-H2];C8H7ClO3;3.20000e-6;0.015460;206.983039;1 out of 5
206.983042;206.983042;4-Chlorophenoxyacetic acid;[M+Na-H2];C8H7ClO3;3.20000e-6;0.015460;206.983039;1 out of 5
206.983042;206.983042;Glycerol 3-phosphate;[M+Cl];C3H9O6P;-3.35320e-5;-0.162004;206.983076;3 out of 5
206.983042;206.983042;beta-Glycerophosphoric acid;[M+Cl];C3H9O6P;-3.35320e-5;-0.162004;206.983076;3 out of 5
206.983042;206.983042;Glycerophosphoric acid;[M+Cl];C3H9O6P;-3.35320e-5;-0.162004;206.983076;3 out of 5
210.977935;210.977935;4-(Trifluoromethyl)benzaldehyde;[M+K-H2];C8H5F3O;8.07300e-5;0.382647;210.977854;1 out of 5
210.977935;210.977935;"2,2,2-Trifluoroacetophenone";[M+K-H2];C8H5F3O;8.07300e-5;0.382647;210.977854;1 out of 5
211.001438;211.001438;7-Hydroxy-4-(trifluoromethyl)coumarin;[M-H2O-H];C10H5F3O3;2.00490e-4;0.950184;211.001238;1 out of 5
211.001438;211.001438;Chromocarb;[M+Na-H2];C10H6O4;1.62327e-4;0.769318;211.001276;1 out of 5
211.001438;211.001438;"5,8-Dihydroxy-1,4-naphthoquinone";[M+Na-H2];C10H6O4;1.62327e-4;0.769318;211.001276;1 out of 5
211.001438;211.001438;Coumarin-4-carboxylic acid;[M+Na-H2];C10H6O4;1.62320e-4;0.769284;211.001276;1 out of 5
211.001438;211.001438;"8H-1,3-Dioxolo[4,5-h][1]benzopyran-8-one";[M+Na-H2];C10H6O4;1.62320e-4;0.769284;211.001276;1 out of 5
211.001438;211.001438;6-Formylumbelliferone;[M+Na-H2];C10H6O4;1.62320e-4;0.769284;211.001276;1 out of 5
211.001438;211.001438;Ayapin;[M+Na-H2];C10H6O4;1.62320e-4;0.769284;211.001276;1 out of 5
211.001438;211.001438;D-Ribulose 5-phosphate;[M-H2O-H];C5H11O8P;1.25160e-4;0.593172;211.001313;1 out of 5
211.001438;211.001438;Xylulose 5-phosphate;[M-H2O-H];C5H11O8P;1.25160e-4;0.593172;211.001313;1 out of 5
211.001438;211.001438;Ribose 1-phosphate;[M-H2O-H];C5H11O8P;1.25160e-4;0.593172;211.001313;1 out of 5
211.001438;211.001438;D-Ribose 5-phosphate;[M-H2O-H];C5H11O8P;1.25160e-4;0.593172;211.001313;1 out of 5
211.001438;211.001438;D-Arabinose 5-phosphate;[M-H2O-H];C5H11O8P;1.25160e-4;0.593172;211.001313;1 out of 5
211.001438;211.001438;beta-L-Arabinose 1-phosphate;[M-H2O-H];C5H11O8P;1.25160e-4;0.593172;211.001313;1 out of 5
211.001438;211.001438;"[(3R)-3,4,5-Trihydroxy-2-oxopentyl] dihydrogen phosphate";[M-H2O-H];C5H11O8P;1.25160e-4;0.593172;211.001313;1 out of 5
211.001438;211.001438;D-Xylulose 1-phosphate;[M-H2O-H];C5H11O8P;1.24688e-4;0.590935;211.001313;1 out of 5
211.001438;211.001438;D-Ribose 1-phosphate;[M-H2O-H];C5H11O8P;1.24688e-4;0.590935;211.001313;1 out of 5
211.001438;211.001438;Phosphoribose;[M-H2O-H];C5H11O8P;1.24688e-4;0.590935;211.001313;1 out of 5
211.001438;211.001438;ribose-5-phosphate;[M-H2O-H];C5H11O8P;1.24688e-4;0.590935;211.001313;1 out of 5
211.001438;211.001438;"2,6-dimethyl-trans-2-heptenoyl-CoA";[M+K-H2];C7H10O5;9.57800e-6;0.045393;211.001428;1 out of 5
211.001438;211.001438;Shikimic acid;[M+K-H2];C7H10O5;9.57000e-6;0.045355;211.001428;1 out of 5
211.001438;211.001438;2-Isopropyl-3-oxosuccinate;[M+K-H2];C7H10O5;9.57000e-6;0.045355;211.001428;1 out of 5
211.001438;211.001438;Dimethyl 2-oxoglutarate;[M+K-H2];C7H10O5;9.57000e-6;0.045355;211.001428;1 out of 5
211.001438;211.001438;"(2R)-2-[(3R,4S)-3,4-Dihydroxy-5-oxooxolan-2-yl]-2-hydroxyacetaldehyde";[M+Cl];C6H8O6;-5.09780e-5;-0.241600;211.001489;2 out of 5
211.001438;211.001438;"5-(1,2-Dihydroxyethyl)-4-hydroxyoxolane-2,3-dione";[M+Cl];C6H8O6;-5.09780e-5;-0.241600;211.001489;2 out of 5
211.001438;211.001438;"(R)-2-((S)-1,2-Dihydroxyethyl)-4,5-dihydroxyfuran-3(2H)-one";[M+Cl];C6H8O6;-5.09780e-5;-0.241600;211.001489;2 out of 5
211.001438;211.001438;Diglyceride;[M+Cl];C6H8O6;-5.09780e-5;-0.241600;211.001489;2 out of 5
211.001438;211.001438;"(3S,4R,5S)-3,4-Dihydroxy-5-(2-hydroxyacetyl)oxolan-2-one";[M+Cl];C6H8O6;-5.09780e-5;-0.241600;211.001489;2 out of 5
211.001438;211.001438;2-Hydroxy-5-oxohexanedioic acid;[M+Cl];C6H8O6;-5.09780e-5;-0.241600;211.001489;2 out of 5
211.001438;211.001438;"(5R)-5-(1,2-Dihydroxyethyl)-3-hydroxyoxolane-2,4-dione";[M+Cl];C6H8O6;-5.09780e-5;-0.241600;211.001489;2 out of 5
211.001438;211.001438;Ascorbic acid;[M+Cl];C6H8O6;-5.09880e-5;-0.241648;211.001489;2 out of 5
211.001438;211.001438;"D-Glucurono-6,3-lactone";[M+Cl];C6H8O6;-5.09880e-5;-0.241648;211.001489;2 out of 5
211.001438;211.001438;"1,2,3-Propanetricarboxylic acid";[M+Cl];C6H8O6;-5.09880e-5;-0.241648;211.001489;2 out of 5
211.001438;211.001438;"3,4-Dihydroxy-5-[(S)-1,2-dihydroxyethyl]furan-2(5H)-one";[M+Cl];C6H8O6;-5.09880e-5;-0.241648;211.001489;2 out of 5
211.001438;211.001438;Demeton-S-methyl;[M-H2O-H];C6H15O3PS2;-7.44689e-4;-3.529295;211.002183;1 out of 5
211.965211;211.965211;Clopidol;[M+Na-H2];C7H7Cl2NO;7.48000e-5;0.352888;211.965136;1 out of 5
212.998507;212.998507;2-(6-Hydroxy-4-oxo-2-sulfanylidene-1H-pyrimidin-5-yl)propanedial;[M-H];C7H6N2O4S;9.56145e-4;4.488995;212.997551;1 out of 5
212.998507;212.998507;(Z)-5-[(5-Methyl-2-thienyl)methylene]-2(5H)-furanone;[M+Na-H2];C10H8O2S;-6.60190e-4;-3.099496;212.999167;1 out of 5
212.998507;212.998507;4-Amino-7-chloroquinoline;[M+Cl];C9H7ClN2;-6.69900e-4;-3.145083;212.999177;1 out of 5
212.998507;212.998507;Diuron;[M-H2O-H];C9H10Cl2N2O;-6.70366e-4;-3.147270;212.999177;1 out of 5
212.998507;212.998507;Methylthio 2-(propanoyloxy)propanoate;[M+K-H2];C7H12O3S;-8.12940e-4;-3.816632;212.999320;1 out of 5
212.998507;212.998507;"3,3'-Thiobispropanoic acid";[M+Cl];C6H10O4S;-8.73498e-4;-4.100942;212.999380;1 out of 5
212.998507;212.998507;"2,3-Dihydroxy-5-methylthio-4-pentenoic acid";[M+Cl];C6H10O4S;-8.73976e-4;-4.103186;212.999381;1 out of 5
212.998507;212.998507;Dimethyl mercaptosuccinate;[M+Cl];C6H10O4S;-8.73976e-4;-4.103186;212.999381;1 out of 5
213.017112;213.017112;Scopoletin;[M+Na-H2];C10H8O4;1.86262e-4;0.874400;213.016926;1 out of 5
213.017112;213.017112;8-Hydroxy-7-methoxy-2H-1-benzopyran-2-one;[M+Na-H2];C10H8O4;1.86256e-4;0.874372;213.016926;1 out of 5
213.017112;213.017112;Noreugenin;[M+Na-H2];C10H8O4;1.86256e-4;0.874372;213.016926;1 out of 5
213.017112;213.017112;Sodium (4-methoxybenzoyloxy)acetate;[M-H2O-H];C10H9NaO5;1.85330e-4;0.870025;213.016927;1 out of 5
213.017112;213.017112;Deoxyribose 5-phosphate;[M-H];C5H11O7P;1.49782e-4;0.703146;213.016962;1 out of 5
213.017112;213.017112;1-Deoxy-D-xylulose 5-phosphate;[M-H];C5H11O7P;1.49782e-4;0.703146;213.016962;1 out of 5
213.017112;213.017112;Deoxyribose 1-phosphate;[M-H];C5H11O7P;1.49782e-4;0.703146;213.016962;1 out of 5
213.017112;213.017112;Deoxyribose 5-monophosphate;[M-H];C5H11O7P;1.49782e-4;0.703146;213.016962;1 out of 5
213.017112;213.017112;5-Deoxyribose-1-phosphate;[M-H];C5H11O7P;1.49782e-4;0.703146;213.016962;1 out of 5
213.017112;213.017112;Polyribosylribitolphosphate;[M-H2O-H];C5H13O8P;1.48623e-4;0.697705;213.016963;1 out of 5
213.017112;213.017112;2-Isopropylmalic acid;[M+K-H2];C7H12O5;3.35060e-5;0.157293;213.017078;1 out of 5
213.017112;213.017112;"2,3-Dimethyl-3-hydroxyglutaric acid";[M+K-H2];C7H12O5;3.35060e-5;0.157293;213.017078;1 out of 5
213.017112;213.017112;3-Isopropylmalic acid;[M+K-H2];C7H12O5;3.35060e-5;0.157293;213.017078;1 out of 5
213.017112;213.017112;"(±)-Glycerol 1,2-diacetate";[M+K-H2];C7H12O5;3.35060e-5;0.157293;213.017078;1 out of 5
213.017112;213.017112;Glucose chloride;[M-H];C6H11ClO6;-2.68000e-5;-0.125811;213.017139;1 out of 5
213.017112;213.017112;"D-Gulono-1,4-lactone";[M+Cl];C6H10O6;-2.70420e-5;-0.126948;213.017139;1 out of 5
213.017112;213.017112;"D-Gluconic acid, delta-lactone";[M+Cl];C6H10O6;-2.70420e-5;-0.126948;213.017139;1 out of 5
213.017112;213.017112;"(3R,4R,5S,6R)-3,4,5,6-Tetrahydroxyoxepan-2-one";[M+Cl];C6H10O6;-2.70420e-5;-0.126948;213.017139;1 out of 5
213.017112;213.017112;Gluconolactone;[M+Cl];C6H10O6;-2.70520e-5;-0.126994;213.017139;1 out of 5
213.017112;213.017112;2-Keto-3-deoxy-D-gluconic acid;[M+Cl];C6H10O6;-2.70520e-5;-0.126994;213.017139;1 out of 5
213.017112;213.017112;3-Keto-b-D-galactose;[M+Cl];C6H10O6;-2.70520e-5;-0.126994;213.017139;1 out of 5
213.017112;213.017112;Galactonolactone;[M+Cl];C6H10O6;-2.70520e-5;-0.126994;213.017139;1 out of 5
213.017112;213.017112;L-Gulonolactone;[M+Cl];C6H10O6;-2.70520e-5;-0.126994;213.017139;1 out of 5
213.017112;213.017112;D-Arabino-hexos-2-ulose;[M+Cl];C6H10O6;-2.70520e-5;-0.126994;213.017139;1 out of 5
213.017112;213.017112;"L-galactono-1,4-lactone";[M+Cl];C6H10O6;-2.70520e-5;-0.126994;213.017139;1 out of 5
213.017112;213.017112;Methylthiomethyl 2-methylbutanethiolate;[M+Cl];C7H14OS2;-8.95450e-4;-4.203635;213.018007;1 out of 5
214.048619;214.048619;Actarit;[M+Na-H2];C10H11NO3;5.87820e-5;0.274620;214.048560;1 out of 5
214.048619;214.048619;n-benzoyl-d-alanine;[M+Na-H2];C10H11NO3;5.87820e-5;0.274620;214.048560;1 out of 5
214.048619;214.048619;N-Formyl-dl-phenylalanine;[M+Na-H2];C10H11NO3;5.87820e-5;0.274620;214.048560;1 out of 5
214.048619;214.048619;Phenylacetylglycine;[M+Na-H2];C10H11NO3;5.87770e-5;0.274597;214.048560;1 out of 5
214.048619;214.048619;Methyl hippurate;[M+Na-H2];C10H11NO3;5.87770e-5;0.274597;214.048560;1 out of 5
214.048619;214.048619;2-Methylhippuric acid;[M+Na-H2];C10H11NO3;5.87770e-5;0.274597;214.048560;1 out of 5
214.048619;214.048619;m-Methylhippuric acid;[M+Na-H2];C10H11NO3;5.87770e-5;0.274597;214.048560;1 out of 5
214.048619;214.048619;p-Methylhippuric acid;[M+Na-H2];C10H11NO3;5.87770e-5;0.274597;214.048560;1 out of 5
214.048619;214.048619;Methyl n-acetylanthranilate;[M+Na-H2];C10H11NO3;5.87770e-5;0.274597;214.048560;1 out of 5
214.048619;214.048619;Betamipron;[M+Na-H2];C10H11NO3;5.87770e-5;0.274597;214.048560;1 out of 5
214.048619;214.048619;3-Carbamoyl-2-phenylpropionaldehyde;[M+Na-H2];C10H11NO3;5.87770e-5;0.274597;214.048560;1 out of 5
214.048619;214.048619;"4-Hydroxy-5-phenyltetrahydro-1,3-oxazin-2-one";[M+Na-H2];C10H11NO3;5.87770e-5;0.274597;214.048560;1 out of 5
214.048619;214.048619;4-Anilino-4-oxobutanoic acid;[M+Na-H2];C10H11NO3;5.87770e-5;0.274597;214.048560;1 out of 5
214.048619;214.048619;N-Formylphenylalanine;[M+Na-H2];C10H11NO3;5.87770e-5;0.274597;214.048560;1 out of 5
214.048619;214.048619;Glycerylphosphorylethanolamine;[M-H];C5H14NO6P;2.23030e-5;0.104196;214.048597;3 out of 5
214.048619;214.048619;sn-glycero-3-Phosphoethanolamine;[M-H];C5H14NO6P;2.23030e-5;0.104196;214.048597;3 out of 5
214.048619;214.048619;N-Methyl-1-deoxynojirimycin;[M+K-H2];C7H15NO4;-9.39730e-5;-0.439026;214.048713;1 out of 5
214.048619;214.048619;"(2R,3R,4S,5R)-2-Amino-3,4,5,6-tetrahydroxyhexanal";[M+Cl];C6H13NO5;-1.54523e-4;-0.721906;214.048774;1 out of 5
214.048619;214.048619;1-Aminoglucose;[M+Cl];C6H13NO5;-1.54523e-4;-0.721906;214.048774;1 out of 5
214.048619;214.048619;beta-D-Galactosamine;[M+Cl];C6H13NO5;-1.54523e-4;-0.721906;214.048774;1 out of 5
214.048619;214.048619;Fructosylamine;[M+Cl];C6H13NO5;-1.54523e-4;-0.721906;214.048774;1 out of 5
214.048619;214.048619;Tricine;[M+Cl];C6H13NO5;-1.54523e-4;-0.721906;214.048774;1 out of 5
214.048619;214.048619;Glucosamine;[M+Cl];C6H13NO5;-1.54531e-4;-0.721943;214.048774;1 out of 5
214.048619;214.048619;Fructosamine;[M+Cl];C6H13NO5;-1.54531e-4;-0.721943;214.048774;1 out of 5
214.048619;214.048619;beta-D-Glucosamine;[M+Cl];C6H13NO5;-1.54531e-4;-0.721943;214.048774;1 out of 5
215.032733;215.032733;"Methyl 3,4-dihydroxycinnamate";[M+Na-H2];C10H10O4;1.57198e-4;0.731043;215.032576;1 out of 5
215.032733;215.032733;cis-Isoferulic acid;[M+Na-H2];C10H10O4;1.57198e-4;0.731043;215.032576;1 out of 5
215.032733;215.032733;5-hydroxy-coniferaldehyde;[M+Na-H2];C10H10O4;1.57198e-4;0.731043;215.032576;1 out of 5
215.032733;215.032733;Ferulic acid;[M+Na-H2];C10H10O4;1.57192e-4;0.731015;215.032576;1 out of 5
215.032733;215.032733;Isoferulic acid;[M+Na-H2];C10H10O4;1.57192e-4;0.731015;215.032576;1 out of 5
215.032733;215.032733;Monoethyl phthalate;[M+Na-H2];C10H10O4;1.57192e-4;0.731015;215.032576;1 out of 5
215.032733;215.032733;Vanillin acetate;[M+Na-H2];C10H10O4;1.57192e-4;0.731015;215.032576;1 out of 5
215.032733;215.032733;"(-)-trans-3,4-Dihydro-4,8-dihydroxy-3-methyl-1H-2-benzopyran-1-one";[M+Na-H2];C10H10O4;1.57192e-4;0.731015;215.032576;1 out of 5
215.032733;215.032733;Piperonyl acetate;[M+Na-H2];C10H10O4;1.57192e-4;0.731015;215.032576;1 out of 5
215.032733;215.032733;Meconine;[M+Na-H2];C10H10O4;1.57192e-4;0.731015;215.032576;1 out of 5
215.032733;215.032733;3-(2-Hydroxy-3-methoxyphenyl)-2-propenoic acid;[M+Na-H2];C10H10O4;1.57192e-4;0.731015;215.032576;1 out of 5
215.032733;215.032733;Repandiol;[M+Na-H2];C10H10O4;1.57192e-4;0.731015;215.032576;1 out of 5
215.032733;215.032733;mono-Benzyl malonate;[M+Na-H2];C10H10O4;1.57192e-4;0.731015;215.032576;1 out of 5
215.032733;215.032733;"2,5-Dihydroxycinnamic acid methyl ester";[M+Na-H2];C10H10O4;1.57192e-4;0.731015;215.032576;1 out of 5
215.032733;215.032733;cis-Ferulic acid;[M+Na-H2];C10H10O4;1.57192e-4;0.731015;215.032576;1 out of 5
215.032733;215.032733;Dimethyl phthalate;[M+Na-H2];C10H10O4;1.57192e-4;0.731015;215.032576;1 out of 5
215.032733;215.032733;"(R)-3,4-Dihydro-6,8-dihydroxy-3-methyl-1H-2-benzopyran-1-one";[M+Na-H2];C10H10O4;1.57192e-4;0.731015;215.032576;1 out of 5
215.032733;215.032733;Sodium ferulate;[M-H];C10H9NaO4;1.56549e-4;0.728025;215.032576;1 out of 5
215.032733;215.032733;2-C-methyl-D-erythritol-4-phosphate;[M-H];C5H13O7P;1.20718e-4;0.561394;215.032612;1 out of 5
215.032733;215.032733;"(2S,3R,4S,5R,6R)-6-Ethyloxane-2,3,4,5-tetrol";[M+K-H2];C7H14O5;4.44900e-6;0.020690;215.032729;1 out of 5
215.032733;215.032733;beta-D-galactosyl;[M+K-H2];C7H14O5;4.44900e-6;0.020690;215.032729;1 out of 5
215.032733;215.032733;Glycerol 3-hydroxybutyrate;[M+K-H2];C7H14O5;4.44900e-6;0.020690;215.032729;1 out of 5
215.032733;215.032733;2-O-Methyl-L-fucose;[M+K-H2];C7H14O5;4.44200e-6;0.020657;215.032729;1 out of 5
215.032733;215.032733;D-Tagatose;[M+Cl];C6H12O6;-5.61060e-5;-0.260918;215.032789;1 out of 5
215.032733;215.032733;muco-Inositol;[M+Cl];C6H12O6;-5.61060e-5;-0.260918;215.032789;1 out of 5
215.032733;215.032733;neo-Inositol;[M+Cl];C6H12O6;-5.61060e-5;-0.260918;215.032789;1 out of 5
215.032733;215.032733;cis-Inositol;[M+Cl];C6H12O6;-5.61060e-5;-0.260918;215.032789;1 out of 5
215.032733;215.032733;"(2R,4S,5S)-1,2,4,5,6-Pentahydroxyhexan-3-one";[M+Cl];C6H12O6;-5.61060e-5;-0.260918;215.032789;1 out of 5
215.032733;215.032733;alpha-D-Galactofuranose;[M+Cl];C6H12O6;-5.61060e-5;-0.260918;215.032789;1 out of 5
215.032733;215.032733;D-Fructofuranose;[M+Cl];C6H12O6;-5.61060e-5;-0.260918;215.032789;1 out of 5
215.032733;215.032733;D-Psicose;[M+Cl];C6H12O6;-5.61060e-5;-0.260918;215.032789;1 out of 5
215.032733;215.032733;alpha-D-Allofuranose;[M+Cl];C6H12O6;-5.61060e-5;-0.260918;215.032789;1 out of 5
215.032733;215.032733;D-Glucose;[M+Cl];C6H12O6;-5.61160e-5;-0.260965;215.032789;1 out of 5
215.032733;215.032733;D-Galactose;[M+Cl];C6H12O6;-5.61160e-5;-0.260965;215.032789;1 out of 5
215.032733;215.032733;D-Mannose;[M+Cl];C6H12O6;-5.61160e-5;-0.260965;215.032789;1 out of 5
215.032733;215.032733;myo-Inositol;[M+Cl];C6H12O6;-5.61160e-5;-0.260965;215.032789;1 out of 5
215.032733;215.032733;3-Deoxyarabinohexonic acid;[M+Cl];C6H12O6;-5.61160e-5;-0.260965;215.032789;1 out of 5
215.032733;215.032733;D-Fructose;[M+Cl];C6H12O6;-5.61160e-5;-0.260965;215.032789;1 out of 5
215.032733;215.032733;Allose;[M+Cl];C6H12O6;-5.61160e-5;-0.260965;215.032789;1 out of 5
215.032733;215.032733;L-Sorbose;[M+Cl];C6H12O6;-5.61160e-5;-0.260965;215.032789;1 out of 5
215.032733;215.032733;alpha-D-Glucose;[M+Cl];C6H12O6;-5.61160e-5;-0.260965;215.032789;1 out of 5
215.032733;215.032733;beta-D-Galactose;[M+Cl];C6H12O6;-5.61160e-5;-0.260965;215.032789;1 out of 5
215.032733;215.032733;scyllo-Inositol;[M+Cl];C6H12O6;-5.61160e-5;-0.260965;215.032789;1 out of 5
215.032733;215.032733;L-Gulose;[M+Cl];C6H12O6;-5.61160e-5;-0.260965;215.032789;1 out of 5
215.032733;215.032733;Dihydroxyacetone (dimer);[M+Cl];C6H12O6;-5.61160e-5;-0.260965;215.032789;1 out of 5
215.032733;215.032733;L-Galactose;[M+Cl];C6H12O6;-5.61160e-5;-0.260965;215.032789;1 out of 5
215.032733;215.032733;Levoinositol;[M+Cl];C6H12O6;-5.61160e-5;-0.260965;215.032789;1 out of 5
215.032733;215.032733;Glycoprotein-phospho-D-mannose;[M+Cl];C6H12O6;-5.61160e-5;-0.260965;215.032789;1 out of 5
215.032733;215.032733;epi-Inositol;[M+Cl];C6H12O6;-5.61160e-5;-0.260965;215.032789;1 out of 5
215.032733;215.032733;D-chiro-Inositol;[M+Cl];C6H12O6;-5.61160e-5;-0.260965;215.032789;1 out of 5
215.032733;215.032733;allo-Inositol;[M+Cl];C6H12O6;-5.61160e-5;-0.260965;215.032789;1 out of 5
215.032733;215.032733;"(2R,3R,4R,5R)-2,3,4,5,6-Pentahydroxyhexanal";[M+Cl];C6H12O6;-5.61160e-5;-0.260965;215.032789;1 out of 5
215.032733;215.032733;"(3R,4R,5R)-1,3,4,5,6-Pentahydroxyhexan-2-one";[M+Cl];C6H12O6;-5.61160e-5;-0.260965;215.032789;1 out of 5
215.032733;215.032733;D-Gulose;[M+Cl];C6H12O6;-5.61160e-5;-0.260965;215.032789;1 out of 5
215.032733;215.032733;Glucose;[M+Cl];C6H12O6;-5.61160e-5;-0.260965;215.032789;1 out of 5
215.032733;215.032733;Dibutyl disulfide;[M+K-H2];C8H18S2;-8.63956e-4;-4.017772;215.033597;1 out of 5
215.032733;215.032733;"1,8-Octanedithiol";[M+K-H2];C8H18S2;-8.63956e-4;-4.017772;215.033597;1 out of 5
216.036164;216.036164;"N,N-Bis(2-chloroethyl)aniline";[M-H];C10H13Cl2N;9.36200e-4;4.333552;216.035228;1 out of 5
216.036164;216.036164;"6-Chloro-2,3,4,5-tetrahydro-1H-3-benzazepine";[M+Cl];C10H12ClN;9.35900e-4;4.332164;216.035228;1 out of 5
216.051356;216.051356;7-(2-Hydroxyethyl)guanine;[M+Na-H2];C7H9N5O2;1.06445e-3;4.926862;216.050292;1 out of 5
216.051356;216.051356;"6-hydroxymethyl-7,8-dihydropterin";[M+Na-H2];C7H9N5O2;1.06444e-3;4.926830;216.050292;1 out of 5
216.051356;216.051356;Glutamyl pyruvate;[M-H];C8H11NO6;-4.07800e-6;-0.018875;216.051360;2 out of 5
216.051356;216.051356;Lycoperdic acid;[M-H];C8H11NO6;-4.08900e-6;-0.018926;216.051360;2 out of 5
216.051356;216.051356;Glycerol glutamate;[M-H2O-H];C8H13NO7;-4.76300e-6;-0.022046;216.051361;1 out of 5
216.981170;216.981170;"N,N''-Sulfonylbisurea";[M+Cl];C2H6N4O4S;7.93137e-4;3.655340;216.980377;1 out of 5
216.981170;216.981170;5-Sulfosalicylic acid;[M-H];C7H6O6S;-6.16140e-5;-0.283960;216.981232;1 out of 5
216.981170;216.981170;3-hydroxybenzoic acid-3-O-sulphate;[M-H];C7H6O6S;-6.16140e-5;-0.283960;216.981232;1 out of 5
216.981170;216.981170;4-hydroxybenzoic acid-4-O-sulphate;[M-H];C7H6O6S;-6.16140e-5;-0.283960;216.981232;1 out of 5
216.981170;216.981170;4-Methylcatechol sulfate;[M-H];C7H6O6S;-6.20870e-5;-0.286140;216.981232;1 out of 5
217.015202;217.015202;Adrenochrome o-semiquinone;[M+K-H2];C9H10NO3;5.28809e-4;2.436743;217.014673;1 out of 5
217.015202;217.015202;Diphenyl disulfide;[M-H];C12H10S2;8.73000e-5;0.402276;217.015115;1 out of 5
217.015202;217.015202;"(2R,4R,5R)-2,4,5,6-Tetrahydroxy-1-sulfanylhexan-3-one";[M+Na-H2];C6H12O5S;-9.66000e-6;-0.044513;217.015212;1 out of 5
217.015202;217.015202;"(2r,3r,4s,5r,6s)-2-(Hydroxymethyl)-6-Sulfanyl-Oxane-3,4,5-Triol";[M+Na-H2];C6H12O5S;-9.66000e-6;-0.044513;217.015212;1 out of 5
217.015202;217.015202;5-Thio-D-Glucose;[M+Na-H2];C6H12O5S;-9.66000e-6;-0.044513;217.015212;1 out of 5
217.015202;217.015202;"(2R,4R,5S)-1,4,5,6-Tetrahydroxy-2-sulfanylhexan-3-one";[M+Na-H2];C6H12O5S;-9.66000e-6;-0.044513;217.015212;1 out of 5
217.015202;217.015202;Thioglucose;[M+Na-H2];C6H12O5S;-9.66000e-6;-0.044513;217.015212;1 out of 5
217.015202;217.015202;1-(Methylthio)propyl propyl disulfide;[M+Na-H2];C7H16S3;-8.77582e-4;-4.043857;217.016080;1 out of 5
217.015202;217.015202;Ethyl 1-(ethylthio)propyl disulfide;[M+Na-H2];C7H16S3;-8.77582e-4;-4.043857;217.016080;1 out of 5
217.015202;217.015202;Isopropyl propyl trisulfide;[M+Na-H2];C7H16S3;-8.77582e-4;-4.043857;217.016080;1 out of 5
217.029868;217.029868;Aspartyl-Cysteine;[M-H2O-H];C7H12N2O5S;1.01681e-3;4.685119;217.028851;1 out of 5
217.029868;217.029868;Cysteinyl-Aspartate;[M-H2O-H];C7H12N2O5S;1.01681e-3;4.685119;217.028851;1 out of 5
217.029868;217.029868;N-Acetyl-3-(nitrosulfanyl)-L-valine;[M-H2O-H];C7H12N2O5S;1.01633e-3;4.682935;217.028852;1 out of 5
217.029868;217.029868;Coumestan;[M-H2O-H];C15H8O3;3.64882e-4;1.681255;217.029503;1 out of 5
217.029868;217.029868;1-Heptanesulfonic acid;[M+K-H2];C7H16O3S;-7.52549e-4;-3.467478;217.030621;1 out of 5
217.942696;217.942696;Taurine sulfate;[M-H];C2H5NO7S2;-7.70853e-4;-3.536940;217.943467;2 out of 5
222.023399;222.023399;Brassicanal C;[M-H];C10H9NO3S;3.62151e-4;1.631142;222.023037;1 out of 5
222.023399;222.023399;"5-(4-Hydroxybenzyl)thiazolidine-2,4-dione";[M-H];C10H9NO3S;3.62151e-4;1.631142;222.023037;1 out of 5
222.023399;222.023399;Naphthionic acid;[M-H];C10H9NO3S;3.61672e-4;1.628984;222.023037;1 out of 5
223.007993;223.007993;2-Naphthol sulfate;[M-H];C10H8O4S;9.40088e-4;4.215508;223.007053;1 out of 5
223.007993;223.007993;1-Naphthyl sulfate;[M-H];C10H8O4S;9.40088e-4;4.215508;223.007053;1 out of 5
223.007993;223.007993;Magnesium lactate;[M+Na-H2];C6H10MgO6;5.46050e-4;2.448573;223.007447;1 out of 5
223.007993;223.007993;8-Cyano-fluoroquinolone;[M+Cl];C10H5FN2O;1.04800e-6;0.004699;223.007992;1 out of 5
223.007993;223.007993;Diphenylphosphine;[M+K-H2];C12H11P;-4.49352e-4;-2.014955;223.008442;1 out of 5
223.007993;223.007993;2-Oxo-4-hydroxy-4-carboxy-5-ureidoimidazoline;[M+Na-H2];C5H6N4O5;-4.93309e-4;-2.212064;223.008486;1 out of 5
223.007993;223.007993;2-Oxo-4-hydroxy-4-carboxy-5-ureidoimidazole;[M+Na-H2];C5H6N4O5;-4.93322e-4;-2.212122;223.008486;1 out of 5
223.007993;223.007993;2-Chlorobiphenyl;[M+Cl];C12H9Cl;-6.85995e-4;-3.076091;223.008679;1 out of 5
223.007993;223.007993;3-Chlorobiphenyl;[M+Cl];C12H9Cl;-6.85995e-4;-3.076091;223.008679;1 out of 5
223.007993;223.007993;4-Chlorobiphenyl;[M+Cl];C12H9Cl;-6.85995e-4;-3.076091;223.008679;1 out of 5
224.069342;224.069342;Methyl indole-3-propanoate;[M+Na-H2];C12H13NO2;4.63370e-5;0.206798;224.069296;1 out of 5
224.069342;224.069342;3-Indolebutyric acid;[M+Na-H2];C12H13NO2;4.63350e-5;0.206789;224.069296;1 out of 5
224.069342;224.069342;Methsuximide;[M+Na-H2];C12H13NO2;4.63350e-5;0.206789;224.069296;1 out of 5
224.069342;224.069342;"5-(2-Furanyl)-1,2,3,4,5,6-hexahydro-7H-cyclopenta[b]pyridin-7-one";[M+Na-H2];C12H13NO2;4.63350e-5;0.206789;224.069296;1 out of 5
224.069342;224.069342;Isosalsolidine;[M+Na-H2];C12H13NO2;4.63350e-5;0.206789;224.069296;1 out of 5
224.069342;224.069342;Indole-3-acetic acid ethyl ester;[M+Na-H2];C12H13NO2;4.63350e-5;0.206789;224.069296;1 out of 5
224.069342;224.069342;(+)-2-Amino-7-phosphonoheptanoic acid;[M-H];C7H16NO5P;9.38300e-6;0.041875;224.069333;1 out of 5
224.069342;224.069342;"1-Hydroxy-2,2,5,5-tetramethylpyrrolidine-3-carboxylic acid";[M+K-H2];C9H17NO3;-1.06411e-4;-0.474902;224.069448;1 out of 5
224.069342;224.069342;Pivagabine;[M+K-H2];C9H17NO3;-1.06411e-4;-0.474902;224.069448;1 out of 5
224.069342;224.069342;"L-Valine, N-(2-hydroxy-3-butenyl)-";[M+K-H2];C9H17NO3;-1.06411e-4;-0.474902;224.069448;1 out of 5
224.069342;224.069342;N-Heptanoylglycine;[M+K-H2];C9H17NO3;-1.06415e-4;-0.474920;224.069448;1 out of 5
224.069342;224.069342;8-Amino-7-oxononanoic acid;[M+K-H2];C9H17NO3;-1.06415e-4;-0.474920;224.069448;1 out of 5
224.069342;224.069342;N-Lactoylvaline;[M+Cl];C8H15NO4;-1.66967e-4;-0.745157;224.069509;1 out of 5
224.069342;224.069342;1-hydroxyhexanoylglycine;[M+Cl];C8H15NO4;-1.66967e-4;-0.745157;224.069509;1 out of 5
224.069342;224.069342;2-hydroxyhexanoylglycine;[M+Cl];C8H15NO4;-1.66967e-4;-0.745157;224.069509;1 out of 5
224.069342;224.069342;3-hydroxyhexanoylglycine;[M+Cl];C8H15NO4;-1.66967e-4;-0.745157;224.069509;1 out of 5
224.069342;224.069342;4-hydroxyhexanoylglycine;[M+Cl];C8H15NO4;-1.66967e-4;-0.745157;224.069509;1 out of 5
224.069342;224.069342;5-hydroxyhexanoylglycine;[M+Cl];C8H15NO4;-1.66967e-4;-0.745157;224.069509;1 out of 5
224.069342;224.069342;1-Carboxyethylvaline;[M+Cl];C8H15NO4;-1.66967e-4;-0.745157;224.069509;1 out of 5
224.069342;224.069342;Castanospermine;[M+Cl];C8H15NO4;-1.66967e-4;-0.745157;224.069509;1 out of 5
224.069342;224.069342;H-D-Asp(OtBu)-OH;[M+Cl];C8H15NO4;-1.66967e-4;-0.745157;224.069509;1 out of 5
224.069342;224.069342;DIMBOA trihexose;[M+Cl];C8H15NO4;-1.66967e-4;-0.745157;224.069509;1 out of 5
224.069342;224.069342;N-Methylcalystegine B2;[M+Cl];C8H15NO4;-1.66973e-4;-0.745184;224.069509;1 out of 5
224.803455;224.803455;Copper iodide;[M+Cl];CuI;-1.54990e-5;-0.068945;224.803470;1 out of 5
226.996438;226.996438;Thiolutin;[M-H];C8H8N2O2S2;9.96110e-4;4.388238;226.995442;2 out of 5
226.996438;226.996438;2-O-Methylascorbic acid;[M+K-H2];C7H10O6;9.49580e-5;0.418324;226.996343;1 out of 5
226.996438;226.996438;3-Dehydroquinic acid;[M+K-H2];C7H10O6;9.49480e-5;0.418280;226.996343;1 out of 5
226.996438;226.996438;2-Hydroxy-2-(2-oxopropyl)butanedioic acid;[M+K-H2];C7H10O6;9.49480e-5;0.418280;226.996343;1 out of 5
226.996438;226.996438;"2,3-diketogulonate";[M+Cl];C6H8O7;3.44020e-5;0.151553;226.996404;2 out of 5
226.996438;226.996438;dehydroascorbate (bicyclic form);[M+Cl];C6H8O7;3.44020e-5;0.151553;226.996404;2 out of 5
226.996438;226.996438;Citric acid;[M+Cl];C6H8O7;3.43900e-5;0.151500;226.996404;2 out of 5
226.996438;226.996438;Isocitric acid;[M+Cl];C6H8O7;3.43900e-5;0.151500;226.996404;2 out of 5
226.996438;226.996438;D-threo-Isocitric acid;[M+Cl];C6H8O7;3.43900e-5;0.151500;226.996404;2 out of 5
226.996438;226.996438;Diketogulonic acid;[M+Cl];C6H8O7;3.43900e-5;0.151500;226.996404;2 out of 5
226.996438;226.996438;"2,3-Diketo-L-gulonate";[M+Cl];C6H8O7;3.43900e-5;0.151500;226.996404;2 out of 5
226.996438;226.996438;"(1R,2R)-Isocitric acid";[M+Cl];C6H8O7;3.43900e-5;0.151500;226.996404;2 out of 5
226.996438;226.996438;"D-Glucaro-1,4-lactone";[M+Cl];C6H8O7;3.43900e-5;0.151500;226.996404;2 out of 5
226.996438;226.996438;Oxydemeton-methyl;[M-H2O-H];C6H15O4PS2;-6.59309e-4;-2.904482;226.997097;1 out of 5
226.996438;226.996438;5-(Methylthio)-2-[(methylthio)methyl]-2-pentenal;[M+K-H2];C8H14OS2;-7.73450e-4;-3.407311;226.997211;1 out of 5
226.996438;226.996438;alpha-D-xylose 1-phosphate;[M-H];C5H9O8P;-8.86408e-4;-3.904927;226.997324;2 out of 5
227.038177;227.038177;2H-Benzo[F]isoindole-1-carbonitrile;[M+Cl];C13H8N2;2.77340e-5;0.122156;227.038149;2 out of 5
227.038177;227.038177;Polyanethole-sulfate;[M-H];C10H12O4S;-1.76040e-4;-0.775376;227.038353;2 out of 5
228.045926;228.045926;Lamivudine;[M-H];C8H11N3O3S;1.09108e-3;4.784485;228.044835;1 out of 5
228.045926;228.045926;"4-Amino-1-[(2S,4S)-2-(hydroxymethyl)-1,3-oxathiolan-4-yl]pyrimidin-2-one";[M-H];C8H11N3O3S;1.09060e-3;4.782393;228.044835;1 out of 5
228.045926;228.045926;ent-Lamivudine;[M-H];C8H11N3O3S;1.09060e-3;4.782393;228.044835;1 out of 5
228.045926;228.045926;Tinidazole;[M-H2O-H];C8H13N3O4S;1.09039e-3;4.781476;228.044836;1 out of 5
228.045926;228.045926;1-Nitropyrene;[M-H2O-H];C16H9NO2;4.38466e-4;1.922713;228.045488;1 out of 5
228.045926;228.045926;"D,L-Buthionine";[M+K-H2];C8H17NO2S;-6.78965e-4;-2.977308;228.046605;1 out of 5
228.045926;228.045926;Thiostatin;[M+K-H2];C8H17NO2S;-6.78965e-4;-2.977308;228.046605;1 out of 5
228.045926;228.045926;S-Butylcysteine sulfoxide;[M+Cl];C7H15NO3S;-7.39041e-4;-3.240745;228.046665;2 out of 5
229.035164;229.035164;Aminofurantoin;[M+Na-H2];C8H8N4O3;8.56858e-4;3.741178;229.034307;1 out of 5
229.035164;229.035164;"3,3'-Dithiobis[4,5-dihydro-2-methylfuran]";[M-H];C10H14O2S2;-1.08007e-3;-4.715725;229.036244;2 out of 5
229.046391;229.046391;Garomefrine;[M-H2O-H];C9H13FN2O3S;1.14038e-3;4.978824;229.045251;1 out of 5
229.046391;229.046391;L-beta-aspartyl-L-aspartic acid;[M-H2O-H];C8H12N2O7;-2.18748e-4;-0.955037;229.046610;1 out of 5
229.046391;229.046391;Aspartyl-Aspartate;[M-H2O-H];C8H12N2O7;-2.18748e-4;-0.955037;229.046610;1 out of 5
229.046794;229.046794;L-beta-aspartyl-L-aspartic acid;[M-H2O-H];C8H12N2O7;1.84252e-4;0.804430;229.046610;1 out of 5
229.046794;229.046794;Aspartyl-Aspartate;[M-H2O-H];C8H12N2O7;1.84252e-4;0.804430;229.046610;1 out of 5
229.047332;229.047332;L-beta-aspartyl-L-aspartic acid;[M-H2O-H];C8H12N2O7;7.22252e-4;3.153297;229.046610;1 out of 5
229.047332;229.047332;Aspartyl-Aspartate;[M-H2O-H];C8H12N2O7;7.22252e-4;3.153297;229.046610;1 out of 5
229.047332;229.047332;"5-(3',4'-Dihydroxyphenyl)-gamma-valerolactone";[M+Na-H2];C11H12O4;-8.93866e-4;-3.902523;229.048226;1 out of 5
229.047332;229.047332;"Propanedioic acid, (2-phenylethyl)-";[M+Na-H2];C11H12O4;-8.93866e-4;-3.902523;229.048226;1 out of 5
229.047332;229.047332;Dihydroxyphenyl-valerolactone;[M+Na-H2];C11H12O4;-8.93866e-4;-3.902523;229.048226;1 out of 5
229.047332;229.047332;Sinapaldehyde;[M+Na-H2];C11H12O4;-8.93866e-4;-3.902523;229.048226;1 out of 5
229.047332;229.047332;(R)-2-Benzylsuccinate;[M+Na-H2];C11H12O4;-8.93872e-4;-3.902549;229.048226;1 out of 5
229.047332;229.047332;"3-(3,4-Dimethoxyphenyl)-2-propenoic acid";[M+Na-H2];C11H12O4;-8.93872e-4;-3.902549;229.048226;1 out of 5
229.047332;229.047332;Furapiole;[M+Na-H2];C11H12O4;-8.93872e-4;-3.902549;229.048226;1 out of 5
229.047332;229.047332;"1-(2-Methoxy-3,4-methylenedioxyphenyl)-1-propanone";[M+Na-H2];C11H12O4;-8.93872e-4;-3.902549;229.048226;1 out of 5
229.047332;229.047332;6-Methoxymellein;[M+Na-H2];C11H12O4;-8.93872e-4;-3.902549;229.048226;1 out of 5
229.047332;229.047332;"3-(3-Methoxy-4,5-methylenedioxyphenyl)-2-propen-1-ol";[M+Na-H2];C11H12O4;-8.93872e-4;-3.902549;229.048226;1 out of 5
229.047332;229.047332;Anthriscinol;[M+Na-H2];C11H12O4;-8.93872e-4;-3.902549;229.048226;1 out of 5
229.047332;229.047332;"5-(3',5'-Dihydroxyphenyl)-gamma-valerolactone";[M+Na-H2];C11H12O4;-8.93872e-4;-3.902549;229.048226;1 out of 5
229.047332;229.047332;"5-(3',4'-Dihydroxyphenyl)-γ-valerolactone";[M+Na-H2];C11H12O4;-8.93872e-4;-3.902549;229.048226;1 out of 5
229.047332;229.047332;Caffeic acid ethyl ester;[M+Na-H2];C11H12O4;-8.93872e-4;-3.902549;229.048226;1 out of 5
229.047332;229.047332;Methyl ferulate;[M+Na-H2];C11H12O4;-8.93872e-4;-3.902549;229.048226;1 out of 5
229.047332;229.047332;"(5S,6R)-Methyl 5,6,7-trihydroxyheptanoate";[M+K-H2];C8H16O5;-1.04661e-3;-4.569406;229.048379;1 out of 5
229.047332;229.047332;1D-5-O-Methyl-chiro-inositol;[M+Cl];C7H14O6;-1.10717e-3;-4.833785;229.048439;1 out of 5
229.047332;229.047332;1-Deoxy-D-manno-heptulose;[M+Cl];C7H14O6;-1.10717e-3;-4.833785;229.048439;1 out of 5
229.047332;229.047332;3-O-Methyl-d-glucose;[M+Cl];C7H14O6;-1.10717e-3;-4.833785;229.048439;1 out of 5
229.047332;229.047332;3-O-Methyl-D-fructose;[M+Cl];C7H14O6;-1.10717e-3;-4.833785;229.048439;1 out of 5
229.047332;229.047332;3-O-Methyl-D-glucopyranose;[M+Cl];C7H14O6;-1.10717e-3;-4.833785;229.048439;1 out of 5
229.047332;229.047332;"(2R,3R,5S)-1,2,3,5,6-Pentahydroxyheptan-4-one";[M+Cl];C7H14O6;-1.10717e-3;-4.833785;229.048439;1 out of 5
229.047332;229.047332;D-4-O-Methyl-myo-inositol;[M+Cl];C7H14O6;-1.10718e-3;-4.833825;229.048439;1 out of 5
229.047332;229.047332;Methyl beta-D-glucopyranoside;[M+Cl];C7H14O6;-1.10718e-3;-4.833825;229.048439;1 out of 5
229.047332;229.047332;(-)-Bornesitol;[M+Cl];C7H14O6;-1.10718e-3;-4.833825;229.048439;1 out of 5
229.047332;229.047332;Sequoyitol;[M+Cl];C7H14O6;-1.10718e-3;-4.833825;229.048439;1 out of 5
229.047332;229.047332;Mytilitol;[M+Cl];C7H14O6;-1.10718e-3;-4.833825;229.048439;1 out of 5
229.047332;229.047332;D-Pinitol;[M+Cl];C7H14O6;-1.10718e-3;-4.833825;229.048439;1 out of 5
229.047332;229.047332;L-Quebrachitol;[M+Cl];C7H14O6;-1.10718e-3;-4.833825;229.048439;1 out of 5
229.047332;229.047332;Methyl alpha-D-galactopyranoside;[M+Cl];C7H14O6;-1.10718e-3;-4.833825;229.048439;1 out of 5
229.047332;229.047332;D-ononitol;[M+Cl];C7H14O6;-1.10718e-3;-4.833825;229.048439;1 out of 5
229.047735;229.047735;L-beta-aspartyl-L-aspartic acid;[M-H2O-H];C8H12N2O7;1.12525e-3;4.912764;229.046610;1 out of 5
229.047735;229.047735;Aspartyl-Aspartate;[M-H2O-H];C8H12N2O7;1.12525e-3;4.912764;229.046610;1 out of 5
229.047735;229.047735;"5-(3',4'-Dihydroxyphenyl)-gamma-valerolactone";[M+Na-H2];C11H12O4;-4.90866e-4;-2.143068;229.048226;1 out of 5
229.047735;229.047735;"Propanedioic acid, (2-phenylethyl)-";[M+Na-H2];C11H12O4;-4.90866e-4;-2.143068;229.048226;1 out of 5
229.047735;229.047735;Dihydroxyphenyl-valerolactone;[M+Na-H2];C11H12O4;-4.90866e-4;-2.143068;229.048226;1 out of 5
229.047735;229.047735;Sinapaldehyde;[M+Na-H2];C11H12O4;-4.90866e-4;-2.143068;229.048226;1 out of 5
229.047735;229.047735;(R)-2-Benzylsuccinate;[M+Na-H2];C11H12O4;-4.90872e-4;-2.143095;229.048226;1 out of 5
229.047735;229.047735;"3-(3,4-Dimethoxyphenyl)-2-propenoic acid";[M+Na-H2];C11H12O4;-4.90872e-4;-2.143095;229.048226;1 out of 5
229.047735;229.047735;Furapiole;[M+Na-H2];C11H12O4;-4.90872e-4;-2.143095;229.048226;1 out of 5
229.047735;229.047735;"1-(2-Methoxy-3,4-methylenedioxyphenyl)-1-propanone";[M+Na-H2];C11H12O4;-4.90872e-4;-2.143095;229.048226;1 out of 5
229.047735;229.047735;6-Methoxymellein;[M+Na-H2];C11H12O4;-4.90872e-4;-2.143095;229.048226;1 out of 5
229.047735;229.047735;"3-(3-Methoxy-4,5-methylenedioxyphenyl)-2-propen-1-ol";[M+Na-H2];C11H12O4;-4.90872e-4;-2.143095;229.048226;1 out of 5
229.047735;229.047735;Anthriscinol;[M+Na-H2];C11H12O4;-4.90872e-4;-2.143095;229.048226;1 out of 5
229.047735;229.047735;"5-(3',5'-Dihydroxyphenyl)-gamma-valerolactone";[M+Na-H2];C11H12O4;-4.90872e-4;-2.143095;229.048226;1 out of 5
229.047735;229.047735;"5-(3',4'-Dihydroxyphenyl)-γ-valerolactone";[M+Na-H2];C11H12O4;-4.90872e-4;-2.143095;229.048226;1 out of 5
229.047735;229.047735;Caffeic acid ethyl ester;[M+Na-H2];C11H12O4;-4.90872e-4;-2.143095;229.048226;1 out of 5
229.047735;229.047735;Methyl ferulate;[M+Na-H2];C11H12O4;-4.90872e-4;-2.143095;229.048226;1 out of 5
229.047735;229.047735;"(5S,6R)-Methyl 5,6,7-trihydroxyheptanoate";[M+K-H2];C8H16O5;-6.43615e-4;-2.809952;229.048379;1 out of 5
229.047735;229.047735;1D-5-O-Methyl-chiro-inositol;[M+Cl];C7H14O6;-7.04171e-4;-3.074332;229.048439;1 out of 5
229.047735;229.047735;1-Deoxy-D-manno-heptulose;[M+Cl];C7H14O6;-7.04171e-4;-3.074332;229.048439;1 out of 5
229.047735;229.047735;3-O-Methyl-d-glucose;[M+Cl];C7H14O6;-7.04171e-4;-3.074332;229.048439;1 out of 5
229.047735;229.047735;3-O-Methyl-D-fructose;[M+Cl];C7H14O6;-7.04171e-4;-3.074332;229.048439;1 out of 5
229.047735;229.047735;3-O-Methyl-D-glucopyranose;[M+Cl];C7H14O6;-7.04171e-4;-3.074332;229.048439;1 out of 5
229.047735;229.047735;"(2R,3R,5S)-1,2,3,5,6-Pentahydroxyheptan-4-one";[M+Cl];C7H14O6;-7.04171e-4;-3.074332;229.048439;1 out of 5
229.047735;229.047735;D-4-O-Methyl-myo-inositol;[M+Cl];C7H14O6;-7.04180e-4;-3.074372;229.048439;1 out of 5
229.047735;229.047735;Methyl beta-D-glucopyranoside;[M+Cl];C7H14O6;-7.04180e-4;-3.074372;229.048439;1 out of 5
229.047735;229.047735;(-)-Bornesitol;[M+Cl];C7H14O6;-7.04180e-4;-3.074372;229.048439;1 out of 5
229.047735;229.047735;Sequoyitol;[M+Cl];C7H14O6;-7.04180e-4;-3.074372;229.048439;1 out of 5
229.047735;229.047735;Mytilitol;[M+Cl];C7H14O6;-7.04180e-4;-3.074372;229.048439;1 out of 5
229.047735;229.047735;D-Pinitol;[M+Cl];C7H14O6;-7.04180e-4;-3.074372;229.048439;1 out of 5
229.047735;229.047735;L-Quebrachitol;[M+Cl];C7H14O6;-7.04180e-4;-3.074372;229.048439;1 out of 5
229.047735;229.047735;Methyl alpha-D-galactopyranoside;[M+Cl];C7H14O6;-7.04180e-4;-3.074372;229.048439;1 out of 5
229.047735;229.047735;D-ononitol;[M+Cl];C7H14O6;-7.04180e-4;-3.074372;229.048439;1 out of 5
229.048206;229.048206;"5-(3',4'-Dihydroxyphenyl)-gamma-valerolactone";[M+Na-H2];C11H12O4;-1.98660e-5;-0.086733;229.048226;1 out of 5
229.048206;229.048206;"Propanedioic acid, (2-phenylethyl)-";[M+Na-H2];C11H12O4;-1.98660e-5;-0.086733;229.048226;1 out of 5
229.048206;229.048206;Dihydroxyphenyl-valerolactone;[M+Na-H2];C11H12O4;-1.98660e-5;-0.086733;229.048226;1 out of 5
229.048206;229.048206;Sinapaldehyde;[M+Na-H2];C11H12O4;-1.98660e-5;-0.086733;229.048226;1 out of 5
229.048206;229.048206;(R)-2-Benzylsuccinate;[M+Na-H2];C11H12O4;-1.98720e-5;-0.086759;229.048226;1 out of 5
229.048206;229.048206;"3-(3,4-Dimethoxyphenyl)-2-propenoic acid";[M+Na-H2];C11H12O4;-1.98720e-5;-0.086759;229.048226;1 out of 5
229.048206;229.048206;Furapiole;[M+Na-H2];C11H12O4;-1.98720e-5;-0.086759;229.048226;1 out of 5
229.048206;229.048206;"1-(2-Methoxy-3,4-methylenedioxyphenyl)-1-propanone";[M+Na-H2];C11H12O4;-1.98720e-5;-0.086759;229.048226;1 out of 5
229.048206;229.048206;6-Methoxymellein;[M+Na-H2];C11H12O4;-1.98720e-5;-0.086759;229.048226;1 out of 5
229.048206;229.048206;"3-(3-Methoxy-4,5-methylenedioxyphenyl)-2-propen-1-ol";[M+Na-H2];C11H12O4;-1.98720e-5;-0.086759;229.048226;1 out of 5
229.048206;229.048206;Anthriscinol;[M+Na-H2];C11H12O4;-1.98720e-5;-0.086759;229.048226;1 out of 5
229.048206;229.048206;"5-(3',5'-Dihydroxyphenyl)-gamma-valerolactone";[M+Na-H2];C11H12O4;-1.98720e-5;-0.086759;229.048226;1 out of 5
229.048206;229.048206;"5-(3',4'-Dihydroxyphenyl)-γ-valerolactone";[M+Na-H2];C11H12O4;-1.98720e-5;-0.086759;229.048226;1 out of 5
229.048206;229.048206;Caffeic acid ethyl ester;[M+Na-H2];C11H12O4;-1.98720e-5;-0.086759;229.048226;1 out of 5
229.048206;229.048206;Methyl ferulate;[M+Na-H2];C11H12O4;-1.98720e-5;-0.086759;229.048226;1 out of 5
229.048206;229.048206;"(5S,6R)-Methyl 5,6,7-trihydroxyheptanoate";[M+K-H2];C8H16O5;-1.72615e-4;-0.753618;229.048379;1 out of 5
229.048206;229.048206;1D-5-O-Methyl-chiro-inositol;[M+Cl];C7H14O6;-2.33171e-4;-1.017999;229.048439;1 out of 5
229.048206;229.048206;1-Deoxy-D-manno-heptulose;[M+Cl];C7H14O6;-2.33171e-4;-1.017999;229.048439;1 out of 5
229.048206;229.048206;3-O-Methyl-d-glucose;[M+Cl];C7H14O6;-2.33171e-4;-1.017999;229.048439;1 out of 5
229.048206;229.048206;3-O-Methyl-D-fructose;[M+Cl];C7H14O6;-2.33171e-4;-1.017999;229.048439;1 out of 5
229.048206;229.048206;3-O-Methyl-D-glucopyranose;[M+Cl];C7H14O6;-2.33171e-4;-1.017999;229.048439;1 out of 5
229.048206;229.048206;"(2R,3R,5S)-1,2,3,5,6-Pentahydroxyheptan-4-one";[M+Cl];C7H14O6;-2.33171e-4;-1.017999;229.048439;1 out of 5
229.048206;229.048206;D-4-O-Methyl-myo-inositol;[M+Cl];C7H14O6;-2.33180e-4;-1.018038;229.048439;1 out of 5
229.048206;229.048206;Methyl beta-D-glucopyranoside;[M+Cl];C7H14O6;-2.33180e-4;-1.018038;229.048439;1 out of 5
229.048206;229.048206;(-)-Bornesitol;[M+Cl];C7H14O6;-2.33180e-4;-1.018038;229.048439;1 out of 5
229.048206;229.048206;Sequoyitol;[M+Cl];C7H14O6;-2.33180e-4;-1.018038;229.048439;1 out of 5
229.048206;229.048206;Mytilitol;[M+Cl];C7H14O6;-2.33180e-4;-1.018038;229.048439;1 out of 5
229.048206;229.048206;D-Pinitol;[M+Cl];C7H14O6;-2.33180e-4;-1.018038;229.048439;1 out of 5
229.048206;229.048206;L-Quebrachitol;[M+Cl];C7H14O6;-2.33180e-4;-1.018038;229.048439;1 out of 5
229.048206;229.048206;Methyl alpha-D-galactopyranoside;[M+Cl];C7H14O6;-2.33180e-4;-1.018038;229.048439;1 out of 5
229.048206;229.048206;D-ononitol;[M+Cl];C7H14O6;-2.33180e-4;-1.018038;229.048439;1 out of 5
229.048206;229.048206;"1,9-Nonanedithiol";[M+K-H2];C9H20S2;-1.04102e-3;-4.544961;229.049247;1 out of 5
229.048206;229.048206;3-[(2-Mercapto-1-methylpropyl)thio]-2-butanol;[M+Cl];C8H18OS2;-1.10158e-3;-4.809349;229.049308;1 out of 5
229.048676;229.048676;"5-(3',4'-Dihydroxyphenyl)-gamma-valerolactone";[M+Na-H2];C11H12O4;4.50134e-4;1.965237;229.048226;1 out of 5
229.048676;229.048676;"Propanedioic acid, (2-phenylethyl)-";[M+Na-H2];C11H12O4;4.50134e-4;1.965237;229.048226;1 out of 5
229.048676;229.048676;Dihydroxyphenyl-valerolactone;[M+Na-H2];C11H12O4;4.50134e-4;1.965237;229.048226;1 out of 5
229.048676;229.048676;Sinapaldehyde;[M+Na-H2];C11H12O4;4.50134e-4;1.965237;229.048226;1 out of 5
229.048676;229.048676;(R)-2-Benzylsuccinate;[M+Na-H2];C11H12O4;4.50128e-4;1.965211;229.048226;1 out of 5
229.048676;229.048676;"3-(3,4-Dimethoxyphenyl)-2-propenoic acid";[M+Na-H2];C11H12O4;4.50128e-4;1.965211;229.048226;1 out of 5
229.048676;229.048676;Furapiole;[M+Na-H2];C11H12O4;4.50128e-4;1.965211;229.048226;1 out of 5
229.048676;229.048676;"1-(2-Methoxy-3,4-methylenedioxyphenyl)-1-propanone";[M+Na-H2];C11H12O4;4.50128e-4;1.965211;229.048226;1 out of 5
229.048676;229.048676;6-Methoxymellein;[M+Na-H2];C11H12O4;4.50128e-4;1.965211;229.048226;1 out of 5
229.048676;229.048676;"3-(3-Methoxy-4,5-methylenedioxyphenyl)-2-propen-1-ol";[M+Na-H2];C11H12O4;4.50128e-4;1.965211;229.048226;1 out of 5
229.048676;229.048676;Anthriscinol;[M+Na-H2];C11H12O4;4.50128e-4;1.965211;229.048226;1 out of 5
229.048676;229.048676;"5-(3',5'-Dihydroxyphenyl)-gamma-valerolactone";[M+Na-H2];C11H12O4;4.50128e-4;1.965211;229.048226;1 out of 5
229.048676;229.048676;"5-(3',4'-Dihydroxyphenyl)-γ-valerolactone";[M+Na-H2];C11H12O4;4.50128e-4;1.965211;229.048226;1 out of 5
229.048676;229.048676;Caffeic acid ethyl ester;[M+Na-H2];C11H12O4;4.50128e-4;1.965211;229.048226;1 out of 5
229.048676;229.048676;Methyl ferulate;[M+Na-H2];C11H12O4;4.50128e-4;1.965211;229.048226;1 out of 5
229.048676;229.048676;"(5S,6R)-Methyl 5,6,7-trihydroxyheptanoate";[M+K-H2];C8H16O5;2.97385e-4;1.298350;229.048379;1 out of 5
229.048676;229.048676;1D-5-O-Methyl-chiro-inositol;[M+Cl];C7H14O6;2.36829e-4;1.033969;229.048439;1 out of 5
229.048676;229.048676;1-Deoxy-D-manno-heptulose;[M+Cl];C7H14O6;2.36829e-4;1.033969;229.048439;1 out of 5
229.048676;229.048676;3-O-Methyl-d-glucose;[M+Cl];C7H14O6;2.36829e-4;1.033969;229.048439;1 out of 5
229.048676;229.048676;3-O-Methyl-D-fructose;[M+Cl];C7H14O6;2.36829e-4;1.033969;229.048439;1 out of 5
229.048676;229.048676;3-O-Methyl-D-glucopyranose;[M+Cl];C7H14O6;2.36829e-4;1.033969;229.048439;1 out of 5
229.048676;229.048676;"(2R,3R,5S)-1,2,3,5,6-Pentahydroxyheptan-4-one";[M+Cl];C7H14O6;2.36829e-4;1.033969;229.048439;1 out of 5
229.048676;229.048676;D-4-O-Methyl-myo-inositol;[M+Cl];C7H14O6;2.36820e-4;1.033930;229.048439;1 out of 5
229.048676;229.048676;Methyl beta-D-glucopyranoside;[M+Cl];C7H14O6;2.36820e-4;1.033930;229.048439;1 out of 5
229.048676;229.048676;(-)-Bornesitol;[M+Cl];C7H14O6;2.36820e-4;1.033930;229.048439;1 out of 5
229.048676;229.048676;Sequoyitol;[M+Cl];C7H14O6;2.36820e-4;1.033930;229.048439;1 out of 5
229.048676;229.048676;Mytilitol;[M+Cl];C7H14O6;2.36820e-4;1.033930;229.048439;1 out of 5
229.048676;229.048676;D-Pinitol;[M+Cl];C7H14O6;2.36820e-4;1.033930;229.048439;1 out of 5
229.048676;229.048676;L-Quebrachitol;[M+Cl];C7H14O6;2.36820e-4;1.033930;229.048439;1 out of 5
229.048676;229.048676;Methyl alpha-D-galactopyranoside;[M+Cl];C7H14O6;2.36820e-4;1.033930;229.048439;1 out of 5
229.048676;229.048676;D-ononitol;[M+Cl];C7H14O6;2.36820e-4;1.033930;229.048439;1 out of 5
229.048676;229.048676;"1,9-Nonanedithiol";[M+K-H2];C9H20S2;-5.71020e-4;-2.493001;229.049247;1 out of 5
229.048676;229.048676;3-[(2-Mercapto-1-methylpropyl)thio]-2-butanol;[M+Cl];C8H18OS2;-6.31578e-4;-2.757389;229.049308;1 out of 5
229.048676;229.048676;Caffeine;[M+Cl];C8H10N4O2;-1.10058e-3;-4.804999;229.049777;1 out of 5
229.048676;229.048676;Enprofylline;[M+Cl];C8H10N4O2;-1.10058e-3;-4.804999;229.049777;1 out of 5
229.048676;229.048676;Chloroethyl nitrosourea;[M-H2O-H];C8H13ClN4O3;-1.10100e-3;-4.806815;229.049777;1 out of 5
229.049147;229.049147;"5-(3',4'-Dihydroxyphenyl)-gamma-valerolactone";[M+Na-H2];C11H12O4;9.21134e-4;4.021572;229.048226;1 out of 5
229.049147;229.049147;"Propanedioic acid, (2-phenylethyl)-";[M+Na-H2];C11H12O4;9.21134e-4;4.021572;229.048226;1 out of 5
229.049147;229.049147;Dihydroxyphenyl-valerolactone;[M+Na-H2];C11H12O4;9.21134e-4;4.021572;229.048226;1 out of 5
229.049147;229.049147;Sinapaldehyde;[M+Na-H2];C11H12O4;9.21134e-4;4.021572;229.048226;1 out of 5
229.049147;229.049147;(R)-2-Benzylsuccinate;[M+Na-H2];C11H12O4;9.21128e-4;4.021546;229.048226;1 out of 5
229.049147;229.049147;"3-(3,4-Dimethoxyphenyl)-2-propenoic acid";[M+Na-H2];C11H12O4;9.21128e-4;4.021546;229.048226;1 out of 5
229.049147;229.049147;Furapiole;[M+Na-H2];C11H12O4;9.21128e-4;4.021546;229.048226;1 out of 5
229.049147;229.049147;"1-(2-Methoxy-3,4-methylenedioxyphenyl)-1-propanone";[M+Na-H2];C11H12O4;9.21128e-4;4.021546;229.048226;1 out of 5
229.049147;229.049147;6-Methoxymellein;[M+Na-H2];C11H12O4;9.21128e-4;4.021546;229.048226;1 out of 5
229.049147;229.049147;"3-(3-Methoxy-4,5-methylenedioxyphenyl)-2-propen-1-ol";[M+Na-H2];C11H12O4;9.21128e-4;4.021546;229.048226;1 out of 5
229.049147;229.049147;Anthriscinol;[M+Na-H2];C11H12O4;9.21128e-4;4.021546;229.048226;1 out of 5
229.049147;229.049147;"5-(3',5'-Dihydroxyphenyl)-gamma-valerolactone";[M+Na-H2];C11H12O4;9.21128e-4;4.021546;229.048226;1 out of 5
229.049147;229.049147;"5-(3',4'-Dihydroxyphenyl)-γ-valerolactone";[M+Na-H2];C11H12O4;9.21128e-4;4.021546;229.048226;1 out of 5
229.049147;229.049147;Caffeic acid ethyl ester;[M+Na-H2];C11H12O4;9.21128e-4;4.021546;229.048226;1 out of 5
229.049147;229.049147;Methyl ferulate;[M+Na-H2];C11H12O4;9.21128e-4;4.021546;229.048226;1 out of 5
229.049147;229.049147;"(5S,6R)-Methyl 5,6,7-trihydroxyheptanoate";[M+K-H2];C8H16O5;7.68385e-4;3.354684;229.048379;1 out of 5
229.049147;229.049147;1D-5-O-Methyl-chiro-inositol;[M+Cl];C7H14O6;7.07829e-4;3.090303;229.048439;1 out of 5
229.049147;229.049147;1-Deoxy-D-manno-heptulose;[M+Cl];C7H14O6;7.07829e-4;3.090303;229.048439;1 out of 5
229.049147;229.049147;3-O-Methyl-d-glucose;[M+Cl];C7H14O6;7.07829e-4;3.090303;229.048439;1 out of 5
229.049147;229.049147;3-O-Methyl-D-fructose;[M+Cl];C7H14O6;7.07829e-4;3.090303;229.048439;1 out of 5
229.049147;229.049147;3-O-Methyl-D-glucopyranose;[M+Cl];C7H14O6;7.07829e-4;3.090303;229.048439;1 out of 5
229.049147;229.049147;"(2R,3R,5S)-1,2,3,5,6-Pentahydroxyheptan-4-one";[M+Cl];C7H14O6;7.07829e-4;3.090303;229.048439;1 out of 5
229.049147;229.049147;D-4-O-Methyl-myo-inositol;[M+Cl];C7H14O6;7.07820e-4;3.090263;229.048439;1 out of 5
229.049147;229.049147;Methyl beta-D-glucopyranoside;[M+Cl];C7H14O6;7.07820e-4;3.090263;229.048439;1 out of 5
229.049147;229.049147;(-)-Bornesitol;[M+Cl];C7H14O6;7.07820e-4;3.090263;229.048439;1 out of 5
229.049147;229.049147;Sequoyitol;[M+Cl];C7H14O6;7.07820e-4;3.090263;229.048439;1 out of 5
229.049147;229.049147;Mytilitol;[M+Cl];C7H14O6;7.07820e-4;3.090263;229.048439;1 out of 5
229.049147;229.049147;D-Pinitol;[M+Cl];C7H14O6;7.07820e-4;3.090263;229.048439;1 out of 5
229.049147;229.049147;L-Quebrachitol;[M+Cl];C7H14O6;7.07820e-4;3.090263;229.048439;1 out of 5
229.049147;229.049147;Methyl alpha-D-galactopyranoside;[M+Cl];C7H14O6;7.07820e-4;3.090263;229.048439;1 out of 5
229.049147;229.049147;D-ononitol;[M+Cl];C7H14O6;7.07820e-4;3.090263;229.048439;1 out of 5
229.049147;229.049147;"1,9-Nonanedithiol";[M+K-H2];C9H20S2;-1.00020e-4;-0.436675;229.049247;1 out of 5
229.049147;229.049147;3-[(2-Mercapto-1-methylpropyl)thio]-2-butanol;[M+Cl];C8H18OS2;-1.60578e-4;-0.701063;229.049308;1 out of 5
229.049147;229.049147;Caffeine;[M+Cl];C8H10N4O2;-6.29584e-4;-2.748678;229.049777;1 out of 5
229.049147;229.049147;Enprofylline;[M+Cl];C8H10N4O2;-6.29584e-4;-2.748678;229.049777;1 out of 5
229.049147;229.049147;Chloroethyl nitrosourea;[M-H2O-H];C8H13ClN4O3;-6.30000e-4;-2.750494;229.049777;1 out of 5
229.049618;229.049618;"1,9-Nonanedithiol";[M+K-H2];C9H20S2;3.70980e-4;1.619652;229.049247;1 out of 5
229.049618;229.049618;3-[(2-Mercapto-1-methylpropyl)thio]-2-butanol;[M+Cl];C8H18OS2;3.10422e-4;1.355263;229.049308;1 out of 5
229.049618;229.049618;Caffeine;[M+Cl];C8H10N4O2;-1.58584e-4;-0.692356;229.049777;1 out of 5
229.049618;229.049618;Enprofylline;[M+Cl];C8H10N4O2;-1.58584e-4;-0.692356;229.049777;1 out of 5
229.049618;229.049618;Chloroethyl nitrosourea;[M-H2O-H];C8H13ClN4O3;-1.59000e-4;-0.694172;229.049777;1 out of 5
229.049618;229.049618;"2,3,4-Trihydroxybenzophenone";[M-H];C13H10O4;-1.01380e-3;-4.426104;229.050632;2 out of 5
229.049618;229.049618;3-(4-Hydroxyphenoxy)benzoic acid;[M-H];C13H10O4;-1.01380e-3;-4.426104;229.050632;2 out of 5
229.049618;229.049618;Visnagin;[M-H];C13H10O4;-1.01380e-3;-4.426104;229.050632;2 out of 5
229.049618;229.049618;Coriandrin;[M-H];C13H10O4;-1.01381e-3;-4.426131;229.050632;2 out of 5
229.049618;229.049618;Wyeronic acid;[M-H];C13H10O4;-1.01381e-3;-4.426131;229.050632;2 out of 5
229.049618;229.049618;"2',4'-Dihydroxy-2-biphenylcarboxylic acid";[M-H];C13H10O4;-1.01381e-3;-4.426131;229.050632;2 out of 5
229.049618;229.049618;Bisnoryangonin;[M-H];C13H10O4;-1.01381e-3;-4.426131;229.050632;2 out of 5
229.049618;229.049618;Coriandrone E;[M-H2O-H];C13H12O5;-1.01449e-3;-4.429126;229.050632;1 out of 5
229.050088;229.050088;"1,9-Nonanedithiol";[M+K-H2];C9H20S2;8.40980e-4;3.671612;229.049247;1 out of 5
229.050088;229.050088;3-[(2-Mercapto-1-methylpropyl)thio]-2-butanol;[M+Cl];C8H18OS2;7.80422e-4;3.407223;229.049308;1 out of 5
229.050088;229.050088;Caffeine;[M+Cl];C8H10N4O2;3.11416e-4;1.359600;229.049777;1 out of 5
229.050088;229.050088;Enprofylline;[M+Cl];C8H10N4O2;3.11416e-4;1.359600;229.049777;1 out of 5
229.050088;229.050088;Chloroethyl nitrosourea;[M-H2O-H];C8H13ClN4O3;3.11000e-4;1.357783;229.049777;1 out of 5
229.050088;229.050088;"2,3,4-Trihydroxybenzophenone";[M-H];C13H10O4;-5.43802e-4;-2.374156;229.050632;2 out of 5
229.050088;229.050088;3-(4-Hydroxyphenoxy)benzoic acid;[M-H];C13H10O4;-5.43802e-4;-2.374156;229.050632;2 out of 5
229.050088;229.050088;Visnagin;[M-H];C13H10O4;-5.43802e-4;-2.374156;229.050632;2 out of 5
229.050088;229.050088;Coriandrin;[M-H];C13H10O4;-5.43808e-4;-2.374182;229.050632;2 out of 5
229.050088;229.050088;Wyeronic acid;[M-H];C13H10O4;-5.43808e-4;-2.374182;229.050632;2 out of 5
229.050088;229.050088;"2',4'-Dihydroxy-2-biphenylcarboxylic acid";[M-H];C13H10O4;-5.43808e-4;-2.374182;229.050632;2 out of 5
229.050088;229.050088;Bisnoryangonin;[M-H];C13H10O4;-5.43808e-4;-2.374182;229.050632;2 out of 5
229.050088;229.050088;Coriandrone E;[M-H2O-H];C13H12O5;-5.44494e-4;-2.377177;229.050632;1 out of 5
229.050559;229.050559;Caffeine;[M+Cl];C8H10N4O2;7.82416e-4;3.415921;229.049777;1 out of 5
229.050559;229.050559;Enprofylline;[M+Cl];C8H10N4O2;7.82416e-4;3.415921;229.049777;1 out of 5
229.050559;229.050559;Chloroethyl nitrosourea;[M-H2O-H];C8H13ClN4O3;7.82000e-4;3.414105;229.049777;1 out of 5
229.050559;229.050559;"2,3,4-Trihydroxybenzophenone";[M-H];C13H10O4;-7.28020e-5;-0.317842;229.050632;2 out of 5
229.050559;229.050559;3-(4-Hydroxyphenoxy)benzoic acid;[M-H];C13H10O4;-7.28020e-5;-0.317842;229.050632;2 out of 5
229.050559;229.050559;Visnagin;[M-H];C13H10O4;-7.28020e-5;-0.317842;229.050632;2 out of 5
229.050559;229.050559;Coriandrin;[M-H];C13H10O4;-7.28080e-5;-0.317869;229.050632;2 out of 5
229.050559;229.050559;Wyeronic acid;[M-H];C13H10O4;-7.28080e-5;-0.317869;229.050632;2 out of 5
229.050559;229.050559;"2',4'-Dihydroxy-2-biphenylcarboxylic acid";[M-H];C13H10O4;-7.28080e-5;-0.317869;229.050632;2 out of 5
229.050559;229.050559;Bisnoryangonin;[M-H];C13H10O4;-7.28080e-5;-0.317869;229.050632;2 out of 5
229.050559;229.050559;Coriandrone E;[M-H2O-H];C13H12O5;-7.34940e-5;-0.320864;229.050632;1 out of 5
229.050559;229.050559;(+)-Epibatidine;[M+Na-H2];C11H13ClN2;-8.34133e-4;-3.641685;229.051393;1 out of 5
229.051500;229.051500;"2,3,4-Trihydroxybenzophenone";[M-H];C13H10O4;8.68198e-4;3.790420;229.050632;2 out of 5
229.051500;229.051500;3-(4-Hydroxyphenoxy)benzoic acid;[M-H];C13H10O4;8.68198e-4;3.790420;229.050632;2 out of 5
229.051500;229.051500;Visnagin;[M-H];C13H10O4;8.68198e-4;3.790420;229.050632;2 out of 5
229.051500;229.051500;Coriandrin;[M-H];C13H10O4;8.68192e-4;3.790393;229.050632;2 out of 5
229.051500;229.051500;Wyeronic acid;[M-H];C13H10O4;8.68192e-4;3.790393;229.050632;2 out of 5
229.051500;229.051500;"2',4'-Dihydroxy-2-biphenylcarboxylic acid";[M-H];C13H10O4;8.68192e-4;3.790393;229.050632;2 out of 5
229.051500;229.051500;Bisnoryangonin;[M-H];C13H10O4;8.68192e-4;3.790393;229.050632;2 out of 5
229.051500;229.051500;Coriandrone E;[M-H2O-H];C13H12O5;8.67506e-4;3.787398;229.050632;1 out of 5
229.051500;229.051500;(+)-Epibatidine;[M+Na-H2];C11H13ClN2;1.06867e-4;0.466563;229.051393;1 out of 5
229.051500;229.051500;"3-(3-(Pyridin-3-yl)-1,2,4-oxadiazol-5-yl)benzonitrile";[M-H2O-H];C14H8N4O;-4.69894e-4;-2.051473;229.051970;1 out of 5
229.053786;229.053786;1-Aminoacridine;[M+Cl];C13H10N2;-1.33300e-5;-0.058196;229.053799;3 out of 5
229.053786;229.053786;"2-Phenylimidazo[1,2-a]pyridine";[M+Cl];C13H10N2;-1.33300e-5;-0.058196;229.053799;3 out of 5
229.053786;229.053786;9-Aminoacridine;[M+Cl];C13H10N2;-1.33300e-5;-0.058196;229.053799;3 out of 5
229.053786;229.053786;Cyclopropylpyrroloindole;[M+Cl];C13H10N2;-1.33300e-5;-0.058196;229.053799;3 out of 5
229.053786;229.053786;Dibenzodiazepine;[M+Cl];C13H10N2;-1.33300e-5;-0.058196;229.053799;3 out of 5
229.053786;229.053786;"6-Chloro-2,3,4,9-tetrahydro-1H-carbazole-1-carboxamide";[M-H2O-H];C13H13ClN2O;-1.37000e-5;-0.059811;229.053800;1 out of 5
229.053786;229.053786;Thymol Sulfate;[M-H];C10H14O4S;-2.17105e-4;-0.947833;229.054003;3 out of 5
229.058492;229.058492;Allobarbital;[M+Na-H2];C10H12N2O3;-9.67254e-4;-4.222720;229.059459;1 out of 5
229.058492;229.058492;L-Kynurenine;[M+Na-H2];C10H12N2O3;-9.67260e-4;-4.222746;229.059459;1 out of 5
229.058492;229.058492;Formyl-5-hydroxykynurenamine;[M+Na-H2];C10H12N2O3;-9.67260e-4;-4.222746;229.059459;1 out of 5
229.058492;229.058492;4-Aminobenzoyl-(beta)-alanine;[M+Na-H2];C10H12N2O3;-9.67260e-4;-4.222746;229.059459;1 out of 5
229.058492;229.058492;D-Kynurenine;[M+Na-H2];C10H12N2O3;-9.67260e-4;-4.222746;229.059459;1 out of 5
229.058896;229.058896;Allobarbital;[M+Na-H2];C10H12N2O3;-5.63254e-4;-2.458986;229.059459;1 out of 5
229.058896;229.058896;L-Kynurenine;[M+Na-H2];C10H12N2O3;-5.63260e-4;-2.459012;229.059459;1 out of 5
229.058896;229.058896;Formyl-5-hydroxykynurenamine;[M+Na-H2];C10H12N2O3;-5.63260e-4;-2.459012;229.059459;1 out of 5
229.058896;229.058896;4-Aminobenzoyl-(beta)-alanine;[M+Na-H2];C10H12N2O3;-5.63260e-4;-2.459012;229.059459;1 out of 5
229.058896;229.058896;D-Kynurenine;[M+Na-H2];C10H12N2O3;-5.63260e-4;-2.459012;229.059459;1 out of 5
229.059366;229.059366;Allobarbital;[M+Na-H2];C10H12N2O3;-9.32540e-5;-0.407117;229.059459;1 out of 5
229.059366;229.059366;L-Kynurenine;[M+Na-H2];C10H12N2O3;-9.32600e-5;-0.407143;229.059459;1 out of 5
229.059366;229.059366;Formyl-5-hydroxykynurenamine;[M+Na-H2];C10H12N2O3;-9.32600e-5;-0.407143;229.059459;1 out of 5
229.059366;229.059366;4-Aminobenzoyl-(beta)-alanine;[M+Na-H2];C10H12N2O3;-9.32600e-5;-0.407143;229.059459;1 out of 5
229.059366;229.059366;D-Kynurenine;[M+Na-H2];C10H12N2O3;-9.32600e-5;-0.407143;229.059459;1 out of 5
229.059837;229.059837;Allobarbital;[M+Na-H2];C10H12N2O3;3.77746e-4;1.649118;229.059459;1 out of 5
229.059837;229.059837;L-Kynurenine;[M+Na-H2];C10H12N2O3;3.77740e-4;1.649091;229.059459;1 out of 5
229.059837;229.059837;Formyl-5-hydroxykynurenamine;[M+Na-H2];C10H12N2O3;3.77740e-4;1.649091;229.059459;1 out of 5
229.059837;229.059837;4-Aminobenzoyl-(beta)-alanine;[M+Na-H2];C10H12N2O3;3.77740e-4;1.649091;229.059459;1 out of 5
229.059837;229.059837;D-Kynurenine;[M+Na-H2];C10H12N2O3;3.77740e-4;1.649091;229.059459;1 out of 5
229.060240;229.060240;Allobarbital;[M+Na-H2];C10H12N2O3;7.80746e-4;3.408486;229.059459;1 out of 5
229.060240;229.060240;L-Kynurenine;[M+Na-H2];C10H12N2O3;7.80740e-4;3.408460;229.059459;1 out of 5
229.060240;229.060240;Formyl-5-hydroxykynurenamine;[M+Na-H2];C10H12N2O3;7.80740e-4;3.408460;229.059459;1 out of 5
229.060240;229.060240;4-Aminobenzoyl-(beta)-alanine;[M+Na-H2];C10H12N2O3;7.80740e-4;3.408460;229.059459;1 out of 5
229.060240;229.060240;D-Kynurenine;[M+Na-H2];C10H12N2O3;7.80740e-4;3.408460;229.059459;1 out of 5
229.060778;229.060778;5-Hydroxyindoleacetylglycine;[M-H2O-H];C12H12N2O4;-1.08788e-3;-4.749293;229.061866;1 out of 5
229.060778;229.060778;p-Hydroxyphenobarbital;[M-H2O-H];C12H12N2O4;-1.08788e-3;-4.749293;229.061866;1 out of 5
229.060778;229.060778;Hydroxynalidixic acid;[M-H2O-H];C12H12N2O4;-1.08788e-3;-4.749293;229.061866;1 out of 5
230.012885;230.012885;Paracetamol sulfate;[M-H];C8H9NO5S;1.89070e-5;0.082200;230.012866;1 out of 5
230.012885;230.012885;Benzeneacetamide-4-O-sulphate;[M-H];C8H9NO5S;1.89070e-5;0.082200;230.012866;1 out of 5
230.012885;230.012885;HPAA sulfate;[M-H];C8H9NO5S;1.84320e-5;0.080135;230.012867;1 out of 5
230.012885;230.012885;"2,5-Dioxopyrrolidin-1-yl 2-(acetylthio)acetate";[M-H];C8H9NO5S;1.84320e-5;0.080135;230.012867;1 out of 5
230.012885;230.012885;1-(2-Amino-3-hydroxyphenyl)-ethanone sulfate;[M-H];C8H9NO5S;1.84320e-5;0.080135;230.012867;1 out of 5
230.012885;230.012885;Norepinephrine sulfate;[M-H2O-H];C8H11NO6S;1.82210e-5;0.079217;230.012867;1 out of 5
230.012885;230.012885;Norepinephrine 3-sulfate;[M-H2O-H];C8H11NO6S;1.77480e-5;0.077161;230.012867;1 out of 5
230.012885;230.012885;"S-[(3R,3As,6S,6aS)-3-nitrooxy-2,3,3a,5,6,6a-hexahydrofuro[3,2-b]furan-6-yl] ethanethioate";[M-H2O-H];C8H11NO6S;1.77480e-5;0.077161;230.012867;1 out of 5
230.037769;230.037769;1-Aminoanthracene;[M+K-H2];C14H11N;1.46430e-5;0.063655;230.037754;1 out of 5
230.037769;230.037769;Iminostilbene;[M+K-H2];C14H11N;1.46430e-5;0.063655;230.037754;1 out of 5
230.037769;230.037769;2-Aminoanthracene;[M+K-H2];C14H11N;1.46420e-5;0.063650;230.037754;1 out of 5
230.037769;230.037769;2-Phenylindole;[M+K-H2];C14H11N;1.46420e-5;0.063650;230.037754;1 out of 5
230.037769;230.037769;2-Methyl-6-(phenylethynyl)pyridine;[M+K-H2];C14H11N;1.46420e-5;0.063650;230.037754;1 out of 5
230.037769;230.037769;2-Amino-5-chlorobenzophenone;[M-H];C13H10ClNO;-4.56000e-5;-0.198228;230.037815;1 out of 5
230.037769;230.037769;Acridone;[M+Cl];C13H9NO;-4.59140e-5;-0.199593;230.037815;2 out of 5
230.037769;230.037769;Phenanthridinol;[M+Cl];C13H9NO;-4.59140e-5;-0.199593;230.037815;2 out of 5
230.037769;230.037769;9H-Carbazole-3-carboxaldehyde;[M+Cl];C13H9NO;-4.59150e-5;-0.199598;230.037815;2 out of 5
230.037769;230.037769;"Dibenz[b,f][1,4]oxazepine";[M+Cl];C13H9NO;-4.59150e-5;-0.199598;230.037815;2 out of 5
230.037769;230.037769;6(5H)-Phenanthridinone;[M+Cl];C13H9NO;-4.59150e-5;-0.199598;230.037815;2 out of 5
230.050789;230.050789;"8-Chloro-1-methyl-2,3,4,5-tetrahydro-1H-benzo[d]azepine";[M+Cl];C11H14ClN;-8.92000e-5;-0.387740;230.050878;2 out of 5
230.050789;230.050789;benalfocin;[M+Cl];C11H14ClN;-8.92000e-5;-0.387740;230.050878;2 out of 5
230.056283;230.056283;n-(3-Chloro-2-hydroxypropyl)valine;[M+Na-H2];C8H16ClNO3;-2.55100e-4;-1.108858;230.056538;1 out of 5
230.056283;230.056283;6-(4-methyl-2-oxopentyl)-4-hydroxy-2-pyrone;[M+Na-H2];C11H13O4;-3.16479e-4;-1.375657;230.056599;1 out of 5
230.056283;230.056283;6-Nitrotryptophan;[M-H2O-H];C11H11N3O4;-8.31846e-4;-3.615824;230.057115;1 out of 5
230.056283;230.056283;Nitrotryptophan;[M-H2O-H];C11H11N3O4;-8.31846e-4;-3.615824;230.057115;1 out of 5
230.057165;230.057165;n-(3-Chloro-2-hydroxypropyl)valine;[M+Na-H2];C8H16ClNO3;6.26900e-4;2.724982;230.056538;1 out of 5
230.057165;230.057165;6-(4-methyl-2-oxopentyl)-4-hydroxy-2-pyrone;[M+Na-H2];C11H13O4;5.65521e-4;2.458182;230.056599;1 out of 5
230.057165;230.057165;6-Nitrotryptophan;[M-H2O-H];C11H11N3O4;5.01540e-5;0.218007;230.057115;1 out of 5
230.057165;230.057165;Nitrotryptophan;[M-H2O-H];C11H11N3O4;5.01540e-5;0.218007;230.057115;1 out of 5
230.058046;230.058046;6-Nitrotryptophan;[M-H2O-H];C11H11N3O4;9.31154e-4;4.047491;230.057115;1 out of 5
230.058046;230.058046;Nitrotryptophan;[M-H2O-H];C11H11N3O4;9.31154e-4;4.047491;230.057115;1 out of 5
230.058046;230.058046;3-Methyl-9H-carbazole-9-carboxaldehyde;[M+Na-H2];C14H11NO;-6.84979e-4;-2.977409;230.058731;1 out of 5
230.058046;230.058046;10-Methylacridone;[M+Na-H2];C14H11NO;-6.84979e-4;-2.977409;230.058731;1 out of 5
230.058046;230.058046;2-Hydroxyiminostilbene;[M+Na-H2];C14H11NO;-6.84979e-4;-2.977409;230.058731;1 out of 5
230.058046;230.058046;5-(3-Aminopropylphosphanyloxy)-2-(hydroxymethyl)pyran-4-one;[M-H];C9H14NO4P;-7.21933e-4;-3.138037;230.058768;1 out of 5
230.058046;230.058046;Methoxyphedrine;[M+K-H2];C11H15NO2;-8.37727e-4;-3.641359;230.058884;1 out of 5
230.058046;230.058046;3-Hydroxy-3-phenylpentanamide;[M+K-H2];C11H15NO2;-8.37727e-4;-3.641359;230.058884;1 out of 5
230.058046;230.058046;6-(Pyridin-3-YL)hexanoic acid;[M+K-H2];C11H15NO2;-8.37727e-4;-3.641359;230.058884;1 out of 5
230.058046;230.058046;"5,6-Dihydroxy-2-methylaminotetralin";[M+K-H2];C11H15NO2;-8.37727e-4;-3.641359;230.058884;1 out of 5
230.058046;230.058046;4-(Butylamino)benzoic acid;[M+K-H2];C11H15NO2;-8.37727e-4;-3.641359;230.058884;1 out of 5
230.058046;230.058046;Butyl 4-aminobenzoate;[M+K-H2];C11H15NO2;-8.37727e-4;-3.641359;230.058884;1 out of 5
230.058046;230.058046;Ethyl L-phenylalanate;[M+K-H2];C11H15NO2;-8.37727e-4;-3.641359;230.058884;1 out of 5
230.058046;230.058046;Isobutamben;[M+K-H2];C11H15NO2;-8.37727e-4;-3.641359;230.058884;1 out of 5
230.058046;230.058046;"N-(1-Phenylpropan-2-yl)-1,3-dioxetan-2-amine";[M+K-H2];C11H15NO2;-8.37727e-4;-3.641359;230.058884;1 out of 5
230.058046;230.058046;2-Benzyl-2-hydroxybutanamide;[M+K-H2];C11H15NO2;-8.37727e-4;-3.641359;230.058884;1 out of 5
230.058046;230.058046;(R)-N-Methylsalsolinol;[M+K-H2];C11H15NO2;-8.37729e-4;-3.641368;230.058884;1 out of 5
230.058046;230.058046;(S)-N-Methylsalsolinol;[M+K-H2];C11H15NO2;-8.37729e-4;-3.641368;230.058884;1 out of 5
230.058046;230.058046;(-)-Salsoline;[M+K-H2];C11H15NO2;-8.37729e-4;-3.641368;230.058884;1 out of 5
230.058046;230.058046;"(R)-1,2-dimethyl-5,6-dihydroxy-tetrahydroisoquinoline";[M+K-H2];C11H15NO2;-8.37729e-4;-3.641368;230.058884;1 out of 5
230.058046;230.058046;2-Isopropylphenyl methylcarbamate;[M+K-H2];C11H15NO2;-8.37729e-4;-3.641368;230.058884;1 out of 5
230.058046;230.058046;2-Methylpropyl 2-aminobenzoate;[M+K-H2];C11H15NO2;-8.37729e-4;-3.641368;230.058884;1 out of 5
230.058046;230.058046;Butyl 2-aminobenzoate;[M+K-H2];C11H15NO2;-8.37729e-4;-3.641368;230.058884;1 out of 5
230.058046;230.058046;Ethyl N-ethylanthranilate;[M+K-H2];C11H15NO2;-8.37729e-4;-3.641368;230.058884;1 out of 5
230.058046;230.058046;"3,4-Methylenedioxymethamphetamine";[M+K-H2];C11H15NO2;-8.37729e-4;-3.641368;230.058884;1 out of 5
230.058046;230.058046;Racemetirosine;[M+Cl];C10H13NO3;-8.98283e-4;-3.904578;230.058944;1 out of 5
230.058046;230.058046;alpha-Methyl-m-tyrosine;[M+Cl];C10H13NO3;-8.98283e-4;-3.904578;230.058944;1 out of 5
230.058046;230.058046;3-Amino-2-hydroxy-4-phenylbutanoic acid;[M+Cl];C10H13NO3;-8.98283e-4;-3.904578;230.058944;1 out of 5
230.058046;230.058046;5-[(2R)-2-Aminopropyl]-2-hydroxybenzoic acid;[M+Cl];C10H13NO3;-8.98283e-4;-3.904578;230.058944;1 out of 5
230.058046;230.058046;2-[(2R)-2-Aminopropyl]-5-hydroxybenzoic acid;[M+Cl];C10H13NO3;-8.98283e-4;-3.904578;230.058944;1 out of 5
230.058046;230.058046;Metyrosine;[M+Cl];C10H13NO3;-8.98287e-4;-3.904595;230.058944;1 out of 5
230.058046;230.058046;Tyrosine methylester;[M+Cl];C10H13NO3;-8.98287e-4;-3.904595;230.058944;1 out of 5
230.058046;230.058046;N-Acetyldopamine;[M+Cl];C10H13NO3;-8.98287e-4;-3.904595;230.058944;1 out of 5
230.058046;230.058046;"N-methyl-4,6,7-trihydroxy-1,2,3,4-tetrahydroisoquinoline";[M+Cl];C10H13NO3;-8.98287e-4;-3.904595;230.058944;1 out of 5
230.058046;230.058046;"2-Phenyl-1,3-propanediol monocarbamate";[M+Cl];C10H13NO3;-8.98287e-4;-3.904595;230.058944;1 out of 5
230.060013;230.060013;Methoxyphedrine;[M+K-H2];C11H15NO2;1.12927e-3;4.908626;230.058884;1 out of 5
230.060013;230.060013;3-Hydroxy-3-phenylpentanamide;[M+K-H2];C11H15NO2;1.12927e-3;4.908626;230.058884;1 out of 5
230.060013;230.060013;6-(Pyridin-3-YL)hexanoic acid;[M+K-H2];C11H15NO2;1.12927e-3;4.908626;230.058884;1 out of 5
230.060013;230.060013;"5,6-Dihydroxy-2-methylaminotetralin";[M+K-H2];C11H15NO2;1.12927e-3;4.908626;230.058884;1 out of 5
230.060013;230.060013;4-(Butylamino)benzoic acid;[M+K-H2];C11H15NO2;1.12927e-3;4.908626;230.058884;1 out of 5
230.060013;230.060013;Butyl 4-aminobenzoate;[M+K-H2];C11H15NO2;1.12927e-3;4.908626;230.058884;1 out of 5
230.060013;230.060013;Ethyl L-phenylalanate;[M+K-H2];C11H15NO2;1.12927e-3;4.908626;230.058884;1 out of 5
230.060013;230.060013;Isobutamben;[M+K-H2];C11H15NO2;1.12927e-3;4.908626;230.058884;1 out of 5
230.060013;230.060013;"N-(1-Phenylpropan-2-yl)-1,3-dioxetan-2-amine";[M+K-H2];C11H15NO2;1.12927e-3;4.908626;230.058884;1 out of 5
230.060013;230.060013;2-Benzyl-2-hydroxybutanamide;[M+K-H2];C11H15NO2;1.12927e-3;4.908626;230.058884;1 out of 5
230.060013;230.060013;(R)-N-Methylsalsolinol;[M+K-H2];C11H15NO2;1.12927e-3;4.908617;230.058884;1 out of 5
230.060013;230.060013;(S)-N-Methylsalsolinol;[M+K-H2];C11H15NO2;1.12927e-3;4.908617;230.058884;1 out of 5
230.060013;230.060013;(-)-Salsoline;[M+K-H2];C11H15NO2;1.12927e-3;4.908617;230.058884;1 out of 5
230.060013;230.060013;"(R)-1,2-dimethyl-5,6-dihydroxy-tetrahydroisoquinoline";[M+K-H2];C11H15NO2;1.12927e-3;4.908617;230.058884;1 out of 5
230.060013;230.060013;2-Isopropylphenyl methylcarbamate;[M+K-H2];C11H15NO2;1.12927e-3;4.908617;230.058884;1 out of 5
230.060013;230.060013;2-Methylpropyl 2-aminobenzoate;[M+K-H2];C11H15NO2;1.12927e-3;4.908617;230.058884;1 out of 5
230.060013;230.060013;Butyl 2-aminobenzoate;[M+K-H2];C11H15NO2;1.12927e-3;4.908617;230.058884;1 out of 5
230.060013;230.060013;Ethyl N-ethylanthranilate;[M+K-H2];C11H15NO2;1.12927e-3;4.908617;230.058884;1 out of 5
230.060013;230.060013;"3,4-Methylenedioxymethamphetamine";[M+K-H2];C11H15NO2;1.12927e-3;4.908617;230.058884;1 out of 5
230.060013;230.060013;Racemetirosine;[M+Cl];C10H13NO3;1.06872e-3;4.645405;230.058944;1 out of 5
230.060013;230.060013;alpha-Methyl-m-tyrosine;[M+Cl];C10H13NO3;1.06872e-3;4.645405;230.058944;1 out of 5
230.060013;230.060013;3-Amino-2-hydroxy-4-phenylbutanoic acid;[M+Cl];C10H13NO3;1.06872e-3;4.645405;230.058944;1 out of 5
230.060013;230.060013;5-[(2R)-2-Aminopropyl]-2-hydroxybenzoic acid;[M+Cl];C10H13NO3;1.06872e-3;4.645405;230.058944;1 out of 5
230.060013;230.060013;2-[(2R)-2-Aminopropyl]-5-hydroxybenzoic acid;[M+Cl];C10H13NO3;1.06872e-3;4.645405;230.058944;1 out of 5
230.060013;230.060013;Metyrosine;[M+Cl];C10H13NO3;1.06871e-3;4.645388;230.058944;1 out of 5
230.060013;230.060013;Tyrosine methylester;[M+Cl];C10H13NO3;1.06871e-3;4.645388;230.058944;1 out of 5
230.060013;230.060013;N-Acetyldopamine;[M+Cl];C10H13NO3;1.06871e-3;4.645388;230.058944;1 out of 5
230.060013;230.060013;"N-methyl-4,6,7-trihydroxy-1,2,3,4-tetrahydroisoquinoline";[M+Cl];C10H13NO3;1.06871e-3;4.645388;230.058944;1 out of 5
230.060013;230.060013;"2-Phenyl-1,3-propanediol monocarbamate";[M+Cl];C10H13NO3;1.06871e-3;4.645388;230.058944;1 out of 5
230.060013;230.060013;Cysteinyl-Glutamine;[M-H2O-H];C8H15N3O4S;-4.72673e-4;-2.054560;230.060486;1 out of 5
230.060013;230.060013;Cysteinyl-Gamma-glutamate;[M-H2O-H];C8H15N3O4S;-4.72673e-4;-2.054560;230.060486;1 out of 5
230.060013;230.060013;Glutaminylcysteine;[M-H2O-H];C8H15N3O4S;-4.73149e-4;-2.056629;230.060486;1 out of 5
230.060013;230.060013;Ala-Cys-Gly;[M-H2O-H];C8H15N3O4S;-4.73149e-4;-2.056629;230.060486;1 out of 5
230.060013;230.060013;Cinchophen;[M-H2O-H];C16H11NO2;-1.12460e-3;-4.888257;230.061138;1 out of 5
231.048506;231.048506;"(2E,11Z)-5-[5-(Methylthio)-4-penten-2-ynyl]-2-furanacrolein";[M-H];C13H12O2S;-1.73180e-5;-0.074954;231.048523;4 out of 5
231.048506;231.048506;"2-[(5-Methylsulfinyl)-4-penten-2-ynylidene]-1,6-dioxaspiro[4.4]non-3-ene";[M-H2O-H];C13H14O3S;-1.80040e-5;-0.077923;231.048524;1 out of 5
231.048506;231.048506;L-galacto-2-Heptulose;[M+Na-H2];C7H14O7;-1.13791e-4;-0.492498;231.048620;2 out of 5
231.048506;231.048506;D-manno-2-Heptulose;[M+Na-H2];C7H14O7;-1.13791e-4;-0.492498;231.048620;2 out of 5
231.048506;231.048506;"(3R,5R,6R)-1,2,3,5,6,7-Hexahydroxyheptan-4-one";[M+Na-H2];C7H14O7;-1.13791e-4;-0.492498;231.048620;2 out of 5
231.048506;231.048506;Crocose;[M+Na-H2];C7H14O7;-1.13791e-4;-0.492498;231.048620;2 out of 5
231.048506;231.048506;Sedoheptulose;[M+Na-H2];C7H14O7;-1.13802e-4;-0.492546;231.048620;2 out of 5
231.048506;231.048506;D-altro-D-manno-Heptose;[M+Na-H2];C7H14O7;-1.13802e-4;-0.492546;231.048620;2 out of 5
231.048506;231.048506;d-Glycero-d-galacto-heptose;[M+Na-H2];C7H14O7;-1.13802e-4;-0.492546;231.048620;2 out of 5
231.048506;231.048506;MANNOHEPTULOSE;[M+Na-H2];C7H14O7;-1.13802e-4;-0.492546;231.048620;2 out of 5
231.048985;231.048985;"(2E,11Z)-5-[5-(Methylthio)-4-penten-2-ynyl]-2-furanacrolein";[M-H];C13H12O2S;4.61682e-4;1.998204;231.048523;4 out of 5
231.048985;231.048985;"2-[(5-Methylsulfinyl)-4-penten-2-ynylidene]-1,6-dioxaspiro[4.4]non-3-ene";[M-H2O-H];C13H14O3S;4.60996e-4;1.995235;231.048524;1 out of 5
231.048985;231.048985;L-galacto-2-Heptulose;[M+Na-H2];C7H14O7;3.65209e-4;1.580659;231.048620;2 out of 5
231.048985;231.048985;D-manno-2-Heptulose;[M+Na-H2];C7H14O7;3.65209e-4;1.580659;231.048620;2 out of 5
231.048985;231.048985;"(3R,5R,6R)-1,2,3,5,6,7-Hexahydroxyheptan-4-one";[M+Na-H2];C7H14O7;3.65209e-4;1.580659;231.048620;2 out of 5
231.048985;231.048985;Crocose;[M+Na-H2];C7H14O7;3.65209e-4;1.580659;231.048620;2 out of 5
231.048985;231.048985;Sedoheptulose;[M+Na-H2];C7H14O7;3.65198e-4;1.580611;231.048620;2 out of 5
231.048985;231.048985;D-altro-D-manno-Heptose;[M+Na-H2];C7H14O7;3.65198e-4;1.580611;231.048620;2 out of 5
231.048985;231.048985;d-Glycero-d-galacto-heptose;[M+Na-H2];C7H14O7;3.65198e-4;1.580611;231.048620;2 out of 5
231.048985;231.048985;MANNOHEPTULOSE;[M+Na-H2];C7H14O7;3.65198e-4;1.580611;231.048620;2 out of 5
231.048985;231.048985;Caffeinol;[M+Na-H2];C8H10N4O3;-9.72198e-4;-4.207739;231.049957;1 out of 5
231.048985;231.048985;"1,3,7-Trimethyluric acid";[M+Na-H2];C8H10N4O3;-9.72206e-4;-4.207774;231.049957;1 out of 5
231.048985;231.048985;"1,3,9-Trimethyluric acid";[M+Na-H2];C8H10N4O3;-9.72206e-4;-4.207774;231.049957;1 out of 5
231.049943;231.049943;Caffeinol;[M+Na-H2];C8H10N4O3;-1.41980e-5;-0.061450;231.049957;1 out of 5
231.049943;231.049943;"1,3,7-Trimethyluric acid";[M+Na-H2];C8H10N4O3;-1.42060e-5;-0.061485;231.049957;1 out of 5
231.049943;231.049943;"1,3,9-Trimethyluric acid";[M+Na-H2];C8H10N4O3;-1.42060e-5;-0.061485;231.049957;1 out of 5
231.050832;231.050832;Caffeinol;[M+Na-H2];C8H10N4O3;8.74802e-4;3.786203;231.049957;1 out of 5
231.050832;231.050832;"1,3,7-Trimethyluric acid";[M+Na-H2];C8H10N4O3;8.74794e-4;3.786168;231.049957;1 out of 5
231.050832;231.050832;"1,3,9-Trimethyluric acid";[M+Na-H2];C8H10N4O3;8.74794e-4;3.786168;231.049957;1 out of 5
231.050832;231.050832;"Hexahydro-2',4-dimethylspiro[1,3-dithiolo[4,5-c]furan-2,3'(2'H)-furan]";[M-H];C10H16O2S2;-1.06214e-3;-4.596959;231.051894;3 out of 5
231.050832;231.050832;"Hexahydro-2',3alpha-dimethylspiro[1,3-dithiolo[4,5-b]furan-2,3'(2'H)-furan]";[M-H];C10H16O2S2;-1.06214e-3;-4.596959;231.051894;3 out of 5
231.051721;231.051721;"Hexahydro-2',4-dimethylspiro[1,3-dithiolo[4,5-c]furan-2,3'(2'H)-furan]";[M-H];C10H16O2S2;-1.73136e-4;-0.749338;231.051894;3 out of 5
231.051721;231.051721;"Hexahydro-2',3alpha-dimethylspiro[1,3-dithiolo[4,5-b]furan-2,3'(2'H)-furan]";[M-H];C10H16O2S2;-1.73136e-4;-0.749338;231.051894;3 out of 5
231.054184;231.054184;1-Methoxyphenazine;[M+Na-H2];C13H10N2O;2.04050e-4;0.883127;231.053980;2 out of 5
231.054184;231.054184;2-Aminoacridone;[M+Na-H2];C13H10N2O;2.04050e-4;0.883127;231.053980;2 out of 5
231.054184;231.054184;C1=CC=CC2=CC3=C(O)C(N)=CC=C3N=C21;[M+Na-H2];C13H10N2O;2.04050e-4;0.883127;231.053980;2 out of 5
231.054184;231.054184;Pyocyanin;[M+Na-H2];C13H10N2O;2.04048e-4;0.883118;231.053980;2 out of 5
231.054184;231.054184;Cppene;[M-H2O-H];C8H15N2O5P;1.66411e-4;0.720226;231.054018;1 out of 5
231.054184;231.054184;alpha-(4-Pyridyl-1-oxide)-N-tert-butylnitrone;[M+K-H2];C10H14N2O2;5.13010e-5;0.222030;231.054133;1 out of 5
231.054184;231.054184;Laccarin;[M+K-H2];C10H14N2O2;5.12980e-5;0.222017;231.054133;1 out of 5
231.054184;231.054184;6-Hydroxypseudooxynicotine;[M+K-H2];C10H14N2O2;5.12980e-5;0.222017;231.054133;1 out of 5
231.054184;231.054184;3-Amino-L-tyrosine;[M+Cl];C9H12N2O3;-9.25400e-6;-0.040051;231.054193;1 out of 5
231.054184;231.054184;4-Amino-3-hydroxyphenylalanine;[M+Cl];C9H12N2O3;-9.25400e-6;-0.040051;231.054193;1 out of 5
231.054184;231.054184;5-Aminosalicyl-glycine;[M+Cl];C9H12N2O3;-9.25400e-6;-0.040051;231.054193;1 out of 5
231.054184;231.054184;Aethallymal;[M+Cl];C9H12N2O3;-9.25400e-6;-0.040051;231.054193;1 out of 5
231.054184;231.054184;"2-(Ethylamino)-4,5-dihydroxybenzamide";[M+Cl];C9H12N2O3;-9.26000e-6;-0.040077;231.054193;1 out of 5
231.054184;231.054184;5-Nitro-2-propoxyaniline;[M+Cl];C9H12N2O3;-9.26000e-6;-0.040077;231.054193;1 out of 5
231.060478;231.060478;Methoxybrassitin;[M-H2O-H];C12H14N2O2S;7.20608e-4;3.118708;231.059757;1 out of 5
231.060478;231.060478;Dansylamide;[M-H2O-H];C12H14N2O2S;7.20608e-4;3.118708;231.059757;1 out of 5
231.060478;231.060478;1-(2-Thienyl)-1-heptanone;[M+Cl];C11H16OS;-1.10882e-3;-4.798824;231.061587;1 out of 5
232.034836;232.034836;Nicorandil;[M+Na-H2];C8H9N3O4;8.63218e-4;3.720222;232.033973;2 out of 5
232.034836;232.034836;Avenin;[M+Na-H2];C6H14NO5P;-7.90075e-4;-3.404973;232.035626;2 out of 5
232.054225;232.054225;4-Aminostilbene;[M+K-H2];C14H13N;8.20577e-4;3.536156;232.053404;1 out of 5
232.054225;232.054225;Dihydrodibenzazepine;[M+K-H2];C14H13N;8.20577e-4;3.536156;232.053404;1 out of 5
232.054225;232.054225;Iminodibenzyl;[M+K-H2];C14H13N;8.20577e-4;3.536156;232.053404;1 out of 5
232.054225;232.054225;2-Methyl-6-(2-phenylethenyl)pyridine;[M+K-H2];C14H13N;8.20577e-4;3.536156;232.053404;1 out of 5
232.054225;232.054225;1-(1-Naphthyl)ethyl isocyanate;[M+Cl];C13H11NO;7.60022e-4;3.275202;232.053465;1 out of 5
232.054225;232.054225;"[1,1'-Biphenyl]-2-carboxamide";[M+Cl];C13H11NO;7.60022e-4;3.275202;232.053465;1 out of 5
232.054225;232.054225;Benzanilide;[M+Cl];C13H11NO;7.60022e-4;3.275202;232.053465;1 out of 5
232.054225;232.054225;2-Hydroxy-3-methyl-9H-carbazole;[M+Cl];C13H11NO;7.60021e-4;3.275198;232.053465;1 out of 5
232.054225;232.054225;1-Hydroxy-3-methyl-9H-carbazole;[M+Cl];C13H11NO;7.60021e-4;3.275198;232.053465;1 out of 5
232.054225;232.054225;Pirprofen;[M-H2O-H];C13H14ClNO2;7.59600e-4;3.273384;232.053465;1 out of 5
232.054225;232.054225;Medemo;[M+Na-H2];C7H18NO2PS;-2.89960e-5;-0.124954;232.054254;1 out of 5
232.054225;232.054225;3-Fluorophenmetrazine;[M+K-H2];C11H14FNO;-3.22238e-4;-1.388630;232.054547;1 out of 5
232.054225;232.054225;4-(4-Fluorophenyl)piperidin-4-ol;[M+K-H2];C11H14FNO;-3.22238e-4;-1.388630;232.054547;1 out of 5
232.943854;232.943854;Pentafluorobenzaldehyde;[M+K-H2];C7HF5O;4.93533e-4;2.118682;232.943360;1 out of 5
232.983427;232.983427;8-Nitroguanine;[M+K-H2];C5H4N6O3;3.33987e-4;1.433525;232.983093;1 out of 5
233.038252;233.038252;Cis-stilbene oxide;[M+K-H2];C14H12O;8.31994e-4;3.570216;233.037420;1 out of 5
233.038252;233.038252;Deoxybenzoin;[M+K-H2];C14H12O;8.31994e-4;3.570216;233.037420;1 out of 5
233.038252;233.038252;4-Hydroxystilbene;[M+K-H2];C14H12O;8.31994e-4;3.570216;233.037420;1 out of 5
233.038252;233.038252;hydroxystilbene;[M+K-H2];C14H12O;8.31994e-4;3.570216;233.037420;1 out of 5
233.038252;233.038252;Stilbene oxide;[M+K-H2];C14H12O;8.31994e-4;3.570216;233.037420;1 out of 5
233.038252;233.038252;4-Hydroxybenzophenone;[M+Cl];C13H10O2;7.71438e-4;3.310360;233.037481;1 out of 5
233.038252;233.038252;4-Biphenylcarboxylic acid;[M+Cl];C13H10O2;7.71438e-4;3.310360;233.037481;1 out of 5
233.038252;233.038252;9-Hydroxyxanthene;[M+Cl];C13H10O2;7.71438e-4;3.310360;233.037481;1 out of 5
233.038252;233.038252;splitomicin;[M+Cl];C13H10O2;7.71438e-4;3.310360;233.037481;1 out of 5
233.038252;233.038252;3-(2-Furanyl)-2-phenyl-2-propenal;[M+Cl];C13H10O2;7.71436e-4;3.310352;233.037481;1 out of 5
233.038252;233.038252;Dehydrosafynol;[M+Cl];C13H10O2;7.71436e-4;3.310352;233.037481;1 out of 5
233.038252;233.038252;Hydroxyzileuton;[M-H2O-H];C11H12N2O3S;-7.69950e-4;-3.303953;233.039022;1 out of 5
233.038252;233.038252;Zileuton sulfoxide;[M-H2O-H];C11H12N2O3S;-7.69950e-4;-3.303953;233.039022;1 out of 5
233.057530;233.057530;N-[1-(Hydroxymethyl)-2-(4-nitrophenyl)-2-oxoethyl]acetamide;[M-H2O-H];C11H12N2O5;7.49506e-4;3.215980;233.056780;1 out of 5
233.057530;233.057530;5-Ethynyl-2'-deoxyuridine;[M-H2O-H];C11H12N2O5;7.49506e-4;3.215980;233.056780;1 out of 5
233.057530;233.057530;5-Hydroxy-N-formylkynurenine;[M-H2O-H];C11H12N2O5;7.49496e-4;3.215937;233.056781;1 out of 5
233.057530;233.057530;"N5-(3,4-Dioxo-1,5-cyclohexadien-1-yl)-L-glutamine";[M-H2O-H];C11H12N2O5;7.49496e-4;3.215937;233.056781;1 out of 5
233.057530;233.057530;2-(Trifluoromethyl)benzhydrol;[M-H2O-H];C14H11F3O;-8.28463e-4;-3.554745;233.058358;1 out of 5
233.057530;233.057530;"2-([1,1'-Biphenyl]-2-yl)acetic acid";[M+Na-H2];C14H12O2;-8.66626e-4;-3.718493;233.058397;1 out of 5
233.057530;233.057530;3-Biphenylacetic acid;[M+Na-H2];C14H12O2;-8.66626e-4;-3.718493;233.058397;1 out of 5
233.057530;233.057530;"4,4'-Dihydroxystilbene";[M+Na-H2];C14H12O2;-8.66626e-4;-3.718493;233.058397;1 out of 5
233.057530;233.057530;Benzyl benzoate;[M+Na-H2];C14H12O2;-8.66628e-4;-3.718502;233.058397;1 out of 5
233.057530;233.057530;Benzoin;[M+Na-H2];C14H12O2;-8.66628e-4;-3.718502;233.058397;1 out of 5
233.057530;233.057530;5-Styrylresorcinol;[M+Na-H2];C14H12O2;-8.66628e-4;-3.718502;233.058397;1 out of 5
233.057530;233.057530;Felbinac;[M+Na-H2];C14H12O2;-8.66628e-4;-3.718502;233.058397;1 out of 5
233.057530;233.057530;Diphenylacetic acid;[M+Na-H2];C14H12O2;-8.66628e-4;-3.718502;233.058397;1 out of 5
233.057530;233.057530;"2-Propenoic acid, 2-methyl-, 7-oxabicyclo[4.1.0]hept-3-ylmethyl ester";[M+K-H2];C11H16O3;-1.01937e-3;-4.373901;233.058549;1 out of 5
233.057530;233.057530;Phenol A;[M+K-H2];C11H16O3;-1.01937e-3;-4.373901;233.058549;1 out of 5
233.057530;233.057530;"2,6-Dimethoxy-4-propylphenol";[M+K-H2];C11H16O3;-1.01938e-3;-4.373914;233.058549;1 out of 5
233.057530;233.057530;Hexyl 2-furoate;[M+K-H2];C11H16O3;-1.01938e-3;-4.373914;233.058549;1 out of 5
233.057530;233.057530;Isobutyl 2-furanpropionate;[M+K-H2];C11H16O3;-1.01938e-3;-4.373914;233.058549;1 out of 5
233.057530;233.057530;Loliolide;[M+K-H2];C11H16O3;-1.01938e-3;-4.373914;233.058549;1 out of 5
233.057530;233.057530;3-Methylidene-4-oxopentyl angelate;[M+K-H2];C11H16O3;-1.01938e-3;-4.373914;233.058549;1 out of 5
233.057530;233.057530;Decadienedioic acid;[M+Cl];C10H14O4;-1.07993e-3;-4.633731;233.058610;1 out of 5
233.057530;233.057530;"1,2,4,5-Tetramethoxybenzene";[M+Cl];C10H14O4;-1.07993e-3;-4.633731;233.058610;1 out of 5
233.057530;233.057530;"1,4-Butanediol diacrylate";[M+Cl];C10H14O4;-1.07993e-3;-4.633731;233.058610;1 out of 5
233.057530;233.057530;Ethylene glycol dimethacrylate;[M+Cl];C10H14O4;-1.07993e-3;-4.633731;233.058610;1 out of 5
233.057530;233.057530;Paeonimetabolin I;[M+Cl];C10H14O4;-1.07993e-3;-4.633731;233.058610;1 out of 5
233.057530;233.057530;(Carbamoylamino)peroxyurea;[M+Cl];C10H14O4;-1.07993e-3;-4.633731;233.058610;1 out of 5
233.057530;233.057530;"4,5-Dihydro-2,5-dimethyl-4-oxo-3-furanyl butyrate";[M+Cl];C10H14O4;-1.07993e-3;-4.633731;233.058610;1 out of 5
233.057530;233.057530;Guaifenesin;[M+Cl];C10H14O4;-1.07994e-3;-4.633753;233.058610;1 out of 5
233.057530;233.057530;5-(3E-Pentenyl)tetrahydro-2-oxo-3-furancarboxylic acid;[M+Cl];C10H14O4;-1.07994e-3;-4.633753;233.058610;1 out of 5
233.057530;233.057530;"3-(4-Hydroxy-3-methoxyphenyl)-1,2-propanediol";[M+Cl];C10H14O4;-1.07994e-3;-4.633753;233.058610;1 out of 5
233.057530;233.057530;"(2E,4E)-2,7-Dimethyl-2,4-octadienedioic acid";[M+Cl];C10H14O4;-1.07994e-3;-4.633753;233.058610;1 out of 5
233.057530;233.057530;"3,4-Methylene suberic acid";[M+Cl];C10H14O4;-1.07994e-3;-4.633753;233.058610;1 out of 5
233.057530;233.057530;"2,3-Methylene suberic acid";[M+Cl];C10H14O4;-1.07994e-3;-4.633753;233.058610;1 out of 5
233.947099;233.947099;4-Chloro-7-nitrobenzofurazan;[M+Cl];C6H2ClN3O3;-7.70600e-4;-3.293896;233.947870;2 out of 5
239.924628;239.924628;Taurine sulfate;[M+Na-H2];C2H5NO7S2;-7.82853e-4;-3.262902;239.925411;2 out of 5
239.981146;239.981146;3-Azido-7-hydroxycoumarin;[M+K-H2];C9H5N3O3;-5.50033e-4;-2.291979;239.981696;1 out of 5
239.996423;239.996423;Magnesium cyclamate;[M+K-H2];C6H13MgNO3S;1.16213e-3;4.842283;239.995261;1 out of 5
239.996423;239.996423;Indole-3-carboxilic acid-O-sulphate;[M-H];C9H7NO5S;-7.93029e-4;-3.304326;239.997216;1 out of 5
239.996423;239.996423;"2,8-Quinolinediol 2-sulfate";[M-H];C9H7NO5S;-7.93503e-4;-3.306301;239.997217;1 out of 5
239.996423;239.996423;"2,8-Quinolinediol 8-sulfate";[M-H];C9H7NO5S;-7.93503e-4;-3.306301;239.997217;1 out of 5
239.996423;239.996423;Indole carboxylic acid sulfate;[M-H];C9H7NO5S;-7.93503e-4;-3.306301;239.997217;1 out of 5
239.996423;239.996423;Hippuric acid sulfate;[M-H2O-H];C9H9NO6S;-7.94188e-4;-3.309155;239.997217;1 out of 5
241.011890;241.011890;Dracunculin;[M+Na-H2];C11H8O5;4.96340e-5;0.205940;241.011840;1 out of 5
241.011890;241.011890;Buntansin A;[M+Na-H2];C11H8O5;4.96340e-5;0.205940;241.011840;1 out of 5
241.011890;241.011890;7-Hydroxy-2-methyl-4-oxo-4H-1-benzopyran-5-carboxylic acid;[M+Na-H2];C11H8O5;4.96340e-5;0.205940;241.011840;1 out of 5
241.011890;241.011890;"8-Methoxy-6,7-methylenedioxycoumarin";[M+Na-H2];C11H8O5;4.96340e-5;0.205940;241.011840;1 out of 5
241.011890;241.011890;purpurogallin;[M+Na-H2];C11H8O5;4.96340e-5;0.205940;241.011840;1 out of 5
241.011890;241.011890;Inositol cyclic phosphate;[M-H];C6H11O8P;1.31600e-5;0.054603;241.011877;2 out of 5
241.011890;241.011890;Phosphohexose;[M-H];C6H11O8P;1.26880e-5;0.052645;241.011877;2 out of 5
241.011890;241.011890;"(6S,7R)-2,6,7,8-Tetrahydroxy-2-oxo-1,3,2lambda5-dioxaphosphonan-5-one";[M-H];C6H11O8P;1.26880e-5;0.052645;241.011877;2 out of 5
241.011890;241.011890;Fructose 6-phosphate;[M-H2O-H];C6H13O9P;1.24740e-5;0.051757;241.011878;3 out of 5
241.011890;241.011890;Galactose 1-phosphate;[M-H2O-H];C6H13O9P;1.24740e-5;0.051757;241.011878;3 out of 5
241.011890;241.011890;Dolichyl phosphate D-mannose;[M-H2O-H];C6H13O9P;1.24740e-5;0.051757;241.011878;3 out of 5
241.011890;241.011890;Fructose 1-phosphate;[M-H2O-H];C6H13O9P;1.24740e-5;0.051757;241.011878;3 out of 5
241.011890;241.011890;Mannose 6-phosphate;[M-H2O-H];C6H13O9P;1.24740e-5;0.051757;241.011878;3 out of 5
241.011890;241.011890;D-myo-Inositol 4-phosphate;[M-H2O-H];C6H13O9P;1.24740e-5;0.051757;241.011878;3 out of 5
241.011890;241.011890;Glucose 6-phosphate;[M-H2O-H];C6H13O9P;1.24740e-5;0.051757;241.011878;3 out of 5
241.011890;241.011890;Glucose 1-phosphate;[M-H2O-H];C6H13O9P;1.24740e-5;0.051757;241.011878;3 out of 5
241.011890;241.011890;myo-Inositol 6-phosphate;[M-H2O-H];C6H13O9P;1.24740e-5;0.051757;241.011878;3 out of 5
241.011890;241.011890;beta-D-Glucose 6-phosphate;[M-H2O-H];C6H13O9P;1.24740e-5;0.051757;241.011878;3 out of 5
241.011890;241.011890;Beta-D-Fructose 6-phosphate;[M-H2O-H];C6H13O9P;1.24740e-5;0.051757;241.011878;3 out of 5
241.011890;241.011890;D-Tagatose 1-phosphate;[M-H2O-H];C6H13O9P;1.24740e-5;0.051757;241.011878;3 out of 5
241.011890;241.011890;D-Mannose 1-phosphate;[M-H2O-H];C6H13O9P;1.24740e-5;0.051757;241.011878;3 out of 5
241.011890;241.011890;Sorbose 1-phosphate;[M-H2O-H];C6H13O9P;1.24740e-5;0.051757;241.011878;3 out of 5
241.011890;241.011890;Beta-D-Fructose 2-phosphate;[M-H2O-H];C6H13O9P;1.24740e-5;0.051757;241.011878;3 out of 5
241.011890;241.011890;D-myo-Inositol 3-phosphate;[M-H2O-H];C6H13O9P;1.24740e-5;0.051757;241.011878;3 out of 5
241.011890;241.011890;D-Tagatose 6-phosphate;[M-H2O-H];C6H13O9P;1.24740e-5;0.051757;241.011878;3 out of 5
241.011890;241.011890;D-fructose 1-phosphate;[M-H2O-H];C6H13O9P;1.24740e-5;0.051757;241.011878;3 out of 5
241.011890;241.011890;"(3S,4R)-Ketose 1-phosphate";[M-H2O-H];C6H13O9P;1.24740e-5;0.051757;241.011878;3 out of 5
241.011890;241.011890;"[(2R,3R,4S,5S)-3,4,5,6-Tetrahydroxyoxan-2-yl]methyl dihydrogen phosphate";[M-H2O-H];C6H13O9P;1.24740e-5;0.051757;241.011878;3 out of 5
241.011890;241.011890;beta-D-Glucose 1-phosphate;[M-H2O-H];C6H13O9P;1.24740e-5;0.051757;241.011878;3 out of 5
241.011890;241.011890;D-mannose 6-phosphate;[M-H2O-H];C6H13O9P;1.24740e-5;0.051757;241.011878;3 out of 5
241.011890;241.011890;myo-Inositol 1-phosphate;[M-H2O-H];C6H13O9P;1.20030e-5;0.049803;241.011878;3 out of 5
241.011890;241.011890;"(2,3,4,5,6-Pentahydroxycyclohexyl) dihydrogen phosphate";[M-H2O-H];C6H13O9P;1.20030e-5;0.049803;241.011878;3 out of 5
241.011890;241.011890;"(2R,3R,4S,5R)-2,3,4,5-Tetrahydroxy-6-oxohexyl dihydrogen phosphate";[M-H2O-H];C6H13O9P;1.20030e-5;0.049803;241.011878;3 out of 5
241.011890;241.011890;beta-D-Fructopyranose 1-phosphate;[M-H2O-H];C6H13O9P;1.20030e-5;0.049803;241.011878;3 out of 5
241.011890;241.011890;D-Glucose 2-phosphate;[M-H2O-H];C6H13O9P;1.20030e-5;0.049803;241.011878;3 out of 5
241.011890;241.011890;Fructose 3-phosphate;[M-H2O-H];C6H13O9P;1.20030e-5;0.049803;241.011878;3 out of 5
241.011890;241.011890;Fructose-6-Phosphate (closed form);[M-H2O-H];C6H13O9P;1.20030e-5;0.049803;241.011878;3 out of 5
241.011890;241.011890;2-(2-Hydroxyethyl)-4-oxohexanedioic acid;[M+K-H2];C8H12O6;-1.03106e-4;-0.427804;241.011993;1 out of 5
241.011890;241.011890;"3,5,6-Trihydroxy-5-(hydroxymethyl)-2-methoxy-2-cyclohexen-1-one";[M+K-H2];C8H12O6;-1.03116e-4;-0.427846;241.011993;1 out of 5
241.011890;241.011890;"2-Methoxypropane-1,2,3-tricarboxylic acid";[M+Cl];C7H10O7;-1.63662e-4;-0.679061;241.012054;1 out of 5
241.011890;241.011890;Glucose ketone;[M+Cl];C7H10O7;-1.63662e-4;-0.679061;241.012054;1 out of 5
241.011890;241.011890;2-Methylcitric acid;[M+Cl];C7H10O7;-1.63674e-4;-0.679111;241.012054;1 out of 5
241.011890;241.011890;Homocitric acid;[M+Cl];C7H10O7;-1.63674e-4;-0.679111;241.012054;1 out of 5
241.011890;241.011890;Methylisocitric acid;[M+Cl];C7H10O7;-1.63674e-4;-0.679111;241.012054;1 out of 5
241.011890;241.011890;3-(Carboxymethyl)-3-hydroxypentanedioic acid;[M+Cl];C7H10O7;-1.63674e-4;-0.679111;241.012054;1 out of 5
241.011890;241.011890;(R)-Lipoic acid;[M+Cl];C8H14O2S2;-1.03207e-3;-4.282227;241.012922;1 out of 5
241.011890;241.011890;(S)-Lipoic acid;[M+Cl];C8H14O2S2;-1.03207e-3;-4.282227;241.012922;1 out of 5
241.011890;241.011890;Thioctic acid;[M+Cl];C8H14O2S2;-1.03207e-3;-4.282227;241.012922;1 out of 5
241.011890;241.011890;beta-L-fucose 1-phosphate;[M-H];C6H11O8P;-1.08447e-3;-4.499642;241.012974;2 out of 5
242.015270;242.015270;"6-Methyl-5-pyridin-4-yl-3,6-dihydro-1,3,4-thiadiazin-2-one";[M+Cl];C9H9N3OS;-7.64096e-4;-3.157212;242.016034;1 out of 5
242.043494;242.043494;Methyl 5-hydroxyoxindole-3-acetate;[M+Na-H2];C11H11NO4;1.91550e-5;0.079139;242.043475;1 out of 5
242.043494;242.043494;Methyl dioxindole-3-acetate;[M+Na-H2];C11H11NO4;1.91550e-5;0.079139;242.043475;1 out of 5
242.043494;242.043494;1-alkyl-2-acylglycerophosphoethanolamine;[M-H];C6H14NO7P;-1.77930e-5;-0.073512;242.043512;1 out of 5
242.043494;242.043494;"2-Acetamido-2,6-dideoxygalactose";[M+K-H2];C8H15NO5;-1.33587e-4;-0.551913;242.043628;1 out of 5
242.043494;242.043494;valine lactate;[M+K-H2];C8H15NO5;-1.33587e-4;-0.551913;242.043628;1 out of 5
242.043494;242.043494;N-Methylcalystegine C1;[M+K-H2];C8H15NO5;-1.33595e-4;-0.551946;242.043628;1 out of 5
242.043494;242.043494;"Dihydro-2,4-dimethyl-6-(2-methylpropyl)-4H-1,3,5-dithiazine";[M+K-H2];C9H19NS2;-1.00199e-3;-4.139706;242.044496;1 out of 5
242.043494;242.043494;"Dihydro-4,6-dimethyl-2-(2-methylpropyl)-4H-1,3,5-dithiazine";[M+K-H2];C9H19NS2;-1.00199e-3;-4.139706;242.044496;1 out of 5
242.043494;242.043494;"Dihydro-2,4-dimethyl-6-(1-methylpropyl)-4H-1,3,5-dithiazine";[M+K-H2];C9H19NS2;-1.00199e-3;-4.139706;242.044496;1 out of 5
242.043494;242.043494;"Dihydro-4,6-dimethyl-2-(1-methylpropyl)-4H-1,3,5-dithiazine";[M+K-H2];C9H19NS2;-1.00199e-3;-4.139706;242.044496;1 out of 5
242.043494;242.043494;Dihydrolipoamide;[M+Cl];C8H17NOS2;-1.06255e-3;-4.389898;242.044557;1 out of 5
244.819292;244.819292;Dichloroiodomethane;[M+Cl];CHCl2I;-1.09000e-4;-0.445226;244.819401;1 out of 5
245.043155;245.043155;"Ethanethioic acid, S-(2-(((2R)-2-(acetylamino)-3-mercapto-1-oxopropyl)amino)ethyl)ester";[M-H2O-H];C9H16N2O3S2;7.61269e-4;3.106683;245.042394;1 out of 5
245.043155;245.043155;"2-Oxo-2-(3,4,5-trimethoxyphenyl)acetaldehyde";[M+Na-H2];C11H12O5;1.45140e-5;0.059230;245.043140;1 out of 5
245.043155;245.043155;Elenolide;[M+Na-H2];C11H12O5;1.45060e-5;0.059198;245.043140;1 out of 5
245.043155;245.043155;Sinapic acid;[M+Na-H2];C11H12O5;1.45060e-5;0.059198;245.043140;1 out of 5
245.043155;245.043155;cis-Sinapic acid;[M+Na-H2];C11H12O5;1.45060e-5;0.059198;245.043140;1 out of 5
245.043155;245.043155;"5-(3',4',5'-Trihydroxyphenyl)-gamma-valerolactone";[M+Na-H2];C11H12O5;1.45060e-5;0.059198;245.043140;1 out of 5
245.043155;245.043155;Glycerophosphoglycerol;[M-H];C6H15O8P;-2.24410e-5;-0.091580;245.043177;4 out of 5
245.043155;245.043155;Ethyl beta-D-glucopyranoside;[M+K-H2];C8H16O6;-1.38235e-4;-0.564125;245.043293;1 out of 5
245.043155;245.043155;Ethyl beta-D-fructofuranoside;[M+K-H2];C8H16O6;-1.38235e-4;-0.564125;245.043293;1 out of 5
245.043155;245.043155;Dambonitol;[M+K-H2];C8H16O6;-1.38244e-4;-0.564162;245.043293;1 out of 5
245.043155;245.043155;Ethyl glucoside;[M+K-H2];C8H16O6;-1.38244e-4;-0.564162;245.043293;1 out of 5
245.043155;245.043155;L-galacto-2-Heptulose;[M+Cl];C7H14O7;-1.98791e-4;-0.811248;245.043354;3 out of 5
245.043155;245.043155;D-manno-2-Heptulose;[M+Cl];C7H14O7;-1.98791e-4;-0.811248;245.043354;3 out of 5
245.043155;245.043155;"(3R,5R,6R)-1,2,3,5,6,7-Hexahydroxyheptan-4-one";[M+Cl];C7H14O7;-1.98791e-4;-0.811248;245.043354;3 out of 5
245.043155;245.043155;Crocose;[M+Cl];C7H14O7;-1.98791e-4;-0.811248;245.043354;3 out of 5
245.043155;245.043155;Sedoheptulose;[M+Cl];C7H14O7;-1.98802e-4;-0.811293;245.043354;3 out of 5
245.043155;245.043155;D-altro-D-manno-Heptose;[M+Cl];C7H14O7;-1.98802e-4;-0.811293;245.043354;3 out of 5
245.043155;245.043155;d-Glycero-d-galacto-heptose;[M+Cl];C7H14O7;-1.98802e-4;-0.811293;245.043354;3 out of 5
245.043155;245.043155;MANNOHEPTULOSE;[M+Cl];C7H14O7;-1.98802e-4;-0.811293;245.043354;3 out of 5
246.854369;246.854369;Sodium diphosphate (Na4(P2O7));[M-H2O-H];Na4O7P2;1.20592e-3;4.885179;246.853163;1 out of 5
248.008964;248.008964;Nicorandil;[M+K-H2];C8H9N3O4;1.05322e-3;4.246711;248.007911;2 out of 5
248.008964;248.008964;"2-hydroxylamino-4,6-dinitrotoluene";[M+Cl];C7H7N3O5;9.92663e-4;4.002545;248.007971;1 out of 5
248.008964;248.008964;"4-hydroxylamino-2,6-dinitrotoluene";[M+Cl];C7H7N3O5;9.92663e-4;4.002545;248.007971;1 out of 5
248.008964;248.008964;Alendronic acid;[M-H];C4H13NO7P2;-4.83799e-4;-1.950728;248.009448;1 out of 5
248.008964;248.008964;Avenin;[M+K-H2];C6H14NO5P;-6.00075e-4;-2.419564;248.009564;2 out of 5
248.008964;248.008964;N-Lactoyl ethanolamine phosphate;[M+Cl];C5H12NO6P;-6.60633e-4;-2.663739;248.009625;1 out of 5
248.978283;248.978283;Thiolutin;[M+Na-H2];C8H8N2O2S2;8.97110e-4;3.603179;248.977386;2 out of 5
248.978283;248.978283;Thioxanthen-9-one;[M+K-H2];C13H8OS;9.19480e-5;0.369301;248.978191;1 out of 5
248.978283;248.978283;Fenson;[M-H2O-H];C12H9ClO3S;3.10000e-5;0.124509;248.978252;1 out of 5
248.978283;248.978283;Bis-A-tda;[M+Cl];C5H6N6S2;-6.54565e-4;-2.628997;248.978938;1 out of 5
248.978283;248.978283;alpha-D-xylose 1-phosphate;[M+Na-H2];C5H9O8P;-9.85408e-4;-3.957791;248.979268;2 out of 5
250.025284;250.025284;Glycerylphosphorylethanolamine;[M+Cl];C5H14NO6P;9.30300e-6;0.037208;250.025275;3 out of 5
250.025284;250.025284;sn-glycero-3-Phosphoethanolamine;[M+Cl];C5H14NO6P;9.30300e-6;0.037208;250.025275;3 out of 5
250.025284;250.025284;3-2-carboxyphenylcatechol;[M+Na-H2];C13H9O4;-1.53500e-5;-0.061394;250.025299;1 out of 5
250.860535;250.860535;"2,3,4,6-Tetrachlorophenol";[M+Na-H2];C6H2Cl4O;-1.07500e-4;-0.428525;250.860643;1 out of 5
250.860535;250.860535;"2,3,4,5-Tetrachlorophenol";[M+Na-H2];C6H2Cl4O;-1.07514e-4;-0.428581;250.860643;1 out of 5
254.770021;254.770021;Cyclic sulfur S8;[M-H];S8;7.32480e-4;2.875072;254.769289;1 out of 5
256.072783;256.072783;5-Dimethylamiloride;[M-H];C8H12ClN7O;8.74300e-4;3.414275;256.071909;2 out of 5
256.072783;256.072783;5-(Diethylphosphono)-5-methyl-1-pyrroline N-Oxide;[M+Na-H2];C9H18NO4P;7.70938e-4;3.010630;256.072012;1 out of 5
256.072783;256.072783;Metronidazole benzoate;[M-H2O-H];C13H13N3O4;1.80890e-5;0.070640;256.072765;1 out of 5
256.072783;256.072783;Tezacitabine;[M-H];C10H12FN3O4;-1.12404e-3;-4.389518;256.073907;2 out of 5
259.022428;259.022428;Benzoylmalic acid;[M+Na-H2];C11H10O6;2.29480e-5;0.088595;259.022405;1 out of 5
259.022428;259.022428;Fructose 6-phosphate;[M-H];C6H13O9P;-1.35260e-5;-0.052219;259.022442;3 out of 5
259.022428;259.022428;Galactose 1-phosphate;[M-H];C6H13O9P;-1.35260e-5;-0.052219;259.022442;3 out of 5
259.022428;259.022428;Dolichyl phosphate D-mannose;[M-H];C6H13O9P;-1.35260e-5;-0.052219;259.022442;3 out of 5
259.022428;259.022428;Fructose 1-phosphate;[M-H];C6H13O9P;-1.35260e-5;-0.052219;259.022442;3 out of 5
259.022428;259.022428;Mannose 6-phosphate;[M-H];C6H13O9P;-1.35260e-5;-0.052219;259.022442;3 out of 5
259.022428;259.022428;D-myo-Inositol 4-phosphate;[M-H];C6H13O9P;-1.35260e-5;-0.052219;259.022442;3 out of 5
259.022428;259.022428;Glucose 6-phosphate;[M-H];C6H13O9P;-1.35260e-5;-0.052219;259.022442;3 out of 5
259.022428;259.022428;Glucose 1-phosphate;[M-H];C6H13O9P;-1.35260e-5;-0.052219;259.022442;3 out of 5
259.022428;259.022428;myo-Inositol 6-phosphate;[M-H];C6H13O9P;-1.35260e-5;-0.052219;259.022442;3 out of 5
259.022428;259.022428;beta-D-Glucose 6-phosphate;[M-H];C6H13O9P;-1.35260e-5;-0.052219;259.022442;3 out of 5
259.022428;259.022428;Beta-D-Fructose 6-phosphate;[M-H];C6H13O9P;-1.35260e-5;-0.052219;259.022442;3 out of 5
259.022428;259.022428;D-Tagatose 1-phosphate;[M-H];C6H13O9P;-1.35260e-5;-0.052219;259.022442;3 out of 5
259.022428;259.022428;D-Mannose 1-phosphate;[M-H];C6H13O9P;-1.35260e-5;-0.052219;259.022442;3 out of 5
259.022428;259.022428;Sorbose 1-phosphate;[M-H];C6H13O9P;-1.35260e-5;-0.052219;259.022442;3 out of 5
259.022428;259.022428;Beta-D-Fructose 2-phosphate;[M-H];C6H13O9P;-1.35260e-5;-0.052219;259.022442;3 out of 5
259.022428;259.022428;D-myo-Inositol 3-phosphate;[M-H];C6H13O9P;-1.35260e-5;-0.052219;259.022442;3 out of 5
259.022428;259.022428;D-Tagatose 6-phosphate;[M-H];C6H13O9P;-1.35260e-5;-0.052219;259.022442;3 out of 5
259.022428;259.022428;D-fructose 1-phosphate;[M-H];C6H13O9P;-1.35260e-5;-0.052219;259.022442;3 out of 5
259.022428;259.022428;"(3S,4R)-Ketose 1-phosphate";[M-H];C6H13O9P;-1.35260e-5;-0.052219;259.022442;3 out of 5
259.022428;259.022428;"[(2R,3R,4S,5S)-3,4,5,6-Tetrahydroxyoxan-2-yl]methyl dihydrogen phosphate";[M-H];C6H13O9P;-1.35260e-5;-0.052219;259.022442;3 out of 5
259.022428;259.022428;beta-D-Glucose 1-phosphate;[M-H];C6H13O9P;-1.35260e-5;-0.052219;259.022442;3 out of 5
259.022428;259.022428;D-mannose 6-phosphate;[M-H];C6H13O9P;-1.35260e-5;-0.052219;259.022442;3 out of 5
259.022428;259.022428;myo-Inositol 1-phosphate;[M-H];C6H13O9P;-1.39970e-5;-0.054038;259.022442;3 out of 5
259.022428;259.022428;"(2,3,4,5,6-Pentahydroxycyclohexyl) dihydrogen phosphate";[M-H];C6H13O9P;-1.39970e-5;-0.054038;259.022442;3 out of 5
259.022428;259.022428;"(2R,3R,4S,5R)-2,3,4,5-Tetrahydroxy-6-oxohexyl dihydrogen phosphate";[M-H];C6H13O9P;-1.39970e-5;-0.054038;259.022442;3 out of 5
259.022428;259.022428;beta-D-Fructopyranose 1-phosphate;[M-H];C6H13O9P;-1.39970e-5;-0.054038;259.022442;3 out of 5
259.022428;259.022428;D-Glucose 2-phosphate;[M-H];C6H13O9P;-1.39970e-5;-0.054038;259.022442;3 out of 5
259.022428;259.022428;Fructose 3-phosphate;[M-H];C6H13O9P;-1.39970e-5;-0.054038;259.022442;3 out of 5
259.022428;259.022428;Fructose-6-Phosphate (closed form);[M-H];C6H13O9P;-1.39970e-5;-0.054038;259.022442;3 out of 5
259.022428;259.022428;Ethyl glucuronide;[M+K-H2];C8H14O7;-1.29802e-4;-0.501122;259.022558;1 out of 5
259.936125;259.936125;Pentafluorophenyl isothiocyanate;[M+Cl];C7F5NS;-4.36993e-4;-1.681152;259.936562;1 out of 5
260.071006;260.071006;6-Benzylaminopurine;[M+Cl];C12H11N5;1.59623e-4;0.613767;260.070846;1 out of 5
260.071006;260.071006;Graveolinine;[M-H2O-H];C17H13NO3;-6.96287e-4;-2.677289;260.071702;1 out of 5
260.071006;260.071006;Graveoline;[M-H2O-H];C17H13NO3;-6.96287e-4;-2.677289;260.071702;1 out of 5
260.071006;260.071006;Avenalumin II;[M-H2O-H];C17H13NO3;-6.96287e-4;-2.677289;260.071702;1 out of 5
262.086758;262.086758;"2-Amino-3,7,8-trimethylimidazo(4,5-f)quinoxaline";[M+Cl];C12H13N5;2.61561e-4;0.997995;262.086496;1 out of 5
262.086758;262.086758;"2-Amino-3,4,8-trimethyl-3H-imidazo[4,5-f]quinoxaline";[M+Cl];C12H13N5;2.61559e-4;0.997987;262.086496;1 out of 5
262.086758;262.086758;"2-Amino-1,7,9-trimethylimidazo[4,5-g]quinoxaline";[M+Cl];C12H13N5;2.61559e-4;0.997987;262.086496;1 out of 5
262.086758;262.086758;Asparaginyl-Methionine;[M-H];C9H17N3O4S;5.82630e-5;0.222304;262.086700;1 out of 5
262.086758;262.086758;Methionyl-Asparagine;[M-H];C9H17N3O4S;5.82630e-5;0.222304;262.086700;1 out of 5
262.086758;262.086758;Dehydroanonaine;[M-H];C17H13NO2;-5.93665e-4;-2.265142;262.087352;1 out of 5
262.086758;262.086758;2-Naphthalenol 2-aminobenzoate;[M-H];C17H13NO2;-5.93665e-4;-2.265142;262.087352;1 out of 5
262.086758;262.086758;Acetoxyacetylaminofluorene;[M-H2O-H];C17H15NO3;-5.94347e-4;-2.267744;262.087352;1 out of 5
262.086758;262.086758;Juzirine;[M-H2O-H];C17H15NO3;-5.94351e-4;-2.267759;262.087352;1 out of 5
262.086758;262.086758;indoprofen;[M-H2O-H];C17H15NO3;-5.94351e-4;-2.267759;262.087352;1 out of 5
262.086758;262.086758;(-)-Norushinsunine;[M-H2O-H];C17H15NO3;-5.94351e-4;-2.267759;262.087352;1 out of 5
262.086758;262.086758;N-Nitrosocimetidine;[M-H2O-H];C10H15N7OS;-1.28031e-3;-4.885019;262.088038;1 out of 5
263.014883;263.014883;Polyanethole-sulfate;[M+Cl];C10H12O4S;-1.48040e-4;-0.562858;263.015031;2 out of 5
263.014883;263.014883;(2S)-1-(6-Chloro-5-fluoroindol-1-yl)propan-2-amine;[M+K-H2];C11H12ClFN2;-1.02630e-3;-3.902045;263.015909;1 out of 5
264.018187;264.018187;Amiloride;[M+Cl];C6H8ClN7O;9.00380e-4;3.410307;264.017287;1 out of 5
264.018187;264.018187;Dexelvucitabine;[M+K-H2];C9H10FN3O3;-1.03736e-3;-3.929096;264.019224;1 out of 5
264.781071;264.781071;Niobium(V) oxide;[M-H];Nb2O5;1.03800e-3;3.920235;264.780033;1 out of 5
265.011895;265.011895;Urolithin C;[M+Na-H2];C13H8O5;5.46340e-5;0.206157;265.011840;1 out of 5
265.011895;265.011895;Gentisein;[M+Na-H2];C13H8O5;5.46340e-5;0.206157;265.011840;1 out of 5
265.011895;265.011895;"3,3'-Dithiobis[4,5-dihydro-2-methylfuran]";[M+Cl];C10H14O2S2;-1.02707e-3;-3.875554;265.012922;2 out of 5
265.027375;265.027375;"(5R,6S)-3-(Aminomethyl)-6-[(1R)-1-hydroxyethyl]-7-oxo-4-thia-1-azabicyclo[3.2.0]hept-2-ene-2-carboxylic acid";[M+Na-H2];C9H12N2O4S;9.29952e-4;3.508903;265.026445;1 out of 5
265.027375;265.027375;3-Pyroglutamylthiazolidine-4-carboxylic acid;[M+Na-H2];C9H12N2O4S;9.29952e-4;3.508903;265.026445;1 out of 5
265.027375;265.027375;Resveratrol;[M+K-H2];C14H12O3;1.25754e-4;0.474495;265.027249;1 out of 5
265.027375;265.027375;(Z)-Resveratrol;[M+K-H2];C14H12O3;1.25754e-4;0.474495;265.027249;1 out of 5
265.027375;265.027375;Seselin;[M+K-H2];C14H12O3;1.25754e-4;0.474495;265.027249;1 out of 5
265.027375;265.027375;"1,3-Benzenediol, 5-[(1Z)-2-(4-hydroxyphenyl)ethenyl]-";[M+K-H2];C14H12O3;1.25754e-4;0.474495;265.027249;1 out of 5
265.027375;265.027375;Benzyl 4-hydroxybenzoate;[M+K-H2];C14H12O3;1.25754e-4;0.474495;265.027249;1 out of 5
265.027375;265.027375;trihydroxystilbene;[M+K-H2];C14H12O3;1.25754e-4;0.474495;265.027249;1 out of 5
265.027375;265.027375;Oxybenzone;[M+K-H2];C14H12O3;1.25750e-4;0.474480;265.027249;1 out of 5
265.027375;265.027375;Trioxsalen;[M+K-H2];C14H12O3;1.25750e-4;0.474480;265.027249;1 out of 5
265.027375;265.027375;Benzyl salicylate;[M+K-H2];C14H12O3;1.25750e-4;0.474480;265.027249;1 out of 5
265.027375;265.027375;"2,4-Difurfurylfuran";[M+K-H2];C14H12O3;1.25750e-4;0.474480;265.027249;1 out of 5
265.027375;265.027375;"5,6-Dihydro-5-hydroxy-6-methyl-2H-pyran-2-one";[M+K-H2];C14H12O3;1.25750e-4;0.474480;265.027249;1 out of 5
265.027375;265.027375;o-Tolyl salicylate;[M+K-H2];C14H12O3;1.25750e-4;0.474480;265.027249;1 out of 5
265.027375;265.027375;Benzilic acid;[M+K-H2];C14H12O3;1.25750e-4;0.474480;265.027249;1 out of 5
265.027375;265.027375;Xanthyletin;[M+K-H2];C14H12O3;1.25750e-4;0.474480;265.027249;1 out of 5
265.027375;265.027375;"2,3,4-Trihydroxybenzophenone";[M+Cl];C13H10O4;6.51980e-5;0.246005;265.027310;5 out of 5
265.027375;265.027375;3-(4-Hydroxyphenoxy)benzoic acid;[M+Cl];C13H10O4;6.51980e-5;0.246005;265.027310;5 out of 5
265.027375;265.027375;Visnagin;[M+Cl];C13H10O4;6.51980e-5;0.246005;265.027310;5 out of 5
265.027375;265.027375;Coriandrin;[M+Cl];C13H10O4;6.51920e-5;0.245982;265.027310;5 out of 5
265.027375;265.027375;Wyeronic acid;[M+Cl];C13H10O4;6.51920e-5;0.245982;265.027310;5 out of 5
265.027375;265.027375;"2',4'-Dihydroxy-2-biphenylcarboxylic acid";[M+Cl];C13H10O4;6.51920e-5;0.245982;265.027310;5 out of 5
265.027375;265.027375;Bisnoryangonin;[M+Cl];C13H10O4;6.51920e-5;0.245982;265.027310;5 out of 5
265.030436;265.030436;"N,N'-Dichloro-N,N'-diphenylmethanediamine";[M-H];C13H12Cl2N2;-4.08000e-5;-0.153945;265.030477;3 out of 5
265.030436;265.030436;"4,4'-Methylenebis(2-chloroaniline)";[M-H];C13H12Cl2N2;-4.08080e-5;-0.153975;265.030477;3 out of 5
265.030436;265.030436;Thymol Sulfate;[M+Cl];C10H14O4S;-2.45105e-4;-0.924817;265.030681;2 out of 5
265.031696;265.031696;"N,N'-Dichloro-N,N'-diphenylmethanediamine";[M-H];C13H12Cl2N2;1.21920e-3;4.600226;265.030477;3 out of 5
265.031696;265.031696;"4,4'-Methylenebis(2-chloroaniline)";[M-H];C13H12Cl2N2;1.21919e-3;4.600195;265.030477;3 out of 5
265.031696;265.031696;Thymol Sulfate;[M+Cl];C10H14O4S;1.01490e-3;3.829349;265.030681;2 out of 5
265.031696;265.031696;1-O-Galloylglycerol;[M+Na-H2];C10H12O7;-1.27374e-3;-4.805961;265.032970;1 out of 5
265.033496;265.033496;1-O-Galloylglycerol;[M+Na-H2];C10H12O7;5.26262e-4;1.985647;265.032970;1 out of 5
265.033496;265.033496;"3-Fluoro-5-[3-(5-fluoropyridin-2-yl)-1,2,4-oxadiazol-5-yl]benzonitrile";[M-H2O-H];C14H6F2N4O;3.69845e-4;1.395467;265.033126;1 out of 5
265.033496;265.033496;"1,3,5-Triazin-2(1H)-one, 4-amino-1-(2-deoxy-beta-D-erythro-pentofuranosyl)-";[M+K-H2];C8H12N4O4;-9.63882e-4;-3.636818;265.034460;1 out of 5
265.033496;265.033496;Decitabine;[M+K-H2];C8H12N4O4;-9.63892e-4;-3.636855;265.034460;1 out of 5
265.034216;265.034216;1-O-Galloylglycerol;[M+Na-H2];C10H12O7;1.24626e-3;4.702290;265.032970;1 out of 5
265.034216;265.034216;"3-Fluoro-5-[3-(5-fluoropyridin-2-yl)-1,2,4-oxadiazol-5-yl]benzonitrile";[M-H2O-H];C14H6F2N4O;1.08984e-3;4.112109;265.033126;1 out of 5
265.034216;265.034216;"1,3,5-Triazin-2(1H)-one, 4-amino-1-(2-deoxy-beta-D-erythro-pentofuranosyl)-";[M+K-H2];C8H12N4O4;-2.43882e-4;-0.920190;265.034460;1 out of 5
265.034216;265.034216;Decitabine;[M+K-H2];C8H12N4O4;-2.43892e-4;-0.920228;265.034460;1 out of 5
265.034216;265.034216;Echinochrome A;[M-H];C12H10O7;-1.15966e-3;-4.375499;265.035376;1 out of 5
265.034216;265.034216;2-O-p-Coumaroyltartronic acid;[M-H];C12H10O7;-1.15967e-3;-4.375544;265.035376;1 out of 5
265.034756;265.034756;"1,3,5-Triazin-2(1H)-one, 4-amino-1-(2-deoxy-beta-D-erythro-pentofuranosyl)-";[M+K-H2];C8H12N4O4;2.96118e-4;1.117281;265.034460;1 out of 5
265.034756;265.034756;Decitabine;[M+K-H2];C8H12N4O4;2.96108e-4;1.117243;265.034460;1 out of 5
265.034756;265.034756;Echinochrome A;[M-H];C12H10O7;-6.19662e-4;-2.338035;265.035376;1 out of 5
265.034756;265.034756;2-O-p-Coumaroyltartronic acid;[M-H];C12H10O7;-6.19674e-4;-2.338080;265.035376;1 out of 5
265.147951;265.147951;"6,7-Dihydro-4-(hydroxymethyl)-2-(p-hydroxyphenethyl)-7-methyl-5H-2-pyrindinium";[M-H2O-H];C18H22NO2;7.38047e-4;2.783537;265.147213;1 out of 5
266.032608;266.032608;"4,5-Dihydro-1-(3-(trifluoromethyl)phenyl)-1H-pyrazol-3-amine";[M+K-H2];C10H10F3N3;1.32105e-3;4.965769;266.031287;1 out of 5
266.032608;266.032608;N-Acetylamrinone;[M+K-H2];C12H11N3O2;-1.12361e-3;-4.223547;266.033732;1 out of 5
266.032608;266.032608;5-(4-Acetamidophenyl)pyrazin-2(1H)-one;[M+K-H2];C12H11N3O2;-1.12361e-3;-4.223547;266.033732;1 out of 5
266.032608;266.032608;"Guanidine, (4-chloro-3-methoxy-1-oxo-1H-2-benzopyran-7-yl)-";[M-H];C11H10ClN3O3;-1.18390e-3;-4.450187;266.033792;2 out of 5
266.033787;266.033787;N-Acetylamrinone;[M+K-H2];C12H11N3O2;5.53940e-5;0.208222;266.033732;1 out of 5
266.033787;266.033787;5-(4-Acetamidophenyl)pyrazin-2(1H)-one;[M+K-H2];C12H11N3O2;5.53940e-5;0.208222;266.033732;1 out of 5
266.033787;266.033787;"Guanidine, (4-chloro-3-methoxy-1-oxo-1H-2-benzopyran-7-yl)-";[M-H];C11H10ClN3O3;-4.90000e-6;-0.018419;266.033792;2 out of 5
266.033787;266.033787;Endalin;[M+K-H2];C9H12FN3O3;-1.08747e-3;-4.087697;266.034874;1 out of 5
266.151287;266.151287;Carbuterol;[M-H];C13H21N3O3;2.72452e-4;1.023674;266.151015;1 out of 5
266.904746;266.904746;Pentafluorobenzoyl chloride;[M+K-H2];C7ClF5O;3.57900e-4;1.340930;266.904388;1 out of 5
267.024296;267.024296;4-Fluoro-3-phenoxybenzoic acid;[M+Cl];C13H9FO3;1.32269e-3;4.953458;267.022973;1 out of 5
267.024296;267.024296;Methyl 2-(1H-indole-3-carbonyl)thiazole-4-carboxylate;[M-H2O-H];C14H10N2O3S;9.23636e-4;3.459008;267.023372;3 out of 5
267.024296;267.024296;Glycerophosphoglycerol;[M+Na-H2];C6H15O8P;-8.25441e-4;-3.091248;267.025121;2 out of 5
267.024296;267.024296;"(2E,11Z)-5-[5-(Methylthio)-4-penten-2-ynyl]-2-furanacrolein";[M+Cl];C13H12O2S;-9.05318e-4;-3.390384;267.025201;3 out of 5
267.025027;267.025027;Glycerophosphoglycerol;[M+Na-H2];C6H15O8P;-9.44410e-5;-0.353678;267.025121;2 out of 5
267.025027;267.025027;"(2E,11Z)-5-[5-(Methylthio)-4-penten-2-ynyl]-2-furanacrolein";[M+Cl];C13H12O2S;-1.74318e-4;-0.652815;267.025201;3 out of 5
267.026306;267.026306;Glycerophosphoglycerol;[M+Na-H2];C6H15O8P;1.18456e-3;4.436133;267.025121;2 out of 5
267.026306;267.026306;"(2E,11Z)-5-[5-(Methylthio)-4-penten-2-ynyl]-2-furanacrolein";[M+Cl];C13H12O2S;1.10468e-3;4.136995;267.025201;3 out of 5
267.026306;267.026306;(-)-Dioxibrassinin;[M-H];C11H12N2O2S2;-4.36018e-4;-1.632863;267.026742;3 out of 5
267.026306;267.026306;Isopimpinellin;[M+Na-H2];C13H10O5;-1.18442e-3;-4.435581;267.027490;1 out of 5
267.026306;267.026306;"2,2',4,4'-Tetrahydroxybenzophenone";[M+Na-H2];C13H10O5;-1.18442e-3;-4.435581;267.027490;1 out of 5
267.026306;267.026306;Hispidin;[M+Na-H2];C13H10O5;-1.18442e-3;-4.435581;267.027490;1 out of 5
267.026306;267.026306;Iriflophenone;[M+Na-H2];C13H10O5;-1.18442e-3;-4.435581;267.027490;1 out of 5
267.026306;267.026306;Pimpinellidine;[M+Na-H2];C13H10O5;-1.18442e-3;-4.435581;267.027490;1 out of 5
267.026306;267.026306;Coriandrone C;[M+Na-H2];C13H10O5;-1.18443e-3;-4.435611;267.027490;1 out of 5
267.027494;267.027494;(-)-Dioxibrassinin;[M-H];C11H12N2O2S2;7.51982e-4;2.816130;267.026742;3 out of 5
267.027494;267.027494;Isopimpinellin;[M+Na-H2];C13H10O5;3.57800e-6;0.013399;267.027490;1 out of 5
267.027494;267.027494;"2,2',4,4'-Tetrahydroxybenzophenone";[M+Na-H2];C13H10O5;3.57800e-6;0.013399;267.027490;1 out of 5
267.027494;267.027494;Hispidin;[M+Na-H2];C13H10O5;3.57800e-6;0.013399;267.027490;1 out of 5
267.027494;267.027494;Iriflophenone;[M+Na-H2];C13H10O5;3.57800e-6;0.013399;267.027490;1 out of 5
267.027494;267.027494;Pimpinellidine;[M+Na-H2];C13H10O5;3.57800e-6;0.013399;267.027490;1 out of 5
267.027494;267.027494;Coriandrone C;[M+Na-H2];C13H10O5;3.57000e-6;0.013369;267.027490;1 out of 5
267.027494;267.027494;"Galactitol, 1,2:5,6-dianhydro-, diacetate";[M+K-H2];C10H14O6;-1.49171e-4;-0.558635;267.027643;1 out of 5
267.027494;267.027494;Dibenzyl disulfide;[M+Na-H2];C14H14S2;-8.64828e-4;-3.238712;267.028359;1 out of 5
267.027494;267.027494;"Hexahydro-2',4-dimethylspiro[1,3-dithiolo[4,5-c]furan-2,3'(2'H)-furan]";[M+Cl];C10H16O2S2;-1.07814e-3;-4.037530;267.028572;3 out of 5
267.027494;267.027494;"Hexahydro-2',3alpha-dimethylspiro[1,3-dithiolo[4,5-b]furan-2,3'(2'H)-furan]";[M+Cl];C10H16O2S2;-1.07814e-3;-4.037530;267.028572;3 out of 5
267.028682;267.028682;Isopimpinellin;[M+Na-H2];C13H10O5;1.19158e-3;4.462380;267.027490;1 out of 5
267.028682;267.028682;"2,2',4,4'-Tetrahydroxybenzophenone";[M+Na-H2];C13H10O5;1.19158e-3;4.462380;267.027490;1 out of 5
267.028682;267.028682;Hispidin;[M+Na-H2];C13H10O5;1.19158e-3;4.462380;267.027490;1 out of 5
267.028682;267.028682;Iriflophenone;[M+Na-H2];C13H10O5;1.19158e-3;4.462380;267.027490;1 out of 5
267.028682;267.028682;Pimpinellidine;[M+Na-H2];C13H10O5;1.19158e-3;4.462380;267.027490;1 out of 5
267.028682;267.028682;Coriandrone C;[M+Na-H2];C13H10O5;1.19157e-3;4.462350;267.027490;1 out of 5
267.028682;267.028682;"Galactitol, 1,2:5,6-dianhydro-, diacetate";[M+K-H2];C10H14O6;1.03883e-3;3.890343;267.027643;1 out of 5
267.028682;267.028682;Dibenzyl disulfide;[M+Na-H2];C14H14S2;3.23172e-4;1.210253;267.028359;1 out of 5
267.028682;267.028682;"Hexahydro-2',4-dimethylspiro[1,3-dithiolo[4,5-c]furan-2,3'(2'H)-furan]";[M+Cl];C10H16O2S2;1.09864e-4;0.411432;267.028572;3 out of 5
267.028682;267.028682;"Hexahydro-2',3alpha-dimethylspiro[1,3-dithiolo[4,5-b]furan-2,3'(2'H)-furan]";[M+Cl];C10H16O2S2;1.09864e-4;0.411432;267.028572;3 out of 5
267.028682;267.028682;(2-Quinoxalinylmethylene)hydrazinecarboxylic acid methyl ester;[M+K-H2];C11H10N4O2;-2.98578e-4;-1.118148;267.028981;1 out of 5
267.028682;267.028682;Hydralazine pyruvate hydrazone;[M+K-H2];C11H10N4O2;-2.98584e-4;-1.118171;267.028981;1 out of 5
267.028682;267.028682;Taurine glutamate;[M-H];C7H12N2O7S;-5.62908e-4;-2.108039;267.029245;1 out of 5
267.028682;267.028682;Coumesterol;[M-H];C15H8O5;-1.21436e-3;-4.547648;267.029896;1 out of 5
267.028682;267.028682;sparstolonin B;[M-H];C15H8O5;-1.21436e-3;-4.547648;267.029896;1 out of 5
267.028682;267.028682;Protoapigenone;[M-H2O-H];C15H10O6;-1.21504e-3;-4.550210;267.029897;2 out of 5
267.028682;267.028682;Luteolin;[M-H2O-H];C15H10O6;-1.21505e-3;-4.550247;267.029897;2 out of 5
267.028682;267.028682;Kaempferol;[M-H2O-H];C15H10O6;-1.21505e-3;-4.550247;267.029897;2 out of 5
267.028682;267.028682;Maritimetin;[M-H2O-H];C15H10O6;-1.21505e-3;-4.550247;267.029897;2 out of 5
267.028682;267.028682;Norartocarpetin;[M-H2O-H];C15H10O6;-1.21505e-3;-4.550247;267.029897;2 out of 5
267.028682;267.028682;2'-Hydroxygenistein;[M-H2O-H];C15H10O6;-1.21505e-3;-4.550247;267.029897;2 out of 5
267.028682;267.028682;Cernuine;[M-H2O-H];C15H10O6;-1.21505e-3;-4.550247;267.029897;2 out of 5
267.028682;267.028682;Citreorosein;[M-H2O-H];C15H10O6;-1.21505e-3;-4.550247;267.029897;2 out of 5
267.028682;267.028682;3'-Hydroxygenistein;[M-H2O-H];C15H10O6;-1.21505e-3;-4.550247;267.029897;2 out of 5
267.028682;267.028682;"5,6,7,4'-Tetrahydroxyisoflavone";[M-H2O-H];C15H10O6;-1.21505e-3;-4.550247;267.029897;2 out of 5
267.028682;267.028682;"7,8,3',4'-Tetrahydroxyisoflavone";[M-H2O-H];C15H10O6;-1.21505e-3;-4.550247;267.029897;2 out of 5
267.028682;267.028682;8-Hydroxygenistein;[M-H2O-H];C15H10O6;-1.21505e-3;-4.550247;267.029897;2 out of 5
267.029961;267.029961;(2-Quinoxalinylmethylene)hydrazinecarboxylic acid methyl ester;[M+K-H2];C11H10N4O2;9.80422e-4;3.671594;267.028981;1 out of 5
267.029961;267.029961;Hydralazine pyruvate hydrazone;[M+K-H2];C11H10N4O2;9.80416e-4;3.671572;267.028981;1 out of 5
267.029961;267.029961;Taurine glutamate;[M-H];C7H12N2O7S;7.16092e-4;2.681699;267.029245;1 out of 5
267.029961;267.029961;Coumesterol;[M-H];C15H8O5;6.46420e-5;0.242078;267.029896;1 out of 5
267.029961;267.029961;sparstolonin B;[M-H];C15H8O5;6.46420e-5;0.242078;267.029896;1 out of 5
267.029961;267.029961;Protoapigenone;[M-H2O-H];C15H10O6;6.39580e-5;0.239516;267.029897;2 out of 5
267.029961;267.029961;Luteolin;[M-H2O-H];C15H10O6;6.39480e-5;0.239479;267.029897;2 out of 5
267.029961;267.029961;Kaempferol;[M-H2O-H];C15H10O6;6.39480e-5;0.239479;267.029897;2 out of 5
267.029961;267.029961;Maritimetin;[M-H2O-H];C15H10O6;6.39480e-5;0.239479;267.029897;2 out of 5
267.029961;267.029961;Norartocarpetin;[M-H2O-H];C15H10O6;6.39480e-5;0.239479;267.029897;2 out of 5
267.029961;267.029961;2'-Hydroxygenistein;[M-H2O-H];C15H10O6;6.39480e-5;0.239479;267.029897;2 out of 5
267.029961;267.029961;Cernuine;[M-H2O-H];C15H10O6;6.39480e-5;0.239479;267.029897;2 out of 5
267.029961;267.029961;Citreorosein;[M-H2O-H];C15H10O6;6.39480e-5;0.239479;267.029897;2 out of 5
267.029961;267.029961;3'-Hydroxygenistein;[M-H2O-H];C15H10O6;6.39480e-5;0.239479;267.029897;2 out of 5
267.029961;267.029961;"5,6,7,4'-Tetrahydroxyisoflavone";[M-H2O-H];C15H10O6;6.39480e-5;0.239479;267.029897;2 out of 5
267.029961;267.029961;"7,8,3',4'-Tetrahydroxyisoflavone";[M-H2O-H];C15H10O6;6.39480e-5;0.239479;267.029897;2 out of 5
267.029961;267.029961;8-Hydroxygenistein;[M-H2O-H];C15H10O6;6.39480e-5;0.239479;267.029897;2 out of 5
267.030692;267.030692;Coumesterol;[M-H];C15H8O5;7.95642e-4;2.979599;267.029896;1 out of 5
267.030692;267.030692;sparstolonin B;[M-H];C15H8O5;7.95642e-4;2.979599;267.029896;1 out of 5
267.030692;267.030692;Protoapigenone;[M-H2O-H];C15H10O6;7.94958e-4;2.977037;267.029897;2 out of 5
267.030692;267.030692;Luteolin;[M-H2O-H];C15H10O6;7.94948e-4;2.977000;267.029897;2 out of 5
267.030692;267.030692;Kaempferol;[M-H2O-H];C15H10O6;7.94948e-4;2.977000;267.029897;2 out of 5
267.030692;267.030692;Maritimetin;[M-H2O-H];C15H10O6;7.94948e-4;2.977000;267.029897;2 out of 5
267.030692;267.030692;Norartocarpetin;[M-H2O-H];C15H10O6;7.94948e-4;2.977000;267.029897;2 out of 5
267.030692;267.030692;2'-Hydroxygenistein;[M-H2O-H];C15H10O6;7.94948e-4;2.977000;267.029897;2 out of 5
267.030692;267.030692;Cernuine;[M-H2O-H];C15H10O6;7.94948e-4;2.977000;267.029897;2 out of 5
267.030692;267.030692;Citreorosein;[M-H2O-H];C15H10O6;7.94948e-4;2.977000;267.029897;2 out of 5
267.030692;267.030692;3'-Hydroxygenistein;[M-H2O-H];C15H10O6;7.94948e-4;2.977000;267.029897;2 out of 5
267.030692;267.030692;"5,6,7,4'-Tetrahydroxyisoflavone";[M-H2O-H];C15H10O6;7.94948e-4;2.977000;267.029897;2 out of 5
267.030692;267.030692;"7,8,3',4'-Tetrahydroxyisoflavone";[M-H2O-H];C15H10O6;7.94948e-4;2.977000;267.029897;2 out of 5
267.030692;267.030692;8-Hydroxygenistein;[M-H2O-H];C15H10O6;7.94948e-4;2.977000;267.029897;2 out of 5
267.037271;267.037271;Imirestat;[M-H2O-H];C15H8F2N2O2;-2.71832e-4;-1.017954;267.037543;1 out of 5
267.037271;267.037271;"9-(6-Oxo-1H-purin-9-yl)-3H-purine-2,6-dione";[M-H2O-H];C10H6N8O3;-1.17409e-3;-4.396689;267.038445;1 out of 5
268.024510;268.024510;(±)-Mephosfolan;[M-H];C8H16NO3PS2;8.65725e-4;3.230032;268.023644;1 out of 5
268.024510;268.024510;Coumarin-3-carboxylic acid succinimidyl ester;[M-H2O-H];C14H9NO6;-6.36014e-4;-2.372964;268.025146;2 out of 5
268.030862;268.030862;Nitrobenzylmercaptopurine;[M-H2O-H];C12H9N5O2S;1.00728e-3;3.758074;268.029855;1 out of 5
268.960013;268.960013;Calcium galactarate;[M+Na-H2];C6H8CaO8;8.37900e-4;3.115343;268.959175;1 out of 5
269.024547;269.024547;"Pyrido(3,4-d)pyridazine-1,4-dione, 8-amino-5-chloro-2,3-dihydro-7-phenyl-";[M-H2O-H];C13H9ClN4O2;9.84800e-4;3.660646;269.023562;2 out of 5
269.024547;269.024547;Ritipenem;[M-H2O-H];C10H12N2O6S;7.80712e-4;2.902019;269.023766;3 out of 5
269.024547;269.024547;4-Chloro-N-(1-pyridin-4-ylethyl)aniline;[M+K-H2];C13H13ClN2;-7.84100e-4;-2.914595;269.025331;1 out of 5
269.024547;269.024547;"8-Quinolinol, 5,7-dichloro-2-((dimethylamino)methyl)-";[M-H];C12H12Cl2N2O;-8.44400e-4;-3.138737;269.025391;2 out of 5
269.024547;269.024547;Sodium glucoheptonate;[M+Na-H2];C7H13NaO8;-9.32067e-4;-3.464605;269.025479;1 out of 5
269.024547;269.024547;Camphorsulfonic acid;[M+K-H2];C10H16O4S;-9.88169e-4;-3.673142;269.025535;1 out of 5
269.034286;269.034286;"Indolo[2,1-b]quinazoline-6,12-dione";[M+Na-H2];C15H8N2O2;1.04149e-3;3.871246;269.033245;1 out of 5
269.034286;269.034286;Nalidixic Acid;[M+K-H2];C12H12N2O3;8.88740e-4;3.303456;269.033397;1 out of 5
269.034286;269.034286;Phenobarbital;[M+K-H2];C12H12N2O3;8.88740e-4;3.303456;269.033397;1 out of 5
269.034286;269.034286;Indole-3-acetylglycine;[M+K-H2];C12H12N2O3;8.88740e-4;3.303456;269.033397;1 out of 5
269.034286;269.034286;Dazoxiben;[M+K-H2];C12H12N2O3;8.88740e-4;3.303456;269.033397;1 out of 5
270.027963;270.027963;"4-(3-Pyridin-2-yl-[1,2,4]oxadiazol-5-yl)-butyric acid";[M+K-H2];C11H11N3O3;-6.83226e-4;-2.530198;270.028646;1 out of 5
271.004066;271.004066;Bisphenol S;[M+Na-H2];C12H10O4S;-5.80976e-4;-2.143786;271.004647;1 out of 5
271.004066;271.004066;Diphenyl sulfate;[M+Na-H2];C12H10O4S;-5.80976e-4;-2.143786;271.004647;1 out of 5
272.088723;272.088723;Glutamine-glutamate;[M-H2O-H];C10H17N3O7;-8.58990e-5;-0.315702;272.088809;1 out of 5
272.991444;272.991444;Glucuronic acid sulfate;[M-H];C6H10O10S;-7.46696e-4;-2.735228;272.992191;1 out of 5
272.991444;272.991444;Iduronate 2-sulfate;[M-H];C6H10O10S;-7.46696e-4;-2.735228;272.992191;1 out of 5
272.991444;272.991444;"(2S,3S,4S,5R)-3,4,5-Trihydroxy-6-sulfooxyoxane-2-carboxylic acid";[M-H];C6H10O10S;-7.46696e-4;-2.735228;272.992191;1 out of 5
272.991444;272.991444;Brassinin;[M+K-H2];C11H12N2S2;-1.35077e-3;-4.948021;272.992795;1 out of 5
273.003286;273.003286;5-Hydroxy-3-[(5-nitrofuran-2-yl)methylideneamino]-1H-imidazol-2-one;[M+Cl];C8H6N4O5;6.56910e-5;0.240624;273.003220;1 out of 5
273.003286;273.003286;Nitrofurantoin;[M+Cl];C8H6N4O5;6.56780e-5;0.240576;273.003220;1 out of 5
273.003286;273.003286;Brevifolincarboxylic acid;[M-H2O-H];C13H8O8;-7.90232e-4;-2.894579;273.004076;2 out of 5
273.033947;273.033947;"(5R,6S)-6-[(1R)-1-Hydroxyethyl]-7-oxo-3-pyridin-3-yl-4-thia-1-azabicyclo[3.2.0]hept-2-ene-2-carboxylic acid";[M-H2O-H];C13H12N2O4S;9.95200e-6;0.036450;273.033937;3 out of 5
273.033947;273.033947;Cysteinyl-Methionine;[M+Na-H2];C8H16N2O3S2;-9.53768e-4;-3.493209;273.034901;2 out of 5
273.033947;273.033947;Methionyl-Cysteine;[M+Na-H2];C8H16N2O3S2;-9.53768e-4;-3.493209;273.034901;2 out of 5
273.043501;273.043501;Nafimidone;[M+K-H2];C15H12N2O;-6.70140e-5;-0.245433;273.043568;1 out of 5
273.043501;273.043501;Carbamazepine;[M+K-H2];C15H12N2O;-6.70160e-5;-0.245441;273.043568;1 out of 5
273.043501;273.043501;Glycosminine;[M+K-H2];C15H12N2O;-6.70160e-5;-0.245441;273.043568;1 out of 5
273.043501;273.043501;Acridonecarboxamide;[M+Cl];C14H10N2O2;-1.27570e-4;-0.467215;273.043629;1 out of 5
273.043501;273.043501;S-methylazathioprine;[M-H2O-H];C10H10N7O2S;-3.26289e-4;-1.195006;273.043827;3 out of 5
273.043501;273.043501;4-Hydroxy-5-(phenyl)-valeric acid-O-sulphate;[M-H];C11H14O6S;-3.30870e-4;-1.211783;273.043832;2 out of 5
274.046764;274.046764;Nifuroxazide;[M-H];C12H9N3O5;-1.79402e-4;-0.654640;274.046943;2 out of 5
274.056869;274.056869;"3'-AZIDO-2',3'-DIDEOXYURIDINE";[M+Na-H2];C9H11N5O4;1.09815e-3;4.007017;274.055771;1 out of 5
274.056869;274.056869;Dioxolane guanosine;[M+Na-H2];C9H11N5O4;1.09815e-3;4.007017;274.055771;1 out of 5
274.056869;274.056869;Novuridine;[M+Na-H2];C9H11N5O4;1.09815e-3;4.007017;274.055771;1 out of 5
274.056869;274.056869;L-Threoneopterin;[M+Na-H2];C9H11N5O4;1.09814e-3;4.006976;274.055771;1 out of 5
274.056869;274.056869;Neopterin;[M+Na-H2];C9H11N5O4;1.09814e-3;4.006976;274.055771;1 out of 5
274.056869;274.056869;Umanopterin;[M+Na-H2];C9H11N5O4;1.09814e-3;4.006976;274.055771;1 out of 5
274.056869;274.056869;Hydroxysepiapterin;[M+Na-H2];C9H11N5O4;1.09814e-3;4.006976;274.055771;1 out of 5
274.056869;274.056869;D-erythro-Eritadenine;[M+Na-H2];C9H11N5O4;1.09814e-3;4.006976;274.055771;1 out of 5
274.104519;274.104519;Glutaminylglutamic acid;[M-H];C10H17N3O6;6.07210e-5;0.221525;274.104458;1 out of 5
274.104519;274.104519;Glutamylglutamine;[M-H];C10H17N3O6;6.07210e-5;0.221525;274.104458;1 out of 5
274.104519;274.104519;Glutamyl-Gamma-glutamate;[M-H];C10H17N3O6;6.07210e-5;0.221525;274.104458;1 out of 5
274.104519;274.104519;N-gamma-Glutamylglutamine;[M-H];C10H17N3O6;6.07210e-5;0.221525;274.104458;1 out of 5
274.104519;274.104519;Norophthalmic acid;[M-H];C10H17N3O6;6.07090e-5;0.221481;274.104458;1 out of 5
274.104519;274.104519;N2-gamma-Glutamylglutamine;[M-H];C10H17N3O6;6.07090e-5;0.221481;274.104458;1 out of 5
274.988512;274.988512;6-(2-amino-2-carboxyethyl)-4-hydroxybenzothiazole;[M+K-H2];C10H10N2O3S;-1.30636e-3;-4.750590;274.989818;1 out of 5
275.001207;275.001207;1-Propenyl 1-(propylsulfinyl)propyl disulfide;[M+K-H2];C9H18OS3;6.24732e-4;2.271748;275.000582;1 out of 5
275.001207;275.001207;1-(1-Propenylsulfinyl)propyl propyl disulfide;[M+K-H2];C9H18OS3;6.24732e-4;2.271748;275.000582;1 out of 5
275.001207;275.001207;1-(2-Propenylsulfinyl)propyl propyl disulfide;[M+K-H2];C9H18OS3;6.24732e-4;2.271748;275.000582;1 out of 5
275.001207;275.001207;2-Propenyl 1-(propylsulfinyl)propyl disulfide;[M+K-H2];C9H18OS3;6.24732e-4;2.271748;275.000582;1 out of 5
275.901342;275.901342;TRICLOPYR;[M+Na-H2];C7H4Cl3NO3;9.98880e-4;3.620438;275.900343;1 out of 5
276.988566;276.988566;4-Methylumbelliferyl phosphate;[M+Na-H2];C10H9O6P;2.24468e-4;0.810388;276.988342;1 out of 5
276.988566;276.988566;"1H-2-Benzopyran-7-carboxylic acid, 5-chloro-3,4-dihydro-8-hydroxy-3-methyl-1-oxo-";[M+Na-H2];C11H9ClO5;4.79000e-5;0.172931;276.988518;1 out of 5
276.988566;276.988566;Inositol cyclic phosphate;[M+Cl];C6H11O8P;1.11600e-5;0.040290;276.988555;2 out of 5
276.988566;276.988566;Phosphohexose;[M+Cl];C6H11O8P;1.06880e-5;0.038586;276.988555;2 out of 5
276.988566;276.988566;"(6S,7R)-2,6,7,8-Tetrahydroxy-2-oxo-1,3,2lambda5-dioxaphosphonan-5-one";[M+Cl];C6H11O8P;1.06880e-5;0.038586;276.988555;2 out of 5
276.988566;276.988566;beta-L-fucose 1-phosphate;[M+Cl];C6H11O8P;-1.08647e-3;-3.922428;276.989652;2 out of 5
282.028872;282.028872;2-Hydroxy-4-(3-azidomethylphenyl)-4-oxo-2-butenoic acid;[M+Cl];C11H9N3O4;1.65218e-4;0.585820;282.028707;1 out of 5
282.028872;282.028872;N-Acetylgalactosamine 4-sulphate;[M-H2O-H];C8H15NO9S;-3.87730e-5;-0.137479;282.028911;2 out of 5
282.028872;282.028872;N-Acetylglucosamine 6-sulfate;[M-H2O-H];C8H15NO9S;-3.87730e-5;-0.137479;282.028911;2 out of 5
282.028872;282.028872;N-Acetylgalactosamine 6-sulfate;[M-H2O-H];C8H15NO9S;-3.87730e-5;-0.137479;282.028911;2 out of 5
282.028872;282.028872;2-(Acetylamino)-2-Deoxy-6-O-Sulfo-alpha-D-Glucopyranose;[M-H2O-H];C8H15NO9S;-3.92410e-5;-0.139138;282.028911;2 out of 5
282.028872;282.028872;5-Fluoro-2'-deoxycytidine;[M+K-H2];C9H12FN3O4;-9.17041e-4;-3.251575;282.029789;1 out of 5
282.028872;282.028872;2'-Deoxy-2'-fluorocytidine;[M+K-H2];C9H12FN3O4;-9.17041e-4;-3.251575;282.029789;1 out of 5
282.028872;282.028872;5-DFCR (Deoxy-5-fluorocytidine);[M+K-H2];C9H12FN3O4;-9.17041e-4;-3.251575;282.029789;1 out of 5
282.028872;282.028872;5'-Deoxy-5-fluorocytidine;[M+K-H2];C9H12FN3O4;-9.17092e-4;-3.251756;282.029789;1 out of 5
282.028872;282.028872;Fluoroazomycin arabinoside;[M+Cl];C8H10FN3O5;-9.77597e-4;-3.466289;282.029850;1 out of 5
283.108728;283.108728;Isoleucyl-Methionine;[M+Na-H2];C11H22N2O3S;-1.05227e-3;-3.716827;283.109780;1 out of 5
283.108728;283.108728;Leucyl-Methionine;[M+Na-H2];C11H22N2O3S;-1.05227e-3;-3.716827;283.109780;1 out of 5
283.108728;283.108728;Methionyl-Isoleucine;[M+Na-H2];C11H22N2O3S;-1.05227e-3;-3.716827;283.109780;1 out of 5
283.108728;283.108728;Methionyl-Leucine;[M+Na-H2];C11H22N2O3S;-1.05227e-3;-3.716827;283.109780;1 out of 5
287.012383;287.012383;"N,N'-Dichloro-N,N'-diphenylmethanediamine";[M+Na-H2];C13H12Cl2N2;-3.78000e-5;-0.131702;287.012421;4 out of 5
287.012383;287.012383;"4,4'-Methylenebis(2-chloroaniline)";[M+Na-H2];C13H12Cl2N2;-3.78080e-5;-0.131729;287.012421;4 out of 5
288.015858;288.015858;"Guanidine, (4-chloro-3-methoxy-1-oxo-1H-2-benzopyran-7-yl)-";[M+Na-H2];C11H10ClN3O3;1.22100e-4;0.423935;288.015736;3 out of 5
289.009462;289.009462;(-)-Dioxibrassinin;[M+Na-H2];C11H12N2O2S2;7.75982e-4;2.684978;289.008686;4 out of 5
289.009462;289.009462;Cysteinyl-Methionine;[M+K-H2];C8H16N2O3S2;6.23232e-4;2.156446;289.008839;2 out of 5
289.009462;289.009462;Methionyl-Cysteine;[M+K-H2];C8H16N2O3S2;6.23232e-4;2.156446;289.008839;2 out of 5
289.009462;289.009462;Djenkolic acid;[M+Cl];C7H14N2O4S2;5.62674e-4;1.946909;289.008899;1 out of 5
289.009462;289.009462;2-Amino-4-[(2-amino-2-carboxyethyl)disulfanyl]butanoic acid;[M+Cl];C7H14N2O4S2;5.61713e-4;1.943584;289.008900;1 out of 5
289.028837;289.028837;Methyl 3-[(diethoxyphosphorothioyl)oxy]but-2-enoate;[M+Na-H2];C9H17O5PS;7.38181e-4;2.554011;289.028099;1 out of 5
289.028837;289.028837;Nimesulide;[M-H2O-H];C13H12N2O5S;-1.41940e-5;-0.049109;289.028851;2 out of 5
289.028837;289.028837;DL-Homocystine;[M+Na-H2];C8H16N2O4S2;-9.78390e-4;-3.385083;289.029815;1 out of 5
289.028837;289.028837;L-Homocystine;[M+Na-H2];C8H16N2O4S2;-9.78390e-4;-3.385083;289.029815;1 out of 5
289.028837;289.028837;Dimethyl cystine;[M+Na-H2];C8H16N2O4S2;-9.79351e-4;-3.388408;289.029816;1 out of 5
289.028837;289.028837;Ethylenedicysteine;[M+Na-H2];C8H16N2O4S2;-9.79351e-4;-3.388408;289.029816;1 out of 5
289.028837;289.028837;Penicillamine cysteine disulfide;[M+Na-H2];C8H16N2O4S2;-9.79351e-4;-3.388408;289.029816;1 out of 5
290.012748;290.012748;Thiamethoxam;[M-H];C8H10ClN5O3S;7.36900e-4;2.540929;290.012011;2 out of 5
290.088105;290.088105;Asparaginylhistidine;[M+Na-H2];C10H15N5O4;1.03402e-3;3.564506;290.087071;1 out of 5
290.088105;290.088105;Histidylasparagine;[M+Na-H2];C10H15N5O4;1.03402e-3;3.564506;290.087071;1 out of 5
290.088105;290.088105;"7,8-Dihydro-2'-deoxyguanosine";[M+Na-H2];C10H15N5O4;1.03402e-3;3.564506;290.087071;1 out of 5
290.088105;290.088105;Histidinyl-Asparagine;[M+Na-H2];C10H15N5O4;1.03401e-3;3.564471;290.087071;1 out of 5
290.088105;290.088105;"2-Deoxy-2,3-dehydro-n-acetyl-neuraminic acid";[M-H];C11H17NO8;-3.45110e-5;-0.118967;290.088140;2 out of 5
290.088105;290.088105;3h-Sialic acid;[M-H2O-H];C11H19NO9;-3.51960e-5;-0.121329;290.088140;2 out of 5
290.088105;290.088105;Glucose-6-glutamate;[M-H2O-H];C11H19NO9;-3.51960e-5;-0.121329;290.088140;2 out of 5
290.088105;290.088105;9-O-Acetylneuraminic acid;[M-H2O-H];C11H19NO9;-3.51960e-5;-0.121329;290.088140;2 out of 5
290.088105;290.088105;Aceneuramic acid;[M-H2O-H];C11H19NO9;-3.51960e-5;-0.121329;290.088140;2 out of 5
290.088105;290.088105;N-Acetylneuraminic acid;[M-H2O-H];C11H19NO9;-3.52110e-5;-0.121380;290.088140;2 out of 5
290.088105;290.088105;N-Acetyl-a-neuraminic acid;[M-H2O-H];C11H19NO9;-3.52110e-5;-0.121380;290.088140;2 out of 5
290.088105;290.088105;"1,N6-Ethenoadenosine";[M-H];C12H13N5O4;-1.37192e-3;-4.729296;290.089477;2 out of 5
290.088105;290.088105;Carprazidil;[M-H];C12H13N5O4;-1.37192e-3;-4.729296;290.089477;2 out of 5
290.088105;290.088105;Ethenoadenosine;[M-H];C12H13N5O4;-1.37192e-3;-4.729296;290.089477;2 out of 5
291.006419;291.006419;5-L-Glutamyl-taurine;[M+K-H2];C7H14N2O6S;5.57120e-4;1.914463;291.005862;1 out of 5
291.006419;291.006419;Daidzein;[M+K-H2];C15H10O4;-9.48020e-5;-0.325773;291.006514;1 out of 5
291.006419;291.006419;"7,8-Dihydroxyflavone";[M+K-H2];C15H10O4;-9.48020e-5;-0.325773;291.006514;1 out of 5
291.006419;291.006419;Rubiadin;[M+K-H2];C15H10O4;-9.48020e-5;-0.325773;291.006514;1 out of 5
291.006419;291.006419;Xanthenone-4-acetic acid;[M+K-H2];C15H10O4;-9.48020e-5;-0.325773;291.006514;1 out of 5
291.006419;291.006419;Chrysophanol;[M+K-H2];C15H10O4;-9.48080e-5;-0.325793;291.006514;1 out of 5
291.006419;291.006419;"5,7-Dihydroxyisoflavone";[M+K-H2];C15H10O4;-9.48080e-5;-0.325793;291.006514;1 out of 5
291.006419;291.006419;Phomarin;[M+K-H2];C15H10O4;-9.48080e-5;-0.325793;291.006514;1 out of 5
291.006419;291.006419;"(Z)-4',6-Dihydroxyaurone";[M+K-H2];C15H10O4;-9.48080e-5;-0.325793;291.006514;1 out of 5
291.006419;291.006419;"5,7-Dihydroxyflavone";[M+K-H2];C15H10O4;-9.48080e-5;-0.325793;291.006514;1 out of 5
291.006419;291.006419;"7,4'-Dihydroxyflavone";[M+K-H2];C15H10O4;-9.48080e-5;-0.325793;291.006514;1 out of 5
291.006419;291.006419;Anhydroglycinol;[M+K-H2];C15H10O4;-9.48080e-5;-0.325793;291.006514;1 out of 5
291.006419;291.006419;PURPURIN;[M+Cl];C14H8O5;-1.55358e-4;-0.533864;291.006574;1 out of 5
291.006419;291.006419;"O-Ethyl S,S-diphenyl phosphorodithioate";[M-H2O-H];C14H15O2PS2;-8.47616e-4;-2.912697;291.007267;1 out of 5
291.006419;291.006419;"8-Quinolinol, 5,7-dichloro-2-((dimethylamino)methyl)-";[M+Na-H2];C12H12Cl2N2O;-9.16400e-4;-3.149062;291.007335;2 out of 5
291.006419;291.006419;Carboxyphosphamide;[M-H];C7H15Cl2N2O4P;-9.52904e-4;-3.274501;291.007372;3 out of 5
291.006419;291.006419;Carboxyifosfamide;[M-H];C7H15Cl2N2O4P;-9.52904e-4;-3.274501;291.007372;3 out of 5
291.006419;291.006419;4-Hydroperoxycyclophosphamide;[M-H];C7H15Cl2N2O4P;-9.53400e-4;-3.276206;291.007372;3 out of 5
291.044406;291.044406;Clofop;[M-H];C15H13ClO4;1.44640e-3;4.969713;291.042960;2 out of 5
291.044406;291.044406;Chlorosesamone;[M-H];C15H13ClO4;1.44639e-3;4.969675;291.042960;2 out of 5
291.044406;291.044406;"2-Propenoic acid, 3-(3,4-dihydroxyphenyl)-, phenyl ester";[M+Cl];C15H12O4;1.44613e-3;4.968799;291.042960;1 out of 5
291.044406;291.044406;Hydrangeic acid;[M+Cl];C15H12O4;1.44613e-3;4.968799;291.042960;1 out of 5
291.044406;291.044406;Liquiritin rhamnoside;[M+Cl];C15H12O4;1.44613e-3;4.968799;291.042960;1 out of 5
291.044406;291.044406;Dihydrodaidzein;[M+Cl];C15H12O4;1.44613e-3;4.968778;291.042960;1 out of 5
291.044406;291.044406;"(E)-2,4,4'-Trihydroxychalcone";[M+Cl];C15H12O4;1.44613e-3;4.968778;291.042960;1 out of 5
291.044406;291.044406;Liquiritigenin;[M+Cl];C15H12O4;1.44613e-3;4.968778;291.042960;1 out of 5
291.044406;291.044406;Pinocembrin;[M+Cl];C15H12O4;1.44613e-3;4.968778;291.042960;1 out of 5
291.044406;291.044406;4'-Methoxybenzophenone-2-carboxylic acid;[M+Cl];C15H12O4;1.44613e-3;4.968778;291.042960;1 out of 5
291.044406;291.044406;7E-Mycosinyl acetate;[M+Cl];C15H12O4;1.44613e-3;4.968778;291.042960;1 out of 5
291.044406;291.044406;Emodinanthranol;[M+Cl];C15H12O4;1.44613e-3;4.968778;291.042960;1 out of 5
291.044406;291.044406;Isoliquiritigenin;[M+Cl];C15H12O4;1.44613e-3;4.968778;291.042960;1 out of 5
291.044406;291.044406;2-Dehydro-O-desmethylangolensin;[M+Cl];C15H12O4;1.44613e-3;4.968778;291.042960;1 out of 5
291.044406;291.044406;Mono-benzyl phthalate;[M+Cl];C15H12O4;1.44613e-3;4.968778;291.042960;1 out of 5
291.044406;291.044406;1-Oxoestazolam;[M-H2O-H];C16H11ClN4O;1.08300e-4;0.372108;291.044298;1 out of 5
291.044406;291.044406;4-Hydroxy-estazolam;[M-H2O-H];C16H11ClN4O;1.08299e-4;0.372105;291.044298;1 out of 5
291.044406;291.044406;"(5R,6S)-6-[(1R)-1-Hydroxyethyl]-7-oxo-3-pyridin-3-yl-4-thia-1-azabicyclo[3.2.0]hept-2-ene-2-carboxylic acid";[M-H];C13H12N2O4S;-9.50480e-5;-0.326575;291.044501;3 out of 5
291.053958;291.053958;"7H-Benzimidazo(2,1-a)benz(de)isoquinolin-7-one";[M+Na-H2];C18H10N2O;-2.19500e-5;-0.075416;291.053980;1 out of 5
291.053958;291.053958;3-Deoxypentosone;[M+K-H2];C15H14N2O2;-1.74699e-4;-0.600229;291.054133;1 out of 5
291.053958;291.053958;9-Fluorenylmethyl carbazate;[M+K-H2];C15H14N2O2;-1.74699e-4;-0.600229;291.054133;1 out of 5
291.053958;291.053958;9-Hydroxymethyl-10-carbamoylacridan;[M+K-H2];C15H14N2O2;-1.74699e-4;-0.600229;291.054133;1 out of 5
291.053958;291.053958;Nepafenac;[M+K-H2];C15H14N2O2;-1.74702e-4;-0.600239;291.054133;1 out of 5
291.053958;291.053958;10-Hydroxycarbazepine;[M+K-H2];C15H14N2O2;-1.74702e-4;-0.600239;291.054133;1 out of 5
291.053958;291.053958;(R)-MHD;[M+K-H2];C15H14N2O2;-1.74702e-4;-0.600239;291.054133;1 out of 5
291.053958;291.053958;(S)-MHD;[M+K-H2];C15H14N2O2;-1.74702e-4;-0.600239;291.054133;1 out of 5
291.053958;291.053958;S-methylazathioprine;[M-H];C10H10N7O2S;-4.33289e-4;-1.488687;291.054391;3 out of 5
292.049434;292.049434;5-Dimethylamiloride;[M+Cl];C8H12ClN7O;8.47300e-4;2.901230;292.048587;2 out of 5
292.049434;292.049434;"6-(4-Methoxyphenyl)-2-methyl-7H-imidazo[1,2-a]pyrazin-3-one";[M+K-H2];C14H13N3O2;5.23290e-5;0.179179;292.049382;1 out of 5
292.049434;292.049434;Tezacitabine;[M+Cl];C10H12FN3O4;-1.15104e-3;-3.941238;292.050585;2 out of 5
292.057413;292.057413;(S)-5-[(4-Amino-4-carboxy-1-oxobutyl)amino]-2-nitrobenzoic acid;[M-H2O-H];C12H13N3O7;-9.57710e-5;-0.327918;292.057509;1 out of 5
293.179236;293.179236;Sodium Tetradecyl Sulfate;[M-H];C14H30O4S;3.28620e-5;0.112088;293.179203;1 out of 5
294.046439;294.046439;BEMESETRON;[M-H2O-H];C15H17Cl2NO2;6.45800e-4;2.196257;294.045793;1 out of 5
294.046439;294.046439;Triazophos;[M-H2O-H];C12H16N3O3PS;-7.19559e-4;-2.447087;294.047159;1 out of 5
294.046439;294.046439;5-(1H-Indol-3-ylmethyl)-3-methyl-2-thioxo-4-Imidazolidinone;[M+Cl];C13H13N3OS;-8.95225e-4;-3.044493;294.047334;1 out of 5
294.999058;294.999058;Fructose 6-phosphate;[M+Cl];C6H13O9P;-6.15260e-5;-0.208563;294.999120;3 out of 5
294.999058;294.999058;Galactose 1-phosphate;[M+Cl];C6H13O9P;-6.15260e-5;-0.208563;294.999120;3 out of 5
294.999058;294.999058;Dolichyl phosphate D-mannose;[M+Cl];C6H13O9P;-6.15260e-5;-0.208563;294.999120;3 out of 5
294.999058;294.999058;Fructose 1-phosphate;[M+Cl];C6H13O9P;-6.15260e-5;-0.208563;294.999120;3 out of 5
294.999058;294.999058;Mannose 6-phosphate;[M+Cl];C6H13O9P;-6.15260e-5;-0.208563;294.999120;3 out of 5
294.999058;294.999058;D-myo-Inositol 4-phosphate;[M+Cl];C6H13O9P;-6.15260e-5;-0.208563;294.999120;3 out of 5
294.999058;294.999058;Glucose 6-phosphate;[M+Cl];C6H13O9P;-6.15260e-5;-0.208563;294.999120;3 out of 5
294.999058;294.999058;Glucose 1-phosphate;[M+Cl];C6H13O9P;-6.15260e-5;-0.208563;294.999120;3 out of 5
294.999058;294.999058;myo-Inositol 6-phosphate;[M+Cl];C6H13O9P;-6.15260e-5;-0.208563;294.999120;3 out of 5
294.999058;294.999058;beta-D-Glucose 6-phosphate;[M+Cl];C6H13O9P;-6.15260e-5;-0.208563;294.999120;3 out of 5
294.999058;294.999058;Beta-D-Fructose 6-phosphate;[M+Cl];C6H13O9P;-6.15260e-5;-0.208563;294.999120;3 out of 5
294.999058;294.999058;D-Tagatose 1-phosphate;[M+Cl];C6H13O9P;-6.15260e-5;-0.208563;294.999120;3 out of 5
294.999058;294.999058;D-Mannose 1-phosphate;[M+Cl];C6H13O9P;-6.15260e-5;-0.208563;294.999120;3 out of 5
294.999058;294.999058;Sorbose 1-phosphate;[M+Cl];C6H13O9P;-6.15260e-5;-0.208563;294.999120;3 out of 5
294.999058;294.999058;Beta-D-Fructose 2-phosphate;[M+Cl];C6H13O9P;-6.15260e-5;-0.208563;294.999120;3 out of 5
294.999058;294.999058;D-myo-Inositol 3-phosphate;[M+Cl];C6H13O9P;-6.15260e-5;-0.208563;294.999120;3 out of 5
294.999058;294.999058;D-Tagatose 6-phosphate;[M+Cl];C6H13O9P;-6.15260e-5;-0.208563;294.999120;3 out of 5
294.999058;294.999058;D-fructose 1-phosphate;[M+Cl];C6H13O9P;-6.15260e-5;-0.208563;294.999120;3 out of 5
294.999058;294.999058;"(3S,4R)-Ketose 1-phosphate";[M+Cl];C6H13O9P;-6.15260e-5;-0.208563;294.999120;3 out of 5
294.999058;294.999058;"[(2R,3R,4S,5S)-3,4,5,6-Tetrahydroxyoxan-2-yl]methyl dihydrogen phosphate";[M+Cl];C6H13O9P;-6.15260e-5;-0.208563;294.999120;3 out of 5
294.999058;294.999058;beta-D-Glucose 1-phosphate;[M+Cl];C6H13O9P;-6.15260e-5;-0.208563;294.999120;3 out of 5
294.999058;294.999058;D-mannose 6-phosphate;[M+Cl];C6H13O9P;-6.15260e-5;-0.208563;294.999120;3 out of 5
294.999058;294.999058;myo-Inositol 1-phosphate;[M+Cl];C6H13O9P;-6.19970e-5;-0.210160;294.999120;3 out of 5
294.999058;294.999058;"(2,3,4,5,6-Pentahydroxycyclohexyl) dihydrogen phosphate";[M+Cl];C6H13O9P;-6.19970e-5;-0.210160;294.999120;3 out of 5
294.999058;294.999058;"(2R,3R,4S,5R)-2,3,4,5-Tetrahydroxy-6-oxohexyl dihydrogen phosphate";[M+Cl];C6H13O9P;-6.19970e-5;-0.210160;294.999120;3 out of 5
294.999058;294.999058;beta-D-Fructopyranose 1-phosphate;[M+Cl];C6H13O9P;-6.19970e-5;-0.210160;294.999120;3 out of 5
294.999058;294.999058;D-Glucose 2-phosphate;[M+Cl];C6H13O9P;-6.19970e-5;-0.210160;294.999120;3 out of 5
294.999058;294.999058;Fructose 3-phosphate;[M+Cl];C6H13O9P;-6.19970e-5;-0.210160;294.999120;3 out of 5
294.999058;294.999058;Fructose-6-Phosphate (closed form);[M+Cl];C6H13O9P;-6.19970e-5;-0.210160;294.999120;3 out of 5
296.996162;296.996162;"(2R,3R,4S,5R)-5-Fluoro-2,3,4-trihydroxy-6-oxohexyl dihydrogen phosphate";[M+Cl];C6H12FO8P;1.37849e-3;4.641472;296.994784;1 out of 5
296.996162;296.996162;3-Thiacytidine;[M+K-H2];C9H12N2O5S;8.64332e-4;2.910255;296.995298;1 out of 5
296.996162;296.996162;4-Thiouridine;[M+K-H2];C9H12N2O5S;8.64332e-4;2.910255;296.995298;1 out of 5
296.996162;296.996162;TIAZOFURIN;[M+K-H2];C9H12N2O5S;8.64332e-4;2.910255;296.995298;1 out of 5
296.996162;296.996162;Pentaerythritol tetranitrate;[M-H2O-H];C5H8N4O12;1.31260e-4;0.441959;296.996031;1 out of 5
297.038103;297.038103;O-Demethylfonsecin;[M+Na-H2];C14H12O6;4.78840e-5;0.161205;297.038055;1 out of 5
297.038103;297.038103;3-Furanmethanol glucoside;[M+K-H2];C11H16O7;-1.04866e-4;-0.353039;297.038208;1 out of 5
297.038103;297.038103;Benznidazole;[M+K-H2];C12H12N4O3;-1.44226e-3;-4.855455;297.039545;1 out of 5
297.038103;297.038103;Furafylline;[M+K-H2];C12H12N4O3;-1.44226e-3;-4.855455;297.039545;1 out of 5
298.069883;298.069883;D-4'-Phosphopantothenate;[M-H];C9H18NO8P;1.56931e-4;0.526491;298.069726;1 out of 5
298.069883;298.069883;alpha-Cephalin;[M-H];C9H18NO8P;1.56458e-4;0.524904;298.069727;1 out of 5
298.069883;298.069883;Succinylcarnitine;[M+K-H2];C11H19NO6;4.06640e-5;0.136424;298.069842;1 out of 5
298.069883;298.069883;O-methylmalonyl-L-carnitine;[M+K-H2];C11H19NO6;4.06640e-5;0.136424;298.069842;1 out of 5
298.069883;298.069883;O-Methylmalonylcarnitine;[M+K-H2];C11H19NO6;4.06640e-5;0.136424;298.069842;1 out of 5
298.069883;298.069883;5-[1-Carboxy-2-(trimethylazaniumyl)ethoxy]-5-oxopentanoate;[M+K-H2];C11H19NO6;4.06640e-5;0.136424;298.069842;1 out of 5
298.069883;298.069883;Lotaustralin;[M+K-H2];C11H19NO6;4.06550e-5;0.136394;298.069842;1 out of 5
298.069883;298.069883;Epidermin;[M+K-H2];C11H19NO6;4.06550e-5;0.136394;298.069842;1 out of 5
298.069883;298.069883;O-Succinylcarnitine;[M+K-H2];C11H19NO6;4.06550e-5;0.136394;298.069842;1 out of 5
298.069883;298.069883;Epiheterodendrin;[M+K-H2];C11H19NO6;4.06550e-5;0.136394;298.069842;1 out of 5
298.069883;298.069883;Salicylic acid 2-beta-D-glucoside;[M-H];C13H15O8;-8.10230e-5;-0.271825;298.069964;1 out of 5
298.069883;298.069883;Camelinin;[M+K-H2];C12H23NOS2;-8.27743e-4;-2.777002;298.070711;1 out of 5
298.069883;298.069883;Besifovir;[M-H];C10H14N5O4P;-1.18095e-3;-3.961971;298.071064;1 out of 5
298.069883;298.069883;Neplanocin A;[M+Cl];C11H13N5O3;-1.35730e-3;-4.553606;298.071240;1 out of 5
299.053722;299.053722;3-Hydroxy-4-butanolide;[M+Cl];C10H16O8;-1.96488e-4;-0.657032;299.053918;1 out of 5
299.053722;299.053722;3-Deazaneplanocin;[M+K-H2];C12H14N4O3;-1.47333e-3;-4.926606;299.055195;1 out of 5
299.123188;299.123188;Promazine 5-sulfoxide;[M-H];C17H20N2OS;8.31038e-4;2.778254;299.122357;1 out of 5
299.123188;299.123188;Promethazine sulfoxide;[M-H];C17H20N2OS;8.30554e-4;2.776636;299.122357;1 out of 5
300.039462;300.039462;Olaquindox;[M+K-H2];C12H13N3O4;2.51089e-4;0.836854;300.039211;1 out of 5
300.039462;300.039462;Isoniazid alpha-ketoglutaric acid;[M+Cl];C11H11N3O5;1.90523e-4;0.634994;300.039271;1 out of 5
300.039462;300.039462;N-Acetylgalactosamine 4-sulphate;[M-H];C8H15NO9S;-1.27730e-5;-0.042571;300.039475;2 out of 5
300.039462;300.039462;N-Acetylglucosamine 6-sulfate;[M-H];C8H15NO9S;-1.27730e-5;-0.042571;300.039475;2 out of 5
300.039462;300.039462;N-Acetylgalactosamine 6-sulfate;[M-H];C8H15NO9S;-1.27730e-5;-0.042571;300.039475;2 out of 5
300.039462;300.039462;2-(Acetylamino)-2-Deoxy-6-O-Sulfo-alpha-D-Glucopyranose;[M-H];C8H15NO9S;-1.32410e-5;-0.044131;300.039475;2 out of 5
300.039462;300.039462;"(2R,4S)-2-Aminoformyl-6-fluoro-spiro[chroman-4,4'-imidazolidine]-2',5'-dione";[M+Na-H2];C12H10FN3O4;-7.38977e-4;-2.462927;300.040201;1 out of 5
302.051727;302.051727;Diclofensine;[M-H2O-H];C17H17Cl2NO;8.48400e-4;2.808798;302.050879;3 out of 5
302.051727;302.051727;Beta-Citryl-L-glutamic acid;[M-H2O-H];C11H15NO10;-2.77050e-5;-0.091723;302.051755;3 out of 5
302.986411;302.986411;"N,N'-Dichloro-N,N'-diphenylmethanediamine";[M+K-H2];C13H12Cl2N2;5.22000e-5;0.172285;302.986359;4 out of 5
302.986411;302.986411;"4,4'-Methylenebis(2-chloroaniline)";[M+K-H2];C13H12Cl2N2;5.21920e-5;0.172259;302.986359;4 out of 5
304.983337;304.983337;(-)-Dioxibrassinin;[M+K-H2];C11H12N2O2S2;7.12982e-4;2.337779;304.982624;4 out of 5
306.029743;306.029743;"5-(4-Fluorophenyl)-3-(3-nitrophenyl)-1,2,4-oxadiazole";[M+Na-H2];C14H8FN3O3;1.06707e-4;0.348682;306.029636;1 out of 5
306.029743;306.029743;Pelargonidin;[M+Cl];C15H11O5;-3.06462e-4;-1.001411;306.030049;1 out of 5
306.029743;306.029743;Luteolinidin;[M+Cl];C15H11O5;-3.06462e-4;-1.001411;306.030049;1 out of 5
306.029743;306.029743;"(2R,3R)-pinobanksin";[M+Cl];C15H11O5;-8.55034e-4;-2.793949;306.030598;1 out of 5
306.029743;306.029743;p-coumaroyltriacetic acid lactone;[M+Cl];C15H11O5;-8.55034e-4;-2.793949;306.030598;1 out of 5
306.076435;306.076435;4-Aminophenylmannoside;[M+Cl];C12H17NO6;1.44673e-3;4.726714;306.074988;1 out of 5
306.076435;306.076435;Letrozole;[M+Na-H2];C17H11N5;3.22623e-4;1.054061;306.076112;1 out of 5
306.076435;306.076435;Endralazine;[M+K-H2];C14H15N5O;1.69877e-4;0.555015;306.076265;1 out of 5
306.076435;306.076435;zaprinast;[M+Cl];C13H13N5O2;1.09321e-4;0.357169;306.076326;1 out of 5
306.076435;306.076435;Glutathione;[M-H];C10H17N3O6S;-9.39810e-5;-0.307051;306.076529;3 out of 5
306.076435;306.076435;Glutathionate(1-);[M-H];C10H17N3O6S;-9.44530e-5;-0.308593;306.076529;3 out of 5
306.076435;306.076435;"Methyl 2-((3,4-dihydro-3,4-dioxo-1-naphthalenyl)amino)benzoate";[M-H];C18H13NO4;-7.45903e-4;-2.436977;306.077181;3 out of 5
306.076435;306.076435;Hallacridone;[M-H];C18H13NO4;-7.45909e-4;-2.436996;306.077181;3 out of 5
306.076435;306.076435;Aristolodione;[M-H];C18H13NO4;-7.45909e-4;-2.436996;306.077181;3 out of 5
306.076435;306.076435;Avenanthramide L;[M-H2O-H];C18H15NO5;-7.46595e-4;-2.439238;306.077182;1 out of 5
306.762132;306.762132;Hexachlorocyclopentadiene;[M+K-H2];C5Cl6;4.10758e-4;1.339013;306.761721;1 out of 5
307.070062;307.070062;Manitimus;[M-H];C15H11F3N2O2;7.69090e-5;0.250461;307.069985;2 out of 5
307.070062;307.070062;2-Cyano-3-oxo-N-[4-(trifluoromethyl)phenyl]hept-6-ynamide;[M-H];C15H11F3N2O2;7.69090e-5;0.250461;307.069985;2 out of 5
307.070062;307.070062;"3',4'-Dihydrodiol";[M+Na-H2];C15H14N2O4;3.80540e-5;0.123926;307.070024;1 out of 5
307.070062;307.070062;Phenytoin dihydrodiol;[M+Na-H2];C15H14N2O4;3.80540e-5;0.123926;307.070024;1 out of 5
307.070062;307.070062;Hypoglycin B;[M+K-H2];C12H18N2O5;-1.14696e-4;-0.373517;307.070177;1 out of 5
307.070062;307.070062;voxtalisib;[M+K-H2];C13H14N6O;-1.45209e-3;-4.728850;307.071514;1 out of 5
307.079849;307.079849;Clobenpropit;[M-H];C14H17ClN4S;8.80600e-4;2.867666;307.078968;1 out of 5
307.079849;307.079849;Gastrodin;[M+Na-H2];C13H18O7;-7.09200e-5;-0.230950;307.079920;1 out of 5
307.079849;307.079849;Salicin;[M+Na-H2];C13H18O7;-7.09300e-5;-0.230982;307.079920;1 out of 5
307.079849;307.079849;Isosalicin;[M+Na-H2];C13H18O7;-7.09300e-5;-0.230982;307.079920;1 out of 5
307.079849;307.079849;3-Hydroxybenzyl alcohol glucoside;[M+Na-H2];C13H18O7;-7.09300e-5;-0.230982;307.079920;1 out of 5
307.079849;307.079849;"3-Hydroxy-4,6-heptadiyne-1-yl 1-glucoside";[M+Na-H2];C13H18O7;-7.09300e-5;-0.230982;307.079920;1 out of 5
307.079849;307.079849;Methylarbutin;[M+Na-H2];C13H18O7;-7.09300e-5;-0.230982;307.079920;1 out of 5
307.079849;307.079849;N'-[(E)-[5-(Hydroxymethyl)-2-methyl-3-oxopyridin-4-ylidene]methyl]pyridine-4-carbohydrazide;[M+Na-H2];C14H14N4O3;-1.40833e-3;-4.586170;307.081257;1 out of 5
307.079849;307.079849;Avadomide;[M+Na-H2];C14H14N4O3;-1.40833e-3;-4.586170;307.081257;1 out of 5
307.079849;307.079849;4-(Nitrosomethylidene)-1-[[4-(nitrosomethylidene)pyridin-1-yl]methoxymethyl]pyridine;[M+Na-H2];C14H14N4O3;-1.40833e-3;-4.586170;307.081257;1 out of 5
307.079849;307.079849;N'-[(5-Formyl-3-hydroxy-2-methylpyridin-4-yl)methyl]pyridine-4-carbohydrazide;[M+Na-H2];C14H14N4O3;-1.40833e-3;-4.586170;307.081257;1 out of 5
307.098943;307.098943;"1,7-Bis(4-hydroxyphenyl)hepta-1,6-diene-3,5-dione";[M-H];C19H16O4;1.36101e-3;4.431832;307.097582;1 out of 5
307.098943;307.098943;Warfarin;[M-H];C19H16O4;1.36100e-3;4.431816;307.097582;1 out of 5
307.098943;307.098943;Bisdemethoxycurcumin;[M-H];C19H16O4;1.36100e-3;4.431816;307.097582;1 out of 5
307.098943;307.098943;Kanzonol U;[M-H];C19H16O4;1.36100e-3;4.431816;307.097582;1 out of 5
307.098943;307.098943;Moracin D;[M-H];C19H16O4;1.36100e-3;4.431816;307.097582;1 out of 5
307.098943;307.098943;Moracin E;[M-H];C19H16O4;1.36100e-3;4.431816;307.097582;1 out of 5
307.098943;307.098943;Moracin G;[M-H];C19H16O4;1.36100e-3;4.431816;307.097582;1 out of 5
307.098943;307.098943;"(1S,2R,3S)-2,3-Dihydro-4-(4-hydroxyphenyl)-1H-phenalene-1,2,3-triol";[M-H];C19H16O4;1.36100e-3;4.431816;307.097582;1 out of 5
307.098943;307.098943;Glyinflanin H;[M-H];C19H16O4;1.36100e-3;4.431816;307.097582;1 out of 5
307.098943;307.098943;"(1E,4E)-1,5-Bis(4-hydroxy-3-methoxyphenyl)penta-1,4-dien-3-one";[M-H2O-H];C19H18O5;1.36032e-3;4.429602;307.097583;1 out of 5
307.098943;307.098943;Aspirin eugenol ester;[M-H2O-H];C19H18O5;1.36032e-3;4.429602;307.097583;1 out of 5
307.098943;307.098943;"1,5-Dihydroxy-3-methoxy-2-prenylxanthone";[M-H2O-H];C19H18O5;1.36031e-3;4.429582;307.097583;1 out of 5
307.098943;307.098943;"1,7-Dihydroxy-3-methoxy-2-prenylxanthone";[M-H2O-H];C19H18O5;1.36031e-3;4.429582;307.097583;1 out of 5
307.098943;307.098943;"1,6-Dihydroxy-3-methoxy-2-prenylxanthone";[M-H2O-H];C19H18O5;1.36031e-3;4.429582;307.097583;1 out of 5
307.098943;307.098943;Egonol;[M-H2O-H];C19H18O5;1.36031e-3;4.429582;307.097583;1 out of 5
307.098943;307.098943;Moracin O;[M-H2O-H];C19H18O5;1.36031e-3;4.429582;307.097583;1 out of 5
307.098943;307.098943;Moracin P;[M-H2O-H];C19H18O5;1.36031e-3;4.429582;307.097583;1 out of 5
307.098943;307.098943;"1,5-Bis(4-hydroxy-3-methoxyphenyl)-1,4-pentadien-3-one";[M-H2O-H];C19H18O5;1.36031e-3;4.429582;307.097583;1 out of 5
307.098943;307.098943;omega-Hydroxymoracin N;[M-H2O-H];C19H18O5;1.36031e-3;4.429582;307.097583;1 out of 5
307.098943;307.098943;ZOLAZEPAM;[M+Na-H2];C15H15FN4O;1.28672e-3;4.189931;307.097656;1 out of 5
307.098943;307.098943;Bilineal;[M-H2O-H];C20H14N4O;2.29130e-5;0.074611;307.098920;1 out of 5
308.065540;308.065540;Ranimustine;[M-H2O-H];C10H18ClN3O7;5.34000e-5;0.173340;308.065487;1 out of 5
308.073323;308.073323;Diclobutrazol;[M-H2O-H];C15H19Cl2N3O;6.46400e-4;2.098206;308.072677;1 out of 5
308.073323;308.073323;N-Ethyl-N-(2-hydroxy-3-sulfopropyl)-3-toluidine;[M+Cl];C12H19NO4S;4.42730e-4;1.437095;308.072880;1 out of 5
308.979874;308.979874;D-Glucuronic acid 1-phosphate;[M+Cl];C6H11O10P;1.48992e-3;4.822072;308.978384;1 out of 5
308.979874;308.979874;quinalizarin;[M+K-H2];C14H8O6;-8.18988e-4;-2.650612;308.980693;1 out of 5
309.020128;309.020128;Terbufos;[M+Na-H2];C9H21O2PS3;1.33056e-3;4.305770;309.018797;2 out of 5
309.020128;309.020128;"(Z)-5-Chloro-3-((3,5-dimethyl-1H-pyrrol-2-yl)methylene)indolin-2-one";[M+K-H2];C15H13ClN2O;-1.17700e-4;-0.380881;309.020246;1 out of 5
309.020128;309.020128;4-Hydroxy-5-(phenyl)-valeric acid-O-sulphate;[M+Cl];C11H14O6S;-3.81870e-4;-1.235743;309.020510;2 out of 5
309.020128;309.020128;N-Desalkyl flurazepam;[M+Na-H2];C15H10ClFN2O;-1.10786e-3;-3.585074;309.021236;2 out of 5
309.174024;309.174024;8-O-Methyloblongine;[M-H2O-H];C20H26NO3;5.96297e-4;1.928681;309.173428;1 out of 5
309.174024;309.174024;Ropivacaine;[M+Cl];C17H26N2O;1.09536e-4;0.354286;309.173914;1 out of 5
309.174024;309.174024;Cyanidin 3-(diferuloylsophoroside) 5-glucoside;[M+Cl];C17H26N2O;1.09536e-4;0.354286;309.173914;1 out of 5
309.174024;309.174024;"5-Methoxy-N,N-diisopropyltryptamine";[M+Cl];C17H26N2O;1.09536e-4;0.354286;309.173914;1 out of 5
309.174024;309.174024;(R)-(+)-Ropivacaine;[M+Cl];C17H26N2O;1.09535e-4;0.354283;309.173914;1 out of 5
309.174024;309.174024;5-(Biotinamido)pentylamine;[M-H2O-H];C15H28N4O2S;-1.43233e-3;-4.632748;309.175456;1 out of 5
310.023507;310.023507;Satranidazole;[M+Na-H2];C8H11N5O5S;7.50352e-4;2.420313;310.022757;1 out of 5
310.023507;310.023507;Pomalidomide;[M+K-H2];C13H11N3O4;-5.38550e-5;-0.173713;310.023561;1 out of 5
310.023507;310.023507;Nifuroxazide;[M+Cl];C12H9N3O5;-1.14402e-4;-0.369011;310.023621;2 out of 5
310.978018;310.978018;Disulfoton;[M+K-H2];C8H19O2PS3;9.34566e-4;3.005257;310.977083;1 out of 5
311.017184;311.017184;N-Succinimidyl 3-(2-pyridyldithio)propionate;[M-H];C12H12N2O4S2;6.11778e-4;1.967027;311.016572;3 out of 5
311.017184;311.017184;Parylene C;[M+Cl];C16H14Cl2;5.27100e-4;1.694765;311.016657;1 out of 5
311.017184;311.017184;Malathion;[M-H2O-H];C10H19O6PS2;-1.04123e-3;-3.347817;311.018225;3 out of 5
311.017184;311.017184;"Inosine 2',3'-cyclic phosphate";[M-H2O-H];C10H11N4O7P;-1.51024e-3;-4.855779;311.018694;3 out of 5
311.168609;311.168609;N-Undecylbenzenesulfonic acid;[M-H];C17H28O3S;-2.94520e-5;-0.094650;311.168638;1 out of 5
312.020495;312.020495;Sulfoxaflor;[M+Cl];C10H10F3N3OS;1.42638e-3;4.571461;312.019069;1 out of 5
312.020495;312.020495;Flumazenil acid;[M+K-H2];C13H10FN3O3;1.27064e-3;4.072323;312.019224;1 out of 5
312.020495;312.020495;4-Nitrophenyl methylphenylphosphinate;[M+Cl];C13H12NO4P;6.99132e-4;2.240666;312.019796;1 out of 5
312.020495;312.020495;N-(2-hydroxymethyl-3-chlorophenyl)anthranilic acid;[M+Cl];C14H12ClNO3;5.23038e-4;1.676297;312.019972;1 out of 5
312.020495;312.020495;N-(2-methyl-3-chloro-4-hydroxyphenyl)anthranilic acid;[M+Cl];C14H12ClNO3;5.23038e-4;1.676297;312.019972;1 out of 5
312.020495;312.020495;N-(2-methyl-3-chloro-5-hydroxyphenyl)anthranilic acid;[M+Cl];C14H12ClNO3;5.23038e-4;1.676297;312.019972;1 out of 5
315.048530;315.048530;Glycerophosphoinositol;[M-H2O-H];C9H19O11P;-1.26962e-4;-0.402992;315.048657;2 out of 5
315.048530;315.048530;Tuliposide A;[M+K-H2];C11H18O8;-2.42540e-4;-0.769849;315.048773;1 out of 5
315.048530;315.048530;Isovalerylglucuronide;[M+K-H2];C11H18O8;-2.42552e-4;-0.769887;315.048773;1 out of 5
315.048530;315.048530;GHB-Gluc;[M+Cl];C10H16O9;-3.03095e-4;-0.962057;315.048833;1 out of 5
317.069635;317.069635;"3-(Hydroxymethyl)-5,5-diphenylimidazolidine-2,4-dione";[M+Cl];C16H14N2O3;-2.08319e-4;-0.657013;317.069843;1 out of 5
317.069635;317.069635;bendazac;[M+Cl];C16H14N2O3;-2.08319e-4;-0.657013;317.069843;1 out of 5
317.225336;317.225336;"6,10,14-Trimethyl-2-methylenepentadecanal";[M+K-H2];C19H36O;1.15226e-4;0.363231;317.225221;1 out of 5
317.225336;317.225336;2-Chlorooctadecanoic acid;[M-H];C18H35ClO2;5.49000e-5;0.173063;317.225281;2 out of 5
317.225336;317.225336;Oleic acid;[M+Cl];C18H34O2;5.46680e-5;0.172332;317.225281;1 out of 5
317.225336;317.225336;Elaidic acid;[M+Cl];C18H34O2;5.46680e-5;0.172332;317.225281;1 out of 5
317.225336;317.225336;Ethyl 9-hexadecenoate;[M+Cl];C18H34O2;5.46680e-5;0.172332;317.225281;1 out of 5
317.225336;317.225336;cis-Vaccenic acid;[M+Cl];C18H34O2;5.46680e-5;0.172332;317.225281;1 out of 5
317.225336;317.225336;7-Octadecenoic acid;[M+Cl];C18H34O2;5.46680e-5;0.172332;317.225281;1 out of 5
317.225336;317.225336;trans-10-Octadecenoic acid;[M+Cl];C18H34O2;5.46680e-5;0.172332;317.225281;1 out of 5
317.225336;317.225336;6-Octadecenoic acid;[M+Cl];C18H34O2;5.46680e-5;0.172332;317.225281;1 out of 5
317.225336;317.225336;Petroselinic acid;[M+Cl];C18H34O2;5.46650e-5;0.172322;317.225281;1 out of 5
317.225336;317.225336;Vaccenic acid;[M+Cl];C18H34O2;5.46650e-5;0.172322;317.225281;1 out of 5
317.225336;317.225336;(Z)-13-Octadecenoic acid;[M+Cl];C18H34O2;5.46650e-5;0.172322;317.225281;1 out of 5
317.225336;317.225336;7Z-octadecenoic acid;[M+Cl];C18H34O2;5.46650e-5;0.172322;317.225281;1 out of 5
317.225336;317.225336;Octadec-9-enoic Acid;[M+Cl];C18H34O2;5.46650e-5;0.172322;317.225281;1 out of 5
317.225336;317.225336;11-Aoctadecenoic acid;[M+Cl];C18H34O2;5.46650e-5;0.172322;317.225281;1 out of 5
317.225336;317.225336;Octadecenoic acid;[M+Cl];C18H34O2;5.46650e-5;0.172322;317.225281;1 out of 5
317.225336;317.225336;Octadec-5-enoic acid;[M+Cl];C18H34O2;5.46650e-5;0.172322;317.225281;1 out of 5
317.225336;317.225336;cis-12-Octadecenoic acid;[M+Cl];C18H34O2;5.46650e-5;0.172322;317.225281;1 out of 5
317.225336;317.225336;cis-15-Octadecenoic acid;[M+Cl];C18H34O2;5.46650e-5;0.172322;317.225281;1 out of 5
317.225336;317.225336;trans-12-Octadecenoic acid;[M+Cl];C18H34O2;5.46650e-5;0.172322;317.225281;1 out of 5
317.225336;317.225336;trans-14-Octadecenoic acid;[M+Cl];C18H34O2;5.46650e-5;0.172322;317.225281;1 out of 5
317.225336;317.225336;trans-15-Octadecenoic acid;[M+Cl];C18H34O2;5.46650e-5;0.172322;317.225281;1 out of 5
317.225336;317.225336;trans-16-Octadecenoic acid;[M+Cl];C18H34O2;5.46650e-5;0.172322;317.225281;1 out of 5
317.225336;317.225336;trans-4-Octadecenoic acid;[M+Cl];C18H34O2;5.46650e-5;0.172322;317.225281;1 out of 5
317.225336;317.225336;trans-8-Elaidic acid;[M+Cl];C18H34O2;5.46650e-5;0.172322;317.225281;1 out of 5
318.091823;318.091823;N-(3-Phenoxycinnamyl)acetohydroxamic acid;[M+Cl];C17H17NO3;1.57859e-3;4.962708;318.090244;1 out of 5
318.091823;318.091823;Caffeic Acid Phenethyl Amide;[M+Cl];C17H17NO3;1.57859e-3;4.962708;318.090244;1 out of 5
318.091823;318.091823;Pentoxyresorufin;[M+Cl];C17H17NO3;1.57859e-3;4.962708;318.090244;1 out of 5
318.091823;318.091823;p-coumaroyltyramine;[M+Cl];C17H17NO3;1.57859e-3;4.962708;318.090244;1 out of 5
318.091823;318.091823;N-Phenylacetylphenylalanine;[M+Cl];C17H17NO3;1.57858e-3;4.962695;318.090244;1 out of 5
318.091823;318.091823;Morphinone;[M+Cl];C17H17NO3;1.57858e-3;4.962695;318.090244;1 out of 5
318.091823;318.091823;N-[2-Hydroxy-2-(4-hydroxyphenyl)ethyl]cinnamide;[M+Cl];C17H17NO3;1.57858e-3;4.962695;318.090244;1 out of 5
318.091823;318.091823;2-[Methyl(3-phenylpropanoyl)amino]benzoic acid;[M+Cl];C17H17NO3;1.57858e-3;4.962695;318.090244;1 out of 5
318.091823;318.091823;Anaxagoreine;[M+Cl];C17H17NO3;1.57858e-3;4.962695;318.090244;1 out of 5
318.091823;318.091823;N-(p-Hydroxyphenyl)ethyl p-hydroxycinnamide;[M+Cl];C17H17NO3;1.57858e-3;4.962695;318.090244;1 out of 5
318.091823;318.091823;N-Desmethyladinazolam;[M-H2O-H];C18H16ClN5;2.40800e-4;0.757015;318.091582;1 out of 5
318.091823;318.091823;Duloxetine;[M+Na-H2];C18H19NOS;-1.57893e-3;-4.963715;318.093402;1 out of 5
319.095177;319.095177;Enterolactone;[M+Na-H2];C18H18O4;9.40000e-7;0.002946;319.095176;1 out of 5
319.095177;319.095177;"(E)-3-(2,3-Dimethoxyphenyl)-1-(4-methoxyphenyl)prop-2-en-1-one";[M+Na-H2];C18H18O4;9.40000e-7;0.002946;319.095176;1 out of 5
319.095177;319.095177;7C-aglycone;[M+Na-H2];C18H18O4;9.36000e-7;0.002933;319.095176;1 out of 5
319.095177;319.095177;(+)-Ligballinol;[M+Na-H2];C18H18O4;9.36000e-7;0.002933;319.095176;1 out of 5
319.095177;319.095177;"7-Hydroxy-5-methoxy-6,8-dimethylflavanone";[M+Na-H2];C18H18O4;9.36000e-7;0.002933;319.095176;1 out of 5
319.095177;319.095177;"1-(2,4-Dihydroxy-6-methoxy-3,5-dimethylphenyl)-3-phenyl-2-propen-1-one";[M+Na-H2];C18H18O4;9.36000e-7;0.002933;319.095176;1 out of 5
319.095177;319.095177;"5,7-Dimethoxy-6-methylflavanone";[M+Na-H2];C18H18O4;9.36000e-7;0.002933;319.095176;1 out of 5
319.095177;319.095177;Dihydrophaseic acid;[M+K-H2];C15H22O5;-1.51808e-4;-0.475745;319.095329;1 out of 5
319.095177;319.095177;(+)-Arteannuin;[M+K-H2];C15H22O5;-1.51808e-4;-0.475745;319.095329;1 out of 5
319.095177;319.095177;Hymenoxon;[M+K-H2];C15H22O5;-1.51808e-4;-0.475745;319.095329;1 out of 5
319.095177;319.095177;Octyl gallate;[M+K-H2];C15H22O5;-1.51814e-4;-0.475764;319.095329;1 out of 5
319.095177;319.095177;Artabsinolide D;[M+K-H2];C15H22O5;-1.51814e-4;-0.475764;319.095329;1 out of 5
319.095177;319.095177;Cynaratriol;[M+K-H2];C15H22O5;-1.51814e-4;-0.475764;319.095329;1 out of 5
319.095177;319.095177;Anguidol;[M+K-H2];C15H22O5;-1.51814e-4;-0.475764;319.095329;1 out of 5
319.095177;319.095177;Epidihydrophaseic acid;[M+K-H2];C15H22O5;-1.51814e-4;-0.475764;319.095329;1 out of 5
319.095177;319.095177;Oxyhumulinic acid;[M+K-H2];C15H22O5;-1.51814e-4;-0.475764;319.095329;1 out of 5
319.095177;319.095177;Pisumic acid;[M+K-H2];C15H22O5;-1.51814e-4;-0.475764;319.095329;1 out of 5
319.095177;319.095177;Bisbynin;[M+K-H2];C15H22O5;-1.51814e-4;-0.475764;319.095329;1 out of 5
319.095177;319.095177;2-Phenylethyl beta-D-glucopyranoside;[M+Cl];C14H20O6;-2.12372e-4;-0.665544;319.095389;1 out of 5
319.095177;319.095177;Bilin;[M+Na-H2];C19H14N4;-1.33647e-3;-4.188285;319.096513;1 out of 5
319.095177;319.095177;Corrole;[M+Na-H2];C19H14N4;-1.33647e-3;-4.188285;319.096513;1 out of 5
319.095177;319.095177;Nicaraven;[M+Cl];C15H16N4O2;-1.54977e-3;-4.856744;319.096727;1 out of 5
320.062344;320.062344;8-Oxoguanosine;[M+Na-H2];C10H13N5O6;1.09384e-3;3.417599;320.061250;1 out of 5
320.062344;320.062344;8-Hydroxyguanosine;[M+Na-H2];C10H13N5O6;1.09383e-3;3.417555;320.061250;1 out of 5
320.062344;320.062344;Diclofensine;[M-H];C17H17Cl2NO;9.01400e-4;2.816334;320.061443;3 out of 5
320.062344;320.062344;Asenapine;[M+Cl];C17H16ClNO;9.01200e-4;2.815709;320.061443;1 out of 5
320.062344;320.062344;Beta-Citryl-L-glutamic acid;[M-H];C11H15NO10;2.52950e-5;0.079031;320.062319;3 out of 5
320.062344;320.062344;"Benzonitrile, 3-amino-4-((2-((dimethylamino)methyl)phenyl)thio)-";[M+K-H2];C16H17N3S;-5.79733e-4;-1.811309;320.062924;1 out of 5
320.062344;320.062344;4-(2-Methoxyphenyl)-2-((5-methyl-1H-imidazol-4-yl)methyl)thiazole;[M+Cl];C15H15N3OS;-6.40289e-4;-2.000509;320.062984;1 out of 5
320.742593;320.742593;"1,1-Dibromo-3-iodo-2-propanone";[M-H2O-H];C3H3Br2IO;9.00568e-4;2.807767;320.741692;1 out of 5
320.989437;320.989437;Sulfametrole;[M+Cl];C9H10N4O3S2;6.03454e-4;1.879984;320.988834;1 out of 5
321.018619;321.018619;Biochanin A;[M+K-H2];C16H12O5;1.54051e-3;4.798854;321.017078;1 out of 5
321.018619;321.018619;Glycitein;[M+K-H2];C16H12O5;1.54051e-3;4.798854;321.017078;1 out of 5
321.018619;321.018619;Prunetin;[M+K-H2];C16H12O5;1.54051e-3;4.798854;321.017078;1 out of 5
321.018619;321.018619;Obtusifolin;[M+K-H2];C16H12O5;1.54051e-3;4.798854;321.017078;1 out of 5
321.018619;321.018619;"5,7-Dihydroxy-3-methoxyflavone";[M+K-H2];C16H12O5;1.54051e-3;4.798829;321.017078;1 out of 5
321.018619;321.018619;"2-(6-Hydroxy-2-methoxy-3,4-methylenedioxyphenyl)benzofuran";[M+K-H2];C16H12O5;1.54051e-3;4.798829;321.017078;1 out of 5
321.018619;321.018619;Farnisin;[M+K-H2];C16H12O5;1.54051e-3;4.798829;321.017078;1 out of 5
321.018619;321.018619;Xenognosin B;[M+K-H2];C16H12O5;1.54051e-3;4.798829;321.017078;1 out of 5
321.018619;321.018619;(-)-Maackiain;[M+K-H2];C16H12O5;1.54051e-3;4.798829;321.017078;1 out of 5
321.018619;321.018619;Cajaquinone;[M+K-H2];C16H12O5;1.54051e-3;4.798829;321.017078;1 out of 5
321.018619;321.018619;"1,5-Dihydroxy-2-methoxy-6-methylanthraquinone";[M+K-H2];C16H12O5;1.54051e-3;4.798829;321.017078;1 out of 5
321.018619;321.018619;Melanettin;[M+K-H2];C16H12O5;1.54051e-3;4.798829;321.017078;1 out of 5
321.018619;321.018619;Stevenin;[M+K-H2];C16H12O5;1.54051e-3;4.798829;321.017078;1 out of 5
321.018619;321.018619;Calycosin;[M+K-H2];C16H12O5;1.54051e-3;4.798829;321.017078;1 out of 5
321.018619;321.018619;Genkwanin;[M+K-H2];C16H12O5;1.54051e-3;4.798829;321.017078;1 out of 5
321.018619;321.018619;5-O-Methylgenistein;[M+K-H2];C16H12O5;1.54051e-3;4.798829;321.017078;1 out of 5
321.018619;321.018619;Protoapigenone;[M+Cl];C15H10O6;1.47996e-3;4.610215;321.017139;4 out of 5
321.018619;321.018619;Luteolin;[M+Cl];C15H10O6;1.47995e-3;4.610184;321.017139;4 out of 5
321.018619;321.018619;Kaempferol;[M+Cl];C15H10O6;1.47995e-3;4.610184;321.017139;4 out of 5
321.018619;321.018619;Maritimetin;[M+Cl];C15H10O6;1.47995e-3;4.610184;321.017139;4 out of 5
321.018619;321.018619;Norartocarpetin;[M+Cl];C15H10O6;1.47995e-3;4.610184;321.017139;4 out of 5
321.018619;321.018619;2'-Hydroxygenistein;[M+Cl];C15H10O6;1.47995e-3;4.610184;321.017139;4 out of 5
321.018619;321.018619;Cernuine;[M+Cl];C15H10O6;1.47995e-3;4.610184;321.017139;4 out of 5
321.018619;321.018619;Citreorosein;[M+Cl];C15H10O6;1.47995e-3;4.610184;321.017139;4 out of 5
321.018619;321.018619;3'-Hydroxygenistein;[M+Cl];C15H10O6;1.47995e-3;4.610184;321.017139;4 out of 5
321.018619;321.018619;"5,6,7,4'-Tetrahydroxyisoflavone";[M+Cl];C15H10O6;1.47995e-3;4.610184;321.017139;4 out of 5
321.018619;321.018619;"7,8,3',4'-Tetrahydroxyisoflavone";[M+Cl];C15H10O6;1.47995e-3;4.610184;321.017139;4 out of 5
321.018619;321.018619;8-Hydroxygenistein;[M+Cl];C15H10O6;1.47995e-3;4.610184;321.017139;4 out of 5
321.018619;321.018619;"Indole-2-carboxylic acid, 5-(bis(2-chloroethyl)amino)-";[M+Na-H2];C13H14Cl2N2O2;7.18900e-4;2.239439;321.017900;1 out of 5
321.018619;321.018619;Tauromustine;[M+Cl];C7H15ClN4O4S;-1.03590e-3;-3.226905;321.019655;1 out of 5
322.983569;322.983569;Iron(II) lactate trihydrate;[M+Cl];C6H16FeO9;-2.06243e-4;-0.638555;322.983775;1 out of 5
322.984371;322.984371;Iron(II) lactate trihydrate;[M+Cl];C6H16FeO9;5.95757e-4;1.844542;322.983775;1 out of 5
322.984371;322.984371;Ethacrynic acid;[M+Na-H2];C13H12Cl2O4;-1.56029e-3;-4.830817;322.985931;1 out of 5
322.985441;322.985441;Ethacrynic acid;[M+Na-H2];C13H12Cl2O4;-4.90286e-4;-1.517979;322.985931;1 out of 5
322.985441;322.985441;Urolithin c 3-sulfate;[M-H];C13H8O8S;-1.27039e-3;-3.933264;322.986711;2 out of 5
322.987312;322.987312;Ethacrynic acid;[M+Na-H2];C13H12Cl2O4;1.38071e-3;4.274843;322.985931;1 out of 5
322.987312;322.987312;Urolithin c 3-sulfate;[M-H];C13H8O8S;6.00608e-4;1.859544;322.986711;2 out of 5
322.987312;322.987312;Clofentezine;[M+Na-H2];C14H8Cl2N4;4.33100e-5;0.134092;322.987269;1 out of 5
322.989050;322.989050;Methyl 2-(1H-indole-3-carbonyl)thiazole-4-carboxylate;[M+K-H2];C14H10N2O3S;-7.68364e-4;-2.378911;322.989818;2 out of 5
322.989050;322.989050;9-(6-Sulfanylidene-3H-purin-9-yl)-3H-purine-6-thione;[M+Na-H2];C10H6N8S2;-1.30157e-3;-4.029758;322.990352;2 out of 5
322.990788;322.990788;Methyl 2-(1H-indole-3-carbonyl)thiazole-4-carboxylate;[M+K-H2];C14H10N2O3S;9.69636e-4;3.002064;322.989818;2 out of 5
322.990788;322.990788;9-(6-Sulfanylidene-3H-purin-9-yl)-3H-purine-6-thione;[M+Na-H2];C10H6N8S2;4.36427e-4;1.351208;322.990352;2 out of 5
322.993729;322.993729;3-deoxy-D-arabino-heptulosonate-7-phosphate;[M+Cl];C7H13O10P;-3.05148e-4;-0.944748;322.994034;2 out of 5
322.994531;322.994531;3-deoxy-D-arabino-heptulosonate-7-phosphate;[M+Cl];C7H13O10P;4.96852e-4;1.538270;322.994034;2 out of 5
323.028491;323.028491;Thiophanate-methyl;[M-H2O-H];C12H14N4O4S2;6.85664e-4;2.122616;323.027805;1 out of 5
323.028491;323.028491;Olsalazine;[M+Na-H2];C14H10N2O6;-6.20620e-5;-0.192125;323.028553;1 out of 5
323.028491;323.028491;Uridine 5'-monophosphate;[M-H];C9H13N2O9P;-9.85360e-5;-0.305038;323.028590;2 out of 5
323.028491;323.028491;Pseudouridine 5'-phosphate;[M-H];C9H13N2O9P;-9.85360e-5;-0.305038;323.028590;2 out of 5
323.028491;323.028491;Uridine 2'-phosphate;[M-H];C9H13N2O9P;-9.85360e-5;-0.305038;323.028590;2 out of 5
323.028491;323.028491;Uridine 3'-monophosphate;[M-H];C9H13N2O9P;-9.85360e-5;-0.305038;323.028590;2 out of 5
323.028491;323.028491;"[(2S,3R,4R,5R)-5-(2,4-Dioxopyrimidin-1-yl)-3,4-dihydroxyoxolan-2-yl]methyl dihydrogen phosphate";[M-H];C9H13N2O9P;-9.90050e-5;-0.306490;323.028590;2 out of 5
323.028491;323.028491;Orotidine;[M+Cl];C10H12N2O8;-2.75370e-4;-0.852463;323.028766;1 out of 5
323.106467;323.106467;"1,3,5[10]-Estratriene-3,4-diol-17-one";[M+K-H2];C18H22O3;9.67432e-4;2.994168;323.105500;1 out of 5
323.106467;323.106467;6-Ketoestradiol;[M+K-H2];C18H22O3;9.67432e-4;2.994168;323.105500;1 out of 5
323.106467;323.106467;16b-Hydroxyestrone;[M+K-H2];C18H22O3;9.67430e-4;2.994161;323.105500;1 out of 5
323.106467;323.106467;16a-Hydroxyestrone;[M+K-H2];C18H22O3;9.67430e-4;2.994161;323.105500;1 out of 5
323.106467;323.106467;2-Hydroxyestrone;[M+K-H2];C18H22O3;9.67430e-4;2.994161;323.105500;1 out of 5
323.106467;323.106467;16-Ketoestradiol;[M+K-H2];C18H22O3;9.67430e-4;2.994161;323.105500;1 out of 5
323.106467;323.106467;4-Hydroxyestrone;[M+K-H2];C18H22O3;9.67430e-4;2.994161;323.105500;1 out of 5
323.106467;323.106467;"17beta-Estradiol-2,3-quinone";[M+K-H2];C18H22O3;9.67430e-4;2.994161;323.105500;1 out of 5
323.106467;323.106467;"17beta-Estradiol-3,4-quinone";[M+K-H2];C18H22O3;9.67430e-4;2.994161;323.105500;1 out of 5
323.106467;323.106467;4'-Methoxymucidin;[M+Cl];C17H20O4;9.06872e-4;2.806736;323.105560;1 out of 5
323.106467;323.106467;Ethylsuberenol;[M+Cl];C17H20O4;9.06872e-4;2.806736;323.105560;1 out of 5
323.106467;323.106467;Angeloylsenkyunolide F;[M+Cl];C17H20O4;9.06872e-4;2.806736;323.105560;1 out of 5
323.106467;323.106467;Zaluzanin D;[M+Cl];C17H20O4;9.06872e-4;2.806736;323.105560;1 out of 5
323.106467;323.106467;Irtemazole;[M+Cl];C18H16N4;-4.30531e-4;-1.332472;323.106898;1 out of 5
323.106467;323.106467;Clozapine N-oxide;[M-H2O-H];C18H19ClN4O;-4.30957e-4;-1.333791;323.106898;1 out of 5
323.106467;323.106467;Acetohexamide;[M-H];C15H20N2O4S;-6.33828e-4;-1.961665;323.107101;1 out of 5
323.106467;323.106467;(4-Acetamidophenyl) (2S)-2-acetamido-4-methylsulfanylbutanoate;[M-H];C15H20N2O4S;-6.34306e-4;-1.963145;323.107101;1 out of 5
323.106467;323.106467;"N-(6-Cyano-3-hydroxy-2,2-dimethyl-3,4-dihydrochromen-4-yl)-N-methylethanesulfonamide";[M-H];C15H20N2O4S;-6.34306e-4;-1.963145;323.107101;1 out of 5
323.106467;323.106467;N-(N-Formyl-L-methionyl)-L-phenylalanine;[M-H];C15H20N2O4S;-6.34306e-4;-1.963145;323.107101;1 out of 5
323.986055;323.986055;Ethyl dicapthon;[M-H];C10H13ClNO5PS;-7.26400e-4;-2.242067;323.986781;1 out of 5
323.992377;323.992377;Coumarin-3-carboxylic acid succinimidyl ester;[M+K-H2];C14H9NO6;7.84986e-4;2.422859;323.991592;2 out of 5
324.973399;324.973399;3-deoxy-D-arabino-heptulosonate-7-phosphate;[M+K-H2];C7H13O10P;1.60852e-4;0.494970;324.973238;3 out of 5
324.981519;324.981519;Ciprofibrate;[M+K-H2];C13H14Cl2O3;9.14300e-4;2.813399;324.980605;1 out of 5
324.986120;324.986120;Sultosilic acid;[M-H2O-H];C13H12O7S2;1.51593e-3;4.664609;324.984604;1 out of 5
324.990722;324.990722;"Pyrido(3,4-d)pyridazine-1,4-dione, 8-amino-5-chloro-2,3-dihydro-7-phenyl-";[M+K-H2];C13H9ClN4O2;7.13800e-4;2.196375;324.990008;2 out of 5
324.990722;324.990722;Ritipenem;[M+K-H2];C10H12N2O6S;5.09712e-4;1.568392;324.990212;2 out of 5
324.991805;324.991805;Ritipenem;[M+K-H2];C10H12N2O6S;1.59271e-3;4.900800;324.990212;2 out of 5
324.991805;324.991805;Terbufos;[M+K-H2];C9H21O2PS3;-9.30436e-4;-2.862944;324.992735;2 out of 5
324.995865;324.995865;N-Desalkyl flurazepam;[M+K-H2];C15H10ClFN2O;6.91136e-4;2.126604;324.995174;2 out of 5
324.995865;324.995865;methoxychlor;[M-H2O-H];C16H15Cl3O2;-5.68450e-5;-0.174910;324.995922;1 out of 5
324.995865;324.995865;Arctinone A acetate;[M+Na-H2];C15H12O3S2;-1.58763e-3;-4.885054;324.997453;1 out of 5
325.005475;325.005475;Apigeninidin;[M+Cl];C15H11ClO4;1.48745e-3;4.576722;325.003988;2 out of 5
325.103639;325.103639;Arginylasparagine;[M+K-H2];C10H20N6O4;4.30852e-4;1.325278;325.103208;1 out of 5
325.103639;325.103639;Asparaginylarginine;[M+K-H2];C10H20N6O4;4.30852e-4;1.325278;325.103208;1 out of 5
325.103639;325.103639;gamma-Glutamyldopa;[M-H];C14H18N2O7;-4.84928e-4;-1.491608;325.104124;1 out of 5
325.103639;325.103639;Humilixanthin;[M-H];C14H18N2O7;-4.84940e-4;-1.491645;325.104124;1 out of 5
325.184246;325.184246;2-Dodecylbenzenesulfonic acid;[M-H];C18H30O3S;-4.25160e-5;-0.130744;325.184289;1 out of 5
325.184246;325.184246;4-Dodecylbenzenesulfonic Acid;[M-H];C18H30O3S;-4.25160e-5;-0.130744;325.184289;1 out of 5
325.184246;325.184246;4-Dodecan-6-ylbenzenesulfonic Acid;[M-H];C18H30O3S;-4.30000e-5;-0.132233;325.184289;1 out of 5
325.184246;325.184246;Dodecyl benzenesulfonate;[M-H];C18H30O3S;-4.30000e-5;-0.132233;325.184289;1 out of 5
325.983119;325.983119;(4-Methoxyphenyl)-morpholin-4-yl-sulfanyl-sulfanylidene-$l^{5}-phosphane;[M+K-H2];C11H16NO2PS2;-1.49411e-3;-4.583361;325.984613;1 out of 5
325.989519;325.989519;Thiamethoxam;[M+Cl];C8H10ClN5O3S;8.29900e-4;2.545794;325.988689;2 out of 5
326.064844;326.064844;Fluazifop;[M-H];C15H12F3NO4;2.78641e-4;0.854558;326.064565;1 out of 5
326.064844;326.064844;Ascorbigen;[M+Na-H2];C15H15NO6;2.39793e-4;0.735416;326.064604;1 out of 5
326.064844;326.064844;"2-Deoxy-2,3-dehydro-n-acetyl-neuraminic acid";[M+Cl];C11H17NO8;2.64890e-5;0.081238;326.064818;2 out of 5
326.064844;326.064844;"1,N6-Ethenoadenosine";[M+Cl];C12H13N5O4;-1.31092e-3;-4.020408;326.066155;2 out of 5
326.064844;326.064844;Carprazidil;[M+Cl];C12H13N5O4;-1.31092e-3;-4.020408;326.066155;2 out of 5
326.064844;326.064844;Ethenoadenosine;[M+Cl];C12H13N5O4;-1.31092e-3;-4.020408;326.066155;2 out of 5
326.983103;326.983103;Apigeninidin;[M+K-H2];C15H11ClO4;-8.85470e-5;-0.270800;326.983192;2 out of 5
326.983103;326.983103;Carboxyphosphamide;[M+Cl];C7H15Cl2N2O4P;-9.46904e-4;-2.895872;326.984050;2 out of 5
326.983103;326.983103;Carboxyifosfamide;[M+Cl];C7H15Cl2N2O4P;-9.46904e-4;-2.895872;326.984050;2 out of 5
326.983103;326.983103;4-Hydroperoxycyclophosphamide;[M+Cl];C7H15Cl2N2O4P;-9.47400e-4;-2.897389;326.984050;2 out of 5
326.984884;326.984884;Carboxyphosphamide;[M+Cl];C7H15Cl2N2O4P;8.34096e-4;2.550877;326.984050;2 out of 5
326.984884;326.984884;Carboxyifosfamide;[M+Cl];C7H15Cl2N2O4P;8.34096e-4;2.550877;326.984050;2 out of 5
326.984884;326.984884;4-Hydroperoxycyclophosphamide;[M+Cl];C7H15Cl2N2O4P;8.33600e-4;2.549360;326.984050;2 out of 5
326.992831;326.992831;Brevifolincarboxylic acid;[M+Cl];C13H8O8;1.51277e-3;4.626325;326.991318;2 out of 5
326.992831;326.992831;"2,2-Dichloro-N-[2-hydroxy-1-(hydroxymethyl)-2-(4-nitrosophenyl)ethyl]acetamide";[M+Na-H2];C11H12Cl2N2O4;7.51700e-4;2.298832;326.992079;1 out of 5
327.021059;327.021059;Clofop;[M+Cl];C15H13ClO4;1.42140e-3;4.346528;327.019638;2 out of 5
327.021059;327.021059;Chlorosesamone;[M+Cl];C15H13ClO4;1.42139e-3;4.346494;327.019638;2 out of 5
327.021059;327.021059;"(5R,6S)-6-[(1R)-1-Hydroxyethyl]-7-oxo-3-pyridin-3-yl-4-thia-1-azabicyclo[3.2.0]hept-2-ene-2-carboxylic acid";[M+Cl];C13H12N2O4S;-1.20048e-4;-0.367095;327.021179;3 out of 5
327.030652;327.030652;"3,3'-Bisjuglone";[M-H2O-H];C20H10O6;7.54948e-4;2.308498;327.029897;1 out of 5
327.030652;327.030652;Chloroxuron;[M+K-H2];C15H15ClN2O2;-1.58400e-4;-0.484358;327.030810;1 out of 5
327.030652;327.030652;S-methylazathioprine;[M+Cl];C10H10N7O2S;-4.17289e-4;-1.275992;327.031069;3 out of 5
328.024535;328.024535;"3-(3,5-Dichlorophenyl)-4-hydroxy-2-oxo-N-propan-2-ylimidazole-1-carboxamide";[M-H];C13H13Cl2N3O3;-1.58470e-3;-4.831018;328.026120;2 out of 5
328.024535;328.024535;Iprodione;[M-H];C13H13Cl2N3O3;-1.58471e-3;-4.831051;328.026120;2 out of 5
328.058458;328.058458;Glutathione;[M+Na-H2];C10H17N3O6S;-1.49810e-5;-0.045666;328.058473;3 out of 5
328.058458;328.058458;Glutathionate(1-);[M+Na-H2];C10H17N3O6S;-1.54530e-5;-0.047104;328.058473;3 out of 5
328.058458;328.058458;"Methyl 2-((3,4-dihydro-3,4-dioxo-1-naphthalenyl)amino)benzoate";[M+Na-H2];C18H13NO4;-6.66903e-4;-2.032874;328.059125;3 out of 5
328.058458;328.058458;Hallacridone;[M+Na-H2];C18H13NO4;-6.66909e-4;-2.032893;328.059125;3 out of 5
328.058458;328.058458;Aristolodione;[M+Na-H2];C18H13NO4;-6.66909e-4;-2.032893;328.059125;3 out of 5
328.061906;328.061906;5-Aminofluorescein;[M-H2O-H];C20H13NO5;3.74477e-4;1.141484;328.061532;2 out of 5
328.061906;328.061906;"2-(3,6,9-Trihydroxy-4-amino-9H-xanthene-9-yl)benzoic acid gamma-lactone";[M-H2O-H];C20H13NO5;3.74477e-4;1.141484;328.061532;2 out of 5
328.061906;328.061906;Hydroxysanguinarine;[M-H2O-H];C20H13NO5;3.74477e-4;1.141484;328.061532;2 out of 5
328.061906;328.061906;Islatravir;[M+Cl];C12H12FN5O3;8.75710e-5;0.266934;328.061818;1 out of 5
328.061906;328.061906;Cyproconazole;[M+K-H2];C15H18ClN3O;-5.38920e-4;-1.642736;328.062445;1 out of 5
328.061906;328.061906;TRIADIMEFON;[M+Cl];C14H16ClN3O2;-5.99478e-4;-1.827329;328.062505;1 out of 5
328.061906;328.061906;4-(Methylsulfanyl)-2-oxobutanoylcarnitine;[M+K-H2];C12H21NO5S;-7.42954e-4;-2.264671;328.062649;1 out of 5
328.980229;328.980229;(R)-5-Diphosphomevalonic acid;[M+Na-H2];C6H14O10P2;-6.57692e-4;-1.999180;328.980887;1 out of 5
328.980229;328.980229;(R)-Mevalonic acid-5-pyrophosphate;[M+Na-H2];C6H14O10P2;-6.57692e-4;-1.999180;328.980887;1 out of 5
329.018235;329.018235;Wasalexin A;[M+Cl];C13H14N2O2S2;-8.35082e-4;-2.538096;329.019070;1 out of 5
329.018235;329.018235;Wasalexin B;[M+Cl];C13H14N2O2S2;-8.35082e-4;-2.538096;329.019070;1 out of 5
329.018235;329.018235;Methoxybrassenin B;[M+Cl];C13H14N2O2S2;-8.35082e-4;-2.538096;329.019070;1 out of 5
329.018235;329.018235;1-Galactopyranosyl-5-fluorouracil;[M+K-H2];C10H13FN2O7;-1.04893e-3;-3.188050;329.019284;1 out of 5
329.018235;329.018235;(2r)-(4-Chlorophenyl)[3-(Trifluoromethyl)phenoxy]ethanoic Acid;[M-H];C15H10ClF3O3;-1.54440e-3;-4.693943;329.019779;1 out of 5
329.027807;329.027807;Fulvic acid;[M+Na-H2];C14H12O8;-7.73460e-5;-0.235074;329.027884;1 out of 5
329.027807;329.027807;2-O-(6-Phospho-alpha-mannosyl)-D-glycerate;[M-H2O-H];C9H17O12P;-1.14520e-4;-0.348056;329.027922;1 out of 5
329.027807;329.027807;Glucose-6-phosphate lactate;[M-H2O-H];C9H17O12P;-1.14985e-4;-0.349469;329.027922;1 out of 5
329.027807;329.027807;"3,4-Bis(carboxymethyl)-3,4-dihydroxyhexanedioic acid";[M+Cl];C10H14O10;-2.90651e-4;-0.883362;329.028098;1 out of 5
329.027807;329.027807;Malathion;[M-H];C10H19O6PS2;-9.82232e-4;-2.985246;329.028789;3 out of 5
329.027807;329.027807;"Inosine 2',3'-cyclic phosphate";[M-H];C10H11N4O7P;-1.45124e-3;-4.410666;329.029258;3 out of 5
329.027807;329.027807;Inosinic acid;[M-H2O-H];C10H13N4O8P;-1.45192e-3;-4.412750;329.029259;1 out of 5
329.027807;329.027807;Inosine 2'-phosphate;[M-H2O-H];C10H13N4O8P;-1.45192e-3;-4.412750;329.029259;1 out of 5
329.027807;329.027807;"[(2R,5R)-3,4-Dihydroxy-5-(6-oxo-1H-purin-9-yl)oxolan-2-yl]methyl dihydrogen phosphate";[M-H2O-H];C10H13N4O8P;-1.45192e-3;-4.412750;329.029259;1 out of 5
329.069569;329.069569;Blebbistatin;[M+K-H2];C18H16N2O2;-2.13763e-4;-0.649598;329.069783;1 out of 5
329.069569;329.069569;Tyrphostin B42;[M+Cl];C17H14N2O3;-2.74319e-4;-0.833619;329.069843;1 out of 5
329.069569;329.069569;Rosoxacin;[M+Cl];C17H14N2O3;-2.74324e-4;-0.833635;329.069843;1 out of 5
329.983504;329.983504;Hydroflumethiazide;[M-H];C8H8F3N3O4S2;-5.07540e-5;-0.153808;329.983555;1 out of 5
330.950103;330.950103;"2,2'-Dithiobisbenzothiazole";[M-H];C14H8N2S4;3.47038e-4;1.048612;330.949756;1 out of 5
331.002042;331.002042;Medicagol;[M+Cl];C16H8O6;5.53012e-4;1.670724;331.001489;1 out of 5
332.999118;332.999118;N-Succinimidyl 3-(2-pyridyldithio)propionate;[M+Na-H2];C12H12N2O4S2;6.01778e-4;1.807149;332.998516;3 out of 5
332.999118;332.999118;N-Acetyldjenkolic acid;[M+K-H2];C9H16N2O5S2;4.49988e-4;1.351321;332.998668;1 out of 5
332.999118;332.999118;Disulfiram;[M+K-H2];C10H20N2S4;-4.18410e-4;-1.256488;332.999536;1 out of 5
333.059236;333.059236;7-Hydroxymethyl-12-methylbenz[a]anthracene sulfate;[M-H2O-H];C20H16O4S;1.47310e-4;0.442294;333.059089;1 out of 5
333.059236;333.059236;isorhamnetin 3-rutinoside-7-glucoside;[M+Na-H2];C14H16O8;5.15250e-5;0.154702;333.059184;1 out of 5
333.059236;333.059236;Glycerophosphoinositol;[M-H];C9H19O11P;1.50380e-5;0.045151;333.059221;2 out of 5
333.059236;333.059236;"2,3,4,5-Tetrahydroxy-6-(1,2,3,4-tetrahydroxybutyl)oxane-2-carbaldehyde";[M+Cl];C10H18O10;-1.61780e-4;-0.485739;333.059398;1 out of 5
334.096165;334.096165;5-(N-Methyl-N-isobutyl)amiloride;[M+Cl];C11H18ClN7O;6.28100e-4;1.880001;334.095537;1 out of 5
334.096165;334.096165;Ethylisopropylamiloride;[M+Cl];C11H18ClN7O;6.28100e-4;1.880001;334.095537;1 out of 5
334.096165;334.096165;Glycyl-proline-1-naphthylamide;[M+K-H2];C17H19N3O2;-1.66864e-4;-0.499449;334.096332;1 out of 5
334.096165;334.096165;Niraxostat;[M+Cl];C16H17N3O3;-2.27425e-4;-0.680717;334.096392;1 out of 5
338.954058;338.954058;Malathion monocarboxylic acid;[M+K-H2];C8H15O6PS2;6.86896e-4;2.026521;338.953371;1 out of 5
338.954058;338.954058;"O,O-Dimethyl malathion";[M+K-H2];C8H15O6PS2;6.85451e-4;2.022258;338.953373;1 out of 5
338.954058;338.954058;Ellagic acid;[M+K-H2];C14H6O8;-8.14153e-4;-2.401951;338.954872;1 out of 5
338.963039;338.963039;9-(6-Sulfanylidene-3H-purin-9-yl)-3H-purine-6-thione;[M+K-H2];C10H6N8S2;-1.25057e-3;-3.689395;338.964290;3 out of 5
338.988806;338.988806;"D-myo-Inositol 1,4-bisphosphate";[M-H];C6H14O12P2;3.40640e-5;0.100487;338.988772;2 out of 5
338.988806;338.988806;"D-Fructose 2,6-bisphosphate";[M-H];C6H14O12P2;3.40640e-5;0.100487;338.988772;2 out of 5
338.988806;338.988806;"Fructose 1,6-bisphosphate";[M-H];C6H14O12P2;3.40640e-5;0.100487;338.988772;2 out of 5
338.988806;338.988806;"alpha-D-Glucose 1,6-bisphosphate";[M-H];C6H14O12P2;3.40640e-5;0.100487;338.988772;2 out of 5
338.988806;338.988806;"D-myo-Inositol 1,3-bisphosphate";[M-H];C6H14O12P2;3.40640e-5;0.100487;338.988772;2 out of 5
338.988806;338.988806;"D-myo-Inositol 3,4-bisphosphate";[M-H];C6H14O12P2;3.40640e-5;0.100487;338.988772;2 out of 5
338.988806;338.988806;"D-Tagatose 1,6-bisphosphate";[M-H];C6H14O12P2;3.40640e-5;0.100487;338.988772;2 out of 5
338.988806;338.988806;"D-Mannose 1,6-bisphosphate";[M-H];C6H14O12P2;3.40640e-5;0.100487;338.988772;2 out of 5
338.988806;338.988806;"1,6-Di-O-phosphono-D-fructose";[M-H];C6H14O12P2;3.31130e-5;0.097682;338.988773;2 out of 5
338.988806;338.988806;"Fructose-1,6-diphosphate";[M-H];C6H14O12P2;3.31130e-5;0.097682;338.988773;2 out of 5
338.988806;338.988806;Di-phosphofructose;[M-H];C6H14O12P2;3.31130e-5;0.097682;338.988773;2 out of 5
338.988806;338.988806;Diphosphoglucose;[M-H];C6H14O12P2;3.31130e-5;0.097682;338.988773;2 out of 5
338.988806;338.988806;"[(2R,3R)-2,3,5-Trihydroxy-4-oxo-6-phosphonooxyhexyl] dihydrogen phosphate";[M-H];C6H14O12P2;3.31130e-5;0.097682;338.988773;2 out of 5
338.988806;338.988806;8-Chloroinosine;[M+K-H2];C10H11ClN4O5;-1.59620e-3;-4.708688;338.990402;1 out of 5
339.209687;339.209687;Cardanolmonoene;[M+K-H2];C21H34O;1.16290e-4;0.342826;339.209571;1 out of 5
339.209687;339.209687;Pregnan-20-one;[M+K-H2];C21H34O;1.16285e-4;0.342812;339.209571;1 out of 5
339.209687;339.209687;Arachidonic acid;[M+Cl];C20H32O2;5.57320e-5;0.164300;339.209631;1 out of 5
339.209687;339.209687;"Cis-8,11,14,17-Eicosatetraenoic acid";[M+Cl];C20H32O2;5.57320e-5;0.164300;339.209631;1 out of 5
339.209687;339.209687;Mesterolone;[M+Cl];C20H32O2;5.57320e-5;0.164300;339.209631;1 out of 5
339.209687;339.209687;Drostanolone;[M+Cl];C20H32O2;5.57320e-5;0.164300;339.209631;1 out of 5
339.209687;339.209687;Sideridiol;[M+Cl];C20H32O2;5.57320e-5;0.164300;339.209631;1 out of 5
339.209687;339.209687;ent-17-Hydroxy-16beta-kauran-19-al;[M+Cl];C20H32O2;5.57320e-5;0.164300;339.209631;1 out of 5
339.209687;339.209687;Yucalexin P21;[M+Cl];C20H32O2;5.57320e-5;0.164300;339.209631;1 out of 5
339.209687;339.209687;Copalic acid;[M+Cl];C20H32O2;5.57320e-5;0.164300;339.209631;1 out of 5
339.209687;339.209687;Junicedral;[M+Cl];C20H32O2;5.57320e-5;0.164300;339.209631;1 out of 5
339.209687;339.209687;"7,13-Eperudien-15-oic acid";[M+Cl];C20H32O2;5.57320e-5;0.164300;339.209631;1 out of 5
339.209687;339.209687;Oryzalexin S;[M+Cl];C20H32O2;5.57320e-5;0.164300;339.209631;1 out of 5
339.209687;339.209687;Oryzalexin E;[M+Cl];C20H32O2;5.57320e-5;0.164300;339.209631;1 out of 5
339.209687;339.209687;Oryzalexin D;[M+Cl];C20H32O2;5.57320e-5;0.164300;339.209631;1 out of 5
339.209687;339.209687;Oryzalexin F;[M+Cl];C20H32O2;5.57320e-5;0.164300;339.209631;1 out of 5
339.209687;339.209687;"2,6,10,14-Hexadecatetraenoic acid, 3,7,11,15-tetramethyl-, (Z,E,E)-";[M+Cl];C20H32O2;5.57300e-5;0.164294;339.209631;1 out of 5
339.209687;339.209687;"5,8,11,14-Icosatetraenoic Acid";[M+Cl];C20H32O2;5.57300e-5;0.164294;339.209631;1 out of 5
339.209687;339.209687;Eicosatetraenoic acid;[M+Cl];C20H32O2;5.57300e-5;0.164294;339.209631;1 out of 5
339.209687;339.209687;Mestaline;[M+Cl];C20H32O2;5.57300e-5;0.164294;339.209631;1 out of 5
339.209687;339.209687;Methandriol;[M+Cl];C20H32O2;5.57300e-5;0.164294;339.209631;1 out of 5
339.209687;339.209687;abietadiene-diol;[M+Cl];C20H32O2;5.57300e-5;0.164294;339.209631;1 out of 5
342.044272;342.044272;Diclofensine;[M+Na-H2];C17H17Cl2NO;8.85400e-4;2.588561;342.043387;3 out of 5
342.044272;342.044272;Beta-Citryl-L-glutamic acid;[M+Na-H2];C11H15NO10;9.29500e-6;0.027175;342.044263;3 out of 5
342.044272;342.044272;Pirimiphos-methyl;[M+K-H2];C11H20N3O3PS;-6.31723e-4;-1.846901;342.044904;1 out of 5
342.044272;342.044272;indole-3-acetyl-methionine;[M+K-H2];C15H17N2O3S;-8.70169e-4;-2.544018;342.045142;1 out of 5
342.053267;342.053267;Glutathione;[M+Cl];C10H17N3O6S;6.00190e-5;0.175467;342.053207;3 out of 5
342.053267;342.053267;Glutathionate(1-);[M+Cl];C10H17N3O6S;5.95470e-5;0.174087;342.053207;3 out of 5
342.053267;342.053267;N-Acetyldehydroanonaine;[M+K-H2];C19H15NO3;-5.31351e-4;-1.553414;342.053798;1 out of 5
342.053267;342.053267;O-Desmethylindomethacin;[M-H];C18H14ClNO4;-5.91648e-4;-1.729693;342.053859;2 out of 5
342.053267;342.053267;"Methyl 2-((3,4-dihydro-3,4-dioxo-1-naphthalenyl)amino)benzoate";[M+Cl];C18H13NO4;-5.91903e-4;-1.730438;342.053859;3 out of 5
342.053267;342.053267;Hallacridone;[M+Cl];C18H13NO4;-5.91909e-4;-1.730456;342.053859;3 out of 5
342.053267;342.053267;Aristolodione;[M+Cl];C18H13NO4;-5.91909e-4;-1.730456;342.053859;3 out of 5
342.053267;342.053267;Fenoxaprop-ethyl;[M-H2O-H];C18H16ClNO5;-5.92334e-4;-1.731698;342.053859;1 out of 5
343.046583;343.046583;Aflatoxin GM1;[M-H];C17H12O8;6.42640e-4;1.873335;343.045940;1 out of 5
343.046583;343.046583;Wharangin;[M-H];C17H12O8;6.42640e-4;1.873335;343.045940;1 out of 5
343.046583;343.046583;"5,3',4'-Trihydroxy-3-methoxy-6,7-methylenedioxyflavone";[M-H];C17H12O8;6.42640e-4;1.873335;343.045940;1 out of 5
343.046583;343.046583;Manitimus;[M+Cl];C15H11F3N2O2;-8.00910e-5;-0.233470;343.046663;2 out of 5
343.046583;343.046583;2-Cyano-3-oxo-N-[4-(trifluoromethyl)phenyl]hept-6-ynamide;[M+Cl];C15H11F3N2O2;-8.00910e-5;-0.233470;343.046663;2 out of 5
343.046583;343.046583;N-[4-[(6-Methoxypyrimidin-4-yl)sulfamoyl]phenyl]acetamide;[M+Na-H2];C13H14N4O4S;-1.66012e-3;-4.839322;343.048243;1 out of 5
343.990330;343.990330;"2,8-bis-Trifluoromethyl-4-quinoline carboxylic acid";[M+Cl];C12H5F6NO2;-1.51864e-3;-4.414753;343.991849;1 out of 5
343.990330;343.990330;3-oxobrimonidine;[M+Cl];C11H12BrN5O;-1.59368e-3;-4.632894;343.991924;1 out of 5
343.990330;343.990330;Clopidogrel carboxylic acid;[M+K-H2];C15H14ClNO2S;-1.65260e-3;-4.804182;343.991983;1 out of 5
344.050236;344.050236;Flufenacet;[M-H2O-H];C14H13F4N3O2S;1.61681e-3;4.699379;344.048619;1 out of 5
344.050236;344.050236;Aspergillomarasmine A;[M+K-H2];C10H17N3O8;6.64650e-5;0.193184;344.050170;1 out of 5
344.050236;344.050236;Tolnaftate;[M+K-H2];C19H17NOS;-1.45386e-3;-4.225705;344.051690;1 out of 5
344.987319;344.987319;"1-(3',4'-Dichloro-2-fluoro(1,1'-biphenyl)-4-yl)cyclopropanecarboxylic acid";[M+Na-H2];C16H11Cl2FO2;6.38785e-4;1.851622;344.986680;1 out of 5
344.996775;344.996775;Nimesulide;[M+K-H2];C13H12N2O5S;1.47781e-3;4.283554;344.995297;2 out of 5
344.996775;344.996775;"3,3,4,4,5,5,6,6,7,7,8,8,8-Tridecafluorooctan-1-ol";[M-H2O-H];C8H5F13O;1.33510e-3;3.869906;344.995440;3 out of 5
345.043606;345.043606;Sulfadoxine;[M+Cl];C12H14N4O4S;6.29354e-4;1.823987;345.042977;1 out of 5
345.043606;345.043606;Sulfadimethoxine;[M+Cl];C12H14N4O4S;6.29354e-4;1.823987;345.042977;1 out of 5
345.043606;345.043606;Glucose pyruvate acetate;[M+Na-H2];C11H16O11;-3.22335e-4;-0.934185;345.043928;1 out of 5
346.000075;346.000075;"5-Chloro-3-[2-(2,6-difluorophenyl)ethyl]-1H-imidazo[4,5-b]pyridine-2-thione";[M+Na-H2];C14H10ClF2N3S;2.05500e-4;0.593931;345.999869;1 out of 5
346.055772;346.055772;Dihyroxy-1H-indole glucuronide I;[M+Na-H2];C14H15NO8;1.33854e-3;3.868001;346.054433;1 out of 5
346.055772;346.055772;3h-Sialic acid;[M+K-H2];C11H19NO9;1.18580e-3;3.426639;346.054586;2 out of 5
346.055772;346.055772;Glucose-6-glutamate;[M+K-H2];C11H19NO9;1.18580e-3;3.426639;346.054586;2 out of 5
346.055772;346.055772;9-O-Acetylneuraminic acid;[M+K-H2];C11H19NO9;1.18580e-3;3.426639;346.054586;2 out of 5
346.055772;346.055772;Aceneuramic acid;[M+K-H2];C11H19NO9;1.18580e-3;3.426639;346.054586;2 out of 5
346.055772;346.055772;N-Acetylneuraminic acid;[M+K-H2];C11H19NO9;1.18579e-3;3.426595;346.054586;2 out of 5
346.055772;346.055772;N-Acetyl-a-neuraminic acid;[M+K-H2];C11H19NO9;1.18579e-3;3.426595;346.054586;2 out of 5
346.055772;346.055772;p38 MAP Kinase Inhibitor;[M-H2O-H];C20H13ClFN3O;4.95100e-4;1.430696;346.055277;1 out of 5
346.055772;346.055772;Lipo-pab;[M+Na-H2];C15H19NO3S2;4.69176e-4;1.355783;346.055303;1 out of 5
346.055772;346.055772;Zofenoprilat;[M+Na-H2];C15H19NO3S2;4.69176e-4;1.355783;346.055303;1 out of 5
346.055772;346.055772;Adenosine monophosphate;[M-H];C10H14N5O7P;-3.53390e-5;-0.102119;346.055807;2 out of 5
346.055772;346.055772;2'-Deoxyguanosine 5'-monophosphate;[M-H];C10H14N5O7P;-3.53390e-5;-0.102119;346.055807;2 out of 5
346.055772;346.055772;3'-AMP;[M-H];C10H14N5O7P;-3.53390e-5;-0.102119;346.055807;2 out of 5
346.055772;346.055772;Adenosine 2'-phosphate;[M-H];C10H14N5O7P;-3.53390e-5;-0.102119;346.055807;2 out of 5
346.055772;346.055772;2-hydroxy-dAMP;[M-H];C10H14N5O7P;-3.53390e-5;-0.102119;346.055807;2 out of 5
346.055772;346.055772;Vidarabine phosphate;[M-H];C10H14N5O7P;-3.53390e-5;-0.102119;346.055807;2 out of 5
346.055772;346.055772;3-Phosphoadenosine;[M-H];C10H14N5O7P;-3.58090e-5;-0.103478;346.055808;2 out of 5
346.055772;346.055772;Zidovudine monophosphate;[M-H];C10H14N5O7P;-3.58090e-5;-0.103478;346.055808;2 out of 5
346.055772;346.055772;"[(2R,5R)-5-(6-Aminopurin-9-yl)-4-hydroxy-2-(hydroxymethyl)oxolan-3-yl] dihydrogen phosphate";[M-H];C10H14N5O7P;-3.58090e-5;-0.103478;346.055808;2 out of 5
346.993952;346.993952;N-Succinimidyl 3-(2-pyridyldithio)propionate;[M+Cl];C12H12N2O4S2;7.01778e-4;2.022454;346.993250;3 out of 5
347.059076;347.059076;Albendazole 2-aminosulphone;[M+Cl];C12H16N4O4S;4.48815e-4;1.293196;347.058627;1 out of 5
347.059076;347.059076;Quinacridone;[M+Cl];C20H12N2O2;-2.02638e-4;-0.583871;347.059279;1 out of 5
347.059076;347.059076;Glucose lactate acetate;[M+Na-H2];C11H18O11;-5.02400e-4;-1.447590;347.059578;1 out of 5
347.059076;347.059076;3-O-alpha-D-Glucopyranuronosyl-D-xylose;[M+Na-H2];C11H18O11;-5.02418e-4;-1.447642;347.059578;1 out of 5
347.059076;347.059076;Aldobiouronic acid D3;[M+Na-H2];C11H18O11;-5.02418e-4;-1.447642;347.059578;1 out of 5
347.080224;347.080224;4-(1-(2-Fluoro-4-biphenyl)ethyl)-2-methylaminothiazole;[M+Cl];C18H17FN2S;1.17511e-3;3.385707;347.079049;1 out of 5
347.080224;347.080224;"3-(2,4-Dimethyl-5-(2-oxo-1,2-dihydroindol-3-ylidenemethyl)-1H-pyrrol-3-yl)propionic acid";[M+K-H2];C18H18N2O3;-1.23448e-4;-0.355676;347.080347;1 out of 5
347.080224;347.080224;Piromelatine;[M+Cl];C17H16N2O4;-1.84003e-4;-0.530145;347.080408;1 out of 5
347.080224;347.080224;Dictyoquinazol A;[M+Cl];C17H16N2O4;-1.84010e-4;-0.530165;347.080408;1 out of 5
347.080224;347.080224;"2,4,6-Tris(2-pyridyl)-s-triazine";[M+Cl];C18H12N6;-1.52141e-3;-4.383434;347.081745;1 out of 5
347.080224;347.080224;tripyridyltriazine;[M+Cl];C18H12N6;-1.52141e-3;-4.383434;347.081745;1 out of 5
347.103844;347.103844;Delgocitinib;[M+K-H2];C16H18N6O;1.02978e-3;2.966775;347.102814;1 out of 5
347.103844;347.103844;Relebactam;[M-H];C12H20N4O6S;7.65446e-4;2.205241;347.103079;2 out of 5
347.103844;347.103844;Etomoxir;[M+Na-H2];C17H23ClO4;6.90100e-4;1.988170;347.103154;1 out of 5
347.103844;347.103844;20R-Camptothecin;[M-H];C20H16N2O4;1.13997e-4;0.328423;347.103730;2 out of 5
347.103844;347.103844;Camptothecin sodium;[M-H2O-H];C20H18N2O5;1.13312e-4;0.326450;347.103731;1 out of 5
347.103844;347.103844;N-Caffeoyltryptophan;[M-H2O-H];C20H18N2O5;1.13304e-4;0.326427;347.103731;1 out of 5
347.103844;347.103844;"3-((4-(4-Chlorophenyl)piperazin-1-yl)methyl)-1H-pyrrolo[2,3-b]pyridine";[M+Na-H2];C18H19ClN4;-6.47300e-4;-1.864856;347.104491;1 out of 5
347.103844;347.103844;Clozapine;[M+Na-H2];C18H19ClN4;-6.47335e-4;-1.864957;347.104491;1 out of 5
347.103844;347.103844;Hydroxyhexamide;[M+Na-H2];C15H22N2O4S;-8.50892e-4;-2.451399;347.104695;1 out of 5
347.103844;347.103844;N-(N-Acetylmethionyl)dopamine;[M+Na-H2];C15H22N2O4S;-8.51370e-4;-2.452776;347.104695;1 out of 5
347.103844;347.103844;"N-[1-(2-Cyclopropylethyl)-6-fluoro-4-hydroxy-2-oxo-1,2-dihydroquinoline-3-carbonyl]glycine";[M-H];C17H17FN2O5;-1.02882e-3;-2.963998;347.104873;2 out of 5
347.103844;347.103844;(1E)-1-(4-Hydroxy-3-methoxyphenyl)-7-phenyl-1-hepten-3-one;[M+K-H2];C20H22O3;-1.65557e-3;-4.769639;347.105500;1 out of 5
347.103844;347.103844;Avobenzone;[M+K-H2];C20H22O3;-1.65557e-3;-4.769639;347.105500;1 out of 5
347.103844;347.103844;Nafenopin;[M+K-H2];C20H22O3;-1.65557e-3;-4.769639;347.105500;1 out of 5
347.103844;347.103844;"2,3-Dehydrosalvipisone";[M+K-H2];C20H22O3;-1.65557e-3;-4.769645;347.105500;1 out of 5
347.103844;347.103844;Clofop-isobutyl;[M-H];C19H21ClO4;-1.71590e-3;-4.943453;347.105560;1 out of 5
347.103844;347.103844;2-(1-Phenylpentoxycarbonyl)benzoic acid;[M+Cl];C19H20O4;-1.71612e-3;-4.944098;347.105560;1 out of 5
347.103844;347.103844;"4-(3-Methyl-1-butenyl)-3,3',4',5-tetrahydroxystilbene";[M+Cl];C19H20O4;-1.71613e-3;-4.944110;347.105560;1 out of 5
347.103844;347.103844;Honyudisin;[M+Cl];C19H20O4;-1.71613e-3;-4.944110;347.105560;1 out of 5
347.103844;347.103844;"2',3,4',5-Tetrahydroxy-4-prenylstilbene";[M+Cl];C19H20O4;-1.71613e-3;-4.944110;347.105560;1 out of 5
347.103844;347.103844;Gancaonin V;[M+Cl];C19H20O4;-1.71613e-3;-4.944110;347.105560;1 out of 5
347.103844;347.103844;Benzyl butyl phthalate;[M+Cl];C19H20O4;-1.71613e-3;-4.944110;347.105560;1 out of 5
347.103844;347.103844;Nordentatin;[M+Cl];C19H20O4;-1.71613e-3;-4.944110;347.105560;1 out of 5
347.103844;347.103844;3''-Chloro-3''-deoxytriphasiol;[M-H2O-H];C19H23ClO5;-1.71655e-3;-4.945334;347.105561;1 out of 5
350.007942;350.007942;"3-(3,5-Dichlorophenyl)-4-hydroxy-2-oxo-N-propan-2-ylimidazole-1-carboxamide";[M+Na-H2];C13H13Cl2N3O3;-1.21700e-4;-0.347706;350.008064;2 out of 5
350.007942;350.007942;Iprodione;[M+Na-H2];C13H13Cl2N3O3;-1.21711e-4;-0.347738;350.008064;2 out of 5
350.038086;350.038086;Oxfendazole;[M+Cl];C15H13N3O3S;9.23013e-4;2.636900;350.037163;1 out of 5
350.038086;350.038086;4-Hydroxyfenbendazole;[M+Cl];C15H13N3O3S;9.22535e-4;2.635534;350.037163;1 out of 5
350.038086;350.038086;TrkA Inhibitor;[M+Cl];C15H13N3O3S;9.22535e-4;2.635534;350.037163;1 out of 5
353.046317;353.046317;"2H-1,4-Benzodiazepin-2-one, 1,3-dihydro-7-chloro-5-(2-fluorophenyl)-1-(2-hydroxyethyl)-";[M+Na-H2];C17H14ClFN2O2;-1.13360e-3;-3.210900;353.047451;1 out of 5
353.048873;353.048873;"2H-1,4-Benzodiazepin-2-one, 1,3-dihydro-7-chloro-5-(2-fluorophenyl)-1-(2-hydroxyethyl)-";[M+Na-H2];C17H14ClFN2O2;1.42240e-3;4.028920;353.047451;1 out of 5
353.048873;353.048873;4-Glucogallic acid;[M+Na-H2];C13H16O10;-1.40715e-4;-0.398571;353.049014;1 out of 5
353.048873;353.048873;6-Galloylglucose;[M+Na-H2];C13H16O10;-1.40732e-4;-0.398619;353.049014;1 out of 5
353.048873;353.048873;beta-Glucogallin;[M+Na-H2];C13H16O10;-1.40732e-4;-0.398619;353.049014;1 out of 5
353.048873;353.048873;4-Glucosyl gallate;[M+Na-H2];C13H16O10;-1.40732e-4;-0.398619;353.049014;1 out of 5
353.048873;353.048873;1-O-Galloylfructose;[M+Na-H2];C13H16O10;-1.40732e-4;-0.398619;353.049014;1 out of 5
353.048873;353.048873;3-Glucogallic acid;[M+Na-H2];C13H16O10;-1.40732e-4;-0.398619;353.049014;1 out of 5
353.048873;353.048873;5-O-Galloylhamamelofuranose;[M+Na-H2];C13H16O10;-1.40732e-4;-0.398619;353.049014;1 out of 5
353.048873;353.048873;2-Galloylglucose;[M+Na-H2];C13H16O10;-1.40732e-4;-0.398619;353.049014;1 out of 5
353.048873;353.048873;Galloyl glucose;[M+Na-H2];C13H16O10;-1.40732e-4;-0.398619;353.049014;1 out of 5
353.048873;353.048873;6-O-Galloylglucose;[M+Na-H2];C13H16O10;-1.40732e-4;-0.398619;353.049014;1 out of 5
353.200357;353.200357;1-Cyclohexyl-N-{[1-(4-Methylphenyl)-1h-Indol-3-Yl]methyl}methanamine;[M+Na-H2];C23H28N2;4.41094e-4;1.248851;353.199916;1 out of 5
353.200357;353.200357;2-Chlorooctadecanoic acid;[M+Cl];C18H35ClO2;-1.60210e-3;-4.535932;353.201959;2 out of 5
354.068456;354.068456;PYRAZOPHOS;[M-H2O-H];C14H20N3O5PS;1.68072e-4;0.474688;354.068288;1 out of 5
354.068456;354.068456;Ethalfluralin;[M+Na-H2];C13H14F3N3O4;1.48434e-4;0.419224;354.068308;1 out of 5
354.068456;354.068456;TIARAMIDE;[M-H];C15H18ClN3O3S;-7.30000e-6;-0.020617;354.068463;3 out of 5
355.062116;355.062116;"(6'-Hydroxy-3-oxospiro[2-benzofuran-1,9'-xanthene]-3'-yl) acetate";[M-H2O-H];C22H14O6;9.18829e-4;2.587805;355.061197;1 out of 5
355.062116;355.062116;Neodiospyrin;[M-H2O-H];C22H14O6;9.18820e-4;2.587779;355.061197;1 out of 5
355.062116;355.062116;Progabide;[M+Na-H2];C17H16ClFN2O2;-9.84678e-4;-2.773248;355.063101;1 out of 5
355.062116;355.062116;N(4)-Acetylsulfamethazine;[M+Cl];C14H16N4O3S;-1.59656e-3;-4.496559;355.063713;1 out of 5
355.062116;355.062116;N-Acetylsulfamethazine;[M+Cl];C14H16N4O3S;-1.59656e-3;-4.496559;355.063713;1 out of 5
355.064539;355.064539;Progabide;[M+Na-H2];C17H16ClFN2O2;1.43832e-3;4.050891;355.063101;1 out of 5
355.064539;355.064539;N(4)-Acetylsulfamethazine;[M+Cl];C14H16N4O3S;8.26435e-4;2.327568;355.063713;1 out of 5
355.064539;355.064539;N-Acetylsulfamethazine;[M+Cl];C14H16N4O3S;8.26435e-4;2.327568;355.063713;1 out of 5
355.064539;355.064539;Tebupirimfos;[M+K-H2];C13H23N2O3PS;-7.65814e-4;-2.156826;355.065305;1 out of 5
355.064539;355.064539;Chlorpromazine-N-oxide;[M+Na-H2];C17H19ClN2OS;-7.89637e-4;-2.223920;355.065329;1 out of 5
355.064539;355.064539;hydroxychlorpromazine;[M+Na-H2];C17H19ClN2OS;-7.89637e-4;-2.223920;355.065329;1 out of 5
355.064539;355.064539;Chlorpromazine sulfoxide;[M+Na-H2];C17H19ClN2OS;-7.90100e-4;-2.225224;355.065329;1 out of 5
355.064539;355.064539;5-Amino-6-(5'-phosphoribitylamino)uracil;[M-H];C9H17N4O9P;-1.49867e-3;-4.220832;355.066038;1 out of 5
355.071809;355.071809;(4-Methoxyphenyl)-morpholin-4-yl-morpholin-4-ylsulfanyl-sulfidophosphanium;[M-H2O-H];C15H23N2O3PS2;8.78045e-4;2.472872;355.070931;1 out of 5
355.071809;355.071809;N-Desmethylzopiclone;[M-H2O-H];C16H15ClN6O3;2.33917e-4;0.658788;355.071575;1 out of 5
355.071809;355.071809;Penicillin G;[M+Na-H2];C16H18N2O4S;-1.58576e-3;-4.466018;355.073395;1 out of 5
355.071809;355.071809;2-Methoxy-N-[2-(4-sulfamoylphenyl)ethyl]benzamide;[M+Na-H2];C16H18N2O4S;-1.58624e-3;-4.467364;355.073395;1 out of 5
355.071809;355.071809;"Valine, 3-mercapto-N-((5-oxo-2-(phenylmethyl)-4(5H)-oxazolylidene)methyl)-";[M+Na-H2];C16H18N2O4S;-1.58624e-3;-4.467364;355.073395;1 out of 5
355.071809;355.071809;Pentids;[M+Na-H2];C16H18N2O4S;-1.58624e-3;-4.467364;355.073395;1 out of 5
356.065431;356.065431;Aspartyl-Tryptophan;[M+K-H2];C15H17N3O5;5.33100e-6;0.014972;356.065426;1 out of 5
356.065431;356.065431;Tryptophyl-Aspartate;[M+K-H2];C15H17N3O5;5.33100e-6;0.014972;356.065426;1 out of 5
356.065431;356.065431;3-(Phosphonomethyl)-5-phenyl-D-phenylalanine;[M+Na-H2];C16H18NO5P;-1.49568e-3;-4.200564;356.066927;1 out of 5
356.065431;356.065431;Pirifibrate;[M+Na-H2];C17H18ClNO4;-1.67180e-3;-4.695182;356.067103;1 out of 5
357.059238;357.059238;alpha-Hydroxyetizolam;[M-H];C17H15ClN4OS;1.00500e-3;2.814667;357.058233;2 out of 5
357.059238;357.059238;Dattelic acid;[M+Na-H2];C16H16O8;5.35250e-5;0.149905;357.059184;1 out of 5
357.059238;357.059238;"3-Caffeoyl-1,5-quinolactone";[M+Na-H2];C16H16O8;5.35120e-5;0.149869;357.059184;1 out of 5
357.059238;357.059238;"4-Caffeoyl-1,5-quinolactone";[M+Na-H2];C16H16O8;5.35120e-5;0.149869;357.059184;1 out of 5
357.059238;357.059238;3-O-Caffeoylshikimic acid;[M+Na-H2];C16H16O8;5.35120e-5;0.149869;357.059184;1 out of 5
357.059238;357.059238;Juglone glucoside;[M+Na-H2];C16H16O8;5.35120e-5;0.149869;357.059184;1 out of 5
357.059238;357.059238;4-O-Caffeoylshikimic acid;[M+Na-H2];C16H16O8;5.35120e-5;0.149869;357.059184;1 out of 5
357.059238;357.059238;lysophosphatidylinositol;[M-H2O-H];C11H21O12P;1.58860e-5;0.044491;357.059222;1 out of 5
357.059238;357.059238;Lepidimoic acid;[M+Cl];C12H18O10;-1.59796e-4;-0.447533;357.059398;1 out of 5
357.969421;357.969421;"4-Iodo-2,5-dimethoxyphenylisopropylamine";[M+K-H2];C11H16INO2;-1.75400e-3;-4.899836;357.971175;1 out of 5
357.969421;357.969421;"1-(2,5-Dimethoxy-4-iodophenyl)-1-methylethylamine";[M+K-H2];C11H16INO2;-1.75400e-3;-4.899836;357.971175;1 out of 5
358.953094;358.953094;Perflexane;[M+Na-H2];C6F14;7.82718e-4;2.180563;358.952311;1 out of 5
358.963166;358.963166;Urolithin c 3-sulfate;[M+Cl];C13H8O8S;-2.23392e-4;-0.622325;358.963389;3 out of 5
359.005277;359.005277;5-Thymidylic acid;[M+K-H2];C10H15N2O8P;7.00220e-5;0.195045;359.005207;1 out of 5
359.005277;359.005277;thymidine 3'-monophosphate;[M+K-H2];C10H15N2O8P;6.95510e-5;0.193733;359.005207;1 out of 5
359.005277;359.005277;Uridine 5'-monophosphate;[M+Cl];C9H13N2O9P;9.46400e-6;0.026362;359.005268;2 out of 5
359.005277;359.005277;Pseudouridine 5'-phosphate;[M+Cl];C9H13N2O9P;9.46400e-6;0.026362;359.005268;2 out of 5
359.005277;359.005277;Uridine 2'-phosphate;[M+Cl];C9H13N2O9P;9.46400e-6;0.026362;359.005268;2 out of 5
359.005277;359.005277;Uridine 3'-monophosphate;[M+Cl];C9H13N2O9P;9.46400e-6;0.026362;359.005268;2 out of 5
359.005277;359.005277;"[(2S,3R,4R,5R)-5-(2,4-Dioxopyrimidin-1-yl)-3,4-dihydroxyoxolan-2-yl]methyl dihydrogen phosphate";[M+Cl];C9H13N2O9P;8.99500e-6;0.025055;359.005268;2 out of 5
360.102471;360.102471;Koenigicine;[M+K-H2];C20H21NO3;1.72246e-3;4.783264;360.100749;1 out of 5
360.102471;360.102471;Mukonicine;[M+K-H2];C20H21NO3;1.72246e-3;4.783264;360.100749;1 out of 5
360.102471;360.102471;N-Monodemethylolopatadine;[M+K-H2];C20H21NO3;1.72246e-3;4.783264;360.100749;1 out of 5
360.102471;360.102471;Bezafibrate;[M-H];C19H20ClNO4;1.66216e-3;4.615819;360.100809;2 out of 5
360.102471;360.102471;Bulbocapnine;[M+Cl];C19H19NO4;1.66190e-3;4.615108;360.100809;1 out of 5
360.102471;360.102471;Nornantenine;[M+Cl];C19H19NO4;1.66190e-3;4.615094;360.100809;1 out of 5
360.102471;360.102471;Palaudine;[M+Cl];C19H19NO4;1.66190e-3;4.615094;360.100809;1 out of 5
360.102471;360.102471;Cassythicine;[M+Cl];C19H19NO4;1.66190e-3;4.615094;360.100809;1 out of 5
360.102471;360.102471;Isodomesticine;[M+Cl];C19H19NO4;1.66190e-3;4.615094;360.100809;1 out of 5
360.102471;360.102471;Romucosine A;[M+Cl];C19H19NO4;1.66190e-3;4.615094;360.100809;1 out of 5
360.102471;360.102471;Junosine;[M+Cl];C19H19NO4;1.66190e-3;4.615094;360.100809;1 out of 5
360.102471;360.102471;5-Hydroxyomeprazole;[M-H];C17H19N3O4S;1.21199e-4;0.336568;360.102350;2 out of 5
360.102471;360.102471;Omeprazole sulfone;[M-H];C17H19N3O4S;1.21199e-4;0.336568;360.102350;2 out of 5
360.102471;360.102471;3-Hydroxyomeprazole;[M-H];C17H19N3O4S;1.21199e-4;0.336568;360.102350;2 out of 5
360.102471;360.102471;metampicillin;[M-H];C17H19N3O4S;1.20722e-4;0.335244;360.102350;2 out of 5
360.102471;360.102471;"5-Methoxy-2-[(4-methoxy-3,5-dimethylpyridin-2-yl)methylsulfinyl]-1H-benzimidazol-4-ol";[M-H];C17H19N3O4S;1.20722e-4;0.335244;360.102350;2 out of 5
360.102471;360.102471;N(G)-Nitroarginine-4-nitroanilide;[M+Na-H2];C12H17N7O5;-1.31268e-3;-3.645269;360.103784;1 out of 5
360.102471;360.102471;7-[(2-Benzyl-3-sulfanylpropanoyl)amino]heptanoic acid;[M+K-H2];C17H25NO3S;-1.64884e-3;-4.578795;360.104120;1 out of 5
360.970641;360.970641;Tris(2-chloropropyl) phosphate;[M+Cl];C9H18Cl3O4P;4.10800e-4;1.138044;360.970230;1 out of 5
360.970641;360.970641;"D-myo-Inositol 1,4-bisphosphate";[M+Na-H2];C6H14O12P2;-7.49360e-5;-0.207596;360.970716;2 out of 5
360.970641;360.970641;"D-Fructose 2,6-bisphosphate";[M+Na-H2];C6H14O12P2;-7.49360e-5;-0.207596;360.970716;2 out of 5
360.970641;360.970641;"Fructose 1,6-bisphosphate";[M+Na-H2];C6H14O12P2;-7.49360e-5;-0.207596;360.970716;2 out of 5
360.970641;360.970641;"alpha-D-Glucose 1,6-bisphosphate";[M+Na-H2];C6H14O12P2;-7.49360e-5;-0.207596;360.970716;2 out of 5
360.970641;360.970641;"D-myo-Inositol 1,3-bisphosphate";[M+Na-H2];C6H14O12P2;-7.49360e-5;-0.207596;360.970716;2 out of 5
360.970641;360.970641;"D-myo-Inositol 3,4-bisphosphate";[M+Na-H2];C6H14O12P2;-7.49360e-5;-0.207596;360.970716;2 out of 5
360.970641;360.970641;"D-Tagatose 1,6-bisphosphate";[M+Na-H2];C6H14O12P2;-7.49360e-5;-0.207596;360.970716;2 out of 5
360.970641;360.970641;"D-Mannose 1,6-bisphosphate";[M+Na-H2];C6H14O12P2;-7.49360e-5;-0.207596;360.970716;2 out of 5
360.970641;360.970641;"1,6-Di-O-phosphono-D-fructose";[M+Na-H2];C6H14O12P2;-7.58870e-5;-0.210230;360.970717;2 out of 5
360.970641;360.970641;"Fructose-1,6-diphosphate";[M+Na-H2];C6H14O12P2;-7.58870e-5;-0.210230;360.970717;2 out of 5
360.970641;360.970641;Di-phosphofructose;[M+Na-H2];C6H14O12P2;-7.58870e-5;-0.210230;360.970717;2 out of 5
360.970641;360.970641;Diphosphoglucose;[M+Na-H2];C6H14O12P2;-7.58870e-5;-0.210230;360.970717;2 out of 5
360.970641;360.970641;"[(2R,3R)-2,3,5-Trihydroxy-4-oxo-6-phosphonooxyhexyl] dihydrogen phosphate";[M+Na-H2];C6H14O12P2;-7.58870e-5;-0.210230;360.970717;2 out of 5
362.050670;362.050670;HBOA glucuronide;[M+Na-H2];C14H15NO9;1.32193e-3;3.651251;362.049348;1 out of 5
362.050670;362.050670;"2-Hydroxy-1,4-benzoxazin-3-one glucuronide";[M+Na-H2];C14H15NO9;1.32193e-3;3.651251;362.049348;1 out of 5
362.050670;362.050670;NeuNGc;[M+K-H2];C11H19NO10;1.16918e-3;3.229348;362.049501;1 out of 5
362.050670;362.050670;N-Glycolylneuraminic acid;[M+K-H2];C11H19NO10;1.16917e-3;3.229302;362.049501;1 out of 5
362.050670;362.050670;"(2R,4R,5S,6S)-2,4-Dihydroxy-5-[(2-hydroxyacetyl)amino]-6-[(1S,2S)-1,2,3-trihydroxypropyl]oxane-2-carboxylic acid";[M+K-H2];C11H19NO10;1.16917e-3;3.229302;362.049501;1 out of 5
362.050670;362.050670;3-methylthiopropyl-desulfoglucosinolate;[M+Cl];C11H21NO6S2;2.39252e-4;0.660825;362.050431;1 out of 5
362.050670;362.050670;Guanosine monophosphate;[M-H];C10H14N5O8P;-5.19610e-5;-0.143519;362.050722;1 out of 5
362.050670;362.050670;8-Oxo-dGMP;[M-H];C10H14N5O8P;-5.19610e-5;-0.143519;362.050722;1 out of 5
362.050670;362.050670;Cyclic pyranopterin monophosphate;[M-H];C10H14N5O8P;-5.19610e-5;-0.143519;362.050722;1 out of 5
362.050670;362.050670;Guanosine 2'-monophosphate;[M-H];C10H14N5O8P;-5.19610e-5;-0.143519;362.050722;1 out of 5
362.050670;362.050670;Guanosine 3'-monophosphate;[M-H];C10H14N5O8P;-5.19610e-5;-0.143519;362.050722;1 out of 5
362.050670;362.050670;"[(2R,5R)-5-(2-Amino-6-oxo-1H-purin-9-yl)-3,4-dihydroxyoxolan-2-yl]methyl dihydrogen phosphate";[M-H];C10H14N5O8P;-5.19610e-5;-0.143519;362.050722;1 out of 5
362.050670;362.050670;o6-Carboxymethyl-2'-deoxy-guanosine;[M+K-H2];C12H15N5O6;-1.68223e-4;-0.464639;362.050838;1 out of 5
362.127451;362.127451;Benzydamine N-oxide;[M+K-H2];C19H23N3O2;-1.80993e-4;-0.499804;362.127632;1 out of 5
362.127451;362.127451;Ergobasin;[M+K-H2];C19H23N3O2;-1.80993e-4;-0.499804;362.127632;1 out of 5
362.127451;362.127451;Ergonovine;[M+K-H2];C19H23N3O2;-1.80995e-4;-0.499810;362.127632;1 out of 5
362.127451;362.127451;N1-(2-Methoxy-4-methylbenzyl)-n2-(2-(pyridin-2-yl) ethyl)oxalamide;[M+Cl];C18H21N3O3;-2.41553e-4;-0.667038;362.127693;1 out of 5
362.127451;362.127451;Cinereain;[M+Cl];C18H21N3O3;-2.41553e-4;-0.667038;362.127693;1 out of 5
362.127451;362.127451;FLESTOLOL;[M+Cl];C15H22FN3O4;-1.38436e-3;-3.822847;362.128835;1 out of 5
362.127451;362.127451;2-Methylthio-N6-(delta2-isopentenyl)adenosine;[M-H2O-H];C16H23N5O4S;-1.78294e-3;-4.923488;362.129234;1 out of 5
363.007450;363.007450;"3,3,4,4,5,5,6,6,7,7,8,8,8-Tridecafluorooctan-1-ol";[M-H];C8H5F13O;1.44610e-3;3.983681;363.006004;3 out of 5
363.007450;363.007450;Boscalid;[M+Na-H2];C18H12Cl2N2O;1.14570e-4;0.315613;363.007335;1 out of 5
364.035177;364.035177;N-[4-Chloro-3-(trifluoromethyl)phenyl]-2-ethoxybenzamide;[M+Na-H2];C16H13ClF3NO2;1.81910e-3;4.997070;364.033358;1 out of 5
364.035177;364.035177;O-Desmethylindomethacin;[M+Na-H2];C18H14ClNO4;-6.25648e-4;-1.718644;364.035803;2 out of 5
364.035177;364.035177;4-coumaroyl-4'-hydroxyphenyllactate;[M+K-H2];C18H15O6;-8.39783e-4;-2.306868;364.036017;1 out of 5
364.035177;364.035177;Robenacoxib;[M+K-H2];C16H13F4NO2;-1.66932e-3;-4.585566;364.036846;1 out of 5
365.004537;365.004537;Malathion;[M+Cl];C10H19O6PS2;-9.30232e-4;-2.548543;365.005467;3 out of 5
365.004537;365.004537;"Inosine 2',3'-cyclic phosphate";[M+Cl];C10H11N4O7P;-1.39924e-3;-3.833466;365.005936;3 out of 5
368.975672;368.975672;"trans-Resveratrol 3,4'-disulfate";[M-H2O-H];C14H12O9S2;1.23964e-3;3.359685;368.974432;1 out of 5
368.975672;368.975672;"trans-Resveratrol 3,5-disulfate";[M-H2O-H];C14H12O9S2;1.23964e-3;3.359685;368.974432;1 out of 5
370.072793;370.072793;Arotinolol;[M-H];C15H21N3O2S3;4.79550e-4;1.295828;370.072313;2 out of 5
370.134930;370.134930;4-(1-Isopropyl-2-methyl-1H-imidazol-5-yl)-N-(4-(methylsulfonyl)phenyl)pyrimidin-2-amine;[M-H];C18H21N5O2S;6.10890e-4;1.650455;370.134319;2 out of 5
370.134930;370.134930;Amocarzine;[M-H];C18H21N5O2S;6.10890e-4;1.650455;370.134319;2 out of 5
370.134930;370.134930;Almotriptan;[M+Cl];C17H25N3O2S;-1.21875e-3;-3.292705;370.136149;1 out of 5
370.134930;370.134930;Naratriptan;[M+Cl];C17H25N3O2S;-1.21875e-3;-3.292705;370.136149;1 out of 5
370.134930;370.134930;Dansylcadaverine;[M+Cl];C17H25N3O2S;-1.21923e-3;-3.294007;370.136149;1 out of 5
370.933686;370.933686;Phosphoribosyl pyrophosphate;[M-H2O-H];C5H13O14P3;-2.87660e-4;-0.775502;370.933974;1 out of 5
370.933686;370.933686;5-O-phosphonato-alpha-D-ribofuranosyl Diphosphate(5-);[M-H2O-H];C5H13O14P3;-2.89093e-4;-0.779365;370.933975;1 out of 5
370.933686;370.933686;"[(3R,4R,5R)-4-Hydroxy-5-(hydroxymethyl)-3-phosphonooxyoxolan-2-yl] phosphono hydrogen phosphate";[M-H2O-H];C5H13O14P3;-2.89093e-4;-0.779365;370.933975;1 out of 5
370.933686;370.933686;"[(3R,4S,5R)-3,4-Dihydroxy-5-(hydroxymethyl)oxolan-2-yl] [hydroxy(phosphonooxy)phosphoryl] hydrogen phosphate";[M-H2O-H];C5H13O14P3;-2.89093e-4;-0.779365;370.933975;1 out of 5
371.074794;371.074794;"6-[2,3-Dihydroxy-1-(hydroxymethyl)propyl]-1,2-dihydro-7-hydroxy-9-methoxy-cyclopenta[c][1]benzopyran-3,4-dione";[M+Na-H2];C17H18O8;-4.05400e-5;-0.109250;371.074835;1 out of 5
371.074794;371.074794;"3-Feruloyl-1,5-quinolactone";[M+Na-H2];C17H18O8;-4.05520e-5;-0.109283;371.074835;1 out of 5
371.074794;371.074794;"4-Feruloyl-1,5-quinolactone";[M+Na-H2];C17H18O8;-4.05520e-5;-0.109283;371.074835;1 out of 5
371.074794;371.074794;"2,3-Dimercapto-1-propanol tributyrate";[M+K-H2];C15H26O4S2;-1.06267e-3;-2.863741;371.075857;1 out of 5
371.074794;371.074794;Sulindac sulfone;[M-H];C20H17FO4S;-1.08693e-3;-2.929123;371.075881;1 out of 5
371.074794;371.074794;Mitomycin;[M+K-H2];C15H18N4O5;-1.53071e-3;-4.125044;371.076325;1 out of 5
371.138327;371.138327;Strychnine N-oxide;[M+Na-H2];C21H22N2O3;6.17424e-4;1.663598;371.137710;1 out of 5
371.138327;371.138327;Paquinimod;[M+Na-H2];C21H22N2O3;6.17424e-4;1.663598;371.137710;1 out of 5
371.138327;371.138327;polyneuridine aldehyde;[M+Na-H2];C21H22N2O3;6.17424e-4;1.663598;371.137710;1 out of 5
371.138327;371.138327;Proglumide;[M+K-H2];C18H26N2O4;4.64675e-4;1.252028;371.137862;1 out of 5
371.138327;371.138327;Ethyl 5-benzyloxy-4-methoxymethyl-beta-carboline-3-carboxylate;[M-H2O-H];C23H22N2O4;-1.78920e-3;-4.820810;371.140116;2 out of 5
374.930739;374.930739;Pipobroman;[M+Na-H2];C10H16Br2N2O2;-1.78106e-3;-4.750348;374.932520;1 out of 5
376.050385;376.050385;TIARAMIDE;[M+Na-H2];C15H18ClN3O3S;-2.23000e-5;-0.059301;376.050407;3 out of 5
376.050385;376.050385;"Imidodicarbonimidic diamide, N-(1-methylethyl)-N'-(3-(2,4,5-trichlorophenoxy)propoxy)-, hydrochloride";[M-H2O-H];C14H20Cl3N5O2;-3.20000e-5;-0.085095;376.050417;1 out of 5
376.050385;376.050385;Alkaloid A6;[M+Cl];C19H16ClNO3;-8.87090e-4;-2.358960;376.051272;1 out of 5
376.050385;376.050385;6-Chloro-5-(4-(1-hydroxycyclobutyl)phenyl)-1H-indole-3-carboxylic acid;[M+Cl];C19H16ClNO3;-8.87100e-4;-2.358987;376.051272;1 out of 5
377.044069;377.044069;Dihydro-O-methylsterigmatocystin;[M+K-H2];C19H16O6;7.75756e-4;2.057472;377.043293;1 out of 5
377.085609;377.085609;"2,2-Dichloro-12-(4-chlorophenyl)dodecanoic acid";[M-H];C18H25Cl3O2;8.72900e-4;2.314864;377.084736;1 out of 5
377.085609;377.085609;Gentiopicroside;[M+Na-H2];C16H20O9;2.09776e-4;0.556309;377.085399;1 out of 5
377.085609;377.085609;1-O-Feruloylglucose;[M+Na-H2];C16H20O9;2.09762e-4;0.556272;377.085399;1 out of 5
377.085609;377.085609;Veranisatin B;[M+Na-H2];C16H20O9;2.09762e-4;0.556272;377.085399;1 out of 5
377.085609;377.085609;1-O-2'-Hydroxy-4'-methoxycinnamoyl-b-D-glucose;[M+Na-H2];C16H20O9;2.09762e-4;0.556272;377.085399;1 out of 5
377.085609;377.085609;Ferulic acid 4-glucoside;[M+Na-H2];C16H20O9;2.09762e-4;0.556272;377.085399;1 out of 5
377.085609;377.085609;trans-p-Feruloyl-beta-D-glucopyranoside;[M+Na-H2];C16H20O9;2.09762e-4;0.556272;377.085399;1 out of 5
377.085609;377.085609;1-O-Feruloyl-beta-D-glucopyranose;[M+Na-H2];C16H20O9;2.09762e-4;0.556272;377.085399;1 out of 5
377.085609;377.085609;1-O-Feruloyl-beta-D-glucose;[M+Na-H2];C16H20O9;2.09762e-4;0.556272;377.085399;1 out of 5
377.085609;377.085609;Epimelibiose;[M+Cl];C12H22O11;-3.52800e-6;-0.009356;377.085613;1 out of 5
377.085609;377.085609;Neotrehalose;[M+Cl];C12H22O11;-3.52800e-6;-0.009356;377.085613;1 out of 5
377.085609;377.085609;Galabiose;[M+Cl];C12H22O11;-3.52800e-6;-0.009356;377.085613;1 out of 5
377.085609;377.085609;Polymaltose;[M+Cl];C12H22O11;-3.52800e-6;-0.009356;377.085613;1 out of 5
377.085609;377.085609;laminaribiose;[M+Cl];C12H22O11;-3.52800e-6;-0.009356;377.085613;1 out of 5
377.085609;377.085609;"D-Fructose, 6-O-alpha-D-glucopyranosyl-";[M+Cl];C12H22O11;-3.52800e-6;-0.009356;377.085613;1 out of 5
377.085609;377.085609;6-O-alpha-D-Galactopyranosyl-D-galactopyranose;[M+Cl];C12H22O11;-3.52800e-6;-0.009356;377.085613;1 out of 5
377.085609;377.085609;"Gal-alpha1,2-Gal";[M+Cl];C12H22O11;-3.52800e-6;-0.009356;377.085613;1 out of 5
377.085609;377.085609;Palatinose;[M+Cl];C12H22O11;-3.52800e-6;-0.009356;377.085613;1 out of 5
377.085609;377.085609;"(2R,3S,4R,5R)-2,4,5,6-Tetrahydroxy-3-[(2S,3R,4S,5S,6R)-3,4,5-trihydroxy-6-(hydroxymethyl)oxan-2-yl]oxyhexanal";[M+Cl];C12H22O11;-3.52800e-6;-0.009356;377.085613;1 out of 5
377.085609;377.085609;"D-Glucose, 6-O-alpha-D-glucopyranosyl-";[M+Cl];C12H22O11;-3.52800e-6;-0.009356;377.085613;1 out of 5
377.085609;377.085609;"(3S,4R,5R)-1,4,5,6-Tetrahydroxy-3-[(2S,3R,4S,5S,6R)-3,4,5-trihydroxy-6-(hydroxymethyl)oxan-2-yl]oxyhexan-2-one";[M+Cl];C12H22O11;-3.52800e-6;-0.009356;377.085613;1 out of 5
377.085609;377.085609;"(3S,4R,5S)-3,4,5,6-Tetrahydroxy-1-[(2S,3R,4S,5S,6R)-3,4,5-trihydroxy-6-(hydroxymethyl)oxan-2-yl]oxyhexan-2-one";[M+Cl];C12H22O11;-3.52800e-6;-0.009356;377.085613;1 out of 5
377.085609;377.085609;Melibiose;[M+Cl];C12H22O11;-3.54600e-6;-0.009404;377.085613;1 out of 5
377.085609;377.085609;Cellobiose;[M+Cl];C12H22O11;-3.54600e-6;-0.009404;377.085613;1 out of 5
377.085609;377.085609;D-Maltose;[M+Cl];C12H22O11;-3.54600e-6;-0.009404;377.085613;1 out of 5
377.085609;377.085609;Alpha-Lactose;[M+Cl];C12H22O11;-3.54600e-6;-0.009404;377.085613;1 out of 5
377.085609;377.085609;Sucrose;[M+Cl];C12H22O11;-3.54600e-6;-0.009404;377.085613;1 out of 5
377.085609;377.085609;Lactulose;[M+Cl];C12H22O11;-3.54600e-6;-0.009404;377.085613;1 out of 5
377.085609;377.085609;Trehalose;[M+Cl];C12H22O11;-3.54600e-6;-0.009404;377.085613;1 out of 5
377.085609;377.085609;Isomaltose;[M+Cl];C12H22O11;-3.54600e-6;-0.009404;377.085613;1 out of 5
377.085609;377.085609;Galactinol;[M+Cl];C12H22O11;-3.54600e-6;-0.009404;377.085613;1 out of 5
377.085609;377.085609;3-b-Galactopyranosyl glucose;[M+Cl];C12H22O11;-3.54600e-6;-0.009404;377.085613;1 out of 5
377.085609;377.085609;Turanose;[M+Cl];C12H22O11;-3.54600e-6;-0.009404;377.085613;1 out of 5
377.085609;377.085609;Kojibiose;[M+Cl];C12H22O11;-3.54600e-6;-0.009404;377.085613;1 out of 5
377.085609;377.085609;Sakebiose;[M+Cl];C12H22O11;-3.54600e-6;-0.009404;377.085613;1 out of 5
377.085609;377.085609;Inulobiose;[M+Cl];C12H22O11;-3.54600e-6;-0.009404;377.085613;1 out of 5
377.085609;377.085609;Maltulose;[M+Cl];C12H22O11;-3.54600e-6;-0.009404;377.085613;1 out of 5
377.085609;377.085609;Mannobiose;[M+Cl];C12H22O11;-3.54600e-6;-0.009404;377.085613;1 out of 5
377.085609;377.085609;DEAE-cellulose;[M+Cl];C12H22O11;-3.54600e-6;-0.009404;377.085613;1 out of 5
377.085609;377.085609;Allolactose;[M+Cl];C12H22O11;-3.54600e-6;-0.009404;377.085613;1 out of 5
377.085609;377.085609;Glucinol;[M+Cl];C12H22O11;-3.54600e-6;-0.009404;377.085613;1 out of 5
377.085609;377.085609;Trehalulose;[M+Cl];C12H22O11;-3.54600e-6;-0.009404;377.085613;1 out of 5
377.085609;377.085609;Fagopyritol A1;[M+Cl];C12H22O11;-3.54600e-6;-0.009404;377.085613;1 out of 5
377.085609;377.085609;beta-Lactose;[M+Cl];C12H22O11;-3.54600e-6;-0.009404;377.085613;1 out of 5
377.085609;377.085609;"Glucose-1,3-mannose oligosaccharide";[M+Cl];C12H22O11;-3.54600e-6;-0.009404;377.085613;1 out of 5
377.085609;377.085609;3h-Sucrose;[M+Cl];C12H22O11;-3.54600e-6;-0.009404;377.085613;1 out of 5
377.085609;377.085609;"D-Glucose, 4-O-beta-D-galactopyranosyl-";[M+Cl];C12H22O11;-3.54600e-6;-0.009404;377.085613;1 out of 5
377.085609;377.085609;"beta-D-Fructofuranosyl-(2,1)-beta-D-Fructofuranose";[M+Cl];C12H22O11;-3.54600e-6;-0.009404;377.085613;1 out of 5
377.085609;377.085609;"N-(2,4-Dinitrophenyl)-5-methoxytryptamine";[M+Na-H2];C17H16N4O5;-1.12763e-3;-2.990376;377.086737;1 out of 5
379.041014;379.041014;alpha-Hydroxyetizolam;[M+Na-H2];C17H15ClN4OS;8.37000e-4;2.208209;379.040177;2 out of 5
380.987042;380.987042;"2-O-Galloyl-1,4-galactarolactone";[M+K-H2];C13H12O11;4.75774e-4;1.248795;380.986566;1 out of 5
380.987042;380.987042;"3-O-Galloyl-1,4-galactarolactone";[M+K-H2];C13H12O11;4.75774e-4;1.248795;380.986566;1 out of 5
380.987042;380.987042;"5-O-Galloyl-1,4-galactarolactone";[M+K-H2];C13H12O11;4.75774e-4;1.248795;380.986566;1 out of 5
382.025723;382.025723;5'-Hydroxypiroxicam;[M+Cl];C15H13N3O5S;-1.26923e-3;-3.322359;382.026992;1 out of 5
382.025723;382.025723;Thiamine monophosphate;[M+K-H2];C12H18N4O4PS;-1.51929e-3;-3.976905;382.027242;1 out of 5
382.032643;382.032643;Adenosine monophosphate;[M+Cl];C10H14N5O7P;1.57661e-4;0.412690;382.032485;2 out of 5
382.032643;382.032643;2'-Deoxyguanosine 5'-monophosphate;[M+Cl];C10H14N5O7P;1.57661e-4;0.412690;382.032485;2 out of 5
382.032643;382.032643;3'-AMP;[M+Cl];C10H14N5O7P;1.57661e-4;0.412690;382.032485;2 out of 5
382.032643;382.032643;Adenosine 2'-phosphate;[M+Cl];C10H14N5O7P;1.57661e-4;0.412690;382.032485;2 out of 5
382.032643;382.032643;2-hydroxy-dAMP;[M+Cl];C10H14N5O7P;1.57661e-4;0.412690;382.032485;2 out of 5
382.032643;382.032643;Vidarabine phosphate;[M+Cl];C10H14N5O7P;1.57661e-4;0.412690;382.032485;2 out of 5
382.032643;382.032643;3-Phosphoadenosine;[M+Cl];C10H14N5O7P;1.57191e-4;0.411460;382.032486;2 out of 5
382.032643;382.032643;Zidovudine monophosphate;[M+Cl];C10H14N5O7P;1.57191e-4;0.411460;382.032486;2 out of 5
382.032643;382.032643;"[(2R,5R)-5-(6-Aminopurin-9-yl)-4-hydroxy-2-(hydroxymethyl)oxolan-3-yl] dihydrogen phosphate";[M+Cl];C10H14N5O7P;1.57191e-4;0.411460;382.032486;2 out of 5
382.032643;382.032643;Triflumizole;[M+K-H2];C15H15ClF3N3O;-1.53630e-3;-4.021368;382.034179;1 out of 5
382.210213;382.210213;Amperozide;[M-H2O-H];C23H29F2N3O;1.85025e-4;0.484092;382.210028;1 out of 5
383.056920;383.056920;Psoberan;[M-H2O-H];C23H14O7;8.08198e-4;2.109868;383.056112;1 out of 5
383.056920;383.056920;"Propanoic acid, 3-((((2-(1,1-dimethylethyl)-5-methoxy-6-benzothiazolyl)amino)thioxomethyl)thio)-";[M-H];C16H20N2O3S3;5.90966e-4;1.542765;383.056329;2 out of 5
383.056920;383.056920;Tenatoprazole;[M+K-H2];C16H18N4O3S;-1.64663e-3;-4.298638;383.058567;1 out of 5
383.080237;383.080237;2-(2-Hydroxyethylamino)-6-(3-chloroanilino)-9-isopropylpurine;[M+K-H2];C16H19ClN6O;7.45033e-4;1.944852;383.079492;1 out of 5
383.080237;383.080237;Relebactam;[M+Cl];C12H20N4O6S;4.80446e-4;1.254167;383.079757;2 out of 5
383.080237;383.080237;Dihydrorhodamine 123;[M+K-H2];C21H18N2O3;-1.10448e-4;-0.288315;383.080347;1 out of 5
383.080237;383.080237;20R-Camptothecin;[M+Cl];C20H16N2O4;-1.71003e-4;-0.446389;383.080408;2 out of 5
383.080237;383.080237;"N-[1-(2-Cyclopropylethyl)-6-fluoro-4-hydroxy-2-oxo-1,2-dihydroquinoline-3-carbonyl]glycine";[M+Cl];C17H17FN2O5;-1.31382e-3;-3.429604;383.081551;2 out of 5
384.029622;384.029622;5-Aminofluorescein;[M+K-H2];C20H13NO5;1.64448e-3;4.282180;384.027978;2 out of 5
384.029622;384.029622;"2-(3,6,9-Trihydroxy-4-amino-9H-xanthene-9-yl)benzoic acid gamma-lactone";[M+K-H2];C20H13NO5;1.64448e-3;4.282180;384.027978;2 out of 5
384.029622;384.029622;Hydroxysanguinarine;[M+K-H2];C20H13NO5;1.64448e-3;4.282180;384.027978;2 out of 5
384.029622;384.029622;Hydroxytriamterene sulfate;[M+Cl];C12H11N7O4S;8.97964e-4;2.338273;384.028724;1 out of 5
384.029622;384.029622;Silmitasertib;[M+Cl];C19H12ClN3O2;-1.58335e-3;-4.122972;384.031205;1 out of 5
384.083869;384.083869;BEFLOXATONE;[M+Cl];C15H18F3NO5;7.60827e-4;1.980892;384.083108;1 out of 5
384.083869;384.083869;R-138727;[M+Cl];C18H20FNO3S;-3.24406e-4;-0.844622;384.084193;1 out of 5
384.083869;384.083869;{1-[2-Cyclopropyl-1-(2-fluorophenyl)-2-oxoethyl]-4-sulfanylpiperidin-3-ylidene}acetic acid;[M+Cl];C18H20FNO3S;-3.24845e-4;-0.845765;384.084194;1 out of 5
384.083869;384.083869;Voriconazole;[M+Cl];C16H14F3N5O;-5.76710e-4;-1.501519;384.084446;1 out of 5
384.083869;384.083869;Pelargonidin 3-arabinoside;[M-H2O-H];C20H19O9;-1.19721e-3;-3.117033;384.085066;1 out of 5
384.083869;384.083869;Naproxcinod;[M+K-H2];C18H21NO6;-1.62340e-3;-4.226663;384.085492;1 out of 5
384.137942;384.137942;Murrayazolinol;[M+K-H2];C23H25NO2;8.07951e-4;2.103288;384.137134;1 out of 5
384.137942;384.137942;Pyrafoline D;[M+K-H2];C23H25NO2;8.07951e-4;2.103288;384.137134;1 out of 5
384.137942;384.137942;(R)-Mahanine;[M+K-H2];C23H25NO2;8.07951e-4;2.103288;384.137134;1 out of 5
384.137942;384.137942;Mukoenine B;[M+K-H2];C23H25NO2;8.07951e-4;2.103288;384.137134;1 out of 5
384.137942;384.137942;Fenpropathrin;[M+Cl];C22H23NO3;7.47393e-4;1.945641;384.137195;1 out of 5
384.137942;384.137942;Amibegron;[M-H2O-H];C22H26ClNO4;7.47000e-4;1.944618;384.137195;1 out of 5
384.941755;384.941755;Daidzein sulfate;[M+K-H2];C15H8O8S;-8.38392e-4;-2.177966;384.942593;1 out of 5
384.979925;384.979925;Formononetin 7-sulfate;[M+K-H2];C16H12O7S;9.46100e-4;2.457537;384.978979;1 out of 5
384.979925;384.979925;Apigenin 7-sulfate;[M+Cl];C15H10O8S;8.86014e-4;2.301460;384.979039;1 out of 5
384.979925;384.979925;Genistein 7-sulfate;[M+Cl];C15H10O8S;8.85544e-4;2.300240;384.979039;1 out of 5
384.984294;384.984294;Uridine 5'-diphosphate;[M-H2O-H];C9H14N2O12P2;-6.19460e-5;-0.160905;384.984356;2 out of 5
384.989422;384.989422;"3,3,4,4,5,5,6,6,7,7,8,8,8-Tridecafluorooctan-1-ol";[M+Na-H2];C8H5F13O;1.47410e-3;3.828951;384.987948;3 out of 5
385.054010;385.054010;N-(6-Aminopyridin-2-yl)-4'-cyanobiphenyl-4-sulfonamide;[M+Cl];C18H14N4O2S;8.62119e-4;2.238961;385.053148;1 out of 5
385.054010;385.054010;Xanthotoxol glucoside;[M+Na-H2];C17H16O9;-8.91100e-5;-0.231422;385.054099;1 out of 5
385.054010;385.054010;"8-Chloro-10-[3-(dimethylamino)propyl]phenothiazine-2,3-diol";[M+Cl];C17H19ClN2O2S;-9.67700e-4;-2.513148;385.054978;1 out of 5
385.054010;385.054010;N-[4-Cloro-3-(T-butyloxome)phenyl-2-methyl-3-furan-carbothiamide;[M+Cl];C17H19ClN2O2S;-9.67700e-4;-2.513148;385.054978;1 out of 5
385.054010;385.054010;Riboflavin reduced;[M+K-H2];C15H16N4O6;-1.57926e-3;-4.101392;385.055589;1 out of 5
385.077381;385.077381;"Diphenyl(2,4,6-trimethylbenzoyl)phosphine oxide";[M+K-H2];C22H21O2P;8.59086e-4;2.230949;385.076522;1 out of 5
385.077381;385.077381;N2-(2-Carboxymethyl-2-hydroxysuccinoyl)arginine;[M+K-H2];C12H20N4O8;6.62364e-4;1.720083;385.076719;1 out of 5
385.077381;385.077381;2-trans-O-Feruloylglucaric acid;[M-H];C16H18O11;-2.53418e-4;-0.658096;385.077634;2 out of 5
385.077381;385.077381;Coumarin 6;[M+Cl];C20H18N2O2S;-9.19002e-4;-2.386533;385.078300;1 out of 5
385.145990;385.145990;Chandalone;[M-H2O-H];C25H24O5;1.45713e-3;3.783325;385.144533;2 out of 5
385.145990;385.145990;Mammeigin;[M-H2O-H];C25H24O5;1.45712e-3;3.783312;385.144533;2 out of 5
386.140426;386.140426;triazolopyridinone epoxide;[M-H];C19H22ClN5O2;1.50032e-3;3.885441;386.138926;1 out of 5
386.140426;386.140426;4'-hydroxytrazodone;[M-H];C19H22ClN5O2;1.50032e-3;3.885441;386.138926;1 out of 5
386.140426;386.140426;Pirenzepine;[M+Cl];C19H21N5O2;1.50006e-3;3.884765;386.138926;1 out of 5
386.140426;386.140426;Timegadine;[M+Na-H2];C20H23N5S;-1.65794e-3;-4.293588;386.142084;1 out of 5
388.108105;388.108105;Phenylalanyltryptophan;[M+K-H2];C20H21N3O3;1.20845e-3;3.113709;388.106897;1 out of 5
388.108105;388.108105;Tryptophyl-Phenylalanine;[M+K-H2];C20H21N3O3;1.20845e-3;3.113696;388.106897;1 out of 5
388.108105;388.108105;"2-Methyl-2-(4-(5-(3-pyridinyl)-1,2,4-oxadiazol-3-yl)phenoxy)propanoic acid, ethyl ester";[M+Cl];C19H19N3O4;1.14790e-3;2.957680;388.106957;1 out of 5
388.108105;388.108105;Taisho;[M-H];C17H19N5O4S;-3.93286e-4;-1.013340;388.108498;1 out of 5
390.045247;390.045247;TIARAMIDE;[M+Cl];C15H18ClN3O3S;1.05700e-4;0.270994;390.045141;3 out of 5
391.225550;391.225550;Vesatolimod;[M-H2O-H];C22H30N6O2;3.66770e-4;0.937491;391.225183;1 out of 5
391.225550;391.225550;"3-Oxo-4,6-choladienoic acid";[M+Na-H2];C24H34O3;8.80460e-5;0.225052;391.225462;1 out of 5
391.225550;391.225550;Rimexolone;[M+Na-H2];C24H34O3;8.80460e-5;0.225052;391.225462;1 out of 5
391.225550;391.225550;Antibiotic SB 202742;[M+Na-H2];C24H34O3;8.80460e-5;0.225052;391.225462;1 out of 5
391.225550;391.225550;"CPA(16:0/0:0)";[M-H];C19H37O6P;5.15720e-5;0.131822;391.225498;1 out of 5
391.225550;391.225550;"LysoPA(0:0/16:0)";[M-H2O-H];C19H39O7P;5.08860e-5;0.130068;391.225499;1 out of 5
391.225550;391.225550;"LysoPA(16:0/0:0)";[M-H2O-H];C19H39O7P;5.08860e-5;0.130068;391.225499;1 out of 5
391.225550;391.225550;"MG(0:0/18:2(9Z,12Z)/0:0)";[M+K-H2];C21H38O4;-6.47040e-5;-0.165388;391.225615;1 out of 5
391.225550;391.225550;"MG(18:2(9Z,12Z)/0:0/0:0)";[M+K-H2];C21H38O4;-6.47040e-5;-0.165388;391.225615;1 out of 5
391.225550;391.225550;Glyceryl monolinoleate;[M+K-H2];C21H38O4;-6.47040e-5;-0.165388;391.225615;1 out of 5
391.225550;391.225550;2-Linoleoyl Glycerol;[M+K-H2];C21H38O4;-6.47040e-5;-0.165388;391.225615;1 out of 5
391.225550;391.225550;RIOPROSTIL;[M+K-H2];C21H38O4;-6.47040e-5;-0.165388;391.225615;1 out of 5
391.225550;391.225550;7-[3-Hydroxy-2-(3-hydroxyoctyl)-5-oxocyclopentyl]heptanoic acid;[M+Cl];C20H36O5;-1.25259e-4;-0.320171;391.225675;1 out of 5
391.225550;391.225550;"13,14-Dihydroprostaglandin F2alpha";[M+Cl];C20H36O5;-1.25259e-4;-0.320171;391.225675;1 out of 5
391.225550;391.225550;8-Epi pgf1alpha;[M+Cl];C20H36O5;-1.25259e-4;-0.320171;391.225675;1 out of 5
391.225550;391.225550;Prostaglandin F1a;[M+Cl];C20H36O5;-1.25262e-4;-0.320178;391.225675;1 out of 5
391.225550;391.225550;"13,14-Dihydro PGE1";[M+Cl];C20H36O5;-1.25262e-4;-0.320178;391.225675;1 out of 5
391.225550;391.225550;"13,14-Dihydro PGF2a";[M+Cl];C20H36O5;-1.25262e-4;-0.320178;391.225675;1 out of 5
391.225550;391.225550;Prostaglandin F-1-alpha;[M+Cl];C20H36O5;-1.25262e-4;-0.320178;391.225675;1 out of 5
392.042194;392.042194;6-Methylthioguanosine monophosphate;[M-H];C11H16N5O7PS;-1.33409e-3;-3.402921;392.043528;2 out of 5
393.130034;393.130034;N-Acetylserotonin glucuronide;[M-H];C18H22N2O8;-3.04690e-4;-0.775036;393.130339;1 out of 5
393.130034;393.130034;"6',7'-Dihydroxybergamottin";[M+Na-H2];C21H24O6;-1.92149e-3;-4.887654;393.131955;1 out of 5
393.130034;393.130034;Dihydroxybergamottin;[M+Na-H2];C21H24O6;-1.92149e-3;-4.887654;393.131955;1 out of 5
393.130034;393.130034;l-Arctigenin;[M+Na-H2];C21H24O6;-1.92149e-3;-4.887654;393.131955;1 out of 5
393.130034;393.130034;Sylvatesmin;[M+Na-H2];C21H24O6;-1.92149e-3;-4.887654;393.131955;1 out of 5
393.130034;393.130034;Tetrahydrocurcumin;[M+Na-H2];C21H24O6;-1.92150e-3;-4.887672;393.131956;1 out of 5
393.130034;393.130034;(-)-Arctigenin;[M+Na-H2];C21H24O6;-1.92150e-3;-4.887672;393.131956;1 out of 5
393.130034;393.130034;"2-(4-Allyl-2,6-dimethoxyphenoxy)-1-(3,4-methylenedioxyphenyl)-1-propanol";[M+Na-H2];C21H24O6;-1.92150e-3;-4.887672;393.131956;1 out of 5
393.130034;393.130034;"(8R,8'R,9S)-9-Hydroxy-3,4-dimethoxy-3',4'-methylenoxy-9,9'-epoxylignan";[M+Na-H2];C21H24O6;-1.92150e-3;-4.887672;393.131956;1 out of 5
393.130034;393.130034;"9-Hydroxy-3',4'-dimethoxy-3,4-methylenedioxy-9,9'-epoxylignan";[M+Na-H2];C21H24O6;-1.92150e-3;-4.887672;393.131956;1 out of 5
393.130034;393.130034;Licoriphenone;[M+Na-H2];C21H24O6;-1.92150e-3;-4.887672;393.131956;1 out of 5
393.130034;393.130034;Hydroxymyricanone;[M+Na-H2];C21H24O6;-1.92150e-3;-4.887672;393.131956;1 out of 5
394.897219;394.897219;Triclabendazole;[M+K-H2];C14H9Cl3N2OS;-1.50320e-3;-3.806546;394.898722;1 out of 5
394.897219;394.897219;Triclabendazole sulphoxide;[M+K-H2];C14H9Cl3N2OS;-1.50320e-3;-3.806546;394.898722;1 out of 5
396.078969;396.078969;Bezafibrate;[M+Cl];C19H20ClNO4;1.48216e-3;3.742096;396.077487;2 out of 5
396.078969;396.078969;Rabeprazole;[M+K-H2];C18H21N3O3S;1.75700e-6;0.004436;396.078967;1 out of 5
396.078969;396.078969;5-Hydroxyomeprazole;[M+Cl];C17H19N3O4S;-5.88010e-5;-0.148458;396.079028;2 out of 5
396.078969;396.078969;Omeprazole sulfone;[M+Cl];C17H19N3O4S;-5.88010e-5;-0.148458;396.079028;2 out of 5
396.078969;396.078969;3-Hydroxyomeprazole;[M+Cl];C17H19N3O4S;-5.88010e-5;-0.148458;396.079028;2 out of 5
396.078969;396.078969;metampicillin;[M+Cl];C17H19N3O4S;-5.92780e-5;-0.149662;396.079028;2 out of 5
396.078969;396.078969;"5-Methoxy-2-[(4-methoxy-3,5-dimethylpyridin-2-yl)methylsulfinyl]-1H-benzimidazol-4-ol";[M+Cl];C17H19N3O4S;-5.92780e-5;-0.149662;396.079028;2 out of 5
396.078969;396.078969;6-Heptenyl glucosinolate;[M-H2O-H];C14H25NO9S2;-2.62783e-4;-0.663461;396.079232;1 out of 5
396.078969;396.078969;Clethodim;[M+K-H2];C17H26ClNO3S;-1.82860e-3;-4.616735;396.080798;1 out of 5
397.226559;397.226559;Forasartan;[M-H2O-H];C23H28N8;7.07064e-4;1.780005;397.225852;1 out of 5
398.104217;398.104217;"2-Imidazolidinone, 1-(3,5-dichlorophenyl)-3-(2-(1,4-dioxa-8-azaspiro(4.5)dec-8-yl)ethyl)-";[M-H];C18H23Cl2N3O3;-1.53000e-4;-0.384321;398.104370;1 out of 5
398.104217;398.104217;"N-(4-(4-Amino-2-ethyl-imidazo(4,5-c)quinolin-1-yl)butyl)methanesulfonamide";[M+K-H2];C17H23N5O2S;-1.63417e-3;-4.104876;398.105851;1 out of 5
398.918659;398.918659;Potassium menaphthosulfate;[M+Na-H2];C11H8Na2O8S2;-1.60596e-3;-4.025772;398.920265;1 out of 5
400.894439;400.894439;Selenohomocystine;[M+K-H2];C8H16N2O4Se2;1.78300e-3;4.447575;400.892656;1 out of 5
401.005271;401.005271;5'-Sulfamoyl-2-chloroadenosine;[M+Na-H2];C10H13ClN6O6S;2.30000e-5;0.057356;401.005248;1 out of 5
401.005271;401.005271;Gallein;[M+K-H2];C20H12O7;-1.63673e-3;-4.081541;401.006908;1 out of 5
402.994958;402.994958;Uridine 5'-diphosphate;[M-H];C9H14N2O12P2;3.80540e-5;0.094428;402.994920;2 out of 5
402.994958;402.994958;Orotidylic acid;[M+Cl];C10H13N2O11P;-1.38780e-4;-0.344371;402.995097;1 out of 5
403.002242;403.002242;Pomaglumetad methionil;[M+K-H2];C12H18N2O7S2;-1.90628e-3;-4.730165;403.004148;1 out of 5
404.014375;404.014375;Glucoiberin;[M-H2O-H];C11H21NO10S3;-5.43402e-4;-1.345005;404.014918;1 out of 5
406.049744;406.049744;2-Sulfamoyl-5-(5-(p-tolyl)-3-(trifluoromethyl)-1H-pyrazol-1-yl)benzoic acid;[M-H2O-H];C18H14F3N3O4S;1.87339e-3;4.613727;406.047871;1 out of 5
406.049744;406.049744;Arotinolol;[M+Cl];C15H21N3O2S3;7.52550e-4;1.853348;406.048991;2 out of 5
406.111659;406.111659;rac-Sitagliptin;[M-H];C16H15F6N5O;8.56899e-4;2.110013;406.110802;1 out of 5
406.111659;406.111659;Sitagliptin;[M-H];C16H15F6N5O;8.56643e-4;2.109382;406.110802;1 out of 5
406.111659;406.111659;4-(1-Isopropyl-2-methyl-1H-imidazol-5-yl)-N-(4-(methylsulfonyl)phenyl)pyrimidin-2-amine;[M+Cl];C18H21N5O2S;6.61890e-4;1.629825;406.110997;2 out of 5
406.111659;406.111659;Amocarzine;[M+Cl];C18H21N5O2S;6.61890e-4;1.629825;406.110997;2 out of 5
407.115064;407.115064;2-Ethoxy-3-[4-[2-(4-methylsulfonyloxyphenyl)ethoxy]phenyl]propanoic acid;[M-H];C20H24O7S;-1.93329e-3;-4.748726;407.116997;1 out of 5
408.011626;408.011626;"Adenosine 3',5'-diphosphate";[M-H2O-H];C10H15N5O10P2;5.22510e-5;0.128063;408.011574;3 out of 5
408.011626;408.011626;dGDP;[M-H2O-H];C10H15N5O10P2;5.22510e-5;0.128063;408.011574;3 out of 5
408.011626;408.011626;ADP;[M-H2O-H];C10H15N5O10P2;5.22510e-5;0.128063;408.011574;3 out of 5
408.011626;408.011626;"[(2S,3R,4R,5R)-5-(6-Aminopurin-9-yl)-3,4-dihydroxyoxolan-2-yl]methyl phosphono hydrogen phosphate";[M-H2O-H];C10H15N5O10P2;5.22510e-5;0.128063;408.011574;3 out of 5
408.011626;408.011626;Zidovudine diphosphate;[M-H2O-H];C10H15N5O10P2;5.13010e-5;0.125734;408.011575;3 out of 5
408.046614;408.046614;Azaribine;[M+K-H2];C14H17N3O9;1.52986e-3;3.749245;408.045084;1 out of 5
408.046614;408.046614;25I-NBOMe;[M-H2O-H];C18H22INO3;1.50000e-5;0.036761;408.046599;1 out of 5
408.046614;408.046614;3-Quinuclidinyl alpha-hydroxy-alpha-(1-iodo-1-propen-3-yl)-alpha-phenylacetate;[M-H2O-H];C18H22INO3;1.50000e-5;0.036761;408.046599;1 out of 5
408.108713;408.108713;Prochlorperazine;[M+Cl];C20H24ClN3S;1.36582e-3;3.346717;408.107347;1 out of 5
408.108713;408.108713;4-(2-Chlorophenoxy)-N-[3-(methylcarbamoyl)phenyl]piperidine-1-carboxamide;[M+Na-H2];C20H22ClN3O3;-9.23300e-4;-2.262382;408.109636;1 out of 5
409.117304;409.117304;Diamfenetide;[M+K-H2];C20H24N2O5;1.77119e-4;0.432930;409.117127;1 out of 5
409.117304;409.117304;Medroxalol;[M+K-H2];C20H24N2O5;1.77119e-4;0.432930;409.117127;1 out of 5
411.007679;411.007679;Iguratimod;[M+K-H2];C17H14N2O6S;1.81665e-3;4.420003;411.005862;1 out of 5
411.007679;411.007679;8-Nitro-cGMP;[M+Na-H2];C10H11N6O9P;4.99044e-4;1.214198;411.007180;1 out of 5
413.030342;413.030342;lamotrigine-2-N-glucuronide;[M-H2O-H];C15H16Cl2N5O6;9.67900e-4;2.343417;413.029374;1 out of 5
414.024115;414.024115;6-Methylthioguanosine monophosphate;[M+Na-H2];C11H16N5O7PS;-1.35709e-3;-3.277801;414.025472;2 out of 5
415.225403;415.225403;Zabicipril;[M-H];C23H32N2O5;1.55786e-3;3.751861;415.223845;1 out of 5
415.225403;415.225403;Ramipril;[M-H];C23H32N2O5;1.55786e-3;3.751846;415.223845;1 out of 5
415.225403;415.225403;Lexibulin;[M-H2O-H];C24H30N6O2;2.19770e-4;0.529279;415.225183;1 out of 5
415.225403;415.225403;Stanolone benzoate;[M+Na-H2];C26H34O3;-5.89550e-5;-0.141983;415.225462;1 out of 5
415.225403;415.225403;"CPA(18:2(9Z,12Z)/0:0)";[M-H];C21H37O6P;-9.54280e-5;-0.229822;415.225498;1 out of 5
415.225403;415.225403;"LysoPA(0:0/18:2(9Z,12Z))";[M-H2O-H];C21H39O7P;-9.65940e-5;-0.232630;415.225500;1 out of 5
415.225403;415.225403;"LysoPA(18:2(9Z,12Z)/0:0)";[M-H2O-H];C21H39O7P;-9.65940e-5;-0.232630;415.225500;1 out of 5
415.225403;415.225403;"MG(0:0/20:4(5Z,8Z,11Z,14Z)/0:0)";[M+K-H2];C23H38O4;-2.11704e-4;-0.509853;415.225615;1 out of 5
415.225403;415.225403;"MG(0:0/20:4(8Z,11Z,14Z,17Z)/0:0)";[M+K-H2];C23H38O4;-2.11704e-4;-0.509853;415.225615;1 out of 5
415.225403;415.225403;"MG(20:4(5Z,8Z,11Z,14Z)/0:0/0:0)";[M+K-H2];C23H38O4;-2.11704e-4;-0.509853;415.225615;1 out of 5
415.225403;415.225403;"MG(20:4(8Z,11Z,14Z,17Z)/0:0/0:0)";[M+K-H2];C23H38O4;-2.11704e-4;-0.509853;415.225615;1 out of 5
415.225403;415.225403;"1-Acetoxy-2-hydroxy-5,12,15-heneicosatrien-4-one";[M+K-H2];C23H38O4;-2.11704e-4;-0.509853;415.225615;1 out of 5
415.225403;415.225403;[12]-Gingerol;[M+K-H2];C23H38O4;-2.11704e-4;-0.509853;415.225615;1 out of 5
415.225403;415.225403;Persenone A;[M+K-H2];C23H38O4;-2.11704e-4;-0.509853;415.225615;1 out of 5
415.225403;415.225403;1-Arachidonoylglycerol;[M+K-H2];C23H38O4;-2.11704e-4;-0.509853;415.225615;1 out of 5
415.225403;415.225403;"Eicosa-5,8,11,14-tetraenoic acid 1,3-dihydroxypropan-2-yl ester";[M+K-H2];C23H38O4;-2.11704e-4;-0.509853;415.225615;1 out of 5
415.225403;415.225403;24-Nor Ursodeoxycholic Acid;[M+K-H2];C23H38O4;-2.11704e-4;-0.509853;415.225615;1 out of 5
415.225403;415.225403;METENEPROST;[M+K-H2];C23H38O4;-2.11704e-4;-0.509853;415.225615;1 out of 5
415.225403;415.225403;TRIMOPROSTIL;[M+K-H2];C23H38O4;-2.11704e-4;-0.509853;415.225615;1 out of 5
415.225403;415.225403;Nordeoxycholic acid;[M+K-H2];C23H38O4;-2.11704e-4;-0.509853;415.225615;1 out of 5
415.225403;415.225403;"16,16-Dimethylprostaglandin E2";[M+Cl];C22H36O5;-2.72259e-4;-0.655689;415.225675;1 out of 5
415.225403;415.225403;"20a,20b-Dihomo-9-oxo-11R,15S-dihydroxy-5Z,13E-prostadienoic acid";[M+Cl];C22H36O5;-2.72259e-4;-0.655689;415.225675;1 out of 5
415.225403;415.225403;"7-[(1R,2R,3R)-3-Hydroxy-2-[(3R)-3-hydroxy-4,4-dimethyloct-1-enyl]-5-oxocyclopentyl]hept-2-enoic acid";[M+Cl];C22H36O5;-2.72259e-4;-0.655689;415.225675;1 out of 5
415.225403;415.225403;Enisoprost;[M+Cl];C22H36O5;-2.72259e-4;-0.655689;415.225675;1 out of 5
415.225403;415.225403;Limaprost;[M+Cl];C22H36O5;-2.72259e-4;-0.655689;415.225675;1 out of 5
415.225403;415.225403;Prostalene;[M+Cl];C22H36O5;-2.72259e-4;-0.655689;415.225675;1 out of 5
415.225403;415.225403;Bisnorcholic acid;[M+Cl];C22H36O5;-2.72262e-4;-0.655696;415.225675;1 out of 5
415.225403;415.225403;Antalarmin;[M+K-H2];C24H34N4;-1.54911e-3;-3.730757;415.226952;1 out of 5
416.921816;416.921816;Fipronil;[M-H2O-H];C12H4Cl2F6N4OS;9.50896e-4;2.280759;416.920865;1 out of 5
417.241033;417.241033;"(2E,4E,6E,8E)-3,7-Dimethyl-9-(2-nonoxyphenyl)nona-2,4,6,8-tetraenoic acid";[M+Na-H2];C26H36O3;-7.90190e-5;-0.189385;417.241112;1 out of 5
417.241033;417.241033;estradiol cypionate;[M+Na-H2];C26H36O3;-7.90190e-5;-0.189385;417.241112;1 out of 5
417.241033;417.241033;"[(8R,9S,13S,14S,17S)-17-Hydroxy-13-methyl-6,7,8,9,11,12,14,15,16,17-decahydrocyclopenta[a]phenanthren-3-yl] 3-cyclopentylpropanoate";[M+Na-H2];C26H36O3;-7.90190e-5;-0.189385;417.241112;1 out of 5
417.241033;417.241033;"CPA(18:1(11Z)/0:0)";[M-H];C21H39O6P;-1.15492e-4;-0.276799;417.241148;1 out of 5
417.241033;417.241033;"CPA(18:1(9Z)/0:0)";[M-H];C21H39O6P;-1.15492e-4;-0.276799;417.241148;1 out of 5
417.241033;417.241033;DHAP(18:0);[M-H2O-H];C21H41O7P;-1.16178e-4;-0.278443;417.241149;1 out of 5
417.241033;417.241033;(2-Hydroxy-3-phosphonooxypropyl) octadec-9-enoate;[M-H2O-H];C21H41O7P;-1.16178e-4;-0.278443;417.241149;1 out of 5
417.241033;417.241033;"LysoPA(0:0/18:1(9Z))";[M-H2O-H];C21H41O7P;-1.16658e-4;-0.279594;417.241150;1 out of 5
417.241033;417.241033;"LysoPA(18:1(9Z)/0:0)";[M-H2O-H];C21H41O7P;-1.16658e-4;-0.279594;417.241150;1 out of 5
417.241033;417.241033;"MG(0:0/20:3(11Z,14Z,17Z)/0:0)";[M+K-H2];C23H40O4;-2.31768e-4;-0.555477;417.241265;1 out of 5
417.241033;417.241033;"MG(0:0/20:3(5Z,8Z,11Z)/0:0)";[M+K-H2];C23H40O4;-2.31768e-4;-0.555477;417.241265;1 out of 5
417.241033;417.241033;"MG(0:0/20:3(8Z,11Z,14Z)/0:0)";[M+K-H2];C23H40O4;-2.31768e-4;-0.555477;417.241265;1 out of 5
417.241033;417.241033;"MG(20:3(11Z,14Z,17Z)/0:0/0:0)";[M+K-H2];C23H40O4;-2.31768e-4;-0.555477;417.241265;1 out of 5
417.241033;417.241033;"MG(20:3(5Z,8Z,11Z)/0:0/0:0)";[M+K-H2];C23H40O4;-2.31768e-4;-0.555477;417.241265;1 out of 5
417.241033;417.241033;"MG(20:3(8Z,11Z,14Z)/0:0/0:0)";[M+K-H2];C23H40O4;-2.31768e-4;-0.555477;417.241265;1 out of 5
417.241033;417.241033;Isopersin;[M+K-H2];C23H40O4;-2.31768e-4;-0.555477;417.241265;1 out of 5
417.241033;417.241033;"2-Hydroxy-4-oxo-5,12-heneicosadien-1-yl acetate";[M+K-H2];C23H40O4;-2.31768e-4;-0.555477;417.241265;1 out of 5
417.241033;417.241033;Persin;[M+K-H2];C23H40O4;-2.31768e-4;-0.555477;417.241265;1 out of 5
417.241033;417.241033;[12]-Gingerdiol;[M+K-H2];C23H40O4;-2.31768e-4;-0.555477;417.241265;1 out of 5
417.241033;417.241033;"(11R,16S)-misoprostol";[M+Cl];C22H38O5;-2.92324e-4;-0.700611;417.241325;1 out of 5
417.241033;417.241033;"13,14-Dihydro-15-keto-20-ethyl prostaglandin f2alpha";[M+Cl];C22H38O5;-2.92324e-4;-0.700611;417.241325;1 out of 5
417.241033;417.241033;"16,16-Dimethyl Prostaglandin E1";[M+Cl];C22H38O5;-2.92324e-4;-0.700611;417.241325;1 out of 5
417.241033;417.241033;Carboprost methyl;[M+Cl];C22H38O5;-2.92324e-4;-0.700611;417.241325;1 out of 5
417.241033;417.241033;Misoprostol;[M+Cl];C22H38O5;-2.92326e-4;-0.700616;417.241325;1 out of 5
419.033628;419.033628;"Propanoic acid, 3-((((2-(1,1-dimethylethyl)-5-methoxy-6-benzothiazolyl)amino)thioxomethyl)thio)-";[M+Cl];C16H20N2O3S3;6.20966e-4;1.481902;419.033007;2 out of 5
419.033628;419.033628;"5-(5-(2,6-Dichloro-4-(4,5-Dihydro-2-Oxazoly)phenoxy)pentyl)-3-Methyl Isoxazole";[M+K-H2];C18H20Cl2N2O3;-7.49300e-5;-0.178816;419.033703;1 out of 5
419.057256;419.057256;Enterodiol sulfate;[M+K-H2];C18H22O7S;2.67780e-5;0.063901;419.057229;1 out of 5
419.057256;419.057256;Ilaprazole sulfone;[M+K-H2];C19H18N4O3S;-1.31063e-3;-3.127558;419.058567;1 out of 5
419.256731;419.256731;Benzotest;[M+Na-H2];C26H38O3;-3.10840e-5;-0.074141;419.256762;1 out of 5
419.256731;419.256731;"CPA(18:0/0:0)";[M-H];C21H41O6P;-6.75560e-5;-0.161133;419.256799;2 out of 5
419.256731;419.256731;"LysoPA(0:0/18:0)";[M-H2O-H];C21H43O7P;-6.82420e-5;-0.162769;419.256799;3 out of 5
419.256731;419.256731;"LysoPA(18:0/0:0)";[M-H2O-H];C21H43O7P;-6.87230e-5;-0.163916;419.256800;3 out of 5
419.256731;419.256731;"MG(0:0/20:2(11Z,14Z)/0:0)";[M+K-H2];C23H42O4;-1.83832e-4;-0.438471;419.256915;1 out of 5
419.256731;419.256731;"MG(20:2(11Z,14Z)/0:0/0:0)";[M+K-H2];C23H42O4;-1.83832e-4;-0.438471;419.256915;1 out of 5
419.256731;419.256731;Persenone B;[M+K-H2];C23H42O4;-1.83832e-4;-0.438471;419.256915;1 out of 5
419.256731;419.256731;Lepidiumterpenyl ester;[M+K-H2];C23H42O4;-1.83832e-4;-0.438471;419.256915;1 out of 5
420.009284;420.009284;Glucocheirolin;[M-H2O-H];C11H21NO11S3;-5.47589e-4;-1.303753;420.009832;1 out of 5
420.114653;420.114653;Methyl (1-(4-fluorobenzyl)-1H-indazole-3-carbonyl)-L-valinate;[M+K-H2];C21H22FN3O3;1.52826e-3;3.637727;420.113125;1 out of 5
420.114653;420.114653;Difloxacin;[M+Na-H2];C21H19F2N3O3;5.38190e-4;1.281057;420.114115;1 out of 5
420.114653;420.114653;Quetiapine;[M+K-H2];C21H25N3O2S;-6.99749e-4;-1.665612;420.115353;1 out of 5
421.054230;421.054230;2-(2-Chloro-4-fluorobenzyl)-3-(4-fluorophenyl)-7-(trifluoromethyl)-2H-indazole;[M-H];C21H12ClF5N2;5.90100e-4;1.401484;421.053640;1 out of 5
421.054230;421.054230;Theaflagallin;[M+Na-H2];C20H16O9;1.30890e-4;0.310863;421.054099;1 out of 5
421.054230;421.054230;"3,4,5-trihydroxy-6-{2-hydroxy-5-[(5-oxooxolan-2-yl)methyl]phenoxy}oxane-2-carboxylic acid";[M+K-H2];C17H20O10;-2.18440e-5;-0.051879;421.054252;1 out of 5
421.054230;421.054230;Eleutheroside B1;[M+K-H2];C17H20O10;-2.18600e-5;-0.051917;421.054252;1 out of 5
421.054230;421.054230;Tomenin;[M+K-H2];C17H20O10;-2.18600e-5;-0.051917;421.054252;1 out of 5
421.054230;421.054230;"5-(3',5'-Dihydroxyphenyl)-gamma-valerolactone 3-O-glucuronide";[M+K-H2];C17H20O10;-2.18600e-5;-0.051917;421.054252;1 out of 5
421.054230;421.054230;"5-(3',4'-Dihydroxyphenyl)-gamma-valerolactone-4'-O-glucuronide";[M+K-H2];C17H20O10;-2.18600e-5;-0.051917;421.054252;1 out of 5
421.054230;421.054230;2-trans-O-Feruloylglucaric acid;[M+Cl];C16H18O11;-8.24180e-5;-0.195742;421.054312;2 out of 5
421.122397;421.122397;N-Desmethyldiltiazem;[M+Na-H2];C21H24N2O4S;2.05204e-3;4.872821;421.120345;1 out of 5
421.122397;421.122397;O-Desmethyldiltiazem;[M+Na-H2];C21H24N2O4S;2.05156e-3;4.871683;421.120345;1 out of 5
421.122397;421.122397;"4-(4-Butyl-2,5-dioxo-3-methyl-3-phenyl-1-pyrrolidinyl)benzenesulfonamide";[M+Na-H2];C21H24N2O4S;2.05156e-3;4.871683;421.120345;1 out of 5
421.122397;421.122397;Repinotan;[M+Na-H2];C21H24N2O4S;2.05156e-3;4.871683;421.120345;1 out of 5
422.057589;422.057589;5-Hexenyl glucosinolate;[M+Na-H2];C13H23NO9S2;1.49928e-3;3.552326;422.056090;1 out of 5
422.057589;422.057589;Gluconasturtiin;[M-H];C15H21NO9S2;-9.06655e-4;-2.148174;422.058496;1 out of 5
422.125852;422.125852;Zabofloxacin;[M+Na-H2];C19H20FN5O4;1.25269e-3;2.967591;422.124599;1 out of 5
422.125852;422.125852;Alpelisib;[M-H2O-H];C19H22F3N5O2S;-9.37278e-4;-2.220371;422.126789;1 out of 5
422.125852;422.125852;Ipsapirone;[M+Na-H2];C19H23N5O3S;-9.75795e-4;-2.311616;422.126828;1 out of 5
422.125852;422.125852;Bifeprunox;[M+K-H2];C24H23N3O2;-1.77999e-3;-4.216722;422.127632;1 out of 5
423.119418;423.119418;Sulforidazine;[M+Na-H2];C21H26N2O2S2;1.18153e-3;2.792444;423.118236;1 out of 5
423.119418;423.119418;n6-[2-(4-Aminophenyl)ethyl]adenosine;[M+K-H2];C18H22N6O4;5.59788e-4;1.323004;423.118858;1 out of 5
423.119418;423.119418;"5'-(1,4-Dihydro-1-methyl-3-pyridinylcarbonyl)-3'-azido-3'-deoxythymidine";[M+Cl];C17H20N6O5;4.99232e-4;1.179886;423.118919;1 out of 5
423.119418;423.119418;Rondomycin;[M-H2O-H];C22H22N2O8;-3.56676e-4;-0.842967;423.119775;1 out of 5
423.119418;423.119418;Methacycline;[M-H2O-H];C22H22N2O8;-3.56690e-4;-0.843000;423.119775;1 out of 5
423.135019;423.135019;Delmadinone acetate;[M+Na-H2];C23H27ClO4;5.65000e-4;1.335273;423.134454;1 out of 5
423.138002;423.138002;Eprosartan;[M-H];C23H24N2O4S;-3.98956e-4;-0.942850;423.138401;2 out of 5
423.138002;423.138002;4-[[2-Butyl-5-(2-carboxy-3-thiophen-2-ylprop-1-enyl)-1-imidazolyl]methyl]benzoic acid;[M-H];C23H24N2O4S;-3.99435e-4;-0.943982;423.138401;2 out of 5
424.122052;424.122052;1-[(6-Chloro-2-methoxyacridin-9-yl)amino]-3-(diethylamino)propan-2-ol;[M+K-H2];C21H26ClN3O2;2.09220e-3;4.933038;424.119960;1 out of 5
424.122052;424.122052;"(2S,3S)-Nemonapride";[M+K-H2];C21H26ClN3O2;2.09220e-3;4.933038;424.119960;1 out of 5
424.122052;424.122052;"((4-(3-(4-Fluoro-alpha-hydroxybenzyl)-4-hydroxyphenoxy)-3,5-dimethylphenyl)amino)oxoacetate";[M-H];C23H20FNO6;1.86347e-3;4.393729;424.120189;3 out of 5
424.122052;424.122052;Hydroxyethylflurazepam;[M+Na-H2];C21H23ClFN3O2;1.10210e-3;2.598551;424.120950;1 out of 5
424.122052;424.122052;Fasidotril;[M-H2O-H];C23H25NO6S;-3.65703e-4;-0.862258;424.122418;1 out of 5
424.122052;424.122052;Perphenazine;[M+Na-H2];C21H26ClN3OS;-1.12587e-3;-2.654573;424.123178;1 out of 5
424.141416;424.141416;Reproterol;[M+Cl];C18H23N5O5;2.09614e-3;4.942100;424.139320;2 out of 5
425.125512;425.125512;"1,3-Diferuloylglycerol";[M-H2O-H];C23H24O9;1.32065e-3;3.106497;425.124191;1 out of 5
425.125512;425.125512;purvalanol A;[M+K-H2];C19H25ClN6O;-9.30100e-4;-2.187820;425.126442;1 out of 5
425.125512;425.125512;Ethyl 5-benzyloxy-4-methoxymethyl-beta-carboline-3-carboxylate;[M+Cl];C23H22N2O4;-1.84620e-3;-4.342689;425.127358;2 out of 5
425.135239;425.135239;Halometasone;[M-H2O-H];C22H27ClF2O5;1.57200e-3;3.697661;425.133667;1 out of 5
425.135239;425.135239;2-Hexynyl-5'-N-ethylcarboxamidoadenosine;[M+K-H2];C18H24N6O4;7.30723e-4;1.718804;425.134508;1 out of 5
425.135239;425.135239;15-(4-Iodophenyl)pentadecanoic acid;[M-H2O-H];C21H33IO2;5.50000e-4;1.293708;425.134689;1 out of 5
425.135239;425.135239;Epitetracycline;[M-H2O-H];C22H24N2O8;-1.85741e-4;-0.436898;425.135425;1 out of 5
425.135239;425.135239;Doxycycline;[M-H2O-H];C22H24N2O8;-1.85754e-4;-0.436929;425.135425;1 out of 5
425.135239;425.135239;Tetracycline;[M-H2O-H];C22H24N2O8;-1.85754e-4;-0.436929;425.135425;1 out of 5
425.135239;425.135239;Flibanserin;[M+Cl];C20H21F3N4O;-9.07929e-4;-2.135619;425.136147;1 out of 5
425.135239;425.135239;Chandalone;[M+Na-H2];C25H24O5;-1.80187e-3;-4.238335;425.137041;2 out of 5
425.135239;425.135239;Mammeigin;[M+Na-H2];C25H24O5;-1.80188e-3;-4.238346;425.137041;2 out of 5
425.135239;425.135239;Gomisin J;[M+K-H2];C22H28O6;-1.95462e-3;-4.597626;425.137194;1 out of 5
425.135239;425.135239;Methyl prednisolonate;[M+K-H2];C22H28O6;-1.95462e-3;-4.597626;425.137194;1 out of 5
425.135239;425.135239;Cyclomammein;[M+K-H2];C22H28O6;-1.95463e-3;-4.597641;425.137194;1 out of 5
425.135239;425.135239;Furomammea G;[M+K-H2];C22H28O6;-1.95463e-3;-4.597641;425.137194;1 out of 5
425.135239;425.135239;Cycloneomammein;[M+K-H2];C22H28O6;-1.95463e-3;-4.597641;425.137194;1 out of 5
425.135239;425.135239;MAB 4;[M+K-H2];C22H28O6;-1.95463e-3;-4.597641;425.137194;1 out of 5
425.135239;425.135239;"2-(4-Allyl-2,6-dimethoxyphenoxy)-1-(3,4-dimethoxyphenyl)-1-propanol";[M+K-H2];C22H28O6;-1.95463e-3;-4.597641;425.137194;1 out of 5
425.135239;425.135239;Fragransin D1;[M+K-H2];C22H28O6;-1.95463e-3;-4.597641;425.137194;1 out of 5
425.135239;425.135239;Fragransin D3;[M+K-H2];C22H28O6;-1.95463e-3;-4.597641;425.137194;1 out of 5
425.135239;425.135239;Pyranomammea C;[M+K-H2];C22H28O6;-1.95463e-3;-4.597641;425.137194;1 out of 5
425.135239;425.135239;Quassin;[M+K-H2];C22H28O6;-1.95463e-3;-4.597641;425.137194;1 out of 5
425.135239;425.135239;Pyranomammea B;[M+K-H2];C22H28O6;-1.95463e-3;-4.597641;425.137194;1 out of 5
425.135239;425.135239;Arctigenic acid;[M+Cl];C21H26O7;-2.01518e-3;-4.740062;425.137254;1 out of 5
425.135239;425.135239;"(2S,4S,6S)-2-[2-(4-Hydroxy-3-meyhoxyphenyl)ethyl]tetrahydro-6-(4,5-dihydroxy-3-methoxyphenyl)-2H-pyran-4-ol";[M+Cl];C21H26O7;-2.01519e-3;-4.740083;425.137254;1 out of 5
425.135239;425.135239;Rosmic acid;[M+Cl];C21H26O7;-2.01519e-3;-4.740083;425.137254;1 out of 5
425.144967;425.144967;Serylvalylglycylglutamic acid;[M+Cl];C15H26N4O8;5.02187e-4;1.181215;425.144465;1 out of 5
425.144967;425.144967;"6-(2-Carboxyethyl)-7-hydroxy-2,2-dimethyl-4-chromanone glucoside";[M-H];C20H26O10;-3.53052e-4;-0.830427;425.145320;2 out of 5
425.144967;425.144967;Antibiotic M83;[M-H];C21H22N4O6;-1.69044e-3;-3.976143;425.146657;2 out of 5
425.144967;425.144967;"3,5-Pyridinedicarboxylic acid, 1,4-dihydro-2-(1H-imidazol-1-ylmethyl)-6-methyl-4-(3-nitrophenyl)-, 3-ethyl 5-methyl ester";[M-H];C21H22N4O6;-1.69044e-3;-3.976143;425.146657;2 out of 5
426.022065;426.022065;N-Acetylneuraminic acid 9-phosphate;[M+K-H2];C11H20NO12P;1.14838e-3;2.695593;426.020917;1 out of 5
426.022065;426.022065;N-Acetylneuraminate 9-phosphate;[M+K-H2];C11H20NO12P;1.14838e-3;2.695593;426.020917;1 out of 5
426.022065;426.022065;monophospho-n-acetylneuraminic acid;[M+K-H2];C11H20NO12P;1.14791e-3;2.694501;426.020917;1 out of 5
426.022065;426.022065;"Adenosine 3',5'-diphosphate";[M-H];C10H15N5O10P2;-7.27490e-5;-0.170763;426.022138;3 out of 5
426.022065;426.022065;dGDP;[M-H];C10H15N5O10P2;-7.27490e-5;-0.170763;426.022138;3 out of 5
426.022065;426.022065;ADP;[M-H];C10H15N5O10P2;-7.27490e-5;-0.170763;426.022138;3 out of 5
426.022065;426.022065;"[(2S,3R,4R,5R)-5-(6-Aminopurin-9-yl)-3,4-dihydroxyoxolan-2-yl]methyl phosphono hydrogen phosphate";[M-H];C10H15N5O10P2;-7.27490e-5;-0.170763;426.022138;3 out of 5
426.022065;426.022065;Zidovudine diphosphate;[M-H];C10H15N5O10P2;-7.36990e-5;-0.172993;426.022139;3 out of 5
426.022065;426.022065;Acetyl adenylate;[M+K-H2];C12H16N5O8P;-1.89025e-4;-0.443697;426.022254;1 out of 5
426.119304;426.119304;Reproterol;[M+K-H2];C18H23N5O5;7.80139e-4;1.830803;426.118524;2 out of 5
426.138618;426.138618;Linopirdine;[M+Cl];C26H21N3O;7.54692e-4;1.771004;426.137863;1 out of 5
426.138618;426.138618;N-desmethyltoremifene;[M+Cl];C25H26ClNO;-1.07517e-3;-2.523037;426.139693;1 out of 5
426.138618;426.138618;Lucuminoside;[M-H];C19H25NO10;-1.95102e-3;-4.578360;426.140569;3 out of 5
426.138618;426.138618;(S)-2-Hydroxy-2-phenylacetonitrile O-[b-D-apiosyl-(1-&gt;2)-b-D-glucoside];[M-H];C19H25NO10;-1.95102e-3;-4.578360;426.140569;3 out of 5
426.138618;426.138618;Lucuminamide;[M-H2O-H];C19H27NO11;-1.95171e-3;-4.579970;426.140570;1 out of 5
430.027599;430.027599;Bensultap;[M-H];C17H21NO4S4;-4.66856e-4;-1.085641;430.028066;1 out of 5
435.096206;435.096206;N-Feruloylglycyl-L-phenylalanine;[M+K-H2];C21H22N2O6;-1.85446e-4;-0.426218;435.096391;1 out of 5
436.283275;436.283275;N-Eicosapentaenoyl Isoleucine;[M+Na-H2];C26H41NO3;-3.61840e-5;-0.082937;436.283311;1 out of 5
436.283275;436.283275;N-Eicosapentaenoyl Leucine;[M+Na-H2];C26H41NO3;-3.61840e-5;-0.082937;436.283311;1 out of 5
436.283275;436.283275;"LysoPE(P-16:0/0:0)";[M-H];C21H44NO6P;-7.26570e-5;-0.166536;436.283348;1 out of 5
436.283275;436.283275;L-Palmitoylcarnitine;[M+K-H2];C23H45NO4;-1.88933e-4;-0.433051;436.283464;1 out of 5
436.283275;436.283275;O-Palmitoylcarnitine;[M+K-H2];C23H45NO4;-1.88933e-4;-0.433051;436.283464;1 out of 5
436.283275;436.283275;12-Methylpentadecanoylcarnitine;[M+K-H2];C23H45NO4;-1.88933e-4;-0.433051;436.283464;1 out of 5
436.283275;436.283275;9-Methylpentadecanoylcarnitine;[M+K-H2];C23H45NO4;-1.88933e-4;-0.433051;436.283464;1 out of 5
436.283275;436.283275;5-Methylpentadecanoylcarnitine;[M+K-H2];C23H45NO4;-1.88933e-4;-0.433051;436.283464;1 out of 5
436.283275;436.283275;6-Methylpentadecanoylcarnitine;[M+K-H2];C23H45NO4;-1.88933e-4;-0.433051;436.283464;1 out of 5
436.283275;436.283275;11-Methylpentadecanoylcarnitine;[M+K-H2];C23H45NO4;-1.88933e-4;-0.433051;436.283464;1 out of 5
436.283275;436.283275;3-Methylpentadecanoylcarnitine;[M+K-H2];C23H45NO4;-1.88933e-4;-0.433051;436.283464;1 out of 5
436.283275;436.283275;8-Methylpentadecanoylcarnitine;[M+K-H2];C23H45NO4;-1.88933e-4;-0.433051;436.283464;1 out of 5
436.283275;436.283275;7-Methylpentadecanoylcarnitine;[M+K-H2];C23H45NO4;-1.88933e-4;-0.433051;436.283464;1 out of 5
436.283275;436.283275;13-Methylpentadecanoylcarnitine;[M+K-H2];C23H45NO4;-1.88933e-4;-0.433051;436.283464;1 out of 5
436.283275;436.283275;4-Methylpentadecanoylcarnitine;[M+K-H2];C23H45NO4;-1.88933e-4;-0.433051;436.283464;1 out of 5
436.283275;436.283275;14-Methylpentadecanoylcarnitine;[M+K-H2];C23H45NO4;-1.88933e-4;-0.433051;436.283464;1 out of 5
436.283275;436.283275;10-Methylpentadecanoylcarnitine;[M+K-H2];C23H45NO4;-1.88933e-4;-0.433051;436.283464;1 out of 5
436.283275;436.283275;10-Hydroxypentadecanoylcarnitine;[M+Cl];C22H43NO5;-2.49489e-4;-0.571851;436.283524;1 out of 5
436.283275;436.283275;7-Hydroxypentadecanoylcarnitine;[M+Cl];C22H43NO5;-2.49489e-4;-0.571851;436.283524;1 out of 5
436.283275;436.283275;9-Hydroxypentadecanoylcarnitine;[M+Cl];C22H43NO5;-2.49489e-4;-0.571851;436.283524;1 out of 5
436.283275;436.283275;6-Hydroxypentadecanoylcarnitine;[M+Cl];C22H43NO5;-2.49489e-4;-0.571851;436.283524;1 out of 5
436.283275;436.283275;5-Hydroxypentadecanoylcarnitine;[M+Cl];C22H43NO5;-2.49489e-4;-0.571851;436.283524;1 out of 5
436.283275;436.283275;3-hydroxypentadecanoyl carnitine;[M+Cl];C22H43NO5;-2.49491e-4;-0.571855;436.283524;1 out of 5
437.267493;437.267493;"LysoPA(0:0/18:0)";[M-H];C21H43O7P;1.29758e-4;0.296748;437.267363;3 out of 5
437.267493;437.267493;"LysoPA(18:0/0:0)";[M-H];C21H43O7P;1.29277e-4;0.295647;437.267364;3 out of 5
437.267493;437.267493;"DG(8:0/12:0/0:0)";[M+K-H2];C23H44O5;1.34830e-5;0.030835;437.267480;1 out of 5
437.267493;437.267493;"DG(8:0/0:0/12:0)";[M+K-H2];C23H44O5;1.34830e-5;0.030835;437.267480;1 out of 5
437.267493;437.267493;"DG(8:0/i-12:0/0:0)";[M+K-H2];C23H44O5;1.34830e-5;0.030835;437.267480;1 out of 5
437.267493;437.267493;"DG(8:0/0:0/i-12:0)";[M+K-H2];C23H44O5;1.34830e-5;0.030835;437.267480;1 out of 5
437.267493;437.267493;"DG(10:0/0:0/10:0)";[M+K-H2];C23H44O5;1.34830e-5;0.030835;437.267480;1 out of 5
437.267493;437.267493;"DG(12:0/8:0/0:0)";[M+K-H2];C23H44O5;1.34830e-5;0.030835;437.267480;1 out of 5
437.267493;437.267493;"DG(12:0/0:0/8:0)";[M+K-H2];C23H44O5;1.34830e-5;0.030835;437.267480;1 out of 5
437.267493;437.267493;"DG(i-12:0/8:0/0:0)";[M+K-H2];C23H44O5;1.34830e-5;0.030835;437.267480;1 out of 5
437.267493;437.267493;"DG(i-12:0/0:0/8:0)";[M+K-H2];C23H44O5;1.34830e-5;0.030835;437.267480;1 out of 5
437.267493;437.267493;3-(Acetyloxy)-2-hydroxypropyl octadecanoate;[M+K-H2];C23H44O5;1.34820e-5;0.030832;437.267480;1 out of 5
437.267493;437.267493;"DG(10:0/10:0/0:0)";[M+K-H2];C23H44O5;1.34820e-5;0.030832;437.267480;1 out of 5
437.267493;437.267493;Sorbitan palmitate;[M+Cl];C22H42O6;-4.70760e-5;-0.107659;437.267540;1 out of 5
441.039200;441.039200;VX-702;[M+K-H2];C19H12F4N4O2;9.56706e-4;2.169213;441.038243;1 out of 5
441.062382;441.062382;5-Carboxyfluorescein diacetate;[M-H2O-H];C25H16O9;7.90905e-4;1.793185;441.061591;1 out of 5
441.062382;441.062382;6-Carboxyfluorescein diacetate;[M-H2O-H];C25H16O9;7.90905e-4;1.793185;441.061591;1 out of 5
441.062382;441.062382;"3',6'-Diacetyloxy-3-oxospiro[2-benzofuran-1,9'-xanthene]-4-carboxylic acid";[M-H2O-H];C25H16O9;7.90905e-4;1.793185;441.061591;1 out of 5
441.062382;441.062382;"3-Carboxy-11-(2,4-dichlorophenyl)-3,5-dihydroxyundecanoic acid";[M+Cl];C18H24Cl2O6;-2.01290e-3;-4.563733;441.064395;1 out of 5
442.016975;442.016975;"3,4-Dimethoxy-N-(4-(3-nitrophenyl)thiazol-2-yl)benzenesulfonamide";[M+Na-H2];C17H15N3O6S2;2.08044e-3;4.706712;442.014895;1 out of 5
442.016975;442.016975;Guanosine diphosphate;[M-H];C10H15N5O11P2;-7.73710e-5;-0.175041;442.017052;1 out of 5
442.016975;442.016975;8-oxo-dGDP;[M-H];C10H15N5O11P2;-7.73710e-5;-0.175041;442.017052;1 out of 5
442.016975;442.016975;Guanosine diphos-phate;[M-H];C10H15N5O11P2;-7.83190e-5;-0.177185;442.017053;1 out of 5
442.016975;442.016975;"Guanosine-3',5'-Diphosphate";[M-H];C10H15N5O11P2;-7.83190e-5;-0.177185;442.017053;1 out of 5
442.016975;442.016975;"N-[4-[3,5-Bis(trifluoromethyl)pyrazol-1-yl]phenyl]-4-methylthiadiazole-5-carboxamide";[M+Na-H2];C15H9F6N5OS;-8.92082e-4;-2.018203;442.017867;1 out of 5
442.016975;442.016975;Leukadherin-1;[M+Na-H2];C22H15NO4S2;-1.94232e-3;-4.394190;442.018917;1 out of 5
443.077068;443.077068;Dihydroresveratrol 3-glucuronide;[M+K-H2];C20H22O9;2.08071e-3;4.696072;443.074987;1 out of 5
443.077068;443.077068;Dihydroresveratrol 4'-glucuronide;[M+K-H2];C20H22O9;2.08071e-3;4.696072;443.074987;1 out of 5
443.077068;443.077068;"(2S,3R,4S,5S,6R)-2-[2,4-Dihydroxy-6-[(E)-2-(4-hydroxyphenyl)ethenyl]phenoxy]-6-(hydroxymethyl)oxane-3,4,5-triol";[M+K-H2];C20H22O9;2.08071e-3;4.696072;443.074987;1 out of 5
443.077068;443.077068;4OH-Stil-2-O-glu;[M+K-H2];C20H22O9;2.08071e-3;4.696072;443.074987;1 out of 5
443.077068;443.077068;ginkgolide K;[M+K-H2];C20H22O9;2.08071e-3;4.696072;443.074987;1 out of 5
443.077068;443.077068;"1-(2,3-Dihydroxyphenyl)-2-phenyl-2-[(3R,4S,5S,6R)-3,4,5-trihydroxy-6-(hydroxymethyl)oxan-2-yl]oxyethanone";[M+K-H2];C20H22O9;2.08071e-3;4.696072;443.074987;1 out of 5
443.077068;443.077068;Afzelechin 7-apioside;[M+K-H2];C20H22O9;2.08070e-3;4.696040;443.074987;1 out of 5
443.077068;443.077068;omega-Salicoyisalicin;[M+K-H2];C20H22O9;2.08070e-3;4.696040;443.074987;1 out of 5
443.077068;443.077068;"Benzyl 2,6-dihydroxybenzoate 2-glucoside";[M+K-H2];C20H22O9;2.08070e-3;4.696040;443.074987;1 out of 5
443.077068;443.077068;(R)-Apiumetin glucoside;[M+K-H2];C20H22O9;2.08070e-3;4.696040;443.074987;1 out of 5
443.077068;443.077068;Flacourtin;[M+K-H2];C20H22O9;2.08070e-3;4.696040;443.074987;1 out of 5
443.077068;443.077068;(E)-Oxyresveratrol 3'-O-b-D-glucoside;[M+K-H2];C20H22O9;2.08070e-3;4.696040;443.074987;1 out of 5
443.077068;443.077068;Piceatannol 4'-glucoside;[M+K-H2];C20H22O9;2.08070e-3;4.696040;443.074987;1 out of 5
443.077068;443.077068;Edulisin VI;[M+K-H2];C20H22O9;2.08070e-3;4.696040;443.074987;1 out of 5
443.077068;443.077068;Naproxen O-glucuronide;[M+K-H2];C20H22O9;2.08070e-3;4.696040;443.074987;1 out of 5
443.077068;443.077068;Astringin;[M+K-H2];C20H22O9;2.08070e-3;4.696040;443.074987;1 out of 5
443.077068;443.077068;3-[[(2S)-3-(4-Phenylphenyl)-2-(phosphonomethylamino)propanoyl]amino]propanoic acid;[M+K-H2];C19H23N2O6P;-9.10467e-4;-2.054869;443.077978;1 out of 5
443.077068;443.077068;2-Aminoethyl 2-[[2-[4-(4-chlorophenoxy)phenoxy]acetyl]amino]ethyl hydrogen phosphate;[M-H];C18H22ClN2O7P;-9.70800e-4;-2.191036;443.078039;1 out of 5
443.077068;443.077068;2-Ethoxy-3-[4-[2-[4-(trifluoromethylsulfonyloxy)phenyl]ethoxy]phenyl]propanoic acid;[M-H2O-H];C20H21F3O7S;-1.09968e-3;-2.481907;443.078168;1 out of 5
443.077068;443.077068;4-Methoxybenzenepropanol 1-(2-sulfoglucoside);[M+Cl];C16H24O10S;-1.35068e-3;-3.048395;443.078419;1 out of 5
443.122607;443.122607;Sabiporide;[M+Cl];C18H19F3N6O2;1.04764e-3;2.364216;443.121559;1 out of 5
443.122607;443.122607;Melatonin glucuronide;[M+Cl];C19H24N2O8;-5.97540e-5;-0.134848;443.122667;1 out of 5
445.093742;445.093742;Davallialactone;[M-H2O-H];C25H20O9;8.50776e-4;1.911457;445.092891;1 out of 5
445.093742;445.093742;"2-(2-Aminoethoxymethyl)-4-(2-chlorophenyl)-6-methyl-1,4-dihydropyridine-3,5-dicarboxylic acid O3-ethyl ester O5-methyl ester;benzenesulfonic acid";[M+K-H2];C20H25ClN2O5;-6.26000e-5;-0.140645;445.093805;1 out of 5
445.093742;445.093742;Amlodipine;[M+K-H2];C20H25ClN2O5;-6.26270e-5;-0.140705;445.093805;1 out of 5
447.090945;447.090945;benfotiamine;[M-H2O-H];C19H23N4O6PS;1.19335e-3;2.669153;447.089752;1 out of 5
447.090945;447.090945;Patamostat;[M+Cl];C20H20N4O4S;1.01769e-3;2.276245;447.089927;1 out of 5
448.003672;448.003672;"Adenosine 3',5'-diphosphate";[M+Na-H2];C10H15N5O10P2;-4.09749e-4;-0.914610;448.004082;3 out of 5
448.003672;448.003672;dGDP;[M+Na-H2];C10H15N5O10P2;-4.09749e-4;-0.914610;448.004082;3 out of 5
448.003672;448.003672;ADP;[M+Na-H2];C10H15N5O10P2;-4.09749e-4;-0.914610;448.004082;3 out of 5
448.003672;448.003672;"[(2S,3R,4R,5R)-5-(6-Aminopurin-9-yl)-3,4-dihydroxyoxolan-2-yl]methyl phosphono hydrogen phosphate";[M+Na-H2];C10H15N5O10P2;-4.09749e-4;-0.914610;448.004082;3 out of 5
448.003672;448.003672;Zidovudine diphosphate;[M+Na-H2];C10H15N5O10P2;-4.10699e-4;-0.916730;448.004083;3 out of 5
455.233582;455.233582;mTOR-IN-1;[M-H2O-H];C25H30N8O2;2.25076e-3;4.944216;455.231331;2 out of 5
455.233582;455.233582;N-Arachidonoyl Asparagine;[M+K-H2];C24H38N2O4;1.81929e-3;3.996400;455.231763;1 out of 5
455.233582;455.233582;Valbenazine;[M+K-H2];C24H38N2O4;1.81929e-3;3.996400;455.231763;1 out of 5
455.233582;455.233582;Phytyl diphosphate;[M-H];C20H42O7P2;2.82278e-4;0.620073;455.233300;1 out of 5
455.233582;455.233582;"CPA(18:0/0:0)";[M+Cl];C21H41O6P;1.05444e-4;0.231626;455.233477;2 out of 5
455.233582;455.233582;Testosterone phenylpropionate;[M+Cl];C28H36O3;-2.26402e-3;-4.973288;455.235846;1 out of 5
457.099356;457.099356;"Bis-(1,3-diethylthiobarbituric acid)trimethine oxonol";[M+Na-H2];C19H24N4O4S2;7.91383e-4;1.731318;457.098565;1 out of 5
458.084370;458.084370;3-(6-Methylpyridin-2-yl)-N-phenyl-4-(quinolin-4-yl)-1H-pyrazole-1-carbothioamide;[M+K-H2];C25H19N5S;-3.51806e-4;-0.767993;458.084722;1 out of 5
458.084370;458.084370;"N-(4-(2-Chlorophenyl)-6,7-dimethyl-3-quinolyl)-N'-(2,4-difluorophenyl)urea";[M+Na-H2];C24H18ClF2N3O;-9.43200e-4;-2.059005;458.085313;1 out of 5
458.084370;458.084370;5-O-p-Coumaroylnigrumin;[M+K-H2];C20H23NO9;-1.51634e-3;-3.310163;458.085886;1 out of 5
458.088403;458.088403;Isavuconazole;[M+Na-H2];C22H17F2N5OS;1.54831e-3;3.379955;458.086855;1 out of 5
458.088403;458.088403;Ravuconazole;[M+Na-H2];C22H17F2N5OS;1.54831e-3;3.379955;458.086855;1 out of 5
458.088403;458.088403;"3-[[4-[(5-Nitropyridin-2-yl)hydrazinylidene]-3-oxocyclohexa-1,5-dien-1-yl]-propylamino]propane-1-sulfonic acid";[M+Cl];C17H21N5O6S;-2.25259e-3;-4.917345;458.090656;1 out of 5
458.091361;458.091361;"3-[[4-[(5-Nitropyridin-2-yl)hydrazinylidene]-3-oxocyclohexa-1,5-dien-1-yl]-propylamino]propane-1-sulfonic acid";[M+Cl];C17H21N5O6S;7.05410e-4;1.539892;458.090656;1 out of 5
458.091361;458.091361;Ethyl 3-[[(4-chlorophenyl)methyl-[(5-nitrothiophen-2-yl)methyl]amino]methyl]pyrrolidine-1-carboxylate;[M+Na-H2];C20H24ClN3O4S;-9.11100e-4;-1.988901;458.092272;1 out of 5
459.096325;459.096325;AUREOMYCIN;[M-H2O-H];C22H23ClN2O8;-1.27400e-4;-0.277502;459.096452;1 out of 5
459.096325;459.096325;Chembl456066;[M-H2O-H];C22H23ClN2O8;-1.27400e-4;-0.277502;459.096452;1 out of 5
459.111180;459.111180;Mavatrep;[M+K-H2];C25H21F3N2O;1.97721e-3;4.306616;459.109203;1 out of 5
459.111180;459.111180;Lappaphen A;[M-H2O-H];C27H26O4S2;1.77030e-3;3.855944;459.109410;1 out of 5
459.111180;459.111180;Riociguat;[M+K-H2];C20H19FN8O2;1.07490e-3;2.341275;459.110105;1 out of 5
459.111180;459.111180;Losartan;[M+K-H2];C22H23ClN6O;3.87905e-4;0.844905;459.110792;1 out of 5
459.114962;459.114962;Eprosartan;[M+Cl];C23H24N2O4S;-1.16956e-4;-0.254742;459.115079;2 out of 5
459.114962;459.114962;Ponesimod;[M-H];C23H25ClN2O4S;-1.17200e-4;-0.255274;459.115079;3 out of 5
459.114962;459.114962;4-[[2-Butyl-5-(2-carboxy-3-thiophen-2-ylprop-1-enyl)-1-imidazolyl]methyl]benzoic acid;[M+Cl];C23H24N2O4S;-1.17435e-4;-0.255786;459.115079;2 out of 5
459.232221;459.232221;Mosapramine;[M-H2O-H];C28H35ClN4O;1.22500e-4;0.266750;459.232099;1 out of 5
459.232221;459.232221;Camicinal;[M+Cl];C25H33FN4O;-1.01986e-3;-2.220793;459.233241;1 out of 5
459.531313;459.531313;4-Methyltritriacontane;[M-H2O-H];C34H70;1.40175e-3;3.050391;459.529911;1 out of 5
460.081836;460.081836;"2,5-Dioxopyrrolidin-1-yl 4-(bis(4-chlorophenyl)methyl)piperazine-1-carboxylate";[M-H];C22H21Cl2N3O4;-1.79860e-3;-3.909289;460.083635;1 out of 5
460.094857;460.094857;"2-[(4s)-6-(4-Chlorophenyl)-8-Methoxy-1-Methyl-4h-[1,2,4]triazolo[4,3-A][1,4]benzodiazepin-4-Yl]-N-Ethylacetamide";[M+K-H2];C22H22ClN5O2;4.93000e-5;0.107152;460.094808;1 out of 5
460.094857;460.094857;"((4-(3-(4-Fluoro-alpha-hydroxybenzyl)-4-hydroxyphenoxy)-3,5-dimethylphenyl)amino)oxoacetate";[M+Cl];C23H20FNO6;-2.00953e-3;-4.367626;460.096867;2 out of 5
460.098655;460.098655;"((4-(3-(4-Fluoro-alpha-hydroxybenzyl)-4-hydroxyphenoxy)-3,5-dimethylphenyl)amino)oxoacetate";[M+Cl];C23H20FNO6;1.78847e-3;3.887158;460.096867;2 out of 5
460.098655;460.098655;Prulifloxacin;[M-H];C21H20FN3O6S;2.47287e-4;0.537465;460.098408;1 out of 5
460.104080;460.104080;"N-(3-Phenylpropyl)-3,4-dihydroxybenzylidene cyanoacetamide";[M+Na-H2];C24H17N5O4;1.35895e-3;2.953586;460.102721;1 out of 5
460.105165;460.105165;Coelenterazine;[M+K-H2];C26H21N3O3;-1.73155e-3;-3.763360;460.106897;1 out of 5
460.105165;460.105165;"4-[4-(3-Hydroxyphenyl)-3-(4-methylphenyl)-6-oxo-1,4-dihydropyrrolo[3,4-d]pyrazol-5-yl]benzoic acid";[M+Cl];C25H19N3O4;-1.79210e-3;-3.894973;460.106957;1 out of 5
460.112219;460.112219;"[4,5-Bis(4-methoxyphenyl)-2-thiazolyl]-(4-methyl-1-piperazinyl)methanone";[M+K-H2];C23H25N3O3S;1.95115e-3;4.240612;460.110268;1 out of 5
460.112219;460.112219;Letaxaban;[M-H2O-H];C22H26ClN3O5S;1.89020e-3;4.108145;460.110329;1 out of 5
460.112219;460.112219;Sporamin;[M+Na-H2];C21H30BrNO4;1.73100e-3;3.762140;460.110488;1 out of 5
460.112219;460.112219;Skepinone-L;[M+Cl];C24H21F2NO4;-1.04649e-3;-2.274410;460.113265;1 out of 5
460.118458;460.118458;KBT 1585 hydrochloride;[M-H];C21H23N3O7S;6.37330e-5;0.138514;460.118394;2 out of 5
460.989059;460.989059;Ceftezole;[M+Na-H2];C13H12N8O4S3;2.75800e-5;0.059828;460.989031;1 out of 5
461.111910;461.111910;D-Cloprostenol;[M+K-H2];C22H29ClO6;-1.96140e-3;-4.253613;461.113871;1 out of 5
461.121446;461.121446;"Methanone, ((2R,5R)-5-(((5-fluoro-2-pyridinyl)oxy)methyl)-2-methyl-1-piperidinyl)(5-fluoro-2-(2-pyrimidinyl)phenyl)-";[M+K-H2];C23H22F2N4O2;1.75871e-3;3.813999;461.119687;1 out of 5
461.121446;461.121446;Butyrolactone derivative;[M+Na-H2];C24H24O8;-3.38733e-4;-0.734585;461.121785;1 out of 5
461.121446;461.121446;8-Acetylneosolaniol;[M+K-H2];C21H28O9;-4.91482e-4;-1.065840;461.121937;1 out of 5
461.121446;461.121446;Taraxinic acid glucosyl ester;[M+K-H2];C21H28O9;-4.91494e-4;-1.065866;461.121937;1 out of 5
461.121446;461.121446;Crepidiaside B;[M+K-H2];C21H28O9;-4.91494e-4;-1.065866;461.121937;1 out of 5
461.121446;461.121446;"6-(2-Carboxyethyl)-7-hydroxy-2,2-dimethyl-4-chromanone glucoside";[M+Cl];C20H26O10;-5.52052e-4;-1.197193;461.121998;2 out of 5
461.121446;461.121446;Antibiotic M83;[M+Cl];C21H22N4O6;-1.88944e-3;-4.097481;461.123335;2 out of 5
461.121446;461.121446;"3,5-Pyridinedicarboxylic acid, 1,4-dihydro-2-(1H-imidazol-1-ylmethyl)-6-methyl-4-(3-nitrophenyl)-, 3-ethyl 5-methyl ester";[M+Cl];C21H22N4O6;-1.88944e-3;-4.097481;461.123335;2 out of 5
462.101724;462.101724;Filgotinib;[M+K-H2];C21H23N5O3S;9.58205e-4;2.073585;462.100766;1 out of 5
462.109386;462.109386;Domperidone;[M+K-H2];C22H24ClN5O2;-1.07174e-3;-2.319238;462.110458;1 out of 5
462.109386;462.109386;Glutamate nitrogen;[M-H];C15H21N5O12;-2.00814e-3;-4.345567;462.111394;2 out of 5
462.115133;462.115133;Talampicillin;[M-H2O-H];C24H23N3O6S;2.21735e-3;4.798293;462.112916;1 out of 5
462.115133;462.115133;Dofetilide;[M+Na-H2];C19H27N3O5S2;1.25363e-3;2.712818;462.113879;1 out of 5
462.115133;462.115133;Folcidin;[M+Na-H2];C19H19N7O6;7.84640e-4;1.697935;462.114348;1 out of 5
462.115133;462.115133;Folic acid;[M+Na-H2];C19H19N7O6;7.84625e-4;1.697902;462.114348;1 out of 5
462.115133;462.115133;"7,8-dihydrofolate";[M+Na-H2];C19H19N7O6;-3.12520e-4;-0.676281;462.115446;1 out of 5
462.115133;462.115133;Peonidin-3-glucoside;[M-H];C22H23O11;-1.62658e-3;-3.519842;462.116760;2 out of 5
462.115133;462.115133;Isopeonidin 3-galactoside;[M-H];C22H23O11;-1.62658e-3;-3.519842;462.116760;2 out of 5
462.115133;462.115133;Isopeonidin 3-glucoside;[M-H];C22H23O11;-1.62658e-3;-3.519842;462.116760;2 out of 5
462.115133;462.115133;Malvidin 3-arabinoside;[M-H];C22H23O11;-1.62658e-3;-3.519842;462.116760;2 out of 5
462.115133;462.115133;Peonidin 3-galactoside;[M-H];C22H23O11;-1.62658e-3;-3.519842;462.116760;2 out of 5
462.115133;462.115133;Lucuminoside;[M+Cl];C19H25NO10;-2.11402e-3;-4.574651;462.117247;3 out of 5
462.115133;462.115133;(S)-2-Hydroxy-2-phenylacetonitrile O-[b-D-apiosyl-(1-&gt;2)-b-D-glucoside];[M+Cl];C19H25NO10;-2.11402e-3;-4.574651;462.117247;3 out of 5
463.108990;463.108990;Balipodect;[M+Cl];C23H17FN6O2;-1.12974e-4;-0.243947;463.109103;1 out of 5
463.118609;463.118609;Mangostenol;[M+K-H2];C24H26O7;2.15082e-3;4.644238;463.116458;1 out of 5
463.118609;463.118609;Praeruptorin B;[M+K-H2];C24H26O7;2.15082e-3;4.644238;463.116458;1 out of 5
463.118609;463.118609;Mangostanol;[M+K-H2];C24H26O7;2.15081e-3;4.644218;463.116458;1 out of 5
463.118609;463.118609;Edulisin II;[M+K-H2];C24H26O7;2.15081e-3;4.644218;463.116458;1 out of 5
463.118609;463.118609;Archangelicin;[M+K-H2];C24H26O7;2.15081e-3;4.644218;463.116458;1 out of 5
463.118609;463.118609;Atrovirisidone;[M+K-H2];C24H26O7;2.15081e-3;4.644218;463.116458;1 out of 5
463.118609;463.118609;wortmannin;[M+Cl];C23H24O8;2.09027e-3;4.513480;463.116519;1 out of 5
463.118609;463.118609;Descarboxyethoxyloratadine;[M+K-H2];C24H27ClN2O3;-1.01640e-3;-2.194681;463.119625;1 out of 5
463.118609;463.118609;"2-[3-[1-[[2-(3,4-Dichlorophenyl)acetyl]-methylamino]-2-pyrrolidin-1-ylethyl]phenoxy]acetic acid";[M-H];C23H26Cl2N2O4;-1.07670e-3;-2.324885;463.119686;2 out of 5
464.088638;464.088638;Baloxavir;[M-H2O-H];C24H19F2N3O4S;4.53960e-5;0.097818;464.088593;2 out of 5
464.098022;464.098022;Delphinidin 3-glucoside;[M-H];C21H21O12;1.99786e-3;4.304850;464.096024;1 out of 5
464.098022;464.098022;Lucuminoside;[M+K-H2];C19H25NO10;1.57098e-3;3.385018;464.096451;3 out of 5
464.098022;464.098022;(S)-2-Hydroxy-2-phenylacetonitrile O-[b-D-apiosyl-(1-&gt;2)-b-D-glucoside];[M+K-H2];C19H25NO10;1.57098e-3;3.385018;464.096451;3 out of 5
464.098022;464.098022;Azalanstat;[M+Cl];C22H24ClN3O2S;8.45100e-4;1.820955;464.097177;1 out of 5
464.098022;464.098022;[3H]Pemetrexed;[M+K-H2];C20H21N5O6;2.33584e-4;0.503308;464.097788;1 out of 5
464.098022;464.098022;Pemetrexed;[M+K-H2];C20H21N5O6;2.33571e-4;0.503280;464.097788;1 out of 5
464.098022;464.098022;Nicergoline;[M-H2O-H];C24H26BrN3O3;1.08640e-4;0.234089;464.097913;1 out of 5
467.127815;467.127815;Avizafone;[M+K-H2];C22H27ClN4O3;2.04160e-3;4.370557;467.125773;1 out of 5
467.127815;467.127815;Gefitinib;[M+Na-H2];C22H24ClFN4O3;1.05143e-3;2.250854;467.126764;1 out of 5
468.131297;468.131297;Bucladesine;[M-H];C18H24N5O8P;2.32425e-3;4.964976;468.128973;2 out of 5
468.131297;468.131297;Oxaprozin glucuronide;[M-H];C24H23NO9;1.29268e-3;2.761359;468.130004;2 out of 5
468.131297;468.131297;2-Methyl-1-(2-methyl-3-(trifluoromethyl)benzyl)-6-morpholino-1H-benzo[d]imidazole-4-carboxylic acid;[M+Cl];C22H22F3N3O3;5.69931e-4;1.217461;468.130727;1 out of 5
468.131297;468.131297;"1-(2-Methyl-4-methoxyphenyl)-4-((2-hydroxyethyl)amino)-6-trifluoromethoxy-2,3-dihydropyrrolo(3,2-c)quinoline";[M+Cl];C22H22F3N3O3;5.69931e-4;1.217461;468.130727;1 out of 5
468.131297;468.131297;"(2R)-1-[4-[1,3-Benzothiazol-2-yl(methyl)amino]piperidin-1-yl]-3-(3,4-difluorophenoxy)propan-2-ol";[M+Cl];C22H25F2N3O2S;-1.65856e-3;-3.542919;468.132956;1 out of 5
468.131297;468.131297;4-Nitrophenyl 4-(3-phenoxybenzyl)piperazine-1-carboxylate;[M+Cl];C24H23N3O5;-1.87485e-3;-4.004957;468.133172;1 out of 5
468.131297;468.131297;"O-Methyl-4-[(2',3',4'-tri-O-acetyl-alpha-L-rhamnosyloxy)benzyl]thiocarbamate";[M-H];C21H27NO9S;-2.07816e-3;-4.439241;468.133375;2 out of 5
471.073067;471.073067;phenylacetohydroximoyl-glutathione;[M+Cl];C18H20N4O7S;-2.15275e-3;-4.569873;471.075220;1 out of 5
473.244214;473.244214;mTOR-IN-1;[M-H];C25H30N8O2;2.31876e-3;4.899739;473.241895;2 out of 5
473.244214;473.244214;Repaglinide;[M+Na-H2];C27H36N2O4;2.03935e-3;4.309316;473.242175;1 out of 5
473.244214;473.244214;Tribendimidine;[M+Na-H2];C28H32N6;7.01946e-4;1.483266;473.243512;1 out of 5
473.244214;473.244214;"LysoPA(0:0/18:0)";[M+Cl];C21H43O7P;1.72758e-4;0.365051;473.244041;3 out of 5
473.244214;473.244214;"LysoPA(18:0/0:0)";[M+Cl];C21H43O7P;1.72277e-4;0.364034;473.244042;3 out of 5
473.244214;473.244214;Anordrin;[M+Cl];C28H38O4;-2.19670e-3;-4.641776;473.246411;1 out of 5
480.309467;480.309467;Palmitoyl Ara-C;[M-H];C25H43N3O6;1.55788e-3;3.243509;480.307909;1 out of 5
480.309467;480.309467;"LysoPC(15:0/0:0)";[M-H];C23H48NO7P;-9.54070e-5;-0.198636;480.309562;1 out of 5
480.309467;480.309467;"LysoPE(0:0/18:0)";[M-H];C23H48NO7P;-9.54070e-5;-0.198636;480.309562;1 out of 5
480.309467;480.309467;"LysoPE(18:0/0:0)";[M-H];C23H48NO7P;-9.54070e-5;-0.198636;480.309562;1 out of 5
480.309467;480.309467;3-Hydroxyoctadecanoylcarnitine;[M+K-H2];C25H49NO5;-2.11682e-4;-0.440720;480.309679;1 out of 5
480.309467;480.309467;10-Hydroxyoctadecanoylcarnitine;[M+K-H2];C25H49NO5;-2.11682e-4;-0.440720;480.309679;1 out of 5
480.309467;480.309467;9-Hydroxyoctadecanoylcarnitine;[M+K-H2];C25H49NO5;-2.11682e-4;-0.440720;480.309679;1 out of 5
480.309467;480.309467;13-Hydroxyoctadecanoylcarnitine;[M+K-H2];C25H49NO5;-2.11682e-4;-0.440720;480.309679;1 out of 5
480.309467;480.309467;5-Hydroxyoctadecanoylcarnitine;[M+K-H2];C25H49NO5;-2.11682e-4;-0.440720;480.309679;1 out of 5
480.309467;480.309467;7-Hydroxyoctadecanoylcarnitine;[M+K-H2];C25H49NO5;-2.11682e-4;-0.440720;480.309679;1 out of 5
480.309467;480.309467;8-Hydroxyoctadecanoylcarnitine;[M+K-H2];C25H49NO5;-2.11682e-4;-0.440720;480.309679;1 out of 5
480.309467;480.309467;11-Hydroxyoctadecanoylcarnitine;[M+K-H2];C25H49NO5;-2.11682e-4;-0.440720;480.309679;1 out of 5
480.309467;480.309467;6-Hydroxyoctadecanoylcarnitine;[M+K-H2];C25H49NO5;-2.11682e-4;-0.440720;480.309679;1 out of 5
480.309467;480.309467;(2S)-2-Hydroxyoctadecanoylcarnitine;[M+K-H2];C25H49NO5;-2.11682e-4;-0.440720;480.309679;1 out of 5
480.309467;480.309467;12-Hydroxy-12-octadecanoylcarnitine;[M+K-H2];C25H49NO5;-2.11683e-4;-0.440722;480.309679;1 out of 5
487.263417;487.263417;Ixabepilone;[M-H2O-H];C27H42N2O5S;-1.85154e-4;-0.379987;487.263602;1 out of 5
490.364773;490.364773;"LysoPC(O-18:0/0:0)";[M-H2O-H];C26H56NO6P;-1.91104e-3;-3.897167;490.366684;1 out of 5
490.364773;490.364773;N-hexacosanoylglycine;[M+K-H2];C28H55NO3;-2.02663e-3;-4.132896;490.366800;1 out of 5
490.364773;490.364773;Arachidyl carnitine;[M+Cl];C27H53NO4;-2.08719e-3;-4.256383;490.366860;1 out of 5
490.364773;490.364773;9-methylnonadecanoylcarnitine;[M+Cl];C27H53NO4;-2.08719e-3;-4.256387;490.366860;1 out of 5
490.364773;490.364773;10-methylnonadecanoylcarnitine;[M+Cl];C27H53NO4;-2.08719e-3;-4.256387;490.366860;1 out of 5
490.364773;490.364773;14-methylnonadecanoylcarnitine;[M+Cl];C27H53NO4;-2.08719e-3;-4.256387;490.366860;1 out of 5
490.364773;490.364773;12-methylnonadecanoylcarnitine;[M+Cl];C27H53NO4;-2.08719e-3;-4.256387;490.366860;1 out of 5
490.364773;490.364773;7-methylnonadecanoylcarnitine;[M+Cl];C27H53NO4;-2.08719e-3;-4.256387;490.366860;1 out of 5
490.364773;490.364773;6-methylnonadecanoylcarnitine;[M+Cl];C27H53NO4;-2.08719e-3;-4.256387;490.366860;1 out of 5
490.364773;490.364773;13-methylnonadecanoylcarnitine;[M+Cl];C27H53NO4;-2.08719e-3;-4.256387;490.366860;1 out of 5
490.364773;490.364773;8-methylnonadecanoylcarnitine;[M+Cl];C27H53NO4;-2.08719e-3;-4.256387;490.366860;1 out of 5
490.364773;490.364773;16-methylnonadecanoylcarnitine;[M+Cl];C27H53NO4;-2.08719e-3;-4.256387;490.366860;1 out of 5
490.364773;490.364773;5-methylnonadecanoylcarnitine;[M+Cl];C27H53NO4;-2.08719e-3;-4.256387;490.366860;1 out of 5
490.364773;490.364773;11-methylnonadecanoylcarnitine;[M+Cl];C27H53NO4;-2.08719e-3;-4.256387;490.366860;1 out of 5
490.364773;490.364773;15-methylnonadecanoylcarnitine;[M+Cl];C27H53NO4;-2.08719e-3;-4.256387;490.366860;1 out of 5
490.364773;490.364773;18-methylnonadecanoylcarnitine;[M+Cl];C27H53NO4;-2.08719e-3;-4.256387;490.366860;1 out of 5
490.364773;490.364773;17-methylnonadecanoylcarnitine;[M+Cl];C27H53NO4;-2.08719e-3;-4.256387;490.366860;1 out of 5
490.364773;490.364773;3-methylnonadecanoylcarnitine;[M+Cl];C27H53NO4;-2.08719e-3;-4.256387;490.366860;1 out of 5
490.364773;490.364773;4-methylnonadecanoylcarnitine;[M+Cl];C27H53NO4;-2.08719e-3;-4.256387;490.366860;1 out of 5
491.408176;491.408176;"DG(14:0/14:1(9Z)/0:0)";[M-H2O-H];C31H58O5;-2.40797e-3;-4.900110;491.410584;1 out of 5
491.408176;491.408176;"DG(14:1(9Z)/14:0/0:0)";[M-H2O-H];C31H58O5;-2.40797e-3;-4.900110;491.410584;1 out of 5
491.408176;491.408176;"DG(14:0/0:0/14:1n5)";[M-H2O-H];C31H58O5;-2.40797e-3;-4.900114;491.410584;1 out of 5
492.332995;492.332995;Chenodeoxycholylthreonine;[M-H];C28H47NO6;-6.62370e-5;-0.134537;492.333061;1 out of 5
492.332995;492.332995;Deoxycholylthreonine;[M-H];C28H47NO6;-6.62370e-5;-0.134537;492.333061;1 out of 5
492.332995;492.332995;Glycolipids;[M-H];C24H50N2O6P;-3.76854e-4;-0.765445;492.333372;1 out of 5
495.073799;495.073799;Rilmazafone;[M+Na-H2];C21H20Cl2N6O3;1.73810e-3;3.510802;495.072061;1 out of 5
495.073799;495.073799;Alexomycin;[M-H2O-H];C22H24Cl2N2O8;6.68900e-4;1.351114;495.073130;1 out of 5
495.073799;495.073799;Raltitrexed;[M+K-H2];C21H22N4O6S;-8.11146e-4;-1.638432;495.074610;1 out of 5
495.091388;495.091388;6''-O-Acetylgenistin;[M+Na-H2];C23H22O11;5.09472e-4;1.029047;495.090879;1 out of 5
495.091388;495.091388;Apigenin 7-O-(2''-O-acetylglucoside);[M+Na-H2];C23H22O11;5.09454e-4;1.029011;495.090879;1 out of 5
495.091388;495.091388;Apigenin 7-O-(6''-O-acetylglucoside);[M+Na-H2];C23H22O11;5.09454e-4;1.029011;495.090879;1 out of 5
495.091388;495.091388;4''-O-Acetylafzelin;[M+Na-H2];C23H22O11;5.09454e-4;1.029011;495.090879;1 out of 5
495.091388;495.091388;3''-O-Acetylafzelin;[M+Na-H2];C23H22O11;5.09454e-4;1.029011;495.090879;1 out of 5
495.091388;495.091388;Kaempferol 3-(2''-acetylrhamnoside);[M+Na-H2];C23H22O11;5.09454e-4;1.029011;495.090879;1 out of 5
495.091388;495.091388;Betavulgarin glucoside;[M+Na-H2];C23H22O11;5.09454e-4;1.029011;495.090879;1 out of 5
495.091388;495.091388;Apigenin 7-(6''-O-acetyl)-glucoside;[M+Na-H2];C23H22O11;5.09454e-4;1.029011;495.090879;1 out of 5
495.091388;495.091388;2'-(E)-Feruloyl-3-(arabinosylxylose);[M+K-H2];C20H26O12;3.56704e-4;0.720482;495.091031;1 out of 5
495.091388;495.091388;cis-p-Coumaric acid 4-[apiosyl-(1-&gt;2)-glucoside];[M+K-H2];C20H26O12;3.56704e-4;0.720482;495.091031;1 out of 5
495.091388;495.091388;7-Hydroxy-4-methylphthalide O-[arabinosyl-(1-&gt;6)-glucoside];[M+K-H2];C20H26O12;3.56704e-4;0.720482;495.091031;1 out of 5
495.091388;495.091388;Cefpirome;[M-H2O-H];C22H22N6O5S2;-8.02240e-5;-0.162039;495.091468;1 out of 5
495.091388;495.091388;Ponesimod;[M+Cl];C23H25ClN2O4S;-3.69200e-4;-0.745720;495.091757;3 out of 5
495.091388;495.091388;12-Hydroxynevirapine glucuronide;[M+K-H2];C21H22N4O8;-9.80700e-4;-1.980842;495.092369;1 out of 5
495.091388;495.091388;2-Hydroxynevirapine glucuronide;[M+K-H2];C21H22N4O8;-9.80700e-4;-1.980842;495.092369;1 out of 5
495.091388;495.091388;3-Hydroxynevirapine glucuronide;[M+K-H2];C21H22N4O8;-9.80700e-4;-1.980842;495.092369;1 out of 5
495.091388;495.091388;8-Hydroxynevirapine glucuronide;[M+K-H2];C21H22N4O8;-9.80700e-4;-1.980842;495.092369;1 out of 5
495.100183;495.100183;Apremilast;[M+Cl];C22H24N2O7S;3.59705e-4;0.726530;495.099823;3 out of 5
495.100183;495.100183;Daf-FM DA;[M-H];C25H18F2N2O7;-7.47254e-4;-1.509296;495.100930;1 out of 5
495.104581;495.104581;Wistin;[M+Cl];C23H24O10;-1.76699e-3;-3.568906;495.106348;2 out of 5
495.104581;495.104581;"5,7-Dihydroxy-2',6-dimethoxyisoflavone 7-rhamnoside";[M+Cl];C23H24O10;-1.76699e-3;-3.568906;495.106348;2 out of 5
495.104581;495.104581;6''-Acetylliquiritin;[M+Cl];C23H24O10;-1.76699e-3;-3.568906;495.106348;2 out of 5
495.208891;495.208891;Selexipag;[M-H];C26H32N4O4S;1.74130e-3;3.516306;495.207150;1 out of 5
496.087211;496.087211;"1-(2-Hydroxyphenylamino)-1-deoxy-beta-D-gentiobioside 1,2-carbamate";[M+K-H2];C19H25NO12;9.30731e-4;1.876147;496.086280;1 out of 5
496.095095;496.095095;KBT 1585 hydrochloride;[M+Cl];C21H23N3O7S;2.27330e-5;0.045824;496.095072;2 out of 5
496.095095;496.095095;2-Methyl-1-hydroxypropyl-ThPP;[M-H];C16H27N4O8P2S;-1.10574e-4;-0.222889;496.095206;2 out of 5
497.071216;497.071216;Diosmetin 7-O-beta-D-glucuronopyranoside;[M+Na-H2];C22H20O12;1.07290e-3;2.158440;497.070143;1 out of 5
497.071216;497.071216;Chrysoeriol 7-glucuronide;[M+Na-H2];C22H20O12;1.07290e-3;2.158440;497.070143;1 out of 5
497.071216;497.071216;Ponesimod;[M+K-H2];C23H25ClN2O4S;2.54800e-4;0.512603;497.070961;3 out of 5
497.071216;497.071216;meclocycline;[M+Na-H2];C22H21ClN2O8;-2.09430e-3;-4.213262;497.073310;1 out of 5
497.071216;497.071216;Temazepam glucuronide;[M+Na-H2];C22H21ClN2O8;-2.09430e-3;-4.213262;497.073310;1 out of 5
497.077548;497.077548;Apremilast;[M+K-H2];C22H24N2O7S;-1.47930e-3;-2.975975;497.079027;2 out of 5
497.080081;497.080081;Apremilast;[M+K-H2];C22H24N2O7S;1.05371e-3;2.119794;497.079027;2 out of 5
497.084514;497.084514;8-methylthiooctyl glucosinolate;[M+Na-H2];C16H30NO9S3;1.02835e-3;2.068763;497.083486;1 out of 5
497.084514;497.084514;Cefapime;[M+Cl];C19H22N6O4S2;7.17440e-4;1.443298;497.083797;1 out of 5
497.084514;497.084514;Wistin;[M+K-H2];C23H24O10;-1.03799e-3;-2.088148;497.085552;2 out of 5
497.084514;497.084514;"5,7-Dihydroxy-2',6-dimethoxyisoflavone 7-rhamnoside";[M+K-H2];C23H24O10;-1.03799e-3;-2.088148;497.085552;2 out of 5
497.084514;497.084514;6''-Acetylliquiritin;[M+K-H2];C23H24O10;-1.03799e-3;-2.088148;497.085552;2 out of 5
497.084514;497.084514;"5-Hydroxy-3-(4-hydroxyphenyl)-6-methoxy-7-[(2S,4S,5S)-3,4,5-trihydroxy-6-(hydroxymethyl)oxan-2-yl]oxychromen-4-one";[M+Cl];C22H22O11;-1.09853e-3;-2.209937;497.085613;1 out of 5
497.084514;497.084514;Swertiajaponin;[M+Cl];C22H22O11;-1.09855e-3;-2.209973;497.085613;1 out of 5
497.084514;497.084514;Isoswertiajaponin;[M+Cl];C22H22O11;-1.09855e-3;-2.209973;497.085613;1 out of 5
497.084514;497.084514;Diosmetin 7-O-beta-D-glucopyranoside;[M+Cl];C22H22O11;-1.09855e-3;-2.209973;497.085613;1 out of 5
497.084514;497.084514;Leptosin;[M+Cl];C22H22O11;-1.09855e-3;-2.209973;497.085613;1 out of 5
497.084514;497.084514;6-beta-D-Glucopyranosyldiosmetin;[M+Cl];C22H22O11;-1.09855e-3;-2.209973;497.085613;1 out of 5
497.084514;497.084514;Pratensein 3'-glucoside;[M+Cl];C22H22O11;-1.09855e-3;-2.209973;497.085613;1 out of 5
497.084514;497.084514;Kaempferide 7-glucoside;[M+Cl];C22H22O11;-1.09855e-3;-2.209973;497.085613;1 out of 5
497.084514;497.084514;2-Cinnamoyl-1-galloyl-beta-D-glucopyranose;[M+Cl];C22H22O11;-1.09855e-3;-2.209973;497.085613;1 out of 5
497.084514;497.084514;6-Cinnamoyl-1-galloylglucose;[M+Cl];C22H22O11;-1.09855e-3;-2.209973;497.085613;1 out of 5
497.084514;497.084514;Tricin arabinoside;[M+Cl];C22H22O11;-1.09855e-3;-2.209973;497.085613;1 out of 5
497.084514;497.084514;Hispiduloside;[M+Cl];C22H22O11;-1.09855e-3;-2.209973;497.085613;1 out of 5
497.092747;497.092747;"Methyl 4,6-di-O-galloyl-beta-D-glucopyranoside";[M-H];C21H22O14;-9.31412e-4;-1.873715;497.093678;1 out of 5
497.097497;497.097497;Oxyterracin;[M+K-H2];C22H24N2O9;7.11639e-4;1.431590;497.096785;1 out of 5
497.097497;497.097497;Oxytetracycline;[M+K-H2];C22H24N2O9;7.11624e-4;1.431560;497.096785;1 out of 5
497.097497;497.097497;Tert-butyl 4-[4-[(2-chloro-5-nitrobenzoyl)amino]phenyl]piperazine-1-carboxylate;[M+K-H2];C22H25ClN4O5;-2.45560e-3;-4.939852;497.099953;1 out of 5
498.084246;498.084246;Probenecid Glucuronide;[M+K-H2];C19H27NO10S;7.37530e-5;0.148073;498.084172;1 out of 5
498.084246;498.084246;Azlocillin;[M+K-H2];C20H23N5O6S;-1.26318e-3;-2.536077;498.085509;1 out of 5
498.084246;498.084246;4beta-(2-Aminoethylthio)epicatechin 3-gallate;[M-H2O-H];C24H23NO10S;-2.17965e-3;-4.376050;498.086426;2 out of 5
498.087425;498.087425;Azlocillin;[M+K-H2];C20H23N5O6S;1.91582e-3;3.846362;498.085509;1 out of 5
498.087425;498.087425;4beta-(2-Aminoethylthio)epicatechin 3-gallate;[M-H2O-H];C24H23NO10S;9.99349e-4;2.006377;498.086426;2 out of 5
498.087425;498.087425;Mdz-glucuronide;[M-H2O-H];C24H21ClFN3O7;6.01000e-5;0.120662;498.087365;2 out of 5
498.087425;498.087425;Glutamate nitrogen;[M+Cl];C15H21N5O12;-6.47136e-4;-1.299240;498.088072;2 out of 5
498.091876;498.091876;Peonidin-3-glucoside;[M+Cl];C22H23O11;-1.56158e-3;-3.135111;498.093438;2 out of 5
498.091876;498.091876;Isopeonidin 3-galactoside;[M+Cl];C22H23O11;-1.56158e-3;-3.135111;498.093438;2 out of 5
498.091876;498.091876;Isopeonidin 3-glucoside;[M+Cl];C22H23O11;-1.56158e-3;-3.135111;498.093438;2 out of 5
498.091876;498.091876;Malvidin 3-arabinoside;[M+Cl];C22H23O11;-1.56158e-3;-3.135111;498.093438;2 out of 5
498.091876;498.091876;Peonidin 3-galactoside;[M+Cl];C22H23O11;-1.56158e-3;-3.135111;498.093438;2 out of 5
498.962914;498.962914;Perfluoro tert-butylcyclohexane;[M-H];C10F20;2.12774e-3;4.264343;498.960786;1 out of 5
499.085773;499.085773;Hesperetin 5-glucuronide;[M+Na-H2];C22H22O12;-2.01480e-5;-0.040370;499.085793;1 out of 5
499.085773;499.085773;Isorhamnetin 7-glucoside;[M+Na-H2];C22H22O12;-2.01680e-5;-0.040410;499.085793;1 out of 5
499.085773;499.085773;Nepitrin;[M+Na-H2];C22H22O12;-2.01680e-5;-0.040410;499.085793;1 out of 5
499.085773;499.085773;Pedaliin;[M+Na-H2];C22H22O12;-2.01680e-5;-0.040410;499.085793;1 out of 5
499.085773;499.085773;Estragonoside;[M+Na-H2];C22H22O12;-2.01680e-5;-0.040410;499.085793;1 out of 5
499.085773;499.085773;Alliumoside A;[M+Na-H2];C22H22O12;-2.01680e-5;-0.040410;499.085793;1 out of 5
499.085773;499.085773;8-Hydroxyluteolin 4'-methyl ether 8-glucoside;[M+Na-H2];C22H22O12;-2.01680e-5;-0.040410;499.085793;1 out of 5
499.085773;499.085773;Azaleatin 3-glucoside;[M+Na-H2];C22H22O12;-2.01680e-5;-0.040410;499.085793;1 out of 5
499.085773;499.085773;2-O-(4-Hydroxycinnamoyl)-1-O-galloyl-beta-D-glucopyranoside;[M+Na-H2];C22H22O12;-2.01680e-5;-0.040410;499.085793;1 out of 5
499.085773;499.085773;"1,3,5,8-Tetrahydroxy-6-methoxy-2-methylanthraquinone 8-O-b-D-glucoside";[M+Na-H2];C22H22O12;-2.01680e-5;-0.040410;499.085793;1 out of 5
499.085773;499.085773;Pollenin B;[M+Na-H2];C22H22O12;-2.01680e-5;-0.040410;499.085793;1 out of 5
499.085773;499.085773;6-Methoxyluteolin 3'-glucoside;[M+Na-H2];C22H22O12;-2.01680e-5;-0.040410;499.085793;1 out of 5
499.085773;499.085773;Eupafolin 4'-glucoside;[M+Na-H2];C22H22O12;-2.01680e-5;-0.040410;499.085793;1 out of 5
499.085773;499.085773;Hesperetin 3'-O-glucuronide;[M+Na-H2];C22H22O12;-2.01680e-5;-0.040410;499.085793;1 out of 5
499.085773;499.085773;Hesperetin 7-O-glucuronide;[M+Na-H2];C22H22O12;-2.01680e-5;-0.040410;499.085793;1 out of 5
499.085773;499.085773;Isorhamnetin 3-galactoside;[M+Na-H2];C22H22O12;-2.01680e-5;-0.040410;499.085793;1 out of 5
499.085773;499.085773;Isorhamnetin 3-beta-D-glucoside;[M+Na-H2];C22H22O12;-2.01680e-5;-0.040410;499.085793;1 out of 5
499.085773;499.085773;6''-Malonylgenistin;[M-H2O-H];C24H22O13;-2.42677e-3;-4.862403;499.088200;3 out of 5
499.085773;499.085773;6''-Malonylcosmosiin;[M-H2O-H];C24H22O13;-2.42679e-3;-4.862447;499.088200;3 out of 5
499.095030;499.095030;"2-[3-[1-[[2-(3,4-Dichlorophenyl)acetyl]-methylamino]-2-pyrrolidin-1-ylethyl]phenoxy]acetic acid";[M+Cl];C23H26Cl2N2O4;-1.33370e-3;-2.672229;499.096364;2 out of 5
500.084285;500.084285;Dhghab;[M+Na-H2];C22H17N5O8;1.90547e-3;3.810318;500.082380;1 out of 5
500.084285;500.084285;Dabrafenib;[M-H2O-H];C23H20F3N5O2S2;1.07510e-3;2.149834;500.083210;2 out of 5
500.098386;500.098386;5-Carboxypyranopelargonidin 3-O-beta-glucopyranoside;[M-H];C24H21O12;2.36186e-3;4.722821;500.096024;1 out of 5
500.098386;500.098386;Pelargonidin 3-(6''-malonylglucoside);[M-H2O-H];C24H23O13;2.36118e-3;4.721449;500.096025;1 out of 5
501.082618;501.082618;"2,3-Dehydrosilybin";[M+Na-H2];C25H20O10;2.30414e-3;4.598345;501.080314;1 out of 5
501.082618;501.082618;"2,3-Dehydrosilychristin";[M+Na-H2];C25H20O10;2.30414e-3;4.598345;501.080314;1 out of 5
501.082618;501.082618;Hesperetin 7-glucoside;[M+K-H2];C22H24O11;2.15139e-3;4.293502;501.080467;1 out of 5
501.082618;501.082618;Hesperetin 5-O-glucoside;[M+K-H2];C22H24O11;2.15139e-3;4.293502;501.080467;1 out of 5
501.082618;501.082618;Caffeoylcalleryanin;[M+K-H2];C22H24O11;2.15139e-3;4.293502;501.080467;1 out of 5
501.082618;501.082618;Glucodistylin;[M+Cl];C21H22O12;2.09085e-3;4.172687;501.080527;1 out of 5
501.082618;501.082618;Catechin 7-glucuronide;[M+Cl];C21H22O12;2.09085e-3;4.172687;501.080527;1 out of 5
501.082618;501.082618;Catechin 3'-glucuronide;[M+Cl];C21H22O12;2.09085e-3;4.172687;501.080527;1 out of 5
501.082618;501.082618;Catechin 3-glucuronide;[M+Cl];C21H22O12;2.09085e-3;4.172687;501.080527;1 out of 5
501.082618;501.082618;Epicatechin 3-glucuronide;[M+Cl];C21H22O12;2.09085e-3;4.172687;501.080527;1 out of 5
501.082618;501.082618;Catechin 4'-glucuronide;[M+Cl];C21H22O12;2.09085e-3;4.172687;501.080527;1 out of 5
501.082618;501.082618;Catechin 5-glucuronide;[M+Cl];C21H22O12;2.09085e-3;4.172687;501.080527;1 out of 5
501.082618;501.082618;Epicatechin 4'-glucuronide;[M+Cl];C21H22O12;2.09085e-3;4.172687;501.080527;1 out of 5
501.082618;501.082618;Epicatechin 5-O-glucuronide;[M+Cl];C21H22O12;2.09085e-3;4.172687;501.080527;1 out of 5
501.082618;501.082618;"(2S,3S,4S,5R)-3,4,5-Trihydroxy-6-[2-hydroxy-5-(3,5,7-trihydroxy-3,4-dihydro-2H-chromen-2-yl)phenoxy]oxane-2-carboxylic acid";[M+Cl];C21H22O12;2.09085e-3;4.172687;501.080527;1 out of 5
501.082618;501.082618;"(2S,3S,4S,5R)-6-[[2-(3,4-Dihydroxyphenyl)-5,7-dihydroxy-3,4-dihydro-2H-chromen-3-yl]oxy]-3,4,5-trihydroxyoxane-2-carboxylic acid";[M+Cl];C21H22O12;2.09085e-3;4.172687;501.080527;1 out of 5
501.082618;501.082618;hesperetin-7-O-glucuronide;[M+Cl];C21H22O12;2.09083e-3;4.172647;501.080527;1 out of 5
501.082618;501.082618;(-)-Epicatechin 3'-O-glucuronide;[M+Cl];C21H22O12;2.09083e-3;4.172647;501.080527;1 out of 5
501.082618;501.082618;(-)-Epicatechin 7-O-glucuronide;[M+Cl];C21H22O12;2.09083e-3;4.172647;501.080527;1 out of 5
501.082618;501.082618;Dihydromyricetin 3-rhamnoside;[M+Cl];C21H22O12;2.09083e-3;4.172647;501.080527;1 out of 5
501.082618;501.082618;Garciduol B;[M-H];C27H18O10;-1.01796e-4;-0.203152;501.082720;2 out of 5
501.082618;501.082618;"2',7'-Bis-(2-carboxyethyl)-6-carboxyfluorescein";[M-H2O-H];C27H20O11;-1.02464e-4;-0.204485;501.082720;2 out of 5
501.082618;501.082618;Melitric acid B;[M-H2O-H];C27H20O11;-1.02482e-4;-0.204521;501.082720;2 out of 5
501.082618;501.082618;Latamoxef;[M-H2O-H];C20H20N6O9S;-7.87958e-4;-1.572509;501.083406;3 out of 5
501.082618;501.082618;"6-(2-Chlorophenyl)-2-[(4-methylpiperazin-1-yl)methylidene]-8-nitro-4H-imidazo[1,2-a][1,4]benzodiazepin-1-one";[M+K-H2];C23H21ClN6O3;-2.35330e-3;-4.696409;501.084971;1 out of 5
501.092270;501.092270;Atecegatran;[M+Cl];C21H21ClF2N4O4;9.29800e-4;1.855550;501.091340;1 out of 5
501.092270;501.092270;Sibenadet;[M+K-H2];C22H28N2O5S2;-2.99358e-4;-0.597411;501.092569;1 out of 5
501.092270;501.092270;"(2-(4-((2-Chloro-4,4-difluoro-spiro(5H-thieno(2,3-C)pyran-7,4'-piperidine)-1'-yl)methyl)-3-methyl-pyrazol-1-yl)-3-pyridyl)methanol";[M+Na-H2];C22H23ClF2N4O2S;-2.22820e-3;-4.446666;501.094498;1 out of 5
502.085914;502.085914;Tebuquine;[M+K-H2];C26H25Cl2N3O;-1.58800e-4;-0.316280;502.086073;1 out of 5
502.085914;502.085914;Bepafant;[M+Cl];C23H22ClN5O2S;-1.76080e-3;-3.506957;502.087675;1 out of 5
502.085914;502.085914;Sporidesmin D;[M-H];C20H26ClN3O6S2;-1.96460e-3;-3.912861;502.087879;1 out of 5
503.052696;503.052696;Regorafenib;[M+Na-H2];C21H15ClF4N4O3;1.14811e-3;2.282285;503.051548;1 out of 5
504.107863;504.107863;Bucladesine;[M+Cl];C18H24N5O8P;2.21225e-3;4.388463;504.105651;2 out of 5
504.107863;504.107863;Oxaprozin glucuronide;[M+Cl];C24H23NO9;1.18068e-3;2.342113;504.106682;2 out of 5
504.107863;504.107863;"O-Methyl-4-[(2',3',4'-tri-O-acetyl-alpha-L-rhamnosyloxy)benzyl]thiocarbamate";[M+Cl];C21H27NO9S;-2.19016e-3;-4.344601;504.110053;2 out of 5
505.253160;505.253160;Falecalcitriol;[M-H2O-H];C27H38F6O3;-1.51306e-3;-2.994652;505.254673;1 out of 5
505.253160;505.253160;"LysoPG(16:0/0:0)";[M+Na-H2];C22H45O9P;-1.62703e-3;-3.220211;505.254787;1 out of 5
505.253160;505.253160;"[3-[2,3-Dihydroxypropoxy(hydroxy)phosphoryl]oxy-2-hydroxypropyl] hexadecanoate";[M+Na-H2];C22H45O9P;-1.62703e-3;-3.220211;505.254787;1 out of 5
505.988635;505.988635;8-(4-Chlorophenylthio)-cAMP;[M+Cl];C16H15ClN5O6PS;2.31490e-3;4.575025;505.986320;1 out of 5
505.988635;505.988635;Adenosine triphosphate;[M-H];C10H16N5O13P3;1.66841e-4;0.329733;505.988468;1 out of 5
505.988635;505.988635;dGTP;[M-H];C10H16N5O13P3;1.66841e-4;0.329733;505.988468;1 out of 5
505.988635;505.988635;2-hydroxy-dATP;[M-H];C10H16N5O13P3;1.66841e-4;0.329733;505.988468;1 out of 5
505.988635;505.988635;"[[(2R,5R)-5-(6-Aminopurin-9-yl)-3,4-dihydroxyoxolan-2-yl]methoxy-hydroxyphosphoryl] phosphono hydrogen phosphate";[M-H];C10H16N5O13P3;1.66841e-4;0.329733;505.988468;1 out of 5
506.104803;506.104803;Dibutyryl cyclic gmp;[M+Na-H2];C18H24N5O9P;-1.02837e-3;-2.031929;506.105831;1 out of 5
506.104803;506.104803;Delphinidin 3-(acetylglucoside);[M-H];C23H23O13;-1.78582e-3;-3.528549;506.106589;2 out of 5
506.104803;506.104803;Delphinidin 3-(6'-acetylgalactoside);[M-H];C23H23O13;-1.78582e-3;-3.528549;506.106589;2 out of 5
517.061005;517.061005;Hibiscitrin;[M+Na-H2];C21H20O14;1.03265e-3;1.997161;517.059972;1 out of 5
517.061005;517.061005;"3,3',5,5'-Tetrahydroxy-6,7-methyleneoxy-4'-methoxyflavone 3-glucuronide";[M-H2O-H];C23H20O15;-1.37397e-3;-2.657262;517.062379;2 out of 5
517.073681;517.073681;Cefepime;[M+K-H2];C19H24N6O5S2;1.16712e-4;0.225716;517.073564;1 out of 5
517.073681;517.073681;4'-O-Methylepicatechin 7-O-glucuronide;[M+K-H2];C22H24O12;-1.70021e-3;-3.288134;517.075381;1 out of 5
517.073681;517.073681;4'-Methylepicatechin 5-glucuronide;[M+K-H2];C22H24O12;-1.70021e-3;-3.288134;517.075381;1 out of 5
517.073681;517.073681;"(2S,3S,4S,5R)-3,4,5-Trihydroxy-6-[2-methoxy-5-(3,5,7-trihydroxy-3,4-dihydro-2H-chromen-2-yl)phenoxy]oxane-2-carboxylic acid";[M+K-H2];C22H24O12;-1.70021e-3;-3.288134;517.075381;1 out of 5
517.073681;517.073681;"(2S,3S,4S,5R)-6-[[3,5-Dihydroxy-2-(4-hydroxy-3-methoxyphenyl)-3,4-dihydro-2H-chromen-7-yl]oxy]-3,4,5-trihydroxyoxane-2-carboxylic acid";[M+K-H2];C22H24O12;-1.70021e-3;-3.288134;517.075381;1 out of 5
517.073681;517.073681;Torachrysone 8-(6-oxalylglucoside);[M+K-H2];C22H24O12;-1.70023e-3;-3.288170;517.075381;1 out of 5
517.073681;517.073681;3'-O-Methylepicatechin 7-O-glucuronide;[M+K-H2];C22H24O12;-1.70023e-3;-3.288170;517.075381;1 out of 5
517.073681;517.073681;4'-O-Methyl-(-)-epicatechin 3'-O-glucuronide;[M+K-H2];C22H24O12;-1.70023e-3;-3.288170;517.075381;1 out of 5
517.073681;517.073681;3'-(2''-Galloylglucosyl)-phloroacetophenone;[M+Cl];C21H22O13;-1.76079e-3;-3.405286;517.075442;1 out of 5
517.073681;517.073681;3'-(6''-Galloylglucosyl)-phloroacetophenone;[M+Cl];C21H22O13;-1.76079e-3;-3.405286;517.075442;1 out of 5
517.073681;517.073681;(-)-Epigallocatechin 3'-glucuronide;[M+Cl];C21H22O13;-1.76079e-3;-3.405286;517.075442;1 out of 5
517.073681;517.073681;(-)-Epigallocatechin 3-glucuronide;[M+Cl];C21H22O13;-1.76079e-3;-3.405286;517.075442;1 out of 5
517.073681;517.073681;(-)-Epigallocatechin 7-glucuronide;[M+Cl];C21H22O13;-1.76079e-3;-3.405286;517.075442;1 out of 5
518.064708;518.064708;Yersiniabactin;[M+K-H2];C21H27N3O4S3;-2.66883e-4;-0.515154;518.064975;1 out of 5
518.076746;518.076746;Baloxavir;[M+Cl];C24H19F2N3O4S;9.11396e-4;1.759194;518.075835;2 out of 5
518.076746;518.076746;2-Methyl-1-hydroxypropyl-ThPP;[M+Na-H2];C16H27N4O8P2S;-4.03574e-4;-0.778984;518.077150;2 out of 5
519.070589;519.070589;Bathocuproine disulfonate;[M-H];C26H20N2O6S2;1.58728e-3;3.057936;519.069002;3 out of 5
519.070589;519.070589;"(2R)-4,5,7-Trihydroxy-2-[(2R,3R)-3-(4-hydroxy-3-methoxyphenyl)-2-(hydroxymethyl)-2,3-dihydro-1,4-benzodioxin-6-yl]-4H-chromen-3-one";[M+K-H2];C25H22O10;6.87092e-4;1.323698;519.069902;1 out of 5
519.070589;519.070589;Silibinin;[M+K-H2];C25H22O10;6.87076e-4;1.323668;519.069902;1 out of 5
519.070589;519.070589;Isosilybin;[M+K-H2];C25H22O10;6.87076e-4;1.323668;519.069902;1 out of 5
519.070589;519.070589;Isosilychristin;[M+K-H2];C25H22O10;6.87076e-4;1.323668;519.069902;1 out of 5
519.070589;519.070589;Silicristin;[M+K-H2];C25H22O10;6.87076e-4;1.323668;519.069902;1 out of 5
519.070589;519.070589;Pseudohypericin;[M-H];C30H16O9;-1.56609e-3;-3.017105;519.072155;3 out of 5
519.070589;519.070589;"3,3''-Biflavone, 4',4''',5,5'',7,7''-hexahydroxy-";[M-H2O-H];C30H18O10;-1.56678e-3;-3.018424;519.072156;1 out of 5
519.070589;519.070589;"2-(3-(5,7-Dihydroxy-2-(4-hydroxyphenyl)-4-oxo-4H-chromen-8-yl)-4-hydroxyphenyl)-5,7-dihydroxy-4H-chromen-4-one";[M-H2O-H];C30H18O10;-1.56678e-3;-3.018424;519.072156;1 out of 5
519.070589;519.070589;Hinokiflavone;[M-H2O-H];C30H18O10;-1.56678e-3;-3.018424;519.072156;1 out of 5
519.070589;519.070589;Sennidin B;[M-H2O-H];C30H18O10;-1.56680e-3;-3.018455;519.072156;1 out of 5
519.070589;519.070589;Amentoflavone;[M-H2O-H];C30H18O10;-1.56680e-3;-3.018455;519.072156;1 out of 5
519.070589;519.070589;"4',4''',5,5'',7,7''-Hexahydroxy-3,8''-biflavone";[M-H2O-H];C30H18O10;-1.56680e-3;-3.018455;519.072156;1 out of 5
519.079911;519.079911;"3',4',5-Trihydroxy-3-methoxy-6,7-methylenedioxyflavone 4'-glucuronide";[M-H];C23H20O14;1.88265e-3;3.626915;519.078028;3 out of 5
519.079911;519.079911;"3,3',5-Trihydroxy-4'-methoxy-6,7-methylenedioxyflavone 3-glucuronide";[M-H];C23H20O14;1.88265e-3;3.626915;519.078028;3 out of 5
519.079911;519.079911;"5,3',4'-Trihydroxy-3-methoxy-6,7-methylenedioxyflavone 4'-glucuronide";[M-H];C23H20O14;1.88265e-3;3.626915;519.078028;3 out of 5
519.079911;519.079911;Sulforaphane-glutathione;[M+Cl];C16H28N4O7S3;-1.50278e-3;-2.895076;519.081414;1 out of 5
520.074144;520.074144;4-(cytidine 5'-diphospho)-2-C-methyl-D-erythritol;[M-H];C14H25N3O14P2;2.45453e-4;0.471958;520.073899;2 out of 5
521.077413;521.077413;eribaxaban;[M+K-H2];C24H22ClFN4O4;-2.55310e-3;-4.899632;521.079966;1 out of 5
521.105597;521.105597;Cefoselis;[M-H];C19H22N8O6S2;2.50119e-3;4.799803;521.103096;2 out of 5
521.105597;521.105597;"7-Methyl-1,4,5-naphthalenetriol 4-[xylosyl-(1-&gt;6)-glucoside]";[M+K-H2];C22H28O12;-1.08436e-3;-2.080879;521.106681;1 out of 5
522.110757;522.110757;Afatinib;[M+K-H2];C24H25ClFN5O3;-8.43500e-4;-1.615555;522.111601;1 out of 5
522.110757;522.110757;Canertinib;[M+K-H2];C24H25ClFN5O3;-8.43603e-4;-1.615752;522.111601;1 out of 5
523.064752;523.064752;Garciduol B;[M+Na-H2];C27H18O10;8.82040e-5;0.168629;523.064664;2 out of 5
523.064752;523.064752;4'-Methyl-(-)-epigallocatechin 3-(4-methyl-gallate);[M+K-H2];C24H22O11;-6.45460e-5;-0.123400;523.064817;1 out of 5
523.064752;523.064752;Foeniculoside X;[M+K-H2];C24H22O11;-6.45460e-5;-0.123400;523.064817;1 out of 5
523.102620;523.102620;p-MPPI;[M-H2O-H];C25H27IN4O2;2.59100e-3;4.953164;523.100029;2 out of 5
523.102620;523.102620;"1-(3,4-Dimethoxyphenyl)-2,3-bis(methoxycarbonyl)-4-hydroxy-6,7,8-trimethoxynaphthalene";[M+K-H2];C25H26O10;1.41796e-3;2.710686;523.101202;1 out of 5
523.102620;523.102620;6''-O-Acetylglycitin;[M+Cl];C24H24O11;1.35739e-3;2.594890;523.101263;1 out of 5
523.102620;523.102620;Fluvalinate;[M+Na-H2];C26H22ClF3N2O3;8.48098e-4;1.621287;523.101772;1 out of 5
523.102620;523.102620;Sennidin C;[M-H];C30H20O9;-8.35238e-4;-1.596698;523.103455;2 out of 5
523.102620;523.102620;Rheidin A;[M-H];C30H20O9;-8.35238e-4;-1.596698;523.103455;2 out of 5
523.102620;523.102620;Chamaechromone;[M-H2O-H];C30H22O10;-8.35908e-4;-1.597978;523.103456;1 out of 5
523.102620;523.102620;Neochamaejasmin A;[M-H2O-H];C30H22O10;-8.35908e-4;-1.597978;523.103456;1 out of 5
523.102620;523.102620;Rhusflavanone;[M-H2O-H];C30H22O10;-8.35908e-4;-1.597978;523.103456;1 out of 5
523.102620;523.102620;Yuccaol C;[M-H2O-H];C30H22O10;-8.35924e-4;-1.598009;523.103456;1 out of 5
523.102620;523.102620;"N,N'-[Sulfanediylbis(Ethane-2,1-Diyl-1,3,4-Thiadiazole-5,2-Diyl)]bis(2-Phenylacetamide)";[M-H];C24H24N6O2S3;-2.38911e-3;-4.567175;523.105009;3 out of 5
529.052773;529.052773;Triflusulfuron-methyl;[M+K-H2];C17H19F3N6O6S;2.80325e-4;0.529862;529.052493;1 out of 5
529.052773;529.052773;Salvianolic acid C;[M+K-H2];C26H20O10;-1.47884e-3;-2.795260;529.054252;1 out of 5
529.207047;529.207047;Lurasidone;[M+K-H2];C28H36N4O2S;2.54441e-3;4.807992;529.204503;1 out of 5
529.207047;529.207047;Gibberellin A37 glucosyl ester;[M+Na-H2];C26H36O10;1.53264e-3;2.896117;529.205514;1 out of 5
529.207047;529.207047;Acetyl-T2 Toxin;[M+Na-H2];C26H36O10;1.53263e-3;2.896092;529.205514;1 out of 5
529.207047;529.207047;Mozambioside;[M+Na-H2];C26H36O10;1.53263e-3;2.896092;529.205514;1 out of 5
529.207047;529.207047;Cafamarine;[M+Na-H2];C26H36O10;1.53263e-3;2.896092;529.205514;1 out of 5
529.207047;529.207047;Ustiloxin D;[M+Cl];C23H34N4O8;-1.80840e-5;-0.034172;529.207065;1 out of 5
529.207047;529.207047;Gomisin D;[M-H];C28H34O10;-8.73295e-4;-1.650193;529.207920;1 out of 5
529.207047;529.207047;7-Acetoxy-6-hydroxylimonin;[M-H];C28H34O10;-8.73308e-4;-1.650217;529.207920;1 out of 5
531.049487;531.049487;Belinostat glucuronide;[M+K-H2];C21H22N2O10S;1.36591e-3;2.572102;531.048121;1 out of 5
532.041536;532.041536;Gadopentetic acid;[M-H2O-H];C14H23GdN3O10;-1.43300e-3;-2.693391;532.042969;1 out of 5
532.055683;532.055683;"4-[2-[(1R)-1-(N-(4-Chlorophenyl)sulfonyl-2,5-difluoroanilino)ethyl]-5-fluorophenyl]butanoic acid";[M+Na-H2];C24H21ClF3NO4S;-2.17550e-3;-4.088841;532.057858;1 out of 5
535.035645;535.035645;UDP-D-Xylose;[M-H];C14H22N2O16P2;-1.53369e-3;-2.866511;535.037179;2 out of 5
535.035645;535.035645;UDP-D-apiose;[M-H];C14H22N2O16P2;-1.53369e-3;-2.866511;535.037179;2 out of 5
535.035645;535.035645;UDP-L-arabinose;[M-H];C14H22N2O16P2;-1.53369e-3;-2.866511;535.037179;2 out of 5
536.035293;536.035293;Fluralaner;[M-H2O-H];C22H17Cl2F6N3O3;-1.98180e-3;-3.697131;536.037275;2 out of 5
539.055658;539.055658;Hypericin;[M+Cl];C30H16O8;1.73951e-3;3.226972;539.053918;1 out of 5
539.055658;539.055658;"N-[[(2S,3S,4R,5R)-3,4-Dihydroxy-5-[6-[(3-iodophenyl)methylamino]purin-9-yl]oxolan-2-yl]-hydroxymethyl]-N-methylformamide";[M-H];C19H21IN6O5;1.12500e-3;2.086987;539.054533;3 out of 5
539.055658;539.055658;"L-Alanine, N-(2,6-dichloro-4-(((3-(2-furanyl)-1-oxo-2-propenyl)amino)methyl)benzoyl)-3-(((4R)-4-thiazolidinylcarbonyl)amino)-";[M-H];C22H22Cl2N4O6S;-7.76000e-4;-1.439552;539.056434;3 out of 5
539.080980;539.080980;6''-Malonylgenistin;[M+Na-H2];C24H22O13;2.72232e-4;0.504993;539.080708;3 out of 5
539.080980;539.080980;6''-Malonylcosmosiin;[M+Na-H2];C24H22O13;2.72210e-4;0.504952;539.080708;3 out of 5
541.052202;541.052202;Bathocuproine disulfonate;[M+Na-H2];C26H20N2O6S2;1.25628e-3;2.321926;541.050946;3 out of 5
541.052202;541.052202;Pseudohypericin;[M+Na-H2];C30H16O9;-1.89710e-3;-3.506294;541.054099;3 out of 5
541.078462;541.078462;Latamoxef;[M+Na-H2];C20H20N6O9S;2.54804e-3;4.709214;541.075914;3 out of 5
541.212804;541.212804;4-[3-Chloro-4-(pyridin-2-ylmethoxy)anilino]-6-[[(E)-4-(dimethylamino)but-2-enyl]amino]-7-ethoxyquinoline-3-carbonitrile;[M-H];C30H31ClN6O2;3.79000e-4;0.700280;541.212425;1 out of 5
542.081258;542.081258;Peonidin 3-(6''-acetyl-galactoside);[M+K-H2];C24H25O12;-1.94826e-3;-3.594031;542.083206;1 out of 5
542.081258;542.081258;Peonidin 3-(6''-acetyl-glucoside);[M+K-H2];C24H25O12;-1.94826e-3;-3.594031;542.083206;1 out of 5
542.081258;542.081258;Delphinidin 3-(acetylglucoside);[M+Cl];C23H23O13;-2.00882e-3;-3.705744;542.083267;2 out of 5
542.081258;542.081258;Delphinidin 3-(6'-acetylgalactoside);[M+Cl];C23H23O13;-2.00882e-3;-3.705744;542.083267;2 out of 5
543.075305;543.075305;Myricetin 3-(6-acetylgalactoside);[M+Na-H2];C23H22O14;-3.17412e-4;-0.584471;543.075622;2 out of 5
543.075305;543.075305;Spinatoside;[M+Na-H2];C23H22O14;-3.17412e-4;-0.584471;543.075622;2 out of 5
543.075305;543.075305;"3,4',5,6-Tetrahydroxy-3',7-dimethoxyflavone 3-glucuronide";[M+Na-H2];C23H22O14;-3.17412e-4;-0.584471;543.075622;2 out of 5
543.075305;543.075305;"3,3',5,6-Tetrahydroxy-4',7-dimethoxyflavone 3-glucuronide";[M+Na-H2];C23H22O14;-3.17412e-4;-0.584471;543.075622;2 out of 5
547.133483;547.133483;O-Benzylfluorescein benzyl ester;[M+Cl];C34H24O5;1.70813e-3;3.121966;547.131775;1 out of 5
548.152709;548.152709;Met Kinase Inhibitor;[M-H2O-H];C28H30ClN5O4S;-1.53300e-4;-0.279667;548.152862;1 out of 5
548.152709;548.152709;Esorubicin;[M+Na-H2];C27H29NO10;-1.10414e-3;-2.014285;548.153813;1 out of 5
548.152709;548.152709;N-Demethylmenogaril;[M+Na-H2];C27H29NO10;-1.10414e-3;-2.014285;548.153813;1 out of 5
548.152709;548.152709;Cerubidin;[M+Na-H2];C27H29NO10;-1.10414e-3;-2.014285;548.153813;1 out of 5
548.152709;548.152709;Pirozadil;[M+Na-H2];C27H29NO10;-1.10414e-3;-2.014285;548.153813;1 out of 5
548.152709;548.152709;Daunorubicin;[M+Na-H2];C27H29NO10;-1.10415e-3;-2.014312;548.153813;1 out of 5
550.149843;550.149843;13-Dihydrocarminomycin;[M+Cl];C26H29NO10;1.29586e-3;2.355477;550.148547;1 out of 5
550.374112;550.374112;Rocuronium;[M+Na-H2];C32H53N2O4;-1.08819e-3;-1.977186;550.375200;1 out of 5
551.143367;551.143367;1-Hydroxy-3-methoxy-7-primeverosyloxyxanthone;[M-H];C25H28O14;2.73842e-3;4.968638;551.140629;1 out of 5
551.143367;551.143367;Gentioside;[M-H];C25H28O14;2.73842e-3;4.968638;551.140629;1 out of 5
551.143367;551.143367;7-Hydroxy-3-methoxy-1-primeverosyloxyxanthone;[M-H];C25H28O14;2.73840e-3;4.968598;551.140629;1 out of 5
551.143367;551.143367;"3',5,6-Trihydroxy-3,4',7,8-tetramethoxyflavone 3-glucoside";[M-H];C25H28O14;2.73840e-3;4.968598;551.140629;1 out of 5
551.143367;551.143367;Nb-trans-Feruloylserotonin glucoside;[M+K-H2];C26H30N2O9;-3.68568e-4;-0.668733;551.143736;1 out of 5
553.038513;553.038513;Ceftriaxone;[M-H];C18H18N8O7S3;-2.67040e-4;-0.482859;553.038780;2 out of 5
553.038513;553.038513;Cefatriaxone;[M-H];C18H18N8O7S3;-2.68474e-4;-0.485452;553.038781;2 out of 5
553.045176;553.045176;cefsulodin;[M+Na-H2];C22H20N4O8S2;-1.74697e-3;-3.158806;553.046923;1 out of 5
553.278481;553.278481;Enkephalinamide-leu;[M-H];C28H38N6O6;4.75032e-4;0.858577;553.278006;1 out of 5
553.278481;553.278481;Ganoderic acid I;[M+Na-H2];C30H44O8;1.95616e-4;0.353558;553.278285;1 out of 5
553.278481;553.278481;Ganoderic acid G;[M+Na-H2];C30H44O8;1.95616e-4;0.353558;553.278285;1 out of 5
553.278481;553.278481;Ganoderic acid eta;[M+Na-H2];C30H44O8;1.95616e-4;0.353558;553.278285;1 out of 5
553.278481;553.278481;"LysoPI(16:0/0:0)";[M-H2O-H];C25H49O12P;1.58456e-4;0.286395;553.278323;1 out of 5
553.278481;553.278481;Ganoderic acid H;[M-H2O-H];C32H44O9;-2.21101e-3;-3.996174;553.280692;1 out of 5
554.048408;554.048408;5-Carboxypyranocyanidin 3-O-beta-glucopyranoside;[M+K-H2];C24H21O13;1.58724e-3;2.864816;554.046821;1 out of 5
554.048408;554.048408;Fluralaner;[M-H];C22H17Cl2F6N3O3;5.69200e-4;1.027348;554.047839;2 out of 5
554.053522;554.053522;4beta-(2-Aminoethylthio)epicatechin 3-gallate;[M+K-H2];C24H23NO10S;6.50349e-4;1.173803;554.052872;3 out of 5
554.053522;554.053522;Mdz-glucuronide;[M+K-H2];C24H21ClFN3O7;-2.88900e-4;-0.521429;554.053811;2 out of 5
555.047390;555.047390;Bathocuproine disulfonate;[M+Cl];C26H20N2O6S2;1.71028e-3;3.081332;555.045680;3 out of 5
555.047390;555.047390;Pseudohypericin;[M+Cl];C30H16O9;-1.44310e-3;-2.599942;555.048833;3 out of 5
555.055681;555.055681;6''-Malonylgenistin;[M+K-H2];C24H22O13;1.03523e-3;1.865099;555.054646;3 out of 5
555.055681;555.055681;6''-Malonylcosmosiin;[M+K-H2];C24H22O13;1.03521e-3;1.865060;555.054646;3 out of 5
555.055681;555.055681;"3',4',5-Trihydroxy-3-methoxy-6,7-methylenedioxyflavone 4'-glucuronide";[M+Cl];C23H20O14;9.74652e-4;1.755957;555.054706;3 out of 5
555.055681;555.055681;"3,3',5-Trihydroxy-4'-methoxy-6,7-methylenedioxyflavone 3-glucuronide";[M+Cl];C23H20O14;9.74652e-4;1.755957;555.054706;3 out of 5
555.055681;555.055681;"5,3',4'-Trihydroxy-3-methoxy-6,7-methylenedioxyflavone 4'-glucuronide";[M+Cl];C23H20O14;9.74652e-4;1.755957;555.054706;3 out of 5
556.039284;556.039284;TTF-1;[M+Na-H2];C22H33NS7;-1.18129e-3;-2.124459;556.040465;2 out of 5
556.050378;556.050378;Ceforanide;[M+K-H2];C20H21N7O6S2;2.30018e-3;4.136658;556.048078;1 out of 5
556.050378;556.050378;I-Abopx;[M-H2O-H];C23H22IN5O5;1.65900e-3;2.983552;556.048719;2 out of 5
556.050378;556.050378;Dabrafenib;[M+K-H2];C23H20F3N5O2S2;7.22096e-4;1.298618;556.049656;2 out of 5
556.050378;556.050378;4-(cytidine 5'-diphospho)-2-C-methyl-D-erythritol;[M+Cl];C14H25N3O14P2;-1.98547e-4;-0.357066;556.050577;2 out of 5
557.032741;557.032741;"3',4',5-Trihydroxy-3-methoxy-6,7-methylenedioxyflavone 4'-glucuronide";[M+K-H2];C23H20O14;-1.16935e-3;-2.099240;557.033910;3 out of 5
557.032741;557.032741;"3,3',5-Trihydroxy-4'-methoxy-6,7-methylenedioxyflavone 3-glucuronide";[M+K-H2];C23H20O14;-1.16935e-3;-2.099240;557.033910;3 out of 5
557.032741;557.032741;"5,3',4'-Trihydroxy-3-methoxy-6,7-methylenedioxyflavone 4'-glucuronide";[M+K-H2];C23H20O14;-1.16935e-3;-2.099240;557.033910;3 out of 5
557.049441;557.049441;"2',7'-Bis-(2-carboxyethyl)-6-carboxyfluorescein";[M+K-H2];C27H20O11;2.74536e-4;0.492840;557.049166;2 out of 5
557.049441;557.049441;Melitric acid B;[M+K-H2];C27H20O11;2.74518e-4;0.492807;557.049166;2 out of 5
557.049441;557.049441;Latamoxef;[M+K-H2];C20H20N6O9S;-4.10958e-4;-0.737740;557.049852;3 out of 5
557.053418;557.053418;"3,3',5,5'-Tetrahydroxy-6,7-methyleneoxy-4'-methoxyflavone 3-glucuronide";[M+Na-H2];C23H20O15;-1.46897e-3;-2.637029;557.054887;2 out of 5
557.082447;557.082447;Cefoselis;[M+Cl];C19H22N8O6S2;2.67319e-3;4.798580;557.079774;2 out of 5
557.091594;557.091594;Mometasone furoate;[M+K-H2];C27H30Cl2O6;1.04490e-3;1.875638;557.090549;1 out of 5
557.091594;557.091594;Jaceidin 4'-glucuronide;[M+Na-H2];C24H24O14;3.21524e-4;0.577148;557.091272;1 out of 5
557.091594;557.091594;"3,5,6-Trihydroxy-3',4',7-trimethoxyflavone 3-glucuronide";[M+Na-H2];C24H24O14;3.21524e-4;0.577148;557.091272;1 out of 5
558.085626;558.085626;Apalcillin;[M+K-H2];C25H23N5O6S;1.16345e-4;0.208472;558.085510;1 out of 5
559.041557;559.041557;Gossypetin 8-glucoside 3-sulfate;[M-H];C21H20O16S;1.62872e-3;2.913420;559.039928;2 out of 5
559.041557;559.041557;Dichloromethotrexate;[M+K-H2];C20H20Cl2N8O5;-4.19200e-4;-0.749854;559.041976;1 out of 5
559.051169;559.051169;Myricetin 3-(6-acetylgalactoside);[M+K-H2];C23H22O14;1.60859e-3;2.877362;559.049560;2 out of 5
559.051169;559.051169;Spinatoside;[M+K-H2];C23H22O14;1.60859e-3;2.877362;559.049560;2 out of 5
559.051169;559.051169;"3,4',5,6-Tetrahydroxy-3',7-dimethoxyflavone 3-glucuronide";[M+K-H2];C23H22O14;1.60859e-3;2.877362;559.049560;2 out of 5
559.051169;559.051169;"3,3',5,6-Tetrahydroxy-4',7-dimethoxyflavone 3-glucuronide";[M+K-H2];C23H22O14;1.60859e-3;2.877362;559.049560;2 out of 5
559.079205;559.079205;Sennidin C;[M+Cl];C30H20O9;-9.28238e-4;-1.660295;559.080133;2 out of 5
559.079205;559.079205;Rheidin A;[M+Cl];C30H20O9;-9.28238e-4;-1.660295;559.080133;2 out of 5
559.079205;559.079205;"N,N'-[Sulfanediylbis(Ethane-2,1-Diyl-1,3,4-Thiadiazole-5,2-Diyl)]bis(2-Phenylacetamide)";[M+Cl];C24H24N6O2S3;-2.48211e-3;-4.439623;559.081687;3 out of 5
560.082760;560.082760;Deoxyribonucleic acid;[M+K-H2];C15H31N3O13P2;9.42934e-4;1.683565;560.081817;1 out of 5
560.092006;560.092006;Hapten;[M+K-H2];C26H26ClN5O3S;-1.08760e-3;-1.941820;560.093094;1 out of 5
561.038694;561.038694;"N-[[(2S,3S,4R,5R)-3,4-Dihydroxy-5-[6-[(3-iodophenyl)methylamino]purin-9-yl]oxolan-2-yl]-hydroxymethyl]-N-methylformamide";[M+Na-H2];C19H21IN6O5;2.21700e-3;3.951615;561.036477;3 out of 5
561.038694;561.038694;"L-Alanine, N-(2,6-dichloro-4-(((3-(2-furanyl)-1-oxo-2-propenyl)amino)methyl)benzoyl)-3-(((4R)-4-thiazolidinylcarbonyl)amino)-";[M+Na-H2];C22H22Cl2N4O6S;3.16000e-4;0.563241;561.038378;3 out of 5
561.063300;561.063300;"N,N'-[Sulfanediylbis(Ethane-2,1-Diyl-1,3,4-Thiadiazole-5,2-Diyl)]bis(2-Phenylacetamide)";[M+K-H2];C24H24N6O2S3;2.40889e-3;4.293452;561.060891;3 out of 5
569.015127;569.015127;trans-zeatin riboside triphosphate;[M-H2O-H];C15H21N5O14P3;1.53589e-3;2.699215;569.013591;1 out of 5
571.012000;571.012000;UDP-D-Xylose;[M+Cl];C14H22N2O16P2;-1.85669e-3;-3.251567;571.013857;2 out of 5
571.012000;571.012000;UDP-D-apiose;[M+Cl];C14H22N2O16P2;-1.85669e-3;-3.251567;571.013857;2 out of 5
571.012000;571.012000;UDP-L-arabinose;[M+Cl];C14H22N2O16P2;-1.85669e-3;-3.251567;571.013857;2 out of 5
572.015701;572.015701;TTF-1;[M+K-H2];C22H33NS7;1.29771e-3;2.268675;572.014403;2 out of 5
573.018308;573.018308;"N-[[(2S,3S,4R,5R)-5-[2-Chloro-6-[(3-iodophenyl)methylamino]purin-9-yl]-3,4-dihydroxyoxolan-2-yl]-hydroxymethyl]-N-methylformamide";[M-H];C19H20ClIN6O5;2.74500e-3;4.790446;573.015563;1 out of 5
573.018308;573.018308;Gossypetin 8-glucuronide 3-sulfate;[M-H];C21H18O17S;-8.84840e-4;-1.544172;573.019193;1 out of 5
573.305413;573.305413;Lithocholic acid glucuronide;[M+Na-H2];C30H48O9;9.12874e-4;1.592302;573.304500;1 out of 5
573.305413;573.305413;Lithocholate 3-O-glucuronide;[M+Na-H2];C30H48O9;9.12866e-4;1.592288;573.304500;1 out of 5
573.305413;573.305413;FP-biotin;[M-H2O-H];C27H50FN4O5PS;8.96939e-4;1.564507;573.304516;1 out of 5
573.305413;573.305413;Ganoderic acid alpha;[M-H];C32H46O9;-1.49307e-3;-2.604312;573.306906;1 out of 5
573.305413;573.305413;Ganoderic acid K;[M-H];C32H46O9;-1.49307e-3;-2.604312;573.306906;1 out of 5
573.305413;573.305413;Cucurbitacin A;[M-H];C32H46O9;-1.49307e-3;-2.604312;573.306906;1 out of 5
573.305413;573.305413;"Aplysiatoxin, 17-debromo-";[M-H2O-H];C32H48O10;-1.49375e-3;-2.605491;573.306907;1 out of 5
573.305413;573.305413;Mesobilirubinogen;[M-H2O-H];C33H44N4O6;-2.83116e-3;-4.938286;573.308244;1 out of 5
573.513555;573.513555;Cheritamine;[M-H2O-H];C40H68N2O;-1.76881e-3;-3.084151;573.515324;1 out of 5
573.994459;573.994459;Cefotetan;[M-H];C17H17N7O8S4;-4.07315e-4;-0.709614;573.994866;1 out of 5
575.032409;575.032409;"N-[[(2S,3S,4R,5R)-3,4-Dihydroxy-5-[6-[(3-iodophenyl)methylamino]purin-9-yl]oxolan-2-yl]-hydroxymethyl]-N-methylformamide";[M+Cl];C19H21IN6O5;1.19800e-3;2.083365;575.031211;3 out of 5
575.032409;575.032409;"L-Alanine, N-(2,6-dichloro-4-(((3-(2-furanyl)-1-oxo-2-propenyl)amino)methyl)benzoyl)-3-(((4R)-4-thiazolidinylcarbonyl)amino)-";[M+Cl];C22H22Cl2N4O6S;-7.03000e-4;-1.222538;575.033112;3 out of 5
575.057834;575.057834;(+)-Lithospermic acid;[M+K-H2];C27H22O12;-1.89715e-3;-3.299045;575.059731;1 out of 5
575.057834;575.057834;Isomelitric acid A;[M+K-H2];C27H22O12;-1.89717e-3;-3.299080;575.059731;1 out of 5
575.057834;575.057834;Melitric acid A;[M+K-H2];C27H22O12;-1.89717e-3;-3.299080;575.059731;1 out of 5
575.104876;575.104876;"(+)-(R)-2-(2,4-Difluorophenyl)-1-(3-((E)-4-(2,2,3,3-tetrafluoropropoxy)styryl)-1,2,4-triazol-1-yl)-3-(1,2,4-triazol-1-yl)propan-2-ol";[M+K-H2];C24H20F6N6O2;1.07811e-3;1.874642;575.103798;1 out of 5
575.104876;575.104876;Pilaralisib;[M+Cl];C25H25ClN6O4S;8.22800e-4;1.430698;575.104053;1 out of 5
576.061363;576.061363;Mezlocillin;[M+K-H2];C21H25N5O8S2;-1.69618e-3;-2.944436;576.063059;1 out of 5
578.114081;578.114081;Guadecitabine;[M+Na-H2];C18H24N9O10P;1.03899e-3;1.797214;578.113042;1 out of 5
579.026044;579.026044;Uridine diphosphate glucuronic acid;[M-H];C15H22N2O18P2;-9.63934e-4;-1.664748;579.027008;2 out of 5
579.026044;579.026044;UDP-D-galacturonic acid;[M-H];C15H22N2O18P2;-9.63934e-4;-1.664748;579.027008;2 out of 5
579.026044;579.026044;UDP-L-iduronate;[M-H];C15H22N2O18P2;-9.63934e-4;-1.664748;579.027008;2 out of 5
579.026044;579.026044;"(2R,3R,4R,5S,6R)-6-[[[(2S,3R,4R,5R)-5-(2,4-Dioxopyrimidin-1-yl)-3,4-dihydroxyoxolan-2-yl]methoxy-hydroxyphosphoryl]oxy-hydroxyphosphoryl]oxy-3,4,5-trihydroxyoxane-2-carboxylic acid";[M-H];C15H22N2O18P2;-9.64872e-4;-1.666368;579.027009;2 out of 5
579.026044;579.026044;"[(2R,3S,4R,5R)-5-(2,4-Dioxopyrimidin-1-yl)-4-hydroxy-2-[[hydroxy(phosphonooxy)phosphoryl]oxymethyl]oxolan-3-yl] (3S,4R,5S)-3,4,5,6-tetrahydroxy-2-oxohexanoate";[M-H];C15H22N2O18P2;-9.64872e-4;-1.666368;579.027009;2 out of 5
579.064713;579.064713;p-MPPI;[M+K-H2];C25H27IN4O2;-1.76200e-3;-3.042829;579.066475;2 out of 5
579.294259;579.294259;Cucurbitacin B;[M+Na-H2];C32H46O8;3.23552e-4;0.558528;579.293935;1 out of 5
579.294259;579.294259;"LysoPI(18:1(9Z)/0:0)";[M-H2O-H];C27H51O12P;2.86392e-4;0.494381;579.293973;1 out of 5
579.294259;579.294259;"PI(18:1(9Z)/0:0)";[M-H2O-H];C27H51O12P;2.85920e-4;0.493566;579.293973;1 out of 5
581.023402;581.023402;Eumelanins;[M+K-H2];C23H20N4O8S2;2.54103e-3;4.373392;581.020861;1 out of 5
581.023402;581.023402;Orange B;[M+Cl];C22H18N4O9S2;2.48143e-3;4.270803;581.020921;1 out of 5
581.023402;581.023402;Gossypetin 8-glucoside 3-sulfate;[M+Na-H2];C21H20O16S;1.52972e-3;2.632806;581.021872;2 out of 5
581.061041;581.061041;"[2,6-dihydroxy-4-(7-methyl-11-oxo-4-{[3,4,5-trihydroxy-6-(hydroxymethyl)oxan-2-yl]oxy}-2,8-dioxatricyclo[7.3.1.0⁵,¹³]trideca-1(12),3,5(13),6,9-pentaen-3-yl)phenoxy]dihydroxyoxo-λ⁶-sulfanylium";[M-H];C24H22O15S;3.76818e-4;0.648500;581.060664;2 out of 5
581.309494;581.309494;Cucurbitacin C;[M+Na-H2];C32H48O8;-9.15120e-5;-0.157424;581.309586;1 out of 5
581.309494;581.309494;"LysoPI(0:0/18:0)";[M-H2O-H];C27H53O12P;-1.28672e-4;-0.221348;581.309623;2 out of 5
581.309494;581.309494;"LysoPI(18:0/0:0)";[M-H2O-H];C27H53O12P;-1.28672e-4;-0.221348;581.309623;2 out of 5
583.107343;583.107343;Eriodictyol 7-(6-galloylglucoside);[M-H2O-H];C28H26O15;-1.98616e-3;-3.406157;583.109329;1 out of 5
583.110829;583.110829;Eriodictyol 7-(6-galloylglucoside);[M-H2O-H];C28H26O15;1.49984e-3;2.572139;583.109329;1 out of 5
584.130006;584.130006;"3-[(2E)-2-[(E)-4-(1,3-Dibutyl-4,6-dioxo-2-sulfanylidene-1,3-diazinan-5-ylidene)but-2-enylidene]-1,3-benzoxazol-3-yl]propane-1-sulfonic acid";[M+K-H2];C26H33N3O6S2;3.23817e-4;0.554358;584.129682;1 out of 5
584.130006;584.130006;"N-(S-Nitroso-N-acetyl-D,L-penicillamine)-2-amino-2-deoxy-1,3,4,6-tetra-O-acetyl-beta-D-glucopyranose";[M+Cl];C21H31N3O12S;-2.23962e-3;-3.834104;584.132246;1 out of 5
585.104491;585.104491;Mirificin;[M+K-H2];C26H28O13;2.89504e-3;4.947924;585.101596;1 out of 5
585.104491;585.104491;Hippurate nitrogen;[M+K-H2];C27H24N4O9;1.55763e-3;2.662149;585.102933;1 out of 5
585.309875;585.309875;Presqualene diphosphate;[M-H];C30H52O7P2;-1.67504e-3;-2.861796;585.311550;1 out of 5
585.309875;585.309875;all-trans-Hexaprenyl diphosphate;[M-H];C30H52O7P2;-1.67504e-3;-2.861796;585.311550;1 out of 5
586.126693;586.126693;Glutamine glutamate aspartate;[M+Na-H2];C19H27N5O15;1.66081e-3;2.833544;586.125032;1 out of 5
587.027476;587.027476;Uridine diphosphate glucose;[M+Na-H2];C15H24N2O17P2;-2.21138e-3;-3.767060;587.029687;1 out of 5
587.027476;587.027476;Uridine diphosphategalactose;[M+Na-H2];C15H24N2O17P2;-2.21138e-3;-3.767060;587.029687;1 out of 5
587.027476;587.027476;"Glucose-uridine-C1,5'-diphosphate";[M+Na-H2];C15H24N2O17P2;-2.21138e-3;-3.767060;587.029687;1 out of 5
587.129943;587.129943;Sulforhodamine 101;[M-H2O-H];C31H30N2O7S2;-1.65966e-3;-2.826729;587.131603;1 out of 5
587.129943;587.129943;Cucumerin B;[M+Cl];C29H28O11;-2.61974e-3;-4.461919;587.132563;1 out of 5
587.129943;587.129943;Cucumerin A;[M+Cl];C29H28O11;-2.61974e-3;-4.461919;587.132563;1 out of 5
589.014710;589.014710;Ceftriaxone;[M+Cl];C18H18N8O7S3;-7.48040e-4;-1.269984;589.015458;2 out of 5
589.014710;589.014710;Cefatriaxone;[M+Cl];C18H18N8O7S3;-7.49474e-4;-1.272418;589.015459;2 out of 5
592.152768;592.152768;2-Decarboxyphyllocactin;[M-H];C26H29N2O14;-1.83365e-3;-3.096566;592.154602;1 out of 5
593.003229;593.003229;"(2S,3S,4S,5R)-6-[2-(3,4-Dihydroxyphenyl)-7-hydroxy-4-oxo-3-sulfooxychromen-5-yl]oxy-3,4,5-trihydroxyoxane-2-carboxylic acid";[M+Cl];C21H18O16S;2.27233e-3;3.831910;593.000957;2 out of 5
593.008637;593.008637;N6-(delta2-isopentenyl)-adenosine 5'-triphosphate;[M+Na-H2];C15H21N5O13P3;-2.54749e-3;-4.295855;593.011184;2 out of 5
593.068577;593.068577;Salvianolic acid K;[M+K-H2];C27H24O13;-1.71885e-3;-2.898230;593.070296;1 out of 5
594.979026;594.979026;"(2S,3S,4S,5R)-6-[2-(3,4-Dihydroxyphenyl)-7-hydroxy-4-oxo-3-sulfooxychromen-5-yl]oxy-3,4,5-trihydroxyoxane-2-carboxylic acid";[M+K-H2];C21H18O16S;-1.13467e-3;-1.907079;594.980161;2 out of 5
595.065683;595.065683;Garcinia biflavonoid 1;[M+K-H2];C30H22O11;8.66472e-4;1.456097;595.064817;1 out of 5
595.065683;595.065683;Deoxyrubroskyrin;[M+K-H2];C30H22O11;8.66454e-4;1.456067;595.064817;1 out of 5
595.065683;595.065683;Dihydromorelloflavone;[M+K-H2];C30H22O11;8.66454e-4;1.456067;595.064817;1 out of 5
595.065683;595.065683;Emitefur;[M+K-H2];C28H19FN4O8;-1.61375e-3;-2.711880;595.067297;1 out of 5
598.230196;598.230196;Taurolithocholic acid 3-sulfate;[M+Cl];C26H45NO8S2;2.13620e-3;3.570877;598.228060;1 out of 5
599.319989;599.319989;"LysoPI(0:0/18:0)";[M-H];C27H53O12P;-1.97672e-4;-0.329827;599.320187;2 out of 5
599.319989;599.319989;"LysoPI(18:0/0:0)";[M-H];C27H53O12P;-1.97672e-4;-0.329827;599.320187;2 out of 5
600.133943;600.133943;Thiocolchicoside;[M+K-H2];C27H33NO10S;2.82056e-3;4.699905;600.131122;1 out of 5
600.196255;600.196255;Lac Dye;[M+Cl];C26H35N3O11;-3.04959e-4;-0.508099;600.196560;1 out of 5
601.137133;601.137133;Nutlin-3;[M+Na-H2];C30H30Cl2N4O4;-1.94490e-3;-3.235358;601.139078;1 out of 5
601.278404;601.278404;"LysoPI(20:4(5Z,8Z,11Z,14Z)/0:0)";[M-H2O-H];C29H49O12P;8.14560e-5;0.135471;601.278323;1 out of 5
601.278404;601.278404;"PI(20:4(5Z,8Z,11Z,14Z)/0:0)";[M-H2O-H];C29H49O12P;8.09840e-5;0.134686;601.278323;1 out of 5
606.073876;606.073876;4-O-alpha-L-Rhamnopyranosylglucosinalbin;[M+Cl];C20H29NO14S2;1.52898e-3;2.522766;606.072347;1 out of 5
606.073876;606.073876;Uridine diphosphate-N-acetylglucosamine;[M-H];C17H27N3O17P2;-4.16477e-4;-0.687172;606.074292;1 out of 5
606.073876;606.073876;Uridine diphosphate-N-acetylgalactosamine;[M-H];C17H27N3O17P2;-4.16477e-4;-0.687172;606.074292;1 out of 5
606.073876;606.073876;UDP-N-acetyl-D-mannosamine;[M-H];C17H27N3O17P2;-4.16477e-4;-0.687172;606.074292;1 out of 5
606.073876;606.073876;UDP-N-acetyl-alpha-D-galactosamine;[M-H];C17H27N3O17P2;-4.16477e-4;-0.687172;606.074292;1 out of 5
606.168032;606.168032;Fosamprenavir;[M+Na-H2];C25H36N3O9PS;2.37803e-3;3.923074;606.165654;1 out of 5
606.168032;606.168032;Cadazolid;[M+Na-H2];C29H29F2N3O8;1.09377e-3;1.804401;606.166938;1 out of 5
607.105069;607.105069;Prunin 6''-O-gallate;[M+Na-H2];C28H26O14;-1.85354e-3;-3.053070;607.106923;1 out of 5
608.108501;608.108501;Cyclochlorotine;[M+K-H2];C24H31Cl2N5O7;-1.57785e-4;-0.259468;608.108659;1 out of 5
608.108501;608.108501;Islanditoxin;[M+K-H2];C24H31Cl2N5O7;-1.57785e-4;-0.259468;608.108659;1 out of 5
608.108501;608.108501;Telaglenastat;[M+K-H2];C26H24F3N7O3S;-1.44732e-3;-2.380037;608.109948;1 out of 5
608.108501;608.108501;Biotinyl-5'-AMP;[M+Cl];C20H28N7O9PS;-1.58273e-3;-2.602705;608.110084;1 out of 5
608.985961;608.985961;N6-(delta2-isopentenyl)-adenosine 5'-triphosphate;[M+K-H2];C15H21N5O13P3;8.38510e-4;1.376897;608.985122;2 out of 5
609.102418;609.102418;Kolaflavanone;[M+Na-H2];C31H24O12;9.74787e-4;1.600369;609.101443;1 out of 5
609.102418;609.102418;"2'',4'',6''-Triacetylglycitin";[M+K-H2];C28H28O13;8.22018e-4;1.349558;609.101596;1 out of 5
611.325990;611.325990;Remikiren;[M-H2O-H];C33H50N4O6S;-1.27504e-3;-2.085695;611.327265;1 out of 5
612.012549;612.012549;I-Abopx;[M+K-H2];C23H22IN5O5;-2.61600e-3;-4.274404;612.015165;2 out of 5
612.118643;612.118643;Clazosentan;[M+Cl];C25H23N9O6S;4.13290e-5;0.067518;612.118602;1 out of 5
612.118643;612.118643;"(E)-3-(6-Acetamidopyridin-3-yl)-N-[2-[2,4-dichloro-N-methyl-3-[(2-methylquinolin-8-yl)oxymethyl]anilino]-2-oxoethyl]prop-2-enamide";[M+Na-H2];C30H27Cl2N5O4;-3.38000e-5;-0.055218;612.118677;1 out of 5
612.118643;612.118643;"4,5-Dihydro-4-hydroxy-5-S-glutathionyl-benzo[a]pyrene";[M+K-H2];C30H29N3O7S;-2.58299e-3;-4.219731;612.121226;1 out of 5
612.118643;612.118643;"7,8-Dihydro-7-hydroxy-8-S-glutathionyl-benzo[a]pyrene";[M+K-H2];C30H29N3O7S;-2.58299e-3;-4.219731;612.121226;1 out of 5
613.118015;613.118015;Apigenin 7-[rhamnosyl-(1-&gt;2)-galacturonide];[M+Na-H2];C27H28O15;5.27774e-4;0.860804;613.117487;1 out of 5
613.118015;613.118015;6''-O-(3-Hydroxy-3-methylglutaroyl)astragalin;[M+Na-H2];C27H28O15;5.27774e-4;0.860804;613.117487;1 out of 5
613.118015;613.118015;Daidzin 4'-O-glucuronide;[M+Na-H2];C27H28O15;5.27774e-4;0.860804;613.117487;1 out of 5
613.118015;613.118015;"2-Cinnamoyl-1,6-digalloyl-beta-D-glucopyranose";[M-H];C29H26O15;-1.87816e-3;-3.063287;613.119893;1 out of 5
613.118015;613.118015;"6-Cinnamoyl-1,2-digalloylglucose";[M-H];C29H26O15;-1.87816e-3;-3.063287;613.119893;1 out of 5
613.141620;613.141620;Cytidine 5'-monophosphate-N-acetylneuraminic acid;[M-H];C20H31N4O16P;1.62952e-3;2.657670;613.139990;2 out of 5
613.141620;613.141620;Cmp-nana;[M-H];C20H31N4O16P;1.62907e-3;2.656927;613.139991;2 out of 5
613.141620;613.141620;"[(2R,3S,4R,5R)-5-(4-Amino-2-oxopyrimidin-1-yl)-4-hydroxy-2-(phosphonooxymethyl)oxolan-3-yl] (2S,4S,5R,6R)-5-acetamido-2,4-dihydroxy-6-[(1R,2R)-1,2,3-trihydroxypropyl]oxane-2-carboxylate";[M-H];C20H31N4O16P;1.62907e-3;2.656927;613.139991;2 out of 5
613.341130;613.341130;Chenodeoxycholyltryptophan;[M+Cl];C35H50N2O5;-2.43718e-4;-0.397361;613.341374;1 out of 5
613.341130;613.341130;Deoxycholyltryptophan;[M+Cl];C35H50N2O5;-2.43718e-4;-0.397361;613.341374;1 out of 5
614.121623;614.121623;Pelargonidin 3-p-coumarylglucoside;[M+Cl];C30H27O12;1.97067e-3;3.208938;614.119652;1 out of 5
614.121623;614.121623;cefteram pivoxil;[M+Na-H2];C22H27N9O7S2;-5.30593e-4;-0.863986;614.122154;1 out of 5
614.145305;614.145305;Idasanutlin;[M-H];C31H29Cl2F2N3O4;2.26380e-3;3.686112;614.143041;1 out of 5
614.344502;614.344502;Povpc;[M+Na-H2];C29H56NO9P;5.65615e-4;0.920681;614.343936;1 out of 5
615.002963;615.002963;Uridine diphosphate glucuronic acid;[M+Cl];C15H22N2O18P2;-7.22934e-4;-1.175495;615.003686;2 out of 5
615.002963;615.002963;UDP-D-galacturonic acid;[M+Cl];C15H22N2O18P2;-7.22934e-4;-1.175495;615.003686;2 out of 5
615.002963;615.002963;UDP-L-iduronate;[M+Cl];C15H22N2O18P2;-7.22934e-4;-1.175495;615.003686;2 out of 5
615.002963;615.002963;"(2R,3R,4R,5S,6R)-6-[[[(2S,3R,4R,5R)-5-(2,4-Dioxopyrimidin-1-yl)-3,4-dihydroxyoxolan-2-yl]methoxy-hydroxyphosphoryl]oxy-hydroxyphosphoryl]oxy-3,4,5-trihydroxyoxane-2-carboxylic acid";[M+Cl];C15H22N2O18P2;-7.23872e-4;-1.177021;615.003687;2 out of 5
615.002963;615.002963;"[(2R,3S,4R,5R)-5-(2,4-Dioxopyrimidin-1-yl)-4-hydroxy-2-[[hydroxy(phosphonooxy)phosphoryl]oxymethyl]oxolan-3-yl] (3S,4R,5S)-3,4,5,6-tetrahydroxy-2-oxohexanoate";[M+Cl];C15H22N2O18P2;-7.23872e-4;-1.177021;615.003687;2 out of 5
615.115430;615.115430;Fostamatinib;[M+Cl];C23H26FN6O9P;-2.26218e-3;-3.677633;615.117692;1 out of 5
616.118782;616.118782;Hyacinthin;[M+Na-H2];C30H27O13;-1.05095e-3;-1.705756;616.119833;1 out of 5
616.118782;616.118782;3-Caffeoylpelargonidin 5-glucoside;[M+Na-H2];C30H27O13;-1.05095e-3;-1.705756;616.119833;1 out of 5
616.118782;616.118782;Cyanidin 3-galactoside p-coumaric acid ester;[M+Na-H2];C30H27O13;-1.05095e-3;-1.705756;616.119833;1 out of 5
616.118782;616.118782;Pelargonidin 3-rhamnoside 5-glucoside;[M+K-H2];C27H31O14;-1.20370e-3;-1.953678;616.119986;1 out of 5
616.118782;616.118782;Pelargonidin 3-rutinoside;[M+K-H2];C27H31O14;-1.20370e-3;-1.953678;616.119986;1 out of 5
616.118782;616.118782;Cyanidin 3-sambubioside;[M+Cl];C26H29O15;-1.26426e-3;-2.051967;616.120046;1 out of 5
616.141645;616.141645;Pelargonin;[M+Na-H2];C27H31O15;1.23128e-3;1.998379;616.140414;1 out of 5
616.141645;616.141645;Cyanidin 3-rutinoside;[M+Na-H2];C27H31O15;6.82678e-4;1.107990;616.140962;1 out of 5
616.141645;616.141645;Cyanidin 3-rhamnoside 5-glucoside;[M+Na-H2];C27H31O15;6.82678e-4;1.107990;616.140962;1 out of 5
616.141645;616.141645;Peonidin 3-lathyroside;[M+Na-H2];C27H31O15;6.82678e-4;1.107990;616.140962;1 out of 5
616.141645;616.141645;Isopeonidin 3-sambubioside;[M+Na-H2];C27H31O15;6.82678e-4;1.107990;616.140962;1 out of 5
616.141645;616.141645;Peonidin 3-sambubioside;[M+Na-H2];C27H31O15;6.82678e-4;1.107990;616.140962;1 out of 5
616.141645;616.141645;"Pelargonidin 3,5-di-O-glucoside";[M+Na-H2];C27H31O15;6.82678e-4;1.107990;616.140962;1 out of 5
616.141645;616.141645;"Ethyl 5-[[[4-(3-methylsulfonylphenyl)phenyl]methyl-(2,4,6-trimethylphenyl)sulfonylamino]methyl]furan-2-carboxylate";[M+Na-H2];C31H33NO7S2;-2.86675e-3;-4.652732;616.144512;1 out of 5
617.000502;617.000502;"ADP ribose 1'',2''-cyclic phosphate";[M-H];C15H19N5O16P3;2.16771e-3;3.513322;616.998334;1 out of 5
617.038555;617.038555;"[2,6-dihydroxy-4-(7-methyl-11-oxo-4-{[3,4,5-trihydroxy-6-(hydroxymethyl)oxan-2-yl]oxy}-2,8-dioxatricyclo[7.3.1.0⁵,¹³]trideca-1(12),3,5(13),6,9-pentaen-3-yl)phenoxy]dihydroxyoxo-λ⁶-sulfanylium";[M+Cl];C24H22O15S;1.21282e-3;1.965550;617.037342;2 out of 5
618.996819;618.996819;Cefodizime;[M+Cl];C20H20N6O7S4;-2.11784e-4;-0.342141;618.997031;1 out of 5
618.996819;618.996819;"Cefodizime,(S)";[M+Cl];C20H20N6O7S4;-2.13704e-4;-0.345242;618.997033;1 out of 5
620.106495;620.106495;Fostemsavir;[M+K-H2];C25H26N7O8P;-1.57823e-4;-0.254509;620.106653;1 out of 5
621.109400;621.109400;"4-((4-(2-(6-((2R)-2-(2,4-Difluorophenyl)-1,1-difluoro-2-hydroxy-3-(1H-tetrazol-1-yl)propyl)-3-pyridinyl)ethynyl)phenoxy)methyl)benzonitrile";[M+K-H2];C31H20F4N6O2;2.40844e-3;3.877657;621.106992;1 out of 5
621.109400;621.109400;"Genistein 4',7-O-diglucuronide";[M-H];C27H26O17;-3.22406e-4;-0.519081;621.109722;2 out of 5
621.109400;621.109400;Apigenin 7-O-diglucuronide;[M-H];C27H26O17;-3.22406e-4;-0.519081;621.109722;2 out of 5
621.109400;621.109400;Nelumboside;[M-H2O-H];C27H28O18;-3.23092e-4;-0.520185;621.109723;1 out of 5
624.100739;624.100739;"Quinoline, 6-(1-methyl-1-(methylsulfonyl)ethyl)-8-(3-((1E)-2-(3-methyl-1,2,4-oxadiazol-5-yl)-2-(4-(methylsulfonyl)phenyl)ethenyl)phenyl)-";[M+K-H2];C31H29N3O5S2;-2.72939e-3;-4.373304;624.103468;1 out of 5
625.420722;625.420722;"Pregna-1,9(11)-diene-3,20-dione, 21-(4-(2,6-di-1-pyrrolidinyl-4-pyrimidinyl)-1-piperazinyl)-16-methyl-, (5beta,16alpha)-";[M-H];C38H54N6O2;-2.82600e-3;-4.518543;625.423548;1 out of 5
625.420722;625.420722;Cycloartanyl ferulate;[M+Na-H2];C40H60O4;-3.10541e-3;-4.965286;625.423827;1 out of 5
629.168267;629.168267;2-[[(1R)-2-[Bis(carboxymethyl)amino]cyclohexyl]-[(2S)-2-[bis(carboxymethyl)amino]-3-(4-isothiocyanatophenyl)propyl]amino]acetic acid;[M+Cl];C26H34N4O10S;-6.98485e-4;-1.110171;629.168965;1 out of 5
630.162046;630.162046;Pyranodelphinin A;[M-H2O-H];C30H33O16;3.02699e-3;4.803537;630.159019;1 out of 5
631.128343;631.128343;Multinoside A;[M+Na-H2];C27H30O16;2.91114e-4;0.461260;631.128052;1 out of 5
631.128343;631.128343;Quercetin-3-o-rutinose;[M+Na-H2];C27H30O16;2.91114e-4;0.461260;631.128052;1 out of 5
631.128343;631.128343;Vitexin-4''-o-glucoside;[M+Na-H2];C27H30O16;2.91114e-4;0.461260;631.128052;1 out of 5
631.128343;631.128343;Rutin;[M+Na-H2];C27H30O16;2.91088e-4;0.461219;631.128052;1 out of 5
631.128343;631.128343;Luteolin 6-C-glucoside 8-C-arabinoside;[M+Na-H2];C27H30O16;2.91088e-4;0.461219;631.128052;1 out of 5
631.128343;631.128343;Meloside L;[M+Na-H2];C27H30O16;2.91088e-4;0.461219;631.128052;1 out of 5
631.128343;631.128343;Quercetin 8-C-(2''-rhamnosylglucoside);[M+Na-H2];C27H30O16;2.91088e-4;0.461219;631.128052;1 out of 5
631.128343;631.128343;Kaempferol 7-sophoroside;[M+Na-H2];C27H30O16;2.91088e-4;0.461219;631.128052;1 out of 5
631.128343;631.128343;Isoorientin 7-glucoside;[M+Na-H2];C27H30O16;2.91088e-4;0.461219;631.128052;1 out of 5
631.128343;631.128343;Allivicin;[M+Na-H2];C27H30O16;2.91088e-4;0.461219;631.128052;1 out of 5
631.128343;631.128343;Paeonoside;[M+Na-H2];C27H30O16;2.91088e-4;0.461219;631.128052;1 out of 5
631.128343;631.128343;Panasenoside;[M+Na-H2];C27H30O16;2.91088e-4;0.461219;631.128052;1 out of 5
631.128343;631.128343;Quercetin 3-galactoside 7-rhamnoside;[M+Na-H2];C27H30O16;2.91088e-4;0.461219;631.128052;1 out of 5
631.128343;631.128343;Calendoflavobioside;[M+Na-H2];C27H30O16;2.91088e-4;0.461219;631.128052;1 out of 5
631.128343;631.128343;Quercetin 7-rutinoside;[M+Na-H2];C27H30O16;2.91088e-4;0.461219;631.128052;1 out of 5
631.128343;631.128343;Quercetin 7-(rhamnosylglucoside);[M+Na-H2];C27H30O16;2.91088e-4;0.461219;631.128052;1 out of 5
631.128343;631.128343;Quercetin 3-(2-glucosylrhamnoside);[M+Na-H2];C27H30O16;2.91088e-4;0.461219;631.128052;1 out of 5
631.128343;631.128343;Isoquercitrin 4''-rhamnoside;[M+Na-H2];C27H30O16;2.91088e-4;0.461219;631.128052;1 out of 5
631.128343;631.128343;Isorhamnetin 3-O-[b-D-xylopyranosyl-(1-&gt;6)-b-D-glucopyranoside];[M+Na-H2];C27H30O16;2.91088e-4;0.461219;631.128052;1 out of 5
631.128343;631.128343;Rheinoside A;[M+Na-H2];C27H30O16;2.91088e-4;0.461219;631.128052;1 out of 5
631.128343;631.128343;Quercetin 3-O-rhamnosyl-galactoside;[M+Na-H2];C27H30O16;2.91088e-4;0.461219;631.128052;1 out of 5
631.128343;631.128343;Isorhamnetin 3-vicianoside;[M+Na-H2];C27H30O16;2.91088e-4;0.461219;631.128052;1 out of 5
631.128343;631.128343;Quercetin 7-O-beta-D-glucopyranoside-beta-L-rhamnopyranoside;[M+Na-H2];C27H30O16;2.91088e-4;0.461219;631.128052;1 out of 5
631.128343;631.128343;Isorhamnetin 3-arabino-glucoside;[M+Na-H2];C27H30O16;2.91088e-4;0.461219;631.128052;1 out of 5
631.128343;631.128343;Quercetin 3-O-neohesperidoside;[M+Na-H2];C27H30O16;2.91088e-4;0.461219;631.128052;1 out of 5
631.128343;631.128343;Kaempferol 3-gentiobioside;[M+Na-H2];C27H30O16;2.91088e-4;0.461219;631.128052;1 out of 5
631.128343;631.128343;Luteolin 7-gentiobioside;[M+Na-H2];C27H30O16;2.91088e-4;0.461219;631.128052;1 out of 5
631.128343;631.128343;Orientin 7-glucoside;[M+Na-H2];C27H30O16;2.91088e-4;0.461219;631.128052;1 out of 5
631.128343;631.128343;Lampranthin II;[M+Na-H2];C27H30O16;2.91088e-4;0.461219;631.128052;1 out of 5
631.128343;631.128343;6''-Malonylapiin;[M-H2O-H];C29H30O17;-2.11553e-3;-3.351976;631.130459;2 out of 5
631.128343;631.128343;"3,4,5-Trimethoxyphenyl 2,6-digalloylglucoside";[M-H2O-H];C29H30O17;-2.11553e-3;-3.351976;631.130459;2 out of 5
631.128343;631.128343;Apigenin 7-O-(6''-malonyl-apiosyl-glucoside);[M-H2O-H];C29H30O17;-2.11553e-3;-3.351976;631.130459;2 out of 5
636.146160;636.146160;Malvidin 3-(6''-caffeoyl-glucoside);[M-H2O-H];C32H31O15;-2.29432e-3;-3.606583;636.148454;1 out of 5
636.146160;636.146160;Malvidin 3-(6''-p-caffeyglucoside);[M-H2O-H];C32H31O15;-2.29432e-3;-3.606583;636.148454;1 out of 5
636.520796;636.520796;"Cer(d18:0/PGF2alpha)";[M-H];C38H71NO6;-6.60100e-5;-0.103704;636.520862;1 out of 5
636.520796;636.520796;"Cer(d18:0/PGE1)";[M-H];C38H71NO6;-6.60100e-5;-0.103704;636.520862;1 out of 5
636.520796;636.520796;"Cer(d18:0/PGD1)";[M-H];C38H71NO6;-6.60100e-5;-0.103704;636.520862;1 out of 5
636.520796;636.520796;"Cer(d18:1/PGF1alpha)";[M-H];C38H71NO6;-6.60100e-5;-0.103704;636.520862;1 out of 5
636.520796;636.520796;"Cer(t18:0/20:3(8Z,11Z,14Z)-2OH(5,6))";[M-H];C38H71NO6;-6.60100e-5;-0.103704;636.520862;1 out of 5
636.520796;636.520796;"Cer(t18:0/PGF1alpha)";[M-H2O-H];C38H73NO7;-6.66950e-5;-0.104781;636.520863;1 out of 5
638.107756;638.107756;Ladirubicin;[M+K-H2];C29H31NO11S;-2.63100e-3;-4.123105;638.110387;1 out of 5
639.178160;639.178160;Bis-gamma-glutamylcysteinylbis-beta-alanine;[M-H];C22H36N6O12S2;2.17497e-3;3.402778;639.175985;2 out of 5
643.091315;643.091315;"Genistein 4',7-O-diglucuronide";[M+Na-H2];C27H26O17;-3.51406e-4;-0.546432;643.091666;2 out of 5
643.091315;643.091315;Apigenin 7-O-diglucuronide;[M+Na-H2];C27H26O17;-3.51406e-4;-0.546432;643.091666;2 out of 5
645.089111;645.089111;Kaempferol 3-rhamnoside 7-galacturonide;[M+K-H2];C27H28O16;2.77115e-3;4.295785;645.086340;1 out of 5
645.089111;645.089111;6''-(4-Carboxy-3-hydroxy-3-methylbutanoyl)hyperin;[M+K-H2];C27H28O16;2.77115e-3;4.295785;645.086340;1 out of 5
645.089111;645.089111;Apigenin 7-glucuronosyl-glucoside;[M+K-H2];C27H28O16;2.77115e-3;4.295785;645.086340;1 out of 5
645.089111;645.089111;Luteolin 7-glucuronylglucoside;[M+K-H2];C27H28O16;2.77115e-3;4.295785;645.086340;1 out of 5
645.089111;645.089111;Cosmosiin galacturonide;[M+K-H2];C27H28O16;2.77115e-3;4.295785;645.086340;1 out of 5
645.089111;645.089111;Quercetin 3-O-xylosyl-glucuronide;[M+Cl];C26H26O17;2.71059e-3;4.201908;645.086400;1 out of 5
646.082508;646.082508;Nicotinic acid adenine dinucleotide;[M-H2O-H];C21H27N6O15P2;-6.13248e-4;-0.949178;646.083121;1 out of 5
649.118394;649.118394;Cytidine 5'-monophosphate-N-acetylneuraminic acid;[M+Cl];C20H31N4O16P;1.72552e-3;2.658265;649.116668;2 out of 5
649.118394;649.118394;Cmp-nana;[M+Cl];C20H31N4O16P;1.72507e-3;2.657562;649.116669;2 out of 5
649.118394;649.118394;"[(2R,3S,4R,5R)-5-(4-Amino-2-oxopyrimidin-1-yl)-4-hydroxy-2-(phosphonooxymethyl)oxolan-3-yl] (2S,4S,5R,6R)-5-acetamido-2,4-dihydroxy-6-[(1R,2R)-1,2,3-trihydroxypropyl]oxane-2-carboxylate";[M+Cl];C20H31N4O16P;1.72507e-3;2.657562;649.116669;2 out of 5
649.118394;649.118394;Safflomin A;[M+K-H2];C27H32O16;7.54024e-4;1.161614;649.117640;1 out of 5
649.118394;649.118394;"Carthamidin 6,7-diglucoside";[M+K-H2];C27H32O16;7.54024e-4;1.161614;649.117640;1 out of 5
649.118394;649.118394;"Aromadendrin 3,7-diglucoside";[M+K-H2];C27H32O16;7.54024e-4;1.161614;649.117640;1 out of 5
649.118394;649.118394;Hydroxysafflor yellow A;[M+K-H2];C27H32O16;7.54024e-4;1.161614;649.117640;1 out of 5
649.118394;649.118394;"5,6,7,4'-Tetrahydroxyflavanone 6,7-diglucoside";[M+K-H2];C27H32O16;7.54024e-4;1.161614;649.117640;1 out of 5
651.115841;651.115841;(R)-Skyrin 2-xyloside;[M-H2O-H];C35H26O14;1.42646e-3;2.190798;651.114415;1 out of 5
651.115841;651.115841;CMP-N-glycoloylneuraminate;[M+Na-H2];C20H31N4O17P;-1.00810e-3;-1.548260;651.116849;1 out of 5
651.115841;651.115841;CMP-N-glycoloyl-beta-neuraminate(2-);[M+Na-H2];C20H31N4O17P;-1.00855e-3;-1.548957;651.116850;1 out of 5
651.183757;651.183757;chrysoeriol 7-O-neohesperidoside;[M+K-H2];C32H38O12;-1.17466e-3;-1.803887;651.184932;1 out of 5
651.183757;651.183757;131-hydroxy-magnesium-protoporphyrin IX 13-monomethyl ester;[M+K-H2];C35H34MgN4O5;-2.80991e-3;-4.315061;651.186567;1 out of 5
651.315283;651.315283;Goshonoside F6;[M+Cl];C31H52O12;4.87200e-6;0.007480;651.315278;1 out of 5
651.315283;651.315283;17-Dimethylaminogeldanamycin;[M+Cl];C32H48N4O8;-1.33252e-3;-2.045890;651.316616;1 out of 5
651.939942;651.939942;Perfluorotributylamine;[M-H2O-H];C12F27N;-2.17641e-3;-3.338341;651.942118;1 out of 5
653.480028;653.480028;"DG(11D3/9D3/0:0)";[M-H2O-H];C41H68O7;1.36447e-3;2.088010;653.478664;1 out of 5
653.480028;653.480028;"DG(11M3/11M3/0:0)";[M-H2O-H];C41H68O7;1.36447e-3;2.088010;653.478664;1 out of 5
653.480028;653.480028;"DG(11M3/9M5/0:0)";[M-H2O-H];C41H68O7;1.36447e-3;2.088010;653.478664;1 out of 5
653.480028;653.480028;"DG(9D3/11D3/0:0)";[M-H2O-H];C41H68O7;1.36447e-3;2.088010;653.478664;1 out of 5
653.480028;653.480028;"DG(9D3/9D5/0:0)";[M-H2O-H];C41H68O7;1.36447e-3;2.088010;653.478664;1 out of 5
653.480028;653.480028;"DG(9D5/9D3/0:0)";[M-H2O-H];C41H68O7;1.36447e-3;2.088010;653.478664;1 out of 5
653.480028;653.480028;"DG(9M5/11M3/0:0)";[M-H2O-H];C41H68O7;1.36447e-3;2.088010;653.478664;1 out of 5
653.480028;653.480028;"DG(9M5/9M5/0:0)";[M-H2O-H];C41H68O7;1.36447e-3;2.088010;653.478664;1 out of 5
653.480028;653.480028;"DG(16:0/22:6(5Z,8E,10Z,13Z,15E,19Z)-2OH(7S, 17S)/0:0)";[M-H2O-H];C41H68O7;1.36447e-3;2.088010;653.478664;1 out of 5
653.480028;653.480028;"DG(22:6(5Z,8E,10Z,13Z,15E,19Z)-2OH(7S, 17S)/16:0/0:0)";[M-H2O-H];C41H68O7;1.36447e-3;2.088010;653.478664;1 out of 5
653.480028;653.480028;"DG(16:0/0:0/22:6(5Z,8E,10Z,13Z,15E,19Z)-2OH(7S, 17S))";[M-H2O-H];C41H68O7;1.36447e-3;2.088010;653.478664;1 out of 5
653.480028;653.480028;"DG(22:6(5Z,8E,10Z,13Z,15E,19Z)-2OH(7S, 17S)/0:0/16:0)";[M-H2O-H];C41H68O7;1.36447e-3;2.088010;653.478664;1 out of 5
653.480028;653.480028;"DG(16:0/22:6(4Z,7Z,11E,13Z,15E,19Z)-2OH(10S,17)/0:0)";[M-H2O-H];C41H68O7;1.36447e-3;2.088010;653.478664;1 out of 5
653.480028;653.480028;"DG(22:6(4Z,7Z,11E,13Z,15E,19Z)-2OH(10S,17)/16:0/0:0)";[M-H2O-H];C41H68O7;1.36447e-3;2.088010;653.478664;1 out of 5
653.480028;653.480028;"DG(16:0/0:0/22:6(4Z,7Z,11E,13Z,15E,19Z)-2OH(10S,17))";[M-H2O-H];C41H68O7;1.36447e-3;2.088010;653.478664;1 out of 5
653.480028;653.480028;"DG(22:6(4Z,7Z,11E,13Z,15E,19Z)-2OH(10S,17)/0:0/16:0)";[M-H2O-H];C41H68O7;1.36447e-3;2.088010;653.478664;1 out of 5
653.480028;653.480028;"DG(i-16:0/22:6(5Z,8E,10Z,13Z,15E,19Z)-2OH(7S, 17S)/0:0)";[M-H2O-H];C41H68O7;1.36447e-3;2.088010;653.478664;1 out of 5
653.480028;653.480028;"DG(22:6(5Z,8E,10Z,13Z,15E,19Z)-2OH(7S, 17S)/i-16:0/0:0)";[M-H2O-H];C41H68O7;1.36447e-3;2.088010;653.478664;1 out of 5
653.480028;653.480028;"DG(i-16:0/0:0/22:6(5Z,8E,10Z,13Z,15E,19Z)-2OH(7S, 17S))";[M-H2O-H];C41H68O7;1.36447e-3;2.088010;653.478664;1 out of 5
653.480028;653.480028;"DG(22:6(5Z,8E,10Z,13Z,15E,19Z)-2OH(7S, 17S)/0:0/i-16:0)";[M-H2O-H];C41H68O7;1.36447e-3;2.088010;653.478664;1 out of 5
653.480028;653.480028;"DG(i-16:0/22:6(4Z,7Z,11E,13Z,15E,19Z)-2OH(10S,17)/0:0)";[M-H2O-H];C41H68O7;1.36447e-3;2.088010;653.478664;1 out of 5
653.480028;653.480028;"DG(22:6(4Z,7Z,11E,13Z,15E,19Z)-2OH(10S,17)/i-16:0/0:0)";[M-H2O-H];C41H68O7;1.36447e-3;2.088010;653.478664;1 out of 5
653.480028;653.480028;"DG(i-16:0/0:0/22:6(4Z,7Z,11E,13Z,15E,19Z)-2OH(10S,17))";[M-H2O-H];C41H68O7;1.36447e-3;2.088010;653.478664;1 out of 5
653.480028;653.480028;"DG(22:6(4Z,7Z,11E,13Z,15E,19Z)-2OH(10S,17)/0:0/i-16:0)";[M-H2O-H];C41H68O7;1.36447e-3;2.088010;653.478664;1 out of 5
657.473312;657.473312;"DG(15:0/20:3(8Z,11Z,14Z)-2OH(5,6)/0:0)";[M+Na-H2];C38H68O7;2.14047e-3;3.255610;657.471172;1 out of 5
657.473312;657.473312;"DG(20:3(8Z,11Z,14Z)-2OH(5,6)/15:0/0:0)";[M+Na-H2];C38H68O7;2.14047e-3;3.255610;657.471172;1 out of 5
657.473312;657.473312;"DG(15:0/0:0/20:3(8Z,11Z,14Z)-2OH(5,6))";[M+Na-H2];C38H68O7;2.14047e-3;3.255610;657.471172;1 out of 5
657.473312;657.473312;"DG(20:3(8Z,11Z,14Z)-2OH(5,6)/0:0/15:0)";[M+Na-H2];C38H68O7;2.14047e-3;3.255610;657.471172;1 out of 5
657.473312;657.473312;"DG(a-15:0/20:3(8Z,11Z,14Z)-2OH(5,6)/0:0)";[M+Na-H2];C38H68O7;2.14047e-3;3.255610;657.471172;1 out of 5
657.473312;657.473312;"DG(20:3(8Z,11Z,14Z)-2OH(5,6)/a-15:0/0:0)";[M+Na-H2];C38H68O7;2.14047e-3;3.255610;657.471172;1 out of 5
657.473312;657.473312;"DG(a-15:0/0:0/20:3(8Z,11Z,14Z)-2OH(5,6))";[M+Na-H2];C38H68O7;2.14047e-3;3.255610;657.471172;1 out of 5
657.473312;657.473312;"DG(20:3(8Z,11Z,14Z)-2OH(5,6)/0:0/a-15:0)";[M+Na-H2];C38H68O7;2.14047e-3;3.255610;657.471172;1 out of 5
657.473312;657.473312;"DG(i-15:0/20:3(8Z,11Z,14Z)-2OH(5,6)/0:0)";[M+Na-H2];C38H68O7;2.14047e-3;3.255610;657.471172;1 out of 5
657.473312;657.473312;"DG(20:3(8Z,11Z,14Z)-2OH(5,6)/i-15:0/0:0)";[M+Na-H2];C38H68O7;2.14047e-3;3.255610;657.471172;1 out of 5
657.473312;657.473312;"DG(i-15:0/0:0/20:3(8Z,11Z,14Z)-2OH(5,6))";[M+Na-H2];C38H68O7;2.14047e-3;3.255610;657.471172;1 out of 5
657.473312;657.473312;"DG(20:3(8Z,11Z,14Z)-2OH(5,6)/0:0/i-15:0)";[M+Na-H2];C38H68O7;2.14047e-3;3.255610;657.471172;1 out of 5
657.473312;657.473312;"DG(11M3/9D3/0:0)";[M-H];C40H66O7;-2.65465e-4;-0.403765;657.473577;1 out of 5
657.473312;657.473312;"DG(9D3/11M3/0:0)";[M-H];C40H66O7;-2.65465e-4;-0.403765;657.473577;1 out of 5
657.473312;657.473312;"DG(9D3/9M5/0:0)";[M-H];C40H66O7;-2.65465e-4;-0.403765;657.473577;1 out of 5
657.473312;657.473312;"DG(9M5/9D3/0:0)";[M-H];C40H66O7;-2.65465e-4;-0.403765;657.473577;1 out of 5
657.473312;657.473312;"DG(15:0/22:6(5Z,8E,10Z,13Z,15E,19Z)-2OH(7S, 17S)/0:0)";[M-H];C40H66O7;-2.65465e-4;-0.403765;657.473577;1 out of 5
657.473312;657.473312;"DG(22:6(5Z,8E,10Z,13Z,15E,19Z)-2OH(7S, 17S)/15:0/0:0)";[M-H];C40H66O7;-2.65465e-4;-0.403765;657.473577;1 out of 5
657.473312;657.473312;"DG(15:0/0:0/22:6(5Z,8E,10Z,13Z,15E,19Z)-2OH(7S, 17S))";[M-H];C40H66O7;-2.65465e-4;-0.403765;657.473577;1 out of 5
657.473312;657.473312;"DG(22:6(5Z,8E,10Z,13Z,15E,19Z)-2OH(7S, 17S)/0:0/15:0)";[M-H];C40H66O7;-2.65465e-4;-0.403765;657.473577;1 out of 5
657.473312;657.473312;"DG(15:0/22:6(4Z,7Z,11E,13Z,15E,19Z)-2OH(10S,17)/0:0)";[M-H];C40H66O7;-2.65465e-4;-0.403765;657.473577;1 out of 5
657.473312;657.473312;"DG(22:6(4Z,7Z,11E,13Z,15E,19Z)-2OH(10S,17)/15:0/0:0)";[M-H];C40H66O7;-2.65465e-4;-0.403765;657.473577;1 out of 5
657.473312;657.473312;"DG(15:0/0:0/22:6(4Z,7Z,11E,13Z,15E,19Z)-2OH(10S,17))";[M-H];C40H66O7;-2.65465e-4;-0.403765;657.473577;1 out of 5
657.473312;657.473312;"DG(22:6(4Z,7Z,11E,13Z,15E,19Z)-2OH(10S,17)/0:0/15:0)";[M-H];C40H66O7;-2.65465e-4;-0.403765;657.473577;1 out of 5
657.473312;657.473312;"DG(a-15:0/22:6(5Z,8E,10Z,13Z,15E,19Z)-2OH(7S, 17S)/0:0)";[M-H];C40H66O7;-2.65465e-4;-0.403765;657.473577;1 out of 5
657.473312;657.473312;"DG(22:6(5Z,8E,10Z,13Z,15E,19Z)-2OH(7S, 17S)/a-15:0/0:0)";[M-H];C40H66O7;-2.65465e-4;-0.403765;657.473577;1 out of 5
657.473312;657.473312;"DG(a-15:0/0:0/22:6(5Z,8E,10Z,13Z,15E,19Z)-2OH(7S, 17S))";[M-H];C40H66O7;-2.65465e-4;-0.403765;657.473577;1 out of 5
657.473312;657.473312;"DG(22:6(5Z,8E,10Z,13Z,15E,19Z)-2OH(7S, 17S)/0:0/a-15:0)";[M-H];C40H66O7;-2.65465e-4;-0.403765;657.473577;1 out of 5
657.473312;657.473312;"DG(a-15:0/22:6(4Z,7Z,11E,13Z,15E,19Z)-2OH(10S,17)/0:0)";[M-H];C40H66O7;-2.65465e-4;-0.403765;657.473577;1 out of 5
657.473312;657.473312;"DG(22:6(4Z,7Z,11E,13Z,15E,19Z)-2OH(10S,17)/a-15:0/0:0)";[M-H];C40H66O7;-2.65465e-4;-0.403765;657.473577;1 out of 5
657.473312;657.473312;"DG(a-15:0/0:0/22:6(4Z,7Z,11E,13Z,15E,19Z)-2OH(10S,17))";[M-H];C40H66O7;-2.65465e-4;-0.403765;657.473577;1 out of 5
657.473312;657.473312;"DG(22:6(4Z,7Z,11E,13Z,15E,19Z)-2OH(10S,17)/0:0/a-15:0)";[M-H];C40H66O7;-2.65465e-4;-0.403765;657.473577;1 out of 5
657.473312;657.473312;"DG(i-15:0/22:6(5Z,8E,10Z,13Z,15E,19Z)-2OH(7S, 17S)/0:0)";[M-H];C40H66O7;-2.65465e-4;-0.403765;657.473577;1 out of 5
657.473312;657.473312;"DG(22:6(5Z,8E,10Z,13Z,15E,19Z)-2OH(7S, 17S)/i-15:0/0:0)";[M-H];C40H66O7;-2.65465e-4;-0.403765;657.473577;1 out of 5
657.473312;657.473312;"DG(i-15:0/0:0/22:6(5Z,8E,10Z,13Z,15E,19Z)-2OH(7S, 17S))";[M-H];C40H66O7;-2.65465e-4;-0.403765;657.473577;1 out of 5
657.473312;657.473312;"DG(22:6(5Z,8E,10Z,13Z,15E,19Z)-2OH(7S, 17S)/0:0/i-15:0)";[M-H];C40H66O7;-2.65465e-4;-0.403765;657.473577;1 out of 5
657.473312;657.473312;"DG(i-15:0/22:6(4Z,7Z,11E,13Z,15E,19Z)-2OH(10S,17)/0:0)";[M-H];C40H66O7;-2.65465e-4;-0.403765;657.473577;1 out of 5
657.473312;657.473312;"DG(22:6(4Z,7Z,11E,13Z,15E,19Z)-2OH(10S,17)/i-15:0/0:0)";[M-H];C40H66O7;-2.65465e-4;-0.403765;657.473577;1 out of 5
657.473312;657.473312;"DG(i-15:0/0:0/22:6(4Z,7Z,11E,13Z,15E,19Z)-2OH(10S,17))";[M-H];C40H66O7;-2.65465e-4;-0.403765;657.473577;1 out of 5
657.473312;657.473312;"DG(22:6(4Z,7Z,11E,13Z,15E,19Z)-2OH(10S,17)/0:0/i-15:0)";[M-H];C40H66O7;-2.65465e-4;-0.403765;657.473577;1 out of 5
657.473312;657.473312;"DG(17:0/20:5(7Z,9Z,11E,13E,17Z)-3OH(5,6,15)/0:0)";[M-H2O-H];C40H68O8;-2.66150e-4;-0.404807;657.473578;1 out of 5
657.473312;657.473312;"DG(20:5(7Z,9Z,11E,13E,17Z)-3OH(5,6,15)/17:0/0:0)";[M-H2O-H];C40H68O8;-2.66150e-4;-0.404807;657.473578;1 out of 5
657.473312;657.473312;"DG(17:0/0:0/20:5(7Z,9Z,11E,13E,17Z)-3OH(5,6,15))";[M-H2O-H];C40H68O8;-2.66150e-4;-0.404807;657.473578;1 out of 5
657.473312;657.473312;"DG(20:5(7Z,9Z,11E,13E,17Z)-3OH(5,6,15)/0:0/17:0)";[M-H2O-H];C40H68O8;-2.66150e-4;-0.404807;657.473578;1 out of 5
657.473312;657.473312;"DG(a-17:0/20:5(7Z,9Z,11E,13E,17Z)-3OH(5,6,15)/0:0)";[M-H2O-H];C40H68O8;-2.66150e-4;-0.404807;657.473578;1 out of 5
657.473312;657.473312;"DG(20:5(7Z,9Z,11E,13E,17Z)-3OH(5,6,15)/a-17:0/0:0)";[M-H2O-H];C40H68O8;-2.66150e-4;-0.404807;657.473578;1 out of 5
657.473312;657.473312;"DG(a-17:0/0:0/20:5(7Z,9Z,11E,13E,17Z)-3OH(5,6,15))";[M-H2O-H];C40H68O8;-2.66150e-4;-0.404807;657.473578;1 out of 5
657.473312;657.473312;"DG(20:5(7Z,9Z,11E,13E,17Z)-3OH(5,6,15)/0:0/a-17:0)";[M-H2O-H];C40H68O8;-2.66150e-4;-0.404807;657.473578;1 out of 5
657.473312;657.473312;"DG(i-17:0/20:5(7Z,9Z,11E,13E,17Z)-3OH(5,6,15)/0:0)";[M-H2O-H];C40H68O8;-2.66150e-4;-0.404807;657.473578;1 out of 5
657.473312;657.473312;"DG(20:5(7Z,9Z,11E,13E,17Z)-3OH(5,6,15)/i-17:0/0:0)";[M-H2O-H];C40H68O8;-2.66150e-4;-0.404807;657.473578;1 out of 5
657.473312;657.473312;"DG(i-17:0/0:0/20:5(7Z,9Z,11E,13E,17Z)-3OH(5,6,15))";[M-H2O-H];C40H68O8;-2.66150e-4;-0.404807;657.473578;1 out of 5
657.473312;657.473312;"DG(20:5(7Z,9Z,11E,13E,17Z)-3OH(5,6,15)/0:0/i-17:0)";[M-H2O-H];C40H68O8;-2.66150e-4;-0.404807;657.473578;1 out of 5
659.388842;659.388842;"PG(a-13:0/a-13:0)";[M+Na-H2];C32H63O10P;-1.71023e-3;-2.593648;659.390552;1 out of 5
659.388842;659.388842;"PG(a-13:0/i-13:0)";[M+Na-H2];C32H63O10P;-1.71023e-3;-2.593648;659.390552;1 out of 5
659.388842;659.388842;"PG(i-12:0/i-14:0)";[M+Na-H2];C32H63O10P;-1.71023e-3;-2.593648;659.390552;1 out of 5
659.388842;659.388842;"PG(i-13:0/a-13:0)";[M+Na-H2];C32H63O10P;-1.71023e-3;-2.593648;659.390552;1 out of 5
659.388842;659.388842;"PG(i-13:0/i-13:0)";[M+Na-H2];C32H63O10P;-1.71023e-3;-2.593648;659.390552;1 out of 5
659.388842;659.388842;"PG(i-14:0/i-12:0)";[M+Na-H2];C32H63O10P;-1.71023e-3;-2.593648;659.390552;1 out of 5
665.157067;665.157067;Ambamustine;[M+K-H2];C29H39Cl2FN4O4S;3.15150e-3;4.738001;665.153916;1 out of 5
671.124053;671.124053;6''-Malonylapiin;[M+Na-H2];C29H30O17;1.08647e-3;1.618878;671.122967;2 out of 5
671.124053;671.124053;"3,4,5-Trimethoxyphenyl 2,6-digalloylglucoside";[M+Na-H2];C29H30O17;1.08647e-3;1.618878;671.122967;2 out of 5
671.124053;671.124053;Apigenin 7-O-(6''-malonyl-apiosyl-glucoside);[M+Na-H2];C29H30O17;1.08647e-3;1.618878;671.122967;2 out of 5
673.120652;673.120652;Quercetin 3-(4''-acetylrhamnoside) 7-rhamnoside;[M+K-H2];C29H32O16;3.01202e-3;4.474736;673.117640;1 out of 5
673.120652;673.120652;Kaempferol 3-(6''-acetylgalactoside) 7-rhamnoside;[M+K-H2];C29H32O16;3.01202e-3;4.474736;673.117640;1 out of 5
673.120652;673.120652;Kaempferol 3-O-(6''-acetyl-galactoside) 7-O-rhamnoside;[M+K-H2];C29H32O16;3.01202e-3;4.474736;673.117640;1 out of 5
673.120652;673.120652;Multiflorin A;[M+K-H2];C29H32O16;3.01202e-3;4.474736;673.117640;1 out of 5
673.120652;673.120652;Adenosine thiamine diphosphate;[M-H];C22H30N9O10P2S;-3.22794e-3;-4.795461;673.123880;1 out of 5
674.170878;674.170878;{4-[2-Acetylamino-2-(1-biphenyl-4-ylmethyl-2-oxo-azepan-3-ylcarbamoyl)-ethyl]-2-phosphono-phenoxy}-acetic acid;[M+K-H2];C32H36N3O9P;3.35625e-3;4.978364;674.167522;1 out of 5
675.155452;675.155452;Bis-gamma-glutamylcysteinylbis-beta-alanine;[M+Cl];C22H36N6O12S2;2.78897e-3;4.130879;675.152663;2 out of 5
675.155452;675.155452;Monoxerutin;[M+Na-H2];C29H34O17;1.18536e-3;1.755695;675.154267;1 out of 5
675.155452;675.155452;Spinacetin 3-rutinoside;[M+Na-H2];C29H34O17;1.18534e-3;1.755655;675.154267;1 out of 5
675.155452;675.155452;Limocitrin 3-rutinoside;[M+Na-H2];C29H34O17;1.18534e-3;1.755655;675.154267;1 out of 5
675.155452;675.155452;Rhamnazin 3-sophoroside;[M+Na-H2];C29H34O17;1.18534e-3;1.755655;675.154267;1 out of 5
676.158724;676.158724;Malvin;[M+Na-H2];C29H35O17;-3.36769e-3;-4.980602;676.162092;1 out of 5
676.158724;676.158724;Malvidin 3-laminaribioside;[M+Na-H2];C29H35O17;-3.36769e-3;-4.980602;676.162092;1 out of 5
677.152054;677.152054;Plantamajoside;[M+K-H2];C29H36O16;3.11392e-3;4.598576;677.148940;1 out of 5
677.152054;677.152054;"3,4,5-Tricaffeoylquinic acid";[M-H];C34H30O15;8.60734e-4;1.271111;677.151193;1 out of 5
677.152054;677.152054;Citbismine A;[M+K-H2];C35H32N2O10;-2.24625e-3;-3.317197;677.154300;1 out of 5
678.155380;678.155380;Sodium copper chlorophyllin;[M+Na-H2];C34H34CuN4O6;3.27708e-3;4.832369;678.152103;1 out of 5
678.155380;678.155380;"N-Acetyl-N-[1-(1,1'-biphenyl-4-ylmethyl)-2-oxoazepan-3-YL]-3,4-diphosphonophenylalaninamide";[M+Cl];C30H35N3O9P2;1.12529e-3;1.659335;678.154255;1 out of 5
679.149270;679.149270;Chrysoeriol 7-O-(6''-malonyl-apiosyl-glucoside);[M-H];C30H32O18;-2.31722e-3;-3.411933;679.151587;2 out of 5
687.544973;687.544973;"SM(d18:1/15:0)";[M-H];C38H77N2O6P;3.24795e-4;0.472398;687.544648;1 out of 5
687.544973;687.544973;"SM(d16:1/17:0)";[M-H];C38H77N2O6P;3.24795e-4;0.472398;687.544648;1 out of 5
689.175917;689.175917;C.I. Acid Green 3;[M+Na-H2];C37H36N2O6S2;-2.28274e-4;-0.331227;689.176145;1 out of 5
691.172555;691.172555;Citbismine F;[M+K-H2];C36H34N2O10;2.60468e-3;3.768512;691.169950;1 out of 5
691.182350;691.182350;silvestrol;[M+K-H2];C34H38O13;2.50372e-3;3.622380;691.179846;1 out of 5
697.357103;697.357103;Neocasomorphin;[M-H2O-H];C35H52N6O10;4.52102e-4;0.648308;697.356651;1 out of 5
697.357103;697.357103;Val-glu-pro-ile-pro-tyr;[M-H2O-H];C35H52N6O10;4.52102e-4;0.648308;697.356651;1 out of 5
697.357103;697.357103;Actein;[M+Na-H2];C37H56O11;1.73377e-4;0.248620;697.356930;1 out of 5
701.133968;701.133968;Chrysoeriol 7-O-(6''-malonyl-apiosyl-glucoside);[M+Na-H2];C30H32O18;4.36780e-4;0.622963;701.133531;2 out of 5
701.512771;701.512771;"DG(18:2n6/0:0/22:5n6)";[M+Na-H2];C44H72O5;1.28582e-4;0.183292;701.512642;1 out of 5
701.512771;701.512771;"DG(18:2n6/0:0/22:5n3)";[M+Na-H2];C44H72O5;1.28582e-4;0.183292;701.512642;1 out of 5
701.512771;701.512771;"PA(14:0/22:1(13Z))";[M-H];C39H75O8P;9.16270e-5;0.130613;701.512679;2 out of 5
701.512771;701.512771;"PA(18:1(11Z)/18:0)";[M-H];C39H75O8P;9.16270e-5;0.130613;701.512679;2 out of 5
701.512771;701.512771;"PA(18:1(9Z)/18:0)";[M-H];C39H75O8P;9.16270e-5;0.130613;701.512679;2 out of 5
701.512771;701.512771;"PA(20:0/16:1(9Z))";[M-H];C39H75O8P;9.16270e-5;0.130613;701.512679;2 out of 5
701.512771;701.512771;"PA(20:1(11Z)/16:0)";[M-H];C39H75O8P;9.16270e-5;0.130613;701.512679;2 out of 5
701.512771;701.512771;"PA(22:0/14:1(9Z))";[M-H];C39H75O8P;9.16270e-5;0.130613;701.512679;2 out of 5
701.512771;701.512771;"PA(22:1(13Z)/14:0)";[M-H];C39H75O8P;9.16270e-5;0.130613;701.512679;2 out of 5
701.512771;701.512771;"DG(20:0/18:1(12Z)-O(9S,10R)/0:0)";[M+K-H2];C41H76O6;-2.41670e-5;-0.034450;701.512795;1 out of 5
701.512771;701.512771;"DG(18:1(12Z)-O(9S,10R)/20:0/0:0)";[M+K-H2];C41H76O6;-2.41670e-5;-0.034450;701.512795;1 out of 5
701.512771;701.512771;"DG(20:0/0:0/18:1(12Z)-O(9S,10R))";[M+K-H2];C41H76O6;-2.41670e-5;-0.034450;701.512795;1 out of 5
701.512771;701.512771;"DG(18:1(12Z)-O(9S,10R)/0:0/20:0)";[M+K-H2];C41H76O6;-2.41670e-5;-0.034450;701.512795;1 out of 5
701.512771;701.512771;"DG(20:0/18:1(9Z)-O(12,13)/0:0)";[M+K-H2];C41H76O6;-2.41670e-5;-0.034450;701.512795;1 out of 5
701.512771;701.512771;"DG(18:1(9Z)-O(12,13)/20:0/0:0)";[M+K-H2];C41H76O6;-2.41670e-5;-0.034450;701.512795;1 out of 5
701.512771;701.512771;"DG(20:0/0:0/18:1(9Z)-O(12,13))";[M+K-H2];C41H76O6;-2.41670e-5;-0.034450;701.512795;1 out of 5
701.512771;701.512771;"DG(18:1(9Z)-O(12,13)/0:0/20:0)";[M+K-H2];C41H76O6;-2.41670e-5;-0.034450;701.512795;1 out of 5
701.512771;701.512771;"DG(i-20:0/18:1(12Z)-O(9S,10R)/0:0)";[M+K-H2];C41H76O6;-2.41670e-5;-0.034450;701.512795;1 out of 5
701.512771;701.512771;"DG(18:1(12Z)-O(9S,10R)/i-20:0/0:0)";[M+K-H2];C41H76O6;-2.41670e-5;-0.034450;701.512795;1 out of 5
701.512771;701.512771;"DG(i-20:0/0:0/18:1(12Z)-O(9S,10R))";[M+K-H2];C41H76O6;-2.41670e-5;-0.034450;701.512795;1 out of 5
701.512771;701.512771;"DG(18:1(12Z)-O(9S,10R)/0:0/i-20:0)";[M+K-H2];C41H76O6;-2.41670e-5;-0.034450;701.512795;1 out of 5
701.512771;701.512771;"DG(i-20:0/18:1(9Z)-O(12,13)/0:0)";[M+K-H2];C41H76O6;-2.41670e-5;-0.034450;701.512795;1 out of 5
701.512771;701.512771;"DG(18:1(9Z)-O(12,13)/i-20:0/0:0)";[M+K-H2];C41H76O6;-2.41670e-5;-0.034450;701.512795;1 out of 5
701.512771;701.512771;"DG(i-20:0/0:0/18:1(9Z)-O(12,13))";[M+K-H2];C41H76O6;-2.41670e-5;-0.034450;701.512795;1 out of 5
701.512771;701.512771;"DG(18:1(9Z)-O(12,13)/0:0/i-20:0)";[M+K-H2];C41H76O6;-2.41670e-5;-0.034450;701.512795;1 out of 5
703.131536;703.131536;6''-O-Malonylnaringin;[M+K-H2];C30H34O17;3.33136e-3;4.737920;703.128205;1 out of 5
703.131536;703.131536;7-(4-Carboxy-3-hydroxy-3-methylbutanoyl)sudachitin 4'-glucoside;[M+K-H2];C30H34O17;3.33134e-3;4.737881;703.128205;1 out of 5
703.131536;703.131536;Sudachiin B;[M+K-H2];C30H34O17;3.33134e-3;4.737881;703.128205;1 out of 5
703.131536;703.131536;Sudachiin C;[M+K-H2];C30H34O17;3.33134e-3;4.737881;703.128205;1 out of 5
704.134594;704.134594;"Peonidin acetyl 3,5-diglucoside";[M+K-H2];C30H35O17;-1.43569e-3;-2.038944;704.136030;1 out of 5
726.155907;726.155907;Epiafzelechin-(4alpha-&gt;8)-pelargonidin 3'-glucoside;[M+Na-H2];C36H33O15;-7.05386e-4;-0.971397;726.156612;1 out of 5
726.155907;726.155907;Afzelechin-(4alpha-&gt;8)-pelargonidin 3-O-beta-glucopyranoside;[M+Na-H2];C36H33O15;-7.05386e-4;-0.971397;726.156612;1 out of 5
727.162761;727.162761;"Epicatechin-(2alpha-&gt;7,4alpha-&gt;8)-epicatechin 3-galactoside";[M+Na-H2];C36H34O15;-1.67642e-3;-2.305418;727.164437;1 out of 5
729.146714;729.146714;3-O-alpha-L-Arabinopyranosylproanthocyanidin A5';[M+Na-H2];C35H32O16;3.01202e-3;4.130906;729.143702;1 out of 5
729.146714;729.146714;"ent-Epicatechin-(2alpha-&gt;7,4alpha-&gt;8)-epicatechin 3-arabinoside";[M+Na-H2];C35H32O16;3.01202e-3;4.130906;729.143702;1 out of 5
729.146714;729.146714;ent-Epicatechin-(4alpha-&gt;8)-ent-epicatechin 3-gallate;[M-H];C37H30O16;6.06088e-4;0.831230;729.146108;3 out of 5
729.146714;729.146714;ent-Epicatechin-(4alpha-&gt;8)-ent-epicatechin 3'-gallate;[M-H];C37H30O16;6.06088e-4;0.831230;729.146108;3 out of 5
729.146714;729.146714;Epicatechin-(4beta-&gt;6)-catechin 3-gallate;[M-H];C37H30O16;6.06088e-4;0.831230;729.146108;3 out of 5
729.146714;729.146714;Procyanidin B2 3-gallate;[M-H];C37H30O16;6.06088e-4;0.831230;729.146108;3 out of 5
729.146714;729.146714;Catechin-(4alpha-&gt;8)-epicatechin 3'-gallate;[M-H];C37H30O16;6.06088e-4;0.831230;729.146108;3 out of 5
729.146714;729.146714;Epicatechin-(4beta-&gt;8)-catechin 3-gallate;[M-H];C37H30O16;6.06088e-4;0.831230;729.146108;3 out of 5
729.146714;729.146714;Epicatechin-(4beta-&gt;8)-epicatechin 3'-gallate;[M-H];C37H30O16;6.06088e-4;0.831230;729.146108;3 out of 5
729.146714;729.146714;"2,2'-(4,4'-(4,4'-Methylenebis(2-chloro-4,1-phenylene))bis(azanediyl)bis(oxomethylene)bis(azanediyl)bis(4,1-phenylene))bis(oxy)bis(2-Methylpropanoic acid)";[M+Na-H2];C35H34Cl2N4O8;-3.32250e-3;-4.556675;729.150036;1 out of 5
730.150271;730.150271;Erioglaucine A;[M-H2O-H];C37H37N2O9S3;1.99414e-3;2.731141;730.148277;2 out of 5
732.147147;732.147147;Cefotiam hexetil;[M+K-H2];C27H37N9O7S3;7.33911e-4;1.002410;732.146413;1 out of 5
733.165874;733.165874;"2,10,15,20-Tetraphenyl-21,22,23,24-tetrahydroporphyrin-5-sulfonic acid";[M+K-H2];C44H32N4O3S;-2.24308e-3;-3.059435;733.168117;1 out of 5
735.162680;735.162680;Scleroglucan;[M+Na-H2];C24H44O20P2;-2.10387e-3;-2.861769;735.164784;2 out of 5
735.473779;735.473779;"PA(18:0/18:2(9Z,12Z))";[M+Cl];C39H73O8P;7.21760e-5;0.098135;735.473707;1 out of 5
735.473779;735.473779;"9-Octadecenoic acid 1-[(phosphonoxy)methyl]-1,2-ethanediyl ester";[M+Cl];C39H73O8P;7.21760e-5;0.098135;735.473707;1 out of 5
735.473779;735.473779;"PA(18:1(11Z)/18:1(11Z))";[M+Cl];C39H73O8P;7.16910e-5;0.097476;735.473707;1 out of 5
735.473779;735.473779;"PA(18:1(11Z)/18:1(9Z))";[M+Cl];C39H73O8P;7.16910e-5;0.097476;735.473707;1 out of 5
735.473779;735.473779;"PA(18:1(9Z)/18:1(11Z))";[M+Cl];C39H73O8P;7.16910e-5;0.097476;735.473707;1 out of 5
735.473779;735.473779;"PA(18:1(9Z)/18:1(9Z))";[M+Cl];C39H73O8P;7.16910e-5;0.097476;735.473707;1 out of 5
735.473779;735.473779;"PA(14:1(9Z)/22:1(13Z))";[M+Cl];C39H73O8P;7.16910e-5;0.097476;735.473707;1 out of 5
735.473779;735.473779;"PA(18:2(9Z,12Z)/18:0)";[M+Cl];C39H73O8P;7.16910e-5;0.097476;735.473707;1 out of 5
735.473779;735.473779;"PA(20:1(11Z)/16:1(9Z))";[M+Cl];C39H73O8P;7.16910e-5;0.097476;735.473707;1 out of 5
735.473779;735.473779;"PA(22:1(13Z)/14:1(9Z))";[M+Cl];C39H73O8P;7.16910e-5;0.097476;735.473707;1 out of 5
735.473779;735.473779;"PA(22:2(13Z,16Z)/14:0)";[M+Cl];C39H73O8P;7.16910e-5;0.097476;735.473707;1 out of 5
735.473779;735.473779;"PA(16:0/20:2(11Z,14Z))";[M+Cl];C39H73O8P;7.16910e-5;0.097476;735.473707;1 out of 5
735.473779;735.473779;"PA(20:2(11Z,14Z)/16:0)";[M+Cl];C39H73O8P;7.16910e-5;0.097476;735.473707;1 out of 5
735.473779;735.473779;"PA(14:0/22:2(13Z,16Z))";[M+Cl];C39H73O8P;7.16910e-5;0.097476;735.473707;1 out of 5
737.489466;737.489466;"SM(d17:2(4E,8Z)/5-iso PGF2VI)";[M-H2O-H];C40H73N2O9P;1.93806e-3;2.627926;737.487528;1 out of 5
737.489466;737.489466;"PA(14:0/22:1(13Z))";[M+Cl];C39H75O8P;1.08627e-4;0.147293;737.489357;2 out of 5
737.489466;737.489466;"PA(18:1(11Z)/18:0)";[M+Cl];C39H75O8P;1.08627e-4;0.147293;737.489357;2 out of 5
737.489466;737.489466;"PA(18:1(9Z)/18:0)";[M+Cl];C39H75O8P;1.08627e-4;0.147293;737.489357;2 out of 5
737.489466;737.489466;"PA(20:0/16:1(9Z))";[M+Cl];C39H75O8P;1.08627e-4;0.147293;737.489357;2 out of 5
737.489466;737.489466;"PA(20:1(11Z)/16:0)";[M+Cl];C39H75O8P;1.08627e-4;0.147293;737.489357;2 out of 5
737.489466;737.489466;"PA(22:0/14:1(9Z))";[M+Cl];C39H75O8P;1.08627e-4;0.147293;737.489357;2 out of 5
737.489466;737.489466;"PA(22:1(13Z)/14:0)";[M+Cl];C39H75O8P;1.08627e-4;0.147293;737.489357;2 out of 5
742.539199;742.539199;"PC(15:0/18:2(9Z,12Z))";[M-H];C41H78NO8P;-2.89890e-5;-0.039040;742.539228;1 out of 5
742.539199;742.539199;"PC(18:2(9Z,12Z)/15:0)";[M-H];C41H78NO8P;-2.89890e-5;-0.039040;742.539228;1 out of 5
742.539199;742.539199;"PE(14:0/22:2(13Z,16Z))";[M-H];C41H78NO8P;-2.89890e-5;-0.039040;742.539228;1 out of 5
742.539199;742.539199;"PE(14:1(9Z)/22:1(13Z))";[M-H];C41H78NO8P;-2.89890e-5;-0.039040;742.539228;1 out of 5
742.539199;742.539199;"PE(16:0/20:2(11Z,14Z))";[M-H];C41H78NO8P;-2.89890e-5;-0.039040;742.539228;1 out of 5
742.539199;742.539199;"PE(16:1(9Z)/20:1(11Z))";[M-H];C41H78NO8P;-2.89890e-5;-0.039040;742.539228;1 out of 5
742.539199;742.539199;"PE(18:0/18:2(9Z,12Z))";[M-H];C41H78NO8P;-2.89890e-5;-0.039040;742.539228;1 out of 5
742.539199;742.539199;"PE(18:1(11Z)/18:1(9Z))";[M-H];C41H78NO8P;-2.89890e-5;-0.039040;742.539228;1 out of 5
742.539199;742.539199;"PE(18:1(9Z)/18:1(11Z))";[M-H];C41H78NO8P;-2.89890e-5;-0.039040;742.539228;1 out of 5
742.539199;742.539199;"PE(18:2(9Z,12Z)/18:0)";[M-H];C41H78NO8P;-2.89890e-5;-0.039040;742.539228;1 out of 5
742.539199;742.539199;"PE(20:1(11Z)/16:1(9Z))";[M-H];C41H78NO8P;-2.89890e-5;-0.039040;742.539228;1 out of 5
742.539199;742.539199;"PE(20:2(11Z,14Z)/16:0)";[M-H];C41H78NO8P;-2.89890e-5;-0.039040;742.539228;1 out of 5
742.539199;742.539199;"PE(22:1(13Z)/14:1(9Z))";[M-H];C41H78NO8P;-2.89890e-5;-0.039040;742.539228;1 out of 5
742.539199;742.539199;"PE(22:2(13Z,16Z)/14:0)";[M-H];C41H78NO8P;-2.89890e-5;-0.039040;742.539228;1 out of 5
742.539199;742.539199;"PE(18:1(11Z)/18:1(11Z))";[M-H];C41H78NO8P;-2.94740e-5;-0.039694;742.539228;1 out of 5
742.539199;742.539199;"PE(18:1(9Z)/18:1(9Z))";[M-H];C41H78NO8P;-2.94740e-5;-0.039694;742.539228;1 out of 5
742.539199;742.539199;"PE-NMe(15:0/20:2(11Z,14Z))";[M-H];C41H78NO8P;-2.94740e-5;-0.039694;742.539228;1 out of 5
742.539199;742.539199;"PE-NMe(20:2(11Z,14Z)/15:0)";[M-H];C41H78NO8P;-2.94740e-5;-0.039694;742.539228;1 out of 5
742.539199;742.539199;"PE-NMe2(14:1(9Z)/20:1(11Z))";[M-H];C41H78NO8P;-2.94740e-5;-0.039694;742.539228;1 out of 5
742.539199;742.539199;"PE-NMe2(16:1(9Z)/18:1(9Z))";[M-H];C41H78NO8P;-2.94740e-5;-0.039694;742.539228;1 out of 5
742.539199;742.539199;"PE-NMe2(16:1(9Z)/18:1(11Z))";[M-H];C41H78NO8P;-2.94740e-5;-0.039694;742.539228;1 out of 5
742.539199;742.539199;"PE-NMe2(14:0/20:2(11Z,14Z))";[M-H];C41H78NO8P;-2.94740e-5;-0.039694;742.539228;1 out of 5
742.539199;742.539199;"PE-NMe2(16:0/18:2(9Z,12Z))";[M-H];C41H78NO8P;-2.94740e-5;-0.039694;742.539228;1 out of 5
742.539199;742.539199;"PE-NMe2(18:1(11Z)/16:1(9Z))";[M-H];C41H78NO8P;-2.94740e-5;-0.039694;742.539228;1 out of 5
742.539199;742.539199;"PE-NMe2(18:1(9Z)/16:1(9Z))";[M-H];C41H78NO8P;-2.94740e-5;-0.039694;742.539228;1 out of 5
742.539199;742.539199;"PE-NMe2(18:2(9Z,12Z)/16:0)";[M-H];C41H78NO8P;-2.94740e-5;-0.039694;742.539228;1 out of 5
742.539199;742.539199;"PE-NMe2(20:1(11Z)/14:1(9Z))";[M-H];C41H78NO8P;-2.94740e-5;-0.039694;742.539228;1 out of 5
742.539199;742.539199;"PE-NMe2(20:2(11Z,14Z)/14:0)";[M-H];C41H78NO8P;-2.94740e-5;-0.039694;742.539228;1 out of 5
742.539199;742.539199;"1,2-Dioleoyl-sn-glycero-3-phosphoethanolamine";[M-H];C41H78NO8P;-2.94740e-5;-0.039694;742.539228;1 out of 5
742.539199;742.539199;"PE(P-18:0/18:1(12Z)-O(9S,10R))";[M-H];C41H78NO8P;-2.94740e-5;-0.039694;742.539228;1 out of 5
742.539199;742.539199;"PE(18:1(12Z)-O(9S,10R)/P-18:0)";[M-H];C41H78NO8P;-2.94740e-5;-0.039694;742.539228;1 out of 5
742.539199;742.539199;"PE(P-18:0/18:1(9Z)-O(12,13))";[M-H];C41H78NO8P;-2.94740e-5;-0.039694;742.539228;1 out of 5
742.539199;742.539199;"PE(18:1(9Z)-O(12,13)/P-18:0)";[M-H];C41H78NO8P;-2.94740e-5;-0.039694;742.539228;1 out of 5
742.539199;742.539199;"PE(P-18:0/18:1(12Z)-2OH(9,10))";[M-H2O-H];C41H80NO9P;-3.01580e-5;-0.040615;742.539229;1 out of 5
742.539199;742.539199;"PE(18:1(12Z)-2OH(9,10)/P-18:0)";[M-H2O-H];C41H80NO9P;-3.01580e-5;-0.040615;742.539229;1 out of 5
744.555491;744.555491;"PC(15:0/18:1(11Z))";[M-H];C41H80NO8P;6.12947e-4;0.823240;744.554878;2 out of 5
744.555491;744.555491;"PC(15:0/18:1(9Z))";[M-H];C41H80NO8P;6.12947e-4;0.823240;744.554878;2 out of 5
744.555491;744.555491;"PC(18:1(11Z)/15:0)";[M-H];C41H80NO8P;6.12947e-4;0.823240;744.554878;2 out of 5
744.555491;744.555491;"PC(18:1(9Z)/15:0)";[M-H];C41H80NO8P;6.12947e-4;0.823240;744.554878;2 out of 5
744.555491;744.555491;"PE(14:0/22:1(13Z))";[M-H];C41H80NO8P;6.12947e-4;0.823240;744.554878;2 out of 5
744.555491;744.555491;"PE(14:1(9Z)/22:0)";[M-H];C41H80NO8P;6.12947e-4;0.823240;744.554878;2 out of 5
744.555491;744.555491;"PE(16:0/20:1(11Z))";[M-H];C41H80NO8P;6.12947e-4;0.823240;744.554878;2 out of 5
744.555491;744.555491;"PE(16:1(9Z)/20:0)";[M-H];C41H80NO8P;6.12947e-4;0.823240;744.554878;2 out of 5
744.555491;744.555491;"PE(18:0/18:1(11Z))";[M-H];C41H80NO8P;6.12947e-4;0.823240;744.554878;2 out of 5
744.555491;744.555491;"PE(18:1(11Z)/18:0)";[M-H];C41H80NO8P;6.12947e-4;0.823240;744.554878;2 out of 5
744.555491;744.555491;"PE(20:0/16:1(9Z))";[M-H];C41H80NO8P;6.12947e-4;0.823240;744.554878;2 out of 5
744.555491;744.555491;"PE(20:1(11Z)/16:0)";[M-H];C41H80NO8P;6.12947e-4;0.823240;744.554878;2 out of 5
744.555491;744.555491;"PE(22:0/14:1(9Z))";[M-H];C41H80NO8P;6.12947e-4;0.823240;744.554878;2 out of 5
744.555491;744.555491;"PE(22:1(13Z)/14:0)";[M-H];C41H80NO8P;6.12947e-4;0.823240;744.554878;2 out of 5
744.555491;744.555491;"PE-NMe2(16:0/18:1(9Z))";[M-H];C41H80NO8P;6.12947e-4;0.823240;744.554878;2 out of 5
744.555491;744.555491;"PE(18:0/18:1(9Z))";[M-H];C41H80NO8P;6.12462e-4;0.822588;744.554879;2 out of 5
744.555491;744.555491;"PE(18:1(9Z)/18:0)";[M-H];C41H80NO8P;6.12462e-4;0.822588;744.554879;2 out of 5
744.555491;744.555491;"PE-NMe(15:0/20:1(11Z))";[M-H];C41H80NO8P;6.12462e-4;0.822588;744.554879;2 out of 5
744.555491;744.555491;"PE-NMe(20:1(11Z)/15:0)";[M-H];C41H80NO8P;6.12462e-4;0.822588;744.554879;2 out of 5
744.555491;744.555491;"PE-NMe2(14:0/20:1(11Z))";[M-H];C41H80NO8P;6.12462e-4;0.822588;744.554879;2 out of 5
744.555491;744.555491;"PE-NMe2(14:1(9Z)/20:0)";[M-H];C41H80NO8P;6.12462e-4;0.822588;744.554879;2 out of 5
744.555491;744.555491;"PE-NMe2(16:0/18:1(11Z))";[M-H];C41H80NO8P;6.12462e-4;0.822588;744.554879;2 out of 5
744.555491;744.555491;"PE-NMe2(16:1(9Z)/18:0)";[M-H];C41H80NO8P;6.12462e-4;0.822588;744.554879;2 out of 5
744.555491;744.555491;"PE-NMe2(18:0/16:1(9Z))";[M-H];C41H80NO8P;6.12462e-4;0.822588;744.554879;2 out of 5
744.555491;744.555491;"PE-NMe2(18:1(11Z)/16:0)";[M-H];C41H80NO8P;6.12462e-4;0.822588;744.554879;2 out of 5
744.555491;744.555491;"PE-NMe2(18:1(9Z)/16:0)";[M-H];C41H80NO8P;6.12462e-4;0.822588;744.554879;2 out of 5
744.555491;744.555491;"PE-NMe2(20:0/14:1(9Z))";[M-H];C41H80NO8P;6.12462e-4;0.822588;744.554879;2 out of 5
744.555491;744.555491;"PE-NMe2(20:1(11Z)/14:0)";[M-H];C41H80NO8P;6.12462e-4;0.822588;744.554879;2 out of 5
744.555491;744.555491;"PC(16:1(9Z)/17:0)";[M-H];C41H80NO8P;6.12462e-4;0.822588;744.554879;2 out of 5
744.555491;744.555491;Stearoyl-oleoyl-phosphatidyl ethanolamine;[M-H];C41H80NO8P;6.12462e-4;0.822588;744.554879;2 out of 5
748.138089;748.138089;Fura-2 acetoxymethyl;[M+Cl];C32H31N3O16;-1.74393e-3;-2.331021;748.139833;1 out of 5
751.127978;751.127978;ent-Epicatechin-(4alpha-&gt;8)-ent-epicatechin 3-gallate;[M+Na-H2];C37H30O16;-7.39120e-5;-0.098401;751.128052;3 out of 5
751.127978;751.127978;ent-Epicatechin-(4alpha-&gt;8)-ent-epicatechin 3'-gallate;[M+Na-H2];C37H30O16;-7.39120e-5;-0.098401;751.128052;3 out of 5
751.127978;751.127978;Epicatechin-(4beta-&gt;6)-catechin 3-gallate;[M+Na-H2];C37H30O16;-7.39120e-5;-0.098401;751.128052;3 out of 5
751.127978;751.127978;Procyanidin B2 3-gallate;[M+Na-H2];C37H30O16;-7.39120e-5;-0.098401;751.128052;3 out of 5
751.127978;751.127978;Catechin-(4alpha-&gt;8)-epicatechin 3'-gallate;[M+Na-H2];C37H30O16;-7.39120e-5;-0.098401;751.128052;3 out of 5
751.127978;751.127978;Epicatechin-(4beta-&gt;8)-catechin 3-gallate;[M+Na-H2];C37H30O16;-7.39120e-5;-0.098401;751.128052;3 out of 5
751.127978;751.127978;Epicatechin-(4beta-&gt;8)-epicatechin 3'-gallate;[M+Na-H2];C37H30O16;-7.39120e-5;-0.098401;751.128052;3 out of 5
751.140269;751.140269;Scleroglucan;[M+K-H2];C24H44O20P2;1.54713e-3;2.059710;751.138722;2 out of 5
753.125827;753.125827;Salvianolic acid B;[M+Cl];C36H30O16;3.04111e-3;4.038006;753.122786;1 out of 5
753.125827;753.125827;Fukugiside;[M+Cl];C36H30O16;3.04111e-3;4.038006;753.122786;1 out of 5
753.125827;753.125827;Salvianolic acid L;[M+Cl];C36H30O16;3.04109e-3;4.037971;753.122786;1 out of 5
759.473287;759.473287;"PA(16:0/22:4(7Z,10Z,13Z,16Z))";[M+Cl];C41H73O8P;-4.20309e-4;-0.553421;759.473707;1 out of 5
759.473287;759.473287;"PA(18:0/20:4(5Z,8Z,11Z,14Z))";[M+Cl];C41H73O8P;-4.20309e-4;-0.553421;759.473707;1 out of 5
759.473287;759.473287;"PA(18:0/20:4(8Z,11Z,14Z,17Z))";[M+Cl];C41H73O8P;-4.20309e-4;-0.553421;759.473707;1 out of 5
759.473287;759.473287;"PA(18:1(11Z)/20:3(5Z,8Z,11Z))";[M+Cl];C41H73O8P;-4.20309e-4;-0.553421;759.473707;1 out of 5
759.473287;759.473287;"PA(18:1(9Z)/20:3(5Z,8Z,11Z))";[M+Cl];C41H73O8P;-4.20309e-4;-0.553421;759.473707;1 out of 5
759.473287;759.473287;"PA(18:3(6Z,9Z,12Z)/20:1(11Z))";[M+Cl];C41H73O8P;-4.20309e-4;-0.553421;759.473707;1 out of 5
759.473287;759.473287;"PA(18:3(9Z,12Z,15Z)/20:1(11Z))";[M+Cl];C41H73O8P;-4.20309e-4;-0.553421;759.473707;1 out of 5
759.473287;759.473287;"PA(18:4(6Z,9Z,12Z,15Z)/20:0)";[M+Cl];C41H73O8P;-4.20309e-4;-0.553421;759.473707;1 out of 5
759.473287;759.473287;"PA(20:0/18:4(6Z,9Z,12Z,15Z))";[M+Cl];C41H73O8P;-4.20309e-4;-0.553421;759.473707;1 out of 5
759.473287;759.473287;"PA(20:1(11Z)/18:3(6Z,9Z,12Z))";[M+Cl];C41H73O8P;-4.20309e-4;-0.553421;759.473707;1 out of 5
759.473287;759.473287;"PA(20:1(11Z)/18:3(9Z,12Z,15Z))";[M+Cl];C41H73O8P;-4.20309e-4;-0.553421;759.473707;1 out of 5
759.473287;759.473287;"PA(20:3(5Z,8Z,11Z)/18:1(11Z))";[M+Cl];C41H73O8P;-4.20309e-4;-0.553421;759.473707;1 out of 5
759.473287;759.473287;"PA(20:3(5Z,8Z,11Z)/18:1(9Z))";[M+Cl];C41H73O8P;-4.20309e-4;-0.553421;759.473707;1 out of 5
759.473287;759.473287;"PA(20:4(5Z,8Z,11Z,14Z)/18:0)";[M+Cl];C41H73O8P;-4.20309e-4;-0.553421;759.473707;1 out of 5
759.473287;759.473287;"PA(20:4(8Z,11Z,14Z,17Z)/18:0)";[M+Cl];C41H73O8P;-4.20309e-4;-0.553421;759.473707;1 out of 5
759.473287;759.473287;"PA(22:4(7Z,10Z,13Z,16Z)/16:0)";[M+Cl];C41H73O8P;-4.20309e-4;-0.553421;759.473707;1 out of 5
759.473287;759.473287;"PA(20:2(11Z,14Z)/18:2(9Z,12Z))";[M+Cl];C41H73O8P;-4.20309e-4;-0.553421;759.473707;1 out of 5
759.473287;759.473287;"PA(18:1(11Z)/20:3(8Z,11Z,14Z))";[M+Cl];C41H73O8P;-4.20309e-4;-0.553421;759.473707;1 out of 5
759.473287;759.473287;"PA(18:1(9Z)/20:3(8Z,11Z,14Z))";[M+Cl];C41H73O8P;-4.20309e-4;-0.553421;759.473707;1 out of 5
759.473287;759.473287;"PA(18:2(9Z,12Z)/20:2(11Z,14Z))";[M+Cl];C41H73O8P;-4.20309e-4;-0.553421;759.473707;1 out of 5
759.473287;759.473287;"PA(20:3(8Z,11Z,14Z)/18:1(11Z))";[M+Cl];C41H73O8P;-4.20309e-4;-0.553421;759.473707;1 out of 5
759.473287;759.473287;"PA(20:3(8Z,11Z,14Z)/18:1(9Z))";[M+Cl];C41H73O8P;-4.20309e-4;-0.553421;759.473707;1 out of 5
759.473287;759.473287;"Cer(d18:0/LTE4)";[M+K-H2];C41H74N2O6S;-2.07729e-3;-2.735158;759.475364;1 out of 5
764.394384;764.394384;"PS(14:1(9Z)/18:3(9Z,12Z,15Z))";[M+K-H2];C38H66NO10P;3.34515e-3;4.376230;764.391039;1 out of 5
764.394384;764.394384;"PS(18:3(9Z,12Z,15Z)/14:1(9Z))";[M+K-H2];C38H66NO10P;3.34515e-3;4.376230;764.391039;1 out of 5
764.394384;764.394384;"PS(14:0/18:4(6Z,9Z,12Z,15Z))";[M+K-H2];C38H66NO10P;3.34467e-3;4.375605;764.391039;1 out of 5
764.394384;764.394384;"PS(14:1(9Z)/18:3(6Z,9Z,12Z))";[M+K-H2];C38H66NO10P;3.34467e-3;4.375605;764.391039;1 out of 5
764.394384;764.394384;"PS(18:3(6Z,9Z,12Z)/14:1(9Z))";[M+K-H2];C38H66NO10P;3.34467e-3;4.375605;764.391039;1 out of 5
764.394384;764.394384;"PS(18:4(6Z,9Z,12Z,15Z)/14:0)";[M+K-H2];C38H66NO10P;3.34467e-3;4.375605;764.391039;1 out of 5
764.394384;764.394384;Biomer;[M-H];C45H55N3O8;2.74526e-3;3.591427;764.391639;1 out of 5
764.394384;764.394384;"3,9,15-Tribenzyl-4,10,16-trimethyl-6,12,18-tri(propan-2-yl)-1,7,13-trioxa-4,10,16-triazacyclooctadecane-2,5,8,11,14,17-hexone";[M-H2O-H];C45H57N3O9;2.74457e-3;3.590532;764.391639;1 out of 5
766.109117;766.109117;Coenzyme A;[M-H];C21H36N7O16P3S;1.18564e-3;1.547608;766.107931;1 out of 5
766.198628;766.198628;Folcepri;[M+Na-H2];C29H35N11O11S;1.38835e-4;0.181200;766.198489;1 out of 5
766.539567;766.539567;"PC(15:0/18:1(11Z))";[M+Na-H2];C41H80NO8P;2.74495e-3;3.580972;766.536822;2 out of 5
766.539567;766.539567;"PC(15:0/18:1(9Z))";[M+Na-H2];C41H80NO8P;2.74495e-3;3.580972;766.536822;2 out of 5
766.539567;766.539567;"PC(18:1(11Z)/15:0)";[M+Na-H2];C41H80NO8P;2.74495e-3;3.580972;766.536822;2 out of 5
766.539567;766.539567;"PC(18:1(9Z)/15:0)";[M+Na-H2];C41H80NO8P;2.74495e-3;3.580972;766.536822;2 out of 5
766.539567;766.539567;"PE(14:0/22:1(13Z))";[M+Na-H2];C41H80NO8P;2.74495e-3;3.580972;766.536822;2 out of 5
766.539567;766.539567;"PE(14:1(9Z)/22:0)";[M+Na-H2];C41H80NO8P;2.74495e-3;3.580972;766.536822;2 out of 5
766.539567;766.539567;"PE(16:0/20:1(11Z))";[M+Na-H2];C41H80NO8P;2.74495e-3;3.580972;766.536822;2 out of 5
766.539567;766.539567;"PE(16:1(9Z)/20:0)";[M+Na-H2];C41H80NO8P;2.74495e-3;3.580972;766.536822;2 out of 5
766.539567;766.539567;"PE(18:0/18:1(11Z))";[M+Na-H2];C41H80NO8P;2.74495e-3;3.580972;766.536822;2 out of 5
766.539567;766.539567;"PE(18:1(11Z)/18:0)";[M+Na-H2];C41H80NO8P;2.74495e-3;3.580972;766.536822;2 out of 5
766.539567;766.539567;"PE(20:0/16:1(9Z))";[M+Na-H2];C41H80NO8P;2.74495e-3;3.580972;766.536822;2 out of 5
766.539567;766.539567;"PE(20:1(11Z)/16:0)";[M+Na-H2];C41H80NO8P;2.74495e-3;3.580972;766.536822;2 out of 5
766.539567;766.539567;"PE(22:0/14:1(9Z))";[M+Na-H2];C41H80NO8P;2.74495e-3;3.580972;766.536822;2 out of 5
766.539567;766.539567;"PE(22:1(13Z)/14:0)";[M+Na-H2];C41H80NO8P;2.74495e-3;3.580972;766.536822;2 out of 5
766.539567;766.539567;"PE-NMe2(16:0/18:1(9Z))";[M+Na-H2];C41H80NO8P;2.74495e-3;3.580972;766.536822;2 out of 5
766.539567;766.539567;"PE(18:0/18:1(9Z))";[M+Na-H2];C41H80NO8P;2.74446e-3;3.580339;766.536823;2 out of 5
766.539567;766.539567;"PE(18:1(9Z)/18:0)";[M+Na-H2];C41H80NO8P;2.74446e-3;3.580339;766.536823;2 out of 5
766.539567;766.539567;"PE-NMe(15:0/20:1(11Z))";[M+Na-H2];C41H80NO8P;2.74446e-3;3.580339;766.536823;2 out of 5
766.539567;766.539567;"PE-NMe(20:1(11Z)/15:0)";[M+Na-H2];C41H80NO8P;2.74446e-3;3.580339;766.536823;2 out of 5
766.539567;766.539567;"PE-NMe2(14:0/20:1(11Z))";[M+Na-H2];C41H80NO8P;2.74446e-3;3.580339;766.536823;2 out of 5
766.539567;766.539567;"PE-NMe2(14:1(9Z)/20:0)";[M+Na-H2];C41H80NO8P;2.74446e-3;3.580339;766.536823;2 out of 5
766.539567;766.539567;"PE-NMe2(16:0/18:1(11Z))";[M+Na-H2];C41H80NO8P;2.74446e-3;3.580339;766.536823;2 out of 5
766.539567;766.539567;"PE-NMe2(16:1(9Z)/18:0)";[M+Na-H2];C41H80NO8P;2.74446e-3;3.580339;766.536823;2 out of 5
766.539567;766.539567;"PE-NMe2(18:0/16:1(9Z))";[M+Na-H2];C41H80NO8P;2.74446e-3;3.580339;766.536823;2 out of 5
766.539567;766.539567;"PE-NMe2(18:1(11Z)/16:0)";[M+Na-H2];C41H80NO8P;2.74446e-3;3.580339;766.536823;2 out of 5
766.539567;766.539567;"PE-NMe2(18:1(9Z)/16:0)";[M+Na-H2];C41H80NO8P;2.74446e-3;3.580339;766.536823;2 out of 5
766.539567;766.539567;"PE-NMe2(20:0/14:1(9Z))";[M+Na-H2];C41H80NO8P;2.74446e-3;3.580339;766.536823;2 out of 5
766.539567;766.539567;"PE-NMe2(20:1(11Z)/14:0)";[M+Na-H2];C41H80NO8P;2.74446e-3;3.580339;766.536823;2 out of 5
766.539567;766.539567;"PC(16:1(9Z)/17:0)";[M+Na-H2];C41H80NO8P;2.74446e-3;3.580339;766.536823;2 out of 5
766.539567;766.539567;Stearoyl-oleoyl-phosphatidyl ethanolamine;[M+Na-H2];C41H80NO8P;2.74446e-3;3.580339;766.536823;2 out of 5
766.539567;766.539567;"PC(15:0/20:4(5Z,8Z,11Z,14Z))";[M-H];C43H78NO8P;3.39011e-4;0.442262;766.539228;1 out of 5
766.539567;766.539567;"PC(15:0/20:4(8Z,11Z,14Z,17Z))";[M-H];C43H78NO8P;3.39011e-4;0.442262;766.539228;1 out of 5
766.539567;766.539567;"PC(20:4(5Z,8Z,11Z,14Z)/15:0)";[M-H];C43H78NO8P;3.39011e-4;0.442262;766.539228;1 out of 5
766.539567;766.539567;"PC(20:4(8Z,11Z,14Z,17Z)/15:0)";[M-H];C43H78NO8P;3.39011e-4;0.442262;766.539228;1 out of 5
766.539567;766.539567;"PE(16:0/22:4(7Z,10Z,13Z,16Z))";[M-H];C43H78NO8P;3.39011e-4;0.442262;766.539228;1 out of 5
766.539567;766.539567;"PE(16:1(9Z)/20:3(8Z,11Z,14Z))";[M-H];C43H78NO8P;3.39011e-4;0.442262;766.539228;1 out of 5
766.539567;766.539567;"PE(18:0/20:4(5Z,8Z,11Z,14Z))";[M-H];C43H78NO8P;3.39011e-4;0.442262;766.539228;1 out of 5
766.539567;766.539567;"PE(18:0/20:4(8Z,11Z,14Z,17Z))";[M-H];C43H78NO8P;3.39011e-4;0.442262;766.539228;1 out of 5
766.539567;766.539567;"PE(18:1(11Z)/20:3(5Z,8Z,11Z))";[M-H];C43H78NO8P;3.39011e-4;0.442262;766.539228;1 out of 5
766.539567;766.539567;"PE(18:1(11Z)/20:3(8Z,11Z,14Z))";[M-H];C43H78NO8P;3.39011e-4;0.442262;766.539228;1 out of 5
766.539567;766.539567;"PE(18:1(9Z)/20:3(5Z,8Z,11Z))";[M-H];C43H78NO8P;3.39011e-4;0.442262;766.539228;1 out of 5
766.539567;766.539567;"PE(18:1(9Z)/20:3(8Z,11Z,14Z))";[M-H];C43H78NO8P;3.39011e-4;0.442262;766.539228;1 out of 5
766.539567;766.539567;"PE(18:2(9Z,12Z)/20:2(11Z,14Z))";[M-H];C43H78NO8P;3.39011e-4;0.442262;766.539228;1 out of 5
766.539567;766.539567;"PE(18:3(6Z,9Z,12Z)/20:1(11Z))";[M-H];C43H78NO8P;3.39011e-4;0.442262;766.539228;1 out of 5
766.539567;766.539567;"PE(18:3(9Z,12Z,15Z)/20:1(11Z))";[M-H];C43H78NO8P;3.39011e-4;0.442262;766.539228;1 out of 5
766.539567;766.539567;"PE(18:4(6Z,9Z,12Z,15Z)/20:0)";[M-H];C43H78NO8P;3.39011e-4;0.442262;766.539228;1 out of 5
766.539567;766.539567;"PE(20:0/18:4(6Z,9Z,12Z,15Z))";[M-H];C43H78NO8P;3.39011e-4;0.442262;766.539228;1 out of 5
766.539567;766.539567;"PE(20:1(11Z)/18:3(6Z,9Z,12Z))";[M-H];C43H78NO8P;3.39011e-4;0.442262;766.539228;1 out of 5
766.539567;766.539567;"PE(20:1(11Z)/18:3(9Z,12Z,15Z))";[M-H];C43H78NO8P;3.39011e-4;0.442262;766.539228;1 out of 5
766.539567;766.539567;"PE(20:2(11Z,14Z)/18:2(9Z,12Z))";[M-H];C43H78NO8P;3.39011e-4;0.442262;766.539228;1 out of 5
766.539567;766.539567;"PE(20:3(5Z,8Z,11Z)/18:1(11Z))";[M-H];C43H78NO8P;3.39011e-4;0.442262;766.539228;1 out of 5
766.539567;766.539567;"PE(20:3(5Z,8Z,11Z)/18:1(9Z))";[M-H];C43H78NO8P;3.39011e-4;0.442262;766.539228;1 out of 5
766.539567;766.539567;"PE(20:3(8Z,11Z,14Z)/18:1(11Z))";[M-H];C43H78NO8P;3.39011e-4;0.442262;766.539228;1 out of 5
766.539567;766.539567;"PE(20:3(8Z,11Z,14Z)/18:1(9Z))";[M-H];C43H78NO8P;3.39011e-4;0.442262;766.539228;1 out of 5
766.539567;766.539567;"PE(20:4(5Z,8Z,11Z,14Z)/18:0)";[M-H];C43H78NO8P;3.39011e-4;0.442262;766.539228;1 out of 5
766.539567;766.539567;"PE(20:4(8Z,11Z,14Z,17Z)/18:0)";[M-H];C43H78NO8P;3.39011e-4;0.442262;766.539228;1 out of 5
766.539567;766.539567;"PE(22:4(7Z,10Z,13Z,16Z)/16:0)";[M-H];C43H78NO8P;3.39011e-4;0.442262;766.539228;1 out of 5
766.539567;766.539567;"PE-NMe(15:0/22:4(7Z,10Z,13Z,16Z))";[M-H];C43H78NO8P;3.38526e-4;0.441629;766.539228;1 out of 5
766.539567;766.539567;"PE-NMe(22:4(7Z,10Z,13Z,16Z)/15:0)";[M-H];C43H78NO8P;3.38526e-4;0.441629;766.539228;1 out of 5
766.539567;766.539567;"PE-NMe2(14:0/22:4(7Z,10Z,13Z,16Z))";[M-H];C43H78NO8P;3.38526e-4;0.441629;766.539228;1 out of 5
766.539567;766.539567;"PE-NMe2(16:0/20:4(5Z,8Z,11Z,14Z))";[M-H];C43H78NO8P;3.38526e-4;0.441629;766.539228;1 out of 5
766.539567;766.539567;"PE-NMe2(16:1(9Z)/20:3(5Z,8Z,11Z))";[M-H];C43H78NO8P;3.38526e-4;0.441629;766.539228;1 out of 5
766.539567;766.539567;"PE-NMe2(16:1(9Z)/20:3(8Z,11Z,14Z))";[M-H];C43H78NO8P;3.38526e-4;0.441629;766.539228;1 out of 5
766.539567;766.539567;"PE-NMe2(18:0/18:4(6Z,9Z,12Z,15Z))";[M-H];C43H78NO8P;3.38526e-4;0.441629;766.539228;1 out of 5
766.539567;766.539567;"PE-NMe2(18:1(11Z)/18:3(6Z,9Z,12Z))";[M-H];C43H78NO8P;3.38526e-4;0.441629;766.539228;1 out of 5
766.539567;766.539567;"PE-NMe2(18:1(11Z)/18:3(9Z,12Z,15Z))";[M-H];C43H78NO8P;3.38526e-4;0.441629;766.539228;1 out of 5
766.539567;766.539567;"PE-NMe2(18:1(9Z)/18:3(6Z,9Z,12Z))";[M-H];C43H78NO8P;3.38526e-4;0.441629;766.539228;1 out of 5
766.539567;766.539567;"PE-NMe2(18:1(9Z)/18:3(9Z,12Z,15Z))";[M-H];C43H78NO8P;3.38526e-4;0.441629;766.539228;1 out of 5
766.539567;766.539567;"PE-NMe2(18:2(9Z,12Z)/18:2(9Z,12Z))";[M-H];C43H78NO8P;3.38526e-4;0.441629;766.539228;1 out of 5
766.539567;766.539567;"PE-NMe2(18:3(6Z,9Z,12Z)/18:1(11Z))";[M-H];C43H78NO8P;3.38526e-4;0.441629;766.539228;1 out of 5
766.539567;766.539567;"PE-NMe2(18:3(6Z,9Z,12Z)/18:1(9Z))";[M-H];C43H78NO8P;3.38526e-4;0.441629;766.539228;1 out of 5
766.539567;766.539567;"PE-NMe2(18:3(9Z,12Z,15Z)/18:1(11Z))";[M-H];C43H78NO8P;3.38526e-4;0.441629;766.539228;1 out of 5
766.539567;766.539567;"PE-NMe2(18:3(9Z,12Z,15Z)/18:1(9Z))";[M-H];C43H78NO8P;3.38526e-4;0.441629;766.539228;1 out of 5
766.539567;766.539567;"PE-NMe2(18:4(6Z,9Z,12Z,15Z)/18:0)";[M-H];C43H78NO8P;3.38526e-4;0.441629;766.539228;1 out of 5
766.539567;766.539567;"PE-NMe2(20:3(5Z,8Z,11Z)/16:1(9Z))";[M-H];C43H78NO8P;3.38526e-4;0.441629;766.539228;1 out of 5
766.539567;766.539567;"PE-NMe2(20:3(8Z,11Z,14Z)/16:1(9Z))";[M-H];C43H78NO8P;3.38526e-4;0.441629;766.539228;1 out of 5
766.539567;766.539567;"PE-NMe2(20:4(5Z,8Z,11Z,14Z)/16:0)";[M-H];C43H78NO8P;3.38526e-4;0.441629;766.539228;1 out of 5
766.539567;766.539567;"PE-NMe2(20:4(8Z,11Z,14Z,17Z)/16:0)";[M-H];C43H78NO8P;3.38526e-4;0.441629;766.539228;1 out of 5
766.539567;766.539567;"PE-NMe2(22:4(7Z,10Z,13Z,16Z)/14:0)";[M-H];C43H78NO8P;3.38526e-4;0.441629;766.539228;1 out of 5
766.539567;766.539567;"PE-NMe2(16:0/20:4(8Z,11Z,14Z,17Z))";[M-H];C43H78NO8P;3.38526e-4;0.441629;766.539228;1 out of 5
766.539567;766.539567;"PE(P-18:0/20:3(5Z,8Z,11Z)-O(14R,15S))";[M-H];C43H78NO8P;3.38526e-4;0.441629;766.539228;1 out of 5
766.539567;766.539567;"PE(20:3(5Z,8Z,11Z)-O(14R,15S)/P-18:0)";[M-H];C43H78NO8P;3.38526e-4;0.441629;766.539228;1 out of 5
766.539567;766.539567;"PE(P-18:0/20:3(5Z,8Z,14Z)-O(11S,12R))";[M-H];C43H78NO8P;3.38526e-4;0.441629;766.539228;1 out of 5
766.539567;766.539567;"PE(20:3(5Z,8Z,14Z)-O(11S,12R)/P-18:0)";[M-H];C43H78NO8P;3.38526e-4;0.441629;766.539228;1 out of 5
766.539567;766.539567;"PE(P-18:0/20:3(5Z,11Z,14Z)-O(8,9))";[M-H];C43H78NO8P;3.38526e-4;0.441629;766.539228;1 out of 5
766.539567;766.539567;"PE(20:3(5Z,11Z,14Z)-O(8,9)/P-18:0)";[M-H];C43H78NO8P;3.38526e-4;0.441629;766.539228;1 out of 5
766.539567;766.539567;"PE(P-18:0/20:3(8Z,11Z,14Z)-O(5,6))";[M-H];C43H78NO8P;3.38526e-4;0.441629;766.539228;1 out of 5
766.539567;766.539567;"PE(20:3(8Z,11Z,14Z)-O(5,6)/P-18:0)";[M-H];C43H78NO8P;3.38526e-4;0.441629;766.539228;1 out of 5
766.539567;766.539567;"PE(P-18:0/20:4(5Z,8Z,11Z,14Z)-OH(20))";[M-H];C43H78NO8P;3.38526e-4;0.441629;766.539228;1 out of 5
766.539567;766.539567;"PE(20:4(5Z,8Z,11Z,14Z)-OH(20)/P-18:0)";[M-H];C43H78NO8P;3.38526e-4;0.441629;766.539228;1 out of 5
766.539567;766.539567;"PE(P-18:0/20:4(6E,8Z,11Z,14Z)-OH(5S))";[M-H];C43H78NO8P;3.38526e-4;0.441629;766.539228;1 out of 5
766.539567;766.539567;"PE(20:4(6E,8Z,11Z,14Z)-OH(5S)/P-18:0)";[M-H];C43H78NO8P;3.38526e-4;0.441629;766.539228;1 out of 5
766.539567;766.539567;"PE(P-18:0/20:4(5Z,8Z,11Z,14Z)-OH(19S))";[M-H];C43H78NO8P;3.38526e-4;0.441629;766.539228;1 out of 5
766.539567;766.539567;"PE(20:4(5Z,8Z,11Z,14Z)-OH(19S)/P-18:0)";[M-H];C43H78NO8P;3.38526e-4;0.441629;766.539228;1 out of 5
766.539567;766.539567;"PE(P-18:0/20:4(5Z,8Z,11Z,14Z)-OH(18R))";[M-H];C43H78NO8P;3.38526e-4;0.441629;766.539228;1 out of 5
766.539567;766.539567;"PE(20:4(5Z,8Z,11Z,14Z)-OH(18R)/P-18:0)";[M-H];C43H78NO8P;3.38526e-4;0.441629;766.539228;1 out of 5
766.539567;766.539567;"PE(P-18:0/20:4(5Z,8Z,11Z,14Z)-OH(17))";[M-H];C43H78NO8P;3.38526e-4;0.441629;766.539228;1 out of 5
766.539567;766.539567;"PE(20:4(5Z,8Z,11Z,14Z)-OH(17)/P-18:0)";[M-H];C43H78NO8P;3.38526e-4;0.441629;766.539228;1 out of 5
766.539567;766.539567;"PE(P-18:0/20:4(5Z,8Z,11Z,14Z)-OH(16R))";[M-H];C43H78NO8P;3.38526e-4;0.441629;766.539228;1 out of 5
766.539567;766.539567;"PE(20:4(5Z,8Z,11Z,14Z)-OH(16R)/P-18:0)";[M-H];C43H78NO8P;3.38526e-4;0.441629;766.539228;1 out of 5
766.539567;766.539567;"PE(P-18:0/20:4(5Z,8Z,11Z,13E)-OH(15S))";[M-H];C43H78NO8P;3.38526e-4;0.441629;766.539228;1 out of 5
766.539567;766.539567;"PE(20:4(5Z,8Z,11Z,13E)-OH(15S)/P-18:0)";[M-H];C43H78NO8P;3.38526e-4;0.441629;766.539228;1 out of 5
766.539567;766.539567;"PE(P-18:0/20:4(5Z,8Z,10E,14Z)-OH(12S))";[M-H];C43H78NO8P;3.38526e-4;0.441629;766.539228;1 out of 5
766.539567;766.539567;"PE(20:4(5Z,8Z,10E,14Z)-OH(12S)/P-18:0)";[M-H];C43H78NO8P;3.38526e-4;0.441629;766.539228;1 out of 5
766.539567;766.539567;"PE(P-18:0/20:4(5E,8Z,12Z,14Z)-OH(11R))";[M-H];C43H78NO8P;3.38526e-4;0.441629;766.539228;1 out of 5
766.539567;766.539567;"PE(20:4(5E,8Z,12Z,14Z)-OH(11R)/P-18:0)";[M-H];C43H78NO8P;3.38526e-4;0.441629;766.539228;1 out of 5
766.539567;766.539567;"PE(P-18:0/20:4(5Z,7E,11Z,14Z)-OH(9))";[M-H];C43H78NO8P;3.38526e-4;0.441629;766.539228;1 out of 5
766.539567;766.539567;"PE(20:4(5Z,7E,11Z,14Z)-OH(9)/P-18:0)";[M-H];C43H78NO8P;3.38526e-4;0.441629;766.539228;1 out of 5
766.539567;766.539567;"PE(P-18:1(11Z)/20:3(6,8,11)-OH(5))";[M-H];C43H78NO8P;3.38526e-4;0.441629;766.539228;1 out of 5
766.539567;766.539567;"PE(20:3(6,8,11)-OH(5)/P-18:1(11Z))";[M-H];C43H78NO8P;3.38526e-4;0.441629;766.539228;1 out of 5
766.539567;766.539567;"PE(P-18:1(9Z)/20:3(6,8,11)-OH(5))";[M-H];C43H78NO8P;3.38526e-4;0.441629;766.539228;1 out of 5
766.539567;766.539567;"PE(20:3(6,8,11)-OH(5)/P-18:1(9Z))";[M-H];C43H78NO8P;3.38526e-4;0.441629;766.539228;1 out of 5
766.539567;766.539567;"PE(18:0/20:3(6,8,11)-OH(5))";[M-H2O-H];C43H80NO9P;3.37842e-4;0.440737;766.539229;1 out of 5
766.539567;766.539567;"PE(20:3(6,8,11)-OH(5)/18:0)";[M-H2O-H];C43H80NO9P;3.37842e-4;0.440737;766.539229;1 out of 5
766.539567;766.539567;"PE(20:0/18:2(10E,12Z)+=O(9))";[M-H2O-H];C43H80NO9P;3.37842e-4;0.440737;766.539229;1 out of 5
766.539567;766.539567;"PE(18:2(10E,12Z)+=O(9)/20:0)";[M-H2O-H];C43H80NO9P;3.37842e-4;0.440737;766.539229;1 out of 5
766.539567;766.539567;"PE(20:0/18:2(9Z,11E)+=O(13))";[M-H2O-H];C43H80NO9P;3.37842e-4;0.440737;766.539229;1 out of 5
766.539567;766.539567;"PE(18:2(9Z,11E)+=O(13)/20:0)";[M-H2O-H];C43H80NO9P;3.37842e-4;0.440737;766.539229;1 out of 5
766.539567;766.539567;"PE(20:0/18:3(10,12,15)-OH(9))";[M-H2O-H];C43H80NO9P;3.37842e-4;0.440737;766.539229;1 out of 5
766.539567;766.539567;"PE(18:3(10,12,15)-OH(9)/20:0)";[M-H2O-H];C43H80NO9P;3.37842e-4;0.440737;766.539229;1 out of 5
766.539567;766.539567;"PE(20:0/18:3(9,11,15)-OH(13))";[M-H2O-H];C43H80NO9P;3.37842e-4;0.440737;766.539229;1 out of 5
766.539567;766.539567;"PE(18:3(9,11,15)-OH(13)/20:0)";[M-H2O-H];C43H80NO9P;3.37842e-4;0.440737;766.539229;1 out of 5
766.539567;766.539567;"PE(20:1(11Z)/18:1(12Z)-O(9S,10R))";[M-H2O-H];C43H80NO9P;3.37842e-4;0.440737;766.539229;1 out of 5
766.539567;766.539567;"PE(18:1(12Z)-O(9S,10R)/20:1(11Z))";[M-H2O-H];C43H80NO9P;3.37842e-4;0.440737;766.539229;1 out of 5
766.539567;766.539567;"PE(20:1(11Z)/18:1(9Z)-O(12,13))";[M-H2O-H];C43H80NO9P;3.37842e-4;0.440737;766.539229;1 out of 5
766.539567;766.539567;"PE(18:1(9Z)-O(12,13)/20:1(11Z))";[M-H2O-H];C43H80NO9P;3.37842e-4;0.440737;766.539229;1 out of 5
766.539567;766.539567;"PE(P-18:0/20:3(8Z,11Z,14Z)-2OH(5,6))";[M-H2O-H];C43H80NO9P;3.37842e-4;0.440737;766.539229;1 out of 5
766.539567;766.539567;"PE(20:3(8Z,11Z,14Z)-2OH(5,6)/P-18:0)";[M-H2O-H];C43H80NO9P;3.37842e-4;0.440737;766.539229;1 out of 5
766.539567;766.539567;"PC(15:0/20:3(6,8,11)-OH(5))";[M-H2O-H];C43H80NO9P;3.37842e-4;0.440737;766.539229;1 out of 5
766.539567;766.539567;"PC(20:3(6,8,11)-OH(5)/15:0)";[M-H2O-H];C43H80NO9P;3.37842e-4;0.440737;766.539229;1 out of 5
766.539567;766.539567;"PC(17:0/18:2(10E,12Z)+=O(9))";[M-H2O-H];C43H80NO9P;3.37842e-4;0.440737;766.539229;1 out of 5
766.539567;766.539567;"PC(18:2(10E,12Z)+=O(9)/17:0)";[M-H2O-H];C43H80NO9P;3.37842e-4;0.440737;766.539229;1 out of 5
766.539567;766.539567;"PC(17:0/18:2(9Z,11E)+=O(13))";[M-H2O-H];C43H80NO9P;3.37842e-4;0.440737;766.539229;1 out of 5
766.539567;766.539567;"PC(18:2(9Z,11E)+=O(13)/17:0)";[M-H2O-H];C43H80NO9P;3.37842e-4;0.440737;766.539229;1 out of 5
766.539567;766.539567;"PC(17:0/18:3(10,12,15)-OH(9))";[M-H2O-H];C43H80NO9P;3.37842e-4;0.440737;766.539229;1 out of 5
766.539567;766.539567;"PC(18:3(10,12,15)-OH(9)/17:0)";[M-H2O-H];C43H80NO9P;3.37842e-4;0.440737;766.539229;1 out of 5
766.539567;766.539567;"PC(17:0/18:3(9,11,15)-OH(13))";[M-H2O-H];C43H80NO9P;3.37842e-4;0.440737;766.539229;1 out of 5
766.539567;766.539567;"PC(18:3(9,11,15)-OH(13)/17:0)";[M-H2O-H];C43H80NO9P;3.37842e-4;0.440737;766.539229;1 out of 5
767.103194;767.103194;ent-Epicatechin-(4alpha-&gt;8)-ent-epicatechin 3-gallate;[M+K-H2];C37H30O16;1.20409e-3;1.569658;767.101990;3 out of 5
767.103194;767.103194;ent-Epicatechin-(4alpha-&gt;8)-ent-epicatechin 3'-gallate;[M+K-H2];C37H30O16;1.20409e-3;1.569658;767.101990;3 out of 5
767.103194;767.103194;Epicatechin-(4beta-&gt;6)-catechin 3-gallate;[M+K-H2];C37H30O16;1.20409e-3;1.569658;767.101990;3 out of 5
767.103194;767.103194;Procyanidin B2 3-gallate;[M+K-H2];C37H30O16;1.20409e-3;1.569658;767.101990;3 out of 5
767.103194;767.103194;Catechin-(4alpha-&gt;8)-epicatechin 3'-gallate;[M+K-H2];C37H30O16;1.20409e-3;1.569658;767.101990;3 out of 5
767.103194;767.103194;Epicatechin-(4beta-&gt;8)-catechin 3-gallate;[M+K-H2];C37H30O16;1.20409e-3;1.569658;767.101990;3 out of 5
767.103194;767.103194;Epicatechin-(4beta-&gt;8)-epicatechin 3'-gallate;[M+K-H2];C37H30O16;1.20409e-3;1.569658;767.101990;3 out of 5
767.103194;767.103194;Oolongtheanin;[M+Cl];C36H28O17;1.14353e-3;1.490714;767.102050;1 out of 5
767.103194;767.103194;Fluo-3;[M-H];C36H30Cl2N2O13;-2.02340e-3;-2.637709;767.105217;2 out of 5
785.108490;785.108490;"Fd&amp;c blue no. 1, aluminum lake";[M+K-H2];C37H36N2O9S3;1.59217e-3;2.027966;785.106898;1 out of 5
785.108490;785.108490;C.I. Acid Green 5;[M+K-H2];C37H36N2O9S3;1.59217e-3;2.027966;785.106898;1 out of 5
786.111338;786.111338;Erioglaucine A;[M+K-H2];C37H37N2O9S3;-3.38486e-3;-4.305812;786.114723;2 out of 5
788.544434;788.544434;"PS(18:0/18:1(9Z))";[M-H];C42H80NO10P;-2.73778e-4;-0.347194;788.544708;2 out of 5
788.544434;788.544434;"PS(18:1(9Z)/18:0)";[M-H];C42H80NO10P;-2.73778e-4;-0.347194;788.544708;2 out of 5
788.544434;788.544434;"PS(14:1(9Z)/22:0)";[M-H];C42H80NO10P;-2.73778e-4;-0.347194;788.544708;2 out of 5
788.544434;788.544434;"PS(16:0/20:1(11Z))";[M-H];C42H80NO10P;-2.73778e-4;-0.347194;788.544708;2 out of 5
788.544434;788.544434;"PS(16:1(9Z)/20:0)";[M-H];C42H80NO10P;-2.73778e-4;-0.347194;788.544708;2 out of 5
788.544434;788.544434;"PS(18:0/18:1(11Z))";[M-H];C42H80NO10P;-2.73778e-4;-0.347194;788.544708;2 out of 5
788.544434;788.544434;"PS(14:0/22:1(13Z))";[M-H];C42H80NO10P;-2.73778e-4;-0.347194;788.544708;2 out of 5
788.544434;788.544434;"PS(18:1(11Z)/18:0)";[M-H];C42H80NO10P;-2.73778e-4;-0.347194;788.544708;2 out of 5
788.544434;788.544434;"PS(20:0/16:1(9Z))";[M-H];C42H80NO10P;-2.73778e-4;-0.347194;788.544708;2 out of 5
788.544434;788.544434;"PS(20:1(11Z)/16:0)";[M-H];C42H80NO10P;-2.73778e-4;-0.347194;788.544708;2 out of 5
788.544434;788.544434;"PS(22:0/14:1(9Z))";[M-H];C42H80NO10P;-2.73778e-4;-0.347194;788.544708;2 out of 5
788.544434;788.544434;"PS(22:1(13Z)/14:0)";[M-H];C42H80NO10P;-2.73778e-4;-0.347194;788.544708;2 out of 5
788.544434;788.544434;"PC(16:1(9Z)/18:1(12Z)-2OH(9,10))";[M-H];C42H80NO10P;-2.73778e-4;-0.347194;788.544708;2 out of 5
788.544434;788.544434;"PC(18:1(12Z)-2OH(9,10)/16:1(9Z))";[M-H];C42H80NO10P;-2.73778e-4;-0.347194;788.544708;2 out of 5
790.106079;790.106079;Acetyl-CoA;[M-H2O-H];C23H38N7O17P3S;-1.85305e-3;-2.345314;790.107932;1 out of 5
790.106079;790.106079;Acetyl CoA;[M-H2O-H];C23H38N7O17P3S;-1.85496e-3;-2.347730;790.107934;1 out of 5
801.081627;801.081627;Punigluconin;[M-H];C34H26O23;2.41686e-3;3.017008;801.079210;1 out of 5
801.081627;801.081627;Sanguiin H7;[M-H];C34H26O23;2.41686e-3;3.017008;801.079210;1 out of 5
801.081627;801.081627;Vitilagin;[M-H];C34H26O23;2.41686e-3;3.017008;801.079210;1 out of 5
803.079971;803.079971;Fluo-3;[M+Cl];C36H30Cl2N2O13;-1.92440e-3;-2.396269;803.081895;2 out of 5
809.355143;809.355143;Dulcoside A;[M+Na-H2];C38H60O17;-2.57449e-3;-3.180910;809.357717;1 out of 5
809.518863;809.518863;"PI(16:0/16:0)";[M-H];C41H79O13P;3.10874e-4;0.384023;809.518552;1 out of 5
809.518863;809.518863;"PC(DiMe(9,3)/DiMe(9,3))";[M-H];C44H77NO10P;-2.36920e-3;-2.926669;809.521232;1 out of 5
809.518863;809.518863;"SM(d18:2(4E,14Z)/22:6(5Z,7Z,10Z,13Z,16Z,19Z)-OH(4))";[M+Na-H2];C45H77N2O7P;-2.64382e-3;-3.265911;809.521507;1 out of 5
809.518863;809.518863;"SM(d18:2(4E,14Z)/22:6(4Z,8Z,10Z,13Z,16Z,19Z)-OH(7))";[M+Na-H2];C45H77N2O7P;-2.64382e-3;-3.265911;809.521507;1 out of 5
809.518863;809.518863;"SM(d18:2(4E,14Z)/22:6(4Z,7Z,10Z,12E,16Z,19Z)-OH(14))";[M+Na-H2];C45H77N2O7P;-2.64382e-3;-3.265911;809.521507;1 out of 5
809.518863;809.518863;"SM(d18:2(4E,14Z)/22:6(4Z,7Z,10Z,13E,15E,19Z)-OH(17))";[M+Na-H2];C45H77N2O7P;-2.64382e-3;-3.265911;809.521507;1 out of 5
809.518863;809.518863;"SM(d18:2(4E,14Z)/22:5(4Z,7Z,10Z,13Z,19Z)-O(16,17))";[M+Na-H2];C45H77N2O7P;-2.64382e-3;-3.265911;809.521507;1 out of 5
809.518863;809.518863;"SM(d16:1/PGF1alpha)";[M+Cl];C41H79N2O9P;-2.85713e-3;-3.529405;809.521720;1 out of 5
809.518863;809.518863;"SM(d18:0/5-iso PGF2VI)";[M+Cl];C41H79N2O9P;-2.85713e-3;-3.529405;809.521720;1 out of 5
810.522782;810.522782;"PE(22:5(4Z,7Z,10Z,13Z,16Z)/P-18:1(11Z))";[M+Cl];C45H78NO7P;1.79063e-3;2.209237;810.520991;1 out of 5
810.522782;810.522782;"PE(22:5(4Z,7Z,10Z,13Z,16Z)/P-18:1(9Z))";[M+Cl];C45H78NO7P;1.79063e-3;2.209237;810.520991;1 out of 5
810.522782;810.522782;"PE(22:5(7Z,10Z,13Z,16Z,19Z)/P-18:1(11Z))";[M+Cl];C45H78NO7P;1.79063e-3;2.209237;810.520991;1 out of 5
810.522782;810.522782;"PE(22:5(7Z,10Z,13Z,16Z,19Z)/P-18:1(9Z))";[M+Cl];C45H78NO7P;1.79063e-3;2.209237;810.520991;1 out of 5
810.522782;810.522782;"PE(22:6(4Z,7Z,10Z,13Z,16Z,19Z)/P-18:0)";[M+Cl];C45H78NO7P;1.79063e-3;2.209237;810.520991;1 out of 5
810.522782;810.522782;"PE(P-18:0/22:6(4Z,7Z,10Z,13Z,16Z,19Z))";[M+Cl];C45H78NO7P;1.79063e-3;2.209237;810.520991;1 out of 5
810.522782;810.522782;"PE(P-18:1(11Z)/22:5(4Z,7Z,10Z,13Z,16Z))";[M+Cl];C45H78NO7P;1.79063e-3;2.209237;810.520991;1 out of 5
810.522782;810.522782;"PE(P-18:1(11Z)/22:5(7Z,10Z,13Z,16Z,19Z))";[M+Cl];C45H78NO7P;1.79063e-3;2.209237;810.520991;1 out of 5
810.522782;810.522782;"PE(P-18:1(9Z)/22:5(4Z,7Z,10Z,13Z,16Z))";[M+Cl];C45H78NO7P;1.79063e-3;2.209237;810.520991;1 out of 5
810.522782;810.522782;"PE(P-18:1(9Z)/22:5(7Z,10Z,13Z,16Z,19Z))";[M+Cl];C45H78NO7P;1.79063e-3;2.209237;810.520991;1 out of 5
810.522782;810.522782;"PS(18:0/18:1(9Z))";[M+Na-H2];C42H80NO10P;-3.86978e-3;-4.774399;810.526652;2 out of 5
810.522782;810.522782;"PS(18:1(9Z)/18:0)";[M+Na-H2];C42H80NO10P;-3.86978e-3;-4.774399;810.526652;2 out of 5
810.522782;810.522782;"PS(14:1(9Z)/22:0)";[M+Na-H2];C42H80NO10P;-3.86978e-3;-4.774399;810.526652;2 out of 5
810.522782;810.522782;"PS(16:0/20:1(11Z))";[M+Na-H2];C42H80NO10P;-3.86978e-3;-4.774399;810.526652;2 out of 5
810.522782;810.522782;"PS(16:1(9Z)/20:0)";[M+Na-H2];C42H80NO10P;-3.86978e-3;-4.774399;810.526652;2 out of 5
810.522782;810.522782;"PS(18:0/18:1(11Z))";[M+Na-H2];C42H80NO10P;-3.86978e-3;-4.774399;810.526652;2 out of 5
810.522782;810.522782;"PS(14:0/22:1(13Z))";[M+Na-H2];C42H80NO10P;-3.86978e-3;-4.774399;810.526652;2 out of 5
810.522782;810.522782;"PS(18:1(11Z)/18:0)";[M+Na-H2];C42H80NO10P;-3.86978e-3;-4.774399;810.526652;2 out of 5
810.522782;810.522782;"PS(20:0/16:1(9Z))";[M+Na-H2];C42H80NO10P;-3.86978e-3;-4.774399;810.526652;2 out of 5
810.522782;810.522782;"PS(20:1(11Z)/16:0)";[M+Na-H2];C42H80NO10P;-3.86978e-3;-4.774399;810.526652;2 out of 5
810.522782;810.522782;"PS(22:0/14:1(9Z))";[M+Na-H2];C42H80NO10P;-3.86978e-3;-4.774399;810.526652;2 out of 5
810.522782;810.522782;"PS(22:1(13Z)/14:0)";[M+Na-H2];C42H80NO10P;-3.86978e-3;-4.774399;810.526652;2 out of 5
810.522782;810.522782;"PC(16:1(9Z)/18:1(12Z)-2OH(9,10))";[M+Na-H2];C42H80NO10P;-3.86978e-3;-4.774399;810.526652;2 out of 5
810.522782;810.522782;"PC(18:1(12Z)-2OH(9,10)/16:1(9Z))";[M+Na-H2];C42H80NO10P;-3.86978e-3;-4.774399;810.526652;2 out of 5
833.518299;833.518299;"PI(16:1(9Z)/18:1(11Z))";[M-H];C43H79O13P;-2.53126e-4;-0.303684;833.518552;1 out of 5
833.518299;833.518299;"PI(16:1(9Z)/18:1(9Z))";[M-H];C43H79O13P;-2.53126e-4;-0.303684;833.518552;1 out of 5
833.518299;833.518299;"PI(16:2(9Z,12Z)/18:0)";[M-H];C43H79O13P;-2.53126e-4;-0.303684;833.518552;1 out of 5
833.518299;833.518299;"PI(18:0/16:2(9Z,12Z))";[M-H];C43H79O13P;-2.53126e-4;-0.303684;833.518552;1 out of 5
833.518299;833.518299;"PI(18:1(11Z)/16:1(9Z))";[M-H];C43H79O13P;-2.53126e-4;-0.303684;833.518552;1 out of 5
833.518299;833.518299;"PI(18:1(9Z)/16:1(9Z))";[M-H];C43H79O13P;-2.53126e-4;-0.303684;833.518552;1 out of 5
833.518299;833.518299;"PI(18:2(9Z,12Z)/16:0)";[M-H];C43H79O13P;-2.53126e-4;-0.303684;833.518552;1 out of 5
833.518299;833.518299;"PI(16:0/18:2(9Z,12Z))";[M-H];C43H79O13P;-2.53602e-4;-0.304255;833.518553;1 out of 5
833.518299;833.518299;"PG(a-17:0/PGF2alpha)";[M-H];C43H79O13P;-2.53602e-4;-0.304255;833.518553;1 out of 5
833.518299;833.518299;"PG(PGF2alpha/a-17:0)";[M-H];C43H79O13P;-2.53602e-4;-0.304255;833.518553;1 out of 5
833.518299;833.518299;"PG(a-17:0/PGE1)";[M-H];C43H79O13P;-2.53602e-4;-0.304255;833.518553;1 out of 5
833.518299;833.518299;"PG(PGE1/a-17:0)";[M-H];C43H79O13P;-2.53602e-4;-0.304255;833.518553;1 out of 5
833.518299;833.518299;"PG(a-17:0/PGD1)";[M-H];C43H79O13P;-2.53602e-4;-0.304255;833.518553;1 out of 5
833.518299;833.518299;"PG(PGD1/a-17:0)";[M-H];C43H79O13P;-2.53602e-4;-0.304255;833.518553;1 out of 5
833.518299;833.518299;"PG(i-17:0/PGF2alpha)";[M-H];C43H79O13P;-2.53602e-4;-0.304255;833.518553;1 out of 5
833.518299;833.518299;"PG(PGF2alpha/i-17:0)";[M-H];C43H79O13P;-2.53602e-4;-0.304255;833.518553;1 out of 5
833.518299;833.518299;"PG(i-17:0/PGE1)";[M-H];C43H79O13P;-2.53602e-4;-0.304255;833.518553;1 out of 5
833.518299;833.518299;"PG(PGE1/i-17:0)";[M-H];C43H79O13P;-2.53602e-4;-0.304255;833.518553;1 out of 5
833.518299;833.518299;"PG(i-17:0/PGD1)";[M-H];C43H79O13P;-2.53602e-4;-0.304255;833.518553;1 out of 5
833.518299;833.518299;"PG(PGD1/i-17:0)";[M-H];C43H79O13P;-2.53602e-4;-0.304255;833.518553;1 out of 5
833.518299;833.518299;"PG(i-19:0/5-iso PGF2VI)";[M-H];C43H79O13P;-2.53602e-4;-0.304255;833.518553;1 out of 5
833.518299;833.518299;"PG(5-iso PGF2VI/i-19:0)";[M-H];C43H79O13P;-2.53602e-4;-0.304255;833.518553;1 out of 5
833.518299;833.518299;"SM(d19:0/PGJ2)";[M+K-H2];C44H81N2O8P;-3.36057e-3;-4.031778;833.521660;1 out of 5
833.518299;833.518299;"SM(d19:1/20:4(6Z,8E,10E,14Z)-2OH(5S,12R))";[M+K-H2];C44H81N2O8P;-3.36057e-3;-4.031778;833.521660;1 out of 5
833.518299;833.518299;"SM(d19:1/20:4(6E,8Z,11Z,13E)-2OH(5S,15S))";[M+K-H2];C44H81N2O8P;-3.36057e-3;-4.031778;833.521660;1 out of 5
833.518299;833.518299;"SM(d19:1/20:4(8Z,11Z,14Z,17Z)-2OH(5S,6R))";[M+K-H2];C44H81N2O8P;-3.36057e-3;-4.031778;833.521660;1 out of 5
833.518299;833.518299;"SM(d18:0/20:5(7Z,9Z,11E,13E,17Z)-3OH(5,6,15))";[M+Cl];C43H79N2O9P;-3.42113e-3;-4.104428;833.521720;1 out of 5
833.518299;833.518299;"SM(d18:1/PGE2)";[M+Cl];C43H79N2O9P;-3.42113e-3;-4.104428;833.521720;1 out of 5
833.518299;833.518299;"SM(d18:1/PGD2)";[M+Cl];C43H79N2O9P;-3.42113e-3;-4.104428;833.521720;1 out of 5
833.518299;833.518299;"SM(d18:1/20:4(7E,9E,11Z,13E)-3OH(5S,6R,15S))";[M+Cl];C43H79N2O9P;-3.42113e-3;-4.104428;833.521720;1 out of 5
833.518299;833.518299;"SM(d18:2(4E,14Z)/PGF2alpha)";[M+Cl];C43H79N2O9P;-3.42113e-3;-4.104428;833.521720;1 out of 5
833.518299;833.518299;"SM(d18:2(4E,14Z)/PGE1)";[M+Cl];C43H79N2O9P;-3.42113e-3;-4.104428;833.521720;1 out of 5
833.518299;833.518299;"SM(d18:2(4E,14Z)/PGD1)";[M+Cl];C43H79N2O9P;-3.42113e-3;-4.104428;833.521720;1 out of 5
835.534333;835.534333;"PI(16:0/18:1(11Z))";[M-H];C43H81O13P;1.30810e-4;0.156559;835.534202;2 out of 5
835.534333;835.534333;"PI(16:0/18:1(9Z))";[M-H];C43H81O13P;1.30810e-4;0.156559;835.534202;2 out of 5
835.534333;835.534333;"PI(16:1(9Z)/18:0)";[M-H];C43H81O13P;1.30810e-4;0.156559;835.534202;2 out of 5
835.534333;835.534333;"PI(18:0/16:1(9Z))";[M-H];C43H81O13P;1.30810e-4;0.156559;835.534202;2 out of 5
835.534333;835.534333;"PI(18:1(11Z)/16:0)";[M-H];C43H81O13P;1.30810e-4;0.156559;835.534202;2 out of 5
835.534333;835.534333;"PI(18:1(9Z)/16:0)";[M-H];C43H81O13P;1.30810e-4;0.156559;835.534202;2 out of 5
835.534333;835.534333;"PG(a-17:0/PGF1alpha)";[M-H];C43H81O13P;1.30334e-4;0.155989;835.534203;2 out of 5
835.534333;835.534333;"PG(PGF1alpha/a-17:0)";[M-H];C43H81O13P;1.30334e-4;0.155989;835.534203;2 out of 5
835.534333;835.534333;"PG(i-17:0/PGF1alpha)";[M-H];C43H81O13P;1.30334e-4;0.155989;835.534203;2 out of 5
835.534333;835.534333;"PG(PGF1alpha/i-17:0)";[M-H];C43H81O13P;1.30334e-4;0.155989;835.534203;2 out of 5
835.534333;835.534333;"SM(d19:0/20:4(6Z,8E,10E,14Z)-2OH(5S,12R))";[M+K-H2];C44H83N2O8P;-2.97664e-3;-3.562545;835.537310;1 out of 5
835.534333;835.534333;"SM(d19:0/20:4(6E,8Z,11Z,13E)-2OH(5S,15S))";[M+K-H2];C44H83N2O8P;-2.97664e-3;-3.562545;835.537310;1 out of 5
835.534333;835.534333;"SM(d19:0/20:4(8Z,11Z,14Z,17Z)-2OH(5S,6R))";[M+K-H2];C44H83N2O8P;-2.97664e-3;-3.562545;835.537310;1 out of 5
835.534333;835.534333;"SM(d19:1/20:3(8Z,11Z,14Z)-2OH(5,6))";[M+K-H2];C44H83N2O8P;-2.97664e-3;-3.562545;835.537310;1 out of 5
835.534333;835.534333;"SM(d18:0/PGE2)";[M+Cl];C43H81N2O9P;-3.03719e-3;-3.635019;835.537370;1 out of 5
835.534333;835.534333;"SM(d18:0/PGD2)";[M+Cl];C43H81N2O9P;-3.03719e-3;-3.635019;835.537370;1 out of 5
835.534333;835.534333;"SM(d18:0/20:4(7E,9E,11Z,13E)-3OH(5S,6R,15S))";[M+Cl];C43H81N2O9P;-3.03719e-3;-3.635019;835.537370;1 out of 5
835.534333;835.534333;"SM(d18:1/PGF2alpha)";[M+Cl];C43H81N2O9P;-3.03719e-3;-3.635019;835.537370;1 out of 5
835.534333;835.534333;"SM(d18:1/PGE1)";[M+Cl];C43H81N2O9P;-3.03719e-3;-3.635019;835.537370;1 out of 5
835.534333;835.534333;"SM(d18:1/PGD1)";[M+Cl];C43H81N2O9P;-3.03719e-3;-3.635019;835.537370;1 out of 5
835.534333;835.534333;"SM(d18:2(4E,14Z)/PGF1alpha)";[M+Cl];C43H81N2O9P;-3.03719e-3;-3.635019;835.537370;1 out of 5
835.534333;835.534333;"SM(d20:1/5-iso PGF2VI)";[M+Cl];C43H81N2O9P;-3.03719e-3;-3.635019;835.537370;1 out of 5
837.550254;837.550254;"PI(18:0/16:0)";[M-H];C43H83O13P;4.01746e-4;0.479668;837.549852;2 out of 5
837.550254;837.550254;"PI(16:0/18:0)";[M-H];C43H83O13P;4.01269e-4;0.479099;837.549853;2 out of 5
837.550254;837.550254;"PC(DiMe(11,3)/DiMe(9,3))";[M-H];C46H81NO10P;-2.27833e-3;-2.720222;837.552532;2 out of 5
837.550254;837.550254;"PC(DiMe(9,3)/DiMe(11,3))";[M-H];C46H81NO10P;-2.27833e-3;-2.720222;837.552532;2 out of 5
837.550254;837.550254;"PC(DiMe(9,3)/DiMe(9,5))";[M-H];C46H81NO10P;-2.27833e-3;-2.720222;837.552532;2 out of 5
837.550254;837.550254;"PC(DiMe(9,5)/DiMe(9,3))";[M-H];C46H81NO10P;-2.27833e-3;-2.720222;837.552532;2 out of 5
837.550254;837.550254;"PC(MonoMe(11,3)/MonoMe(11,3))";[M-H];C46H81NO10P;-2.27833e-3;-2.720222;837.552532;2 out of 5
837.550254;837.550254;"PC(MonoMe(11,3)/MonoMe(9,5))";[M-H];C46H81NO10P;-2.27833e-3;-2.720222;837.552532;2 out of 5
837.550254;837.550254;"PC(MonoMe(9,5)/MonoMe(11,3))";[M-H];C46H81NO10P;-2.27833e-3;-2.720222;837.552532;2 out of 5
837.550254;837.550254;"PC(MonoMe(9,5)/MonoMe(9,5))";[M-H];C46H81NO10P;-2.27833e-3;-2.720222;837.552532;2 out of 5
837.550254;837.550254;"SM(d19:0/20:3(8Z,11Z,14Z)-2OH(5,6))";[M+K-H2];C44H85N2O8P;-2.70570e-3;-3.230486;837.552960;1 out of 5
837.550254;837.550254;"SM(d18:0/PGF2alpha)";[M+Cl];C43H83N2O9P;-2.76626e-3;-3.302787;837.553020;1 out of 5
837.550254;837.550254;"SM(d18:0/PGE1)";[M+Cl];C43H83N2O9P;-2.76626e-3;-3.302787;837.553020;1 out of 5
837.550254;837.550254;"SM(d18:0/PGD1)";[M+Cl];C43H83N2O9P;-2.76626e-3;-3.302787;837.553020;1 out of 5
837.550254;837.550254;"SM(d18:1/PGF1alpha)";[M+Cl];C43H83N2O9P;-2.76626e-3;-3.302787;837.553020;1 out of 5
846.210133;846.210133;Fura-PE3;[M+Na-H2];C37H39N5O17;1.37118e-3;1.620385;846.208762;1 out of 5
850.167860;850.167860;2-Methylbutyryl-CoA;[M-H];C26H44N7O17P3S;2.41376e-3;2.839161;850.165446;1 out of 5
850.167860;850.167860;Isovaleryl-CoA;[M-H];C26H44N7O17P3S;2.41376e-3;2.839161;850.165446;1 out of 5
850.167860;850.167860;Pentanoyl-CoA;[M-H];C26H44N7O17P3S;2.41376e-3;2.839161;850.165446;1 out of 5
850.167860;850.167860;Dec-4-enedioyl-CoA;[M-H];C26H44N7O17P3S;2.41376e-3;2.839161;850.165446;1 out of 5
857.518320;857.518320;"PI(16:0/18:1(11Z))";[M+Na-H2];C43H81O13P;2.17381e-3;2.535008;857.516146;2 out of 5
857.518320;857.518320;"PI(16:0/18:1(9Z))";[M+Na-H2];C43H81O13P;2.17381e-3;2.535008;857.516146;2 out of 5
857.518320;857.518320;"PI(16:1(9Z)/18:0)";[M+Na-H2];C43H81O13P;2.17381e-3;2.535008;857.516146;2 out of 5
857.518320;857.518320;"PI(18:0/16:1(9Z))";[M+Na-H2];C43H81O13P;2.17381e-3;2.535008;857.516146;2 out of 5
857.518320;857.518320;"PI(18:1(11Z)/16:0)";[M+Na-H2];C43H81O13P;2.17381e-3;2.535008;857.516146;2 out of 5
857.518320;857.518320;"PI(18:1(9Z)/16:0)";[M+Na-H2];C43H81O13P;2.17381e-3;2.535008;857.516146;2 out of 5
857.518320;857.518320;"PG(a-17:0/PGF1alpha)";[M+Na-H2];C43H81O13P;2.17333e-3;2.534453;857.516147;2 out of 5
857.518320;857.518320;"PG(PGF1alpha/a-17:0)";[M+Na-H2];C43H81O13P;2.17333e-3;2.534453;857.516147;2 out of 5
857.518320;857.518320;"PG(i-17:0/PGF1alpha)";[M+Na-H2];C43H81O13P;2.17333e-3;2.534453;857.516147;2 out of 5
857.518320;857.518320;"PG(PGF1alpha/i-17:0)";[M+Na-H2];C43H81O13P;2.17333e-3;2.534453;857.516147;2 out of 5
857.518320;857.518320;"PI(16:0/20:4(8Z,11Z,14Z,17Z))";[M-H];C45H79O13P;-2.32126e-4;-0.270695;857.518552;1 out of 5
857.518320;857.518320;"PI(18:1(11Z)/18:3(6Z,9Z,12Z))";[M-H];C45H79O13P;-2.32126e-4;-0.270695;857.518552;1 out of 5
857.518320;857.518320;"PI(18:1(11Z)/18:3(9Z,12Z,15Z))";[M-H];C45H79O13P;-2.32126e-4;-0.270695;857.518552;1 out of 5
857.518320;857.518320;"PI(18:1(9Z)/18:3(6Z,9Z,12Z))";[M-H];C45H79O13P;-2.32126e-4;-0.270695;857.518552;1 out of 5
857.518320;857.518320;"PI(18:1(9Z)/18:3(9Z,12Z,15Z))";[M-H];C45H79O13P;-2.32126e-4;-0.270695;857.518552;1 out of 5
857.518320;857.518320;"PI(18:3(6Z,9Z,12Z)/18:1(11Z))";[M-H];C45H79O13P;-2.32126e-4;-0.270695;857.518552;1 out of 5
857.518320;857.518320;"PI(18:3(6Z,9Z,12Z)/18:1(9Z))";[M-H];C45H79O13P;-2.32126e-4;-0.270695;857.518552;1 out of 5
857.518320;857.518320;"PI(18:3(9Z,12Z,15Z)/18:1(11Z))";[M-H];C45H79O13P;-2.32126e-4;-0.270695;857.518552;1 out of 5
857.518320;857.518320;"PI(18:3(9Z,12Z,15Z)/18:1(9Z))";[M-H];C45H79O13P;-2.32126e-4;-0.270695;857.518552;1 out of 5
857.518320;857.518320;"PI(20:4(5Z,8Z,11Z,14Z)/16:0)";[M-H];C45H79O13P;-2.32126e-4;-0.270695;857.518552;1 out of 5
857.518320;857.518320;"PI(20:4(8Z,11Z,14Z,17Z)/16:0)";[M-H];C45H79O13P;-2.32126e-4;-0.270695;857.518552;1 out of 5
857.518320;857.518320;"PI(16:0/20:4(5Z,8Z,11Z,14Z))";[M-H];C45H79O13P;-2.32602e-4;-0.271250;857.518553;1 out of 5
857.518320;857.518320;"PI(18:2(9Z,12Z)/18:2(9Z,12Z))";[M-H];C45H79O13P;-2.32602e-4;-0.271250;857.518553;1 out of 5
857.518320;857.518320;Phosphatidylinositol(36:4);[M-H];C45H79O13P;-2.32602e-4;-0.271250;857.518553;1 out of 5
857.518320;857.518320;"PG(i-19:0/20:5(7Z,9Z,11E,13E,17Z)-3OH(5,6,15))";[M-H];C45H79O13P;-2.32602e-4;-0.271250;857.518553;1 out of 5
857.518320;857.518320;"PG(20:5(7Z,9Z,11E,13E,17Z)-3OH(5,6,15)/i-19:0)";[M-H];C45H79O13P;-2.32602e-4;-0.271250;857.518553;1 out of 5
857.518320;857.518320;"PI(16:0/20:3(6,8,11)-OH(5))";[M-H2O-H];C45H81O14P;-2.33286e-4;-0.272048;857.518553;1 out of 5
857.518320;857.518320;"PI(20:3(6,8,11)-OH(5)/16:0)";[M-H2O-H];C45H81O14P;-2.33286e-4;-0.272048;857.518553;1 out of 5
857.518320;857.518320;"PI(18:0/18:2(10E,12Z)+=O(9))";[M-H2O-H];C45H81O14P;-2.33286e-4;-0.272048;857.518553;1 out of 5
857.518320;857.518320;"PI(18:2(10E,12Z)+=O(9)/18:0)";[M-H2O-H];C45H81O14P;-2.33286e-4;-0.272048;857.518553;1 out of 5
857.518320;857.518320;"PI(18:0/18:2(9Z,11E)+=O(13))";[M-H2O-H];C45H81O14P;-2.33286e-4;-0.272048;857.518553;1 out of 5
857.518320;857.518320;"PI(18:2(9Z,11E)+=O(13)/18:0)";[M-H2O-H];C45H81O14P;-2.33286e-4;-0.272048;857.518553;1 out of 5
857.518320;857.518320;"PI(18:0/18:3(10,12,15)-OH(9))";[M-H2O-H];C45H81O14P;-2.33286e-4;-0.272048;857.518553;1 out of 5
857.518320;857.518320;"PI(18:3(10,12,15)-OH(9)/18:0)";[M-H2O-H];C45H81O14P;-2.33286e-4;-0.272048;857.518553;1 out of 5
857.518320;857.518320;"PI(18:0/18:3(9,11,15)-OH(13))";[M-H2O-H];C45H81O14P;-2.33286e-4;-0.272048;857.518553;1 out of 5
857.518320;857.518320;"PI(18:3(9,11,15)-OH(13)/18:0)";[M-H2O-H];C45H81O14P;-2.33286e-4;-0.272048;857.518553;1 out of 5
857.518320;857.518320;"PI(18:1(11Z)/18:1(12Z)-O(9S,10R))";[M-H2O-H];C45H81O14P;-2.33286e-4;-0.272048;857.518553;1 out of 5
857.518320;857.518320;"PI(18:1(12Z)-O(9S,10R)/18:1(11Z))";[M-H2O-H];C45H81O14P;-2.33286e-4;-0.272048;857.518553;1 out of 5
857.518320;857.518320;"PI(18:1(11Z)/18:1(9Z)-O(12,13))";[M-H2O-H];C45H81O14P;-2.33286e-4;-0.272048;857.518553;1 out of 5
857.518320;857.518320;"PI(18:1(9Z)-O(12,13)/18:1(11Z))";[M-H2O-H];C45H81O14P;-2.33286e-4;-0.272048;857.518553;1 out of 5
857.518320;857.518320;"PI(18:1(9Z)/18:1(12Z)-O(9S,10R))";[M-H2O-H];C45H81O14P;-2.33286e-4;-0.272048;857.518553;1 out of 5
857.518320;857.518320;"PI(18:1(12Z)-O(9S,10R)/18:1(9Z))";[M-H2O-H];C45H81O14P;-2.33286e-4;-0.272048;857.518553;1 out of 5
857.518320;857.518320;"PI(18:1(9Z)/18:1(9Z)-O(12,13))";[M-H2O-H];C45H81O14P;-2.33286e-4;-0.272048;857.518553;1 out of 5
857.518320;857.518320;"PI(18:1(9Z)-O(12,13)/18:1(9Z))";[M-H2O-H];C45H81O14P;-2.33286e-4;-0.272048;857.518553;1 out of 5
857.518320;857.518320;"SM(d19:1/22:6(5Z,8E,10Z,13Z,15E,19Z)-2OH(7S, 17S))";[M+K-H2];C46H81N2O8P;-3.33957e-3;-3.894449;857.521660;1 out of 5
857.518320;857.518320;"SM(d19:1/22:6(4Z,7Z,11E,13Z,15E,19Z)-2OH(10S,17))";[M+K-H2];C46H81N2O8P;-3.33957e-3;-3.894449;857.521660;1 out of 5
859.534859;859.534859;"PI(18:0/16:0)";[M+Na-H2];C43H83O13P;3.06275e-3;3.563272;859.531796;2 out of 5
859.534859;859.534859;"PI(16:0/18:0)";[M+Na-H2];C43H83O13P;3.06227e-3;3.562718;859.531797;2 out of 5
859.534859;859.534859;"PI(16:0/20:3(5Z,8Z,11Z))";[M-H];C45H81O13P;6.56810e-4;0.764146;859.534202;1 out of 5
859.534859;859.534859;"PI(16:0/20:3(8Z,11Z,14Z))";[M-H];C45H81O13P;6.56810e-4;0.764146;859.534202;1 out of 5
859.534859;859.534859;"PI(18:0/18:3(6Z,9Z,12Z))";[M-H];C45H81O13P;6.56810e-4;0.764146;859.534202;1 out of 5
859.534859;859.534859;"PI(18:0/18:3(9Z,12Z,15Z))";[M-H];C45H81O13P;6.56810e-4;0.764146;859.534202;1 out of 5
859.534859;859.534859;"PI(18:1(11Z)/18:2(9Z,12Z))";[M-H];C45H81O13P;6.56810e-4;0.764146;859.534202;1 out of 5
859.534859;859.534859;"PI(18:1(9Z)/18:2(9Z,12Z))";[M-H];C45H81O13P;6.56810e-4;0.764146;859.534202;1 out of 5
859.534859;859.534859;"PI(18:2(9Z,12Z)/18:1(11Z))";[M-H];C45H81O13P;6.56810e-4;0.764146;859.534202;1 out of 5
859.534859;859.534859;"PI(18:2(9Z,12Z)/18:1(9Z))";[M-H];C45H81O13P;6.56810e-4;0.764146;859.534202;1 out of 5
859.534859;859.534859;"PI(18:3(6Z,9Z,12Z)/18:0)";[M-H];C45H81O13P;6.56810e-4;0.764146;859.534202;1 out of 5
859.534859;859.534859;"PI(18:3(9Z,12Z,15Z)/18:0)";[M-H];C45H81O13P;6.56810e-4;0.764146;859.534202;1 out of 5
859.534859;859.534859;"PI(20:3(5Z,8Z,11Z)/16:0)";[M-H];C45H81O13P;6.56810e-4;0.764146;859.534202;1 out of 5
859.534859;859.534859;"PI(20:3(8Z,11Z,14Z)/16:0)";[M-H];C45H81O13P;6.56810e-4;0.764146;859.534202;1 out of 5
859.534859;859.534859;"PG(i-19:0/PGE2)";[M-H];C45H81O13P;6.56334e-4;0.763593;859.534203;1 out of 5
859.534859;859.534859;"PG(PGE2/i-19:0)";[M-H];C45H81O13P;6.56334e-4;0.763593;859.534203;1 out of 5
859.534859;859.534859;"PG(i-19:0/PGD2)";[M-H];C45H81O13P;6.56334e-4;0.763593;859.534203;1 out of 5
859.534859;859.534859;"PG(PGD2/i-19:0)";[M-H];C45H81O13P;6.56334e-4;0.763593;859.534203;1 out of 5
859.534859;859.534859;"PG(i-19:0/20:4(7E,9E,11Z,13E)-3OH(5S,6R,15S))";[M-H];C45H81O13P;6.56334e-4;0.763593;859.534203;1 out of 5
859.534859;859.534859;"PG(20:4(7E,9E,11Z,13E)-3OH(5S,6R,15S)/i-19:0)";[M-H];C45H81O13P;6.56334e-4;0.763593;859.534203;1 out of 5
859.534859;859.534859;"PG(i-19:0/6 keto-PGF1alpha)";[M-H2O-H];C45H83O14P;6.55649e-4;0.762796;859.534203;1 out of 5
859.534859;859.534859;"PG(6 keto-PGF1alpha/i-19:0)";[M-H2O-H];C45H83O14P;6.55649e-4;0.762796;859.534203;1 out of 5
859.534859;859.534859;"PG(i-19:0/TXB2)";[M-H2O-H];C45H83O14P;6.55649e-4;0.762796;859.534203;1 out of 5
859.534859;859.534859;"PG(TXB2/i-19:0)";[M-H2O-H];C45H83O14P;6.55649e-4;0.762796;859.534203;1 out of 5
859.534859;859.534859;"PI(18:0/18:1(12Z)-O(9S,10R))";[M-H2O-H];C45H83O14P;6.55649e-4;0.762796;859.534203;1 out of 5
859.534859;859.534859;"PI(18:1(12Z)-O(9S,10R)/18:0)";[M-H2O-H];C45H83O14P;6.55649e-4;0.762796;859.534203;1 out of 5
859.534859;859.534859;"PI(18:0/18:1(9Z)-O(12,13))";[M-H2O-H];C45H83O14P;6.55649e-4;0.762796;859.534203;1 out of 5
859.534859;859.534859;"PI(18:1(9Z)-O(12,13)/18:0)";[M-H2O-H];C45H83O14P;6.55649e-4;0.762796;859.534203;1 out of 5
859.534859;859.534859;"PC(DiMe(11,3)/DiMe(9,3))";[M+Na-H2];C46H81NO10P;3.82671e-4;0.445207;859.534476;2 out of 5
859.534859;859.534859;"PC(DiMe(9,3)/DiMe(11,3))";[M+Na-H2];C46H81NO10P;3.82671e-4;0.445207;859.534476;2 out of 5
859.534859;859.534859;"PC(DiMe(9,3)/DiMe(9,5))";[M+Na-H2];C46H81NO10P;3.82671e-4;0.445207;859.534476;2 out of 5
859.534859;859.534859;"PC(DiMe(9,5)/DiMe(9,3))";[M+Na-H2];C46H81NO10P;3.82671e-4;0.445207;859.534476;2 out of 5
859.534859;859.534859;"PC(MonoMe(11,3)/MonoMe(11,3))";[M+Na-H2];C46H81NO10P;3.82671e-4;0.445207;859.534476;2 out of 5
859.534859;859.534859;"PC(MonoMe(11,3)/MonoMe(9,5))";[M+Na-H2];C46H81NO10P;3.82671e-4;0.445207;859.534476;2 out of 5
859.534859;859.534859;"PC(MonoMe(9,5)/MonoMe(11,3))";[M+Na-H2];C46H81NO10P;3.82671e-4;0.445207;859.534476;2 out of 5
859.534859;859.534859;"PC(MonoMe(9,5)/MonoMe(9,5))";[M+Na-H2];C46H81NO10P;3.82671e-4;0.445207;859.534476;2 out of 5
859.534859;859.534859;"SM(d19:0/22:6(5Z,8E,10Z,13Z,15E,19Z)-2OH(7S, 17S))";[M+K-H2];C46H83N2O8P;-2.45064e-3;-2.851114;859.537310;1 out of 5
859.534859;859.534859;"SM(d19:0/22:6(4Z,7Z,11E,13Z,15E,19Z)-2OH(10S,17))";[M+K-H2];C46H83N2O8P;-2.45064e-3;-2.851114;859.537310;1 out of 5
859.534859;859.534859;"SM(d20:1/20:5(7Z,9Z,11E,13E,17Z)-3OH(5,6,15))";[M+Cl];C45H81N2O9P;-2.51119e-3;-2.921565;859.537370;1 out of 5
861.550443;861.550443;"PI(16:0/20:2(11Z,14Z))";[M-H];C45H83O13P;5.90746e-4;0.685678;861.549852;2 out of 5
861.550443;861.550443;"PI(18:0/18:2(9Z,12Z))";[M-H];C45H83O13P;5.90746e-4;0.685678;861.549852;2 out of 5
861.550443;861.550443;"PI(18:1(11Z)/18:1(11Z))";[M-H];C45H83O13P;5.90746e-4;0.685678;861.549852;2 out of 5
861.550443;861.550443;"PI(18:1(11Z)/18:1(9Z))";[M-H];C45H83O13P;5.90746e-4;0.685678;861.549852;2 out of 5
861.550443;861.550443;"PI(18:1(9Z)/18:1(11Z))";[M-H];C45H83O13P;5.90746e-4;0.685678;861.549852;2 out of 5
861.550443;861.550443;"PI(18:1(9Z)/18:1(9Z))";[M-H];C45H83O13P;5.90746e-4;0.685678;861.549852;2 out of 5
861.550443;861.550443;"PI(18:2(9Z,12Z)/18:0)";[M-H];C45H83O13P;5.90746e-4;0.685678;861.549852;2 out of 5
861.550443;861.550443;"PI(20:2(11Z,14Z)/16:0)";[M-H];C45H83O13P;5.90746e-4;0.685678;861.549852;2 out of 5
861.550443;861.550443;"PG(a-21:0/5-iso PGF2VI)";[M-H];C45H83O13P;5.90269e-4;0.685125;861.549853;2 out of 5
861.550443;861.550443;"PG(5-iso PGF2VI/a-21:0)";[M-H];C45H83O13P;5.90269e-4;0.685125;861.549853;2 out of 5
861.550443;861.550443;"PG(i-19:0/PGF2alpha)";[M-H];C45H83O13P;5.90269e-4;0.685125;861.549853;2 out of 5
861.550443;861.550443;"PG(PGF2alpha/i-19:0)";[M-H];C45H83O13P;5.90269e-4;0.685125;861.549853;2 out of 5
861.550443;861.550443;"PG(i-19:0/PGE1)";[M-H];C45H83O13P;5.90269e-4;0.685125;861.549853;2 out of 5
861.550443;861.550443;"PG(PGE1/i-19:0)";[M-H];C45H83O13P;5.90269e-4;0.685125;861.549853;2 out of 5
861.550443;861.550443;"PG(i-19:0/PGD1)";[M-H];C45H83O13P;5.90269e-4;0.685125;861.549853;2 out of 5
861.550443;861.550443;"PG(PGD1/i-19:0)";[M-H];C45H83O13P;5.90269e-4;0.685125;861.549853;2 out of 5
861.550443;861.550443;"PG(i-21:0/5-iso PGF2VI)";[M-H];C45H83O13P;5.90269e-4;0.685125;861.549853;2 out of 5
861.550443;861.550443;"PG(5-iso PGF2VI/i-21:0)";[M-H];C45H83O13P;5.90269e-4;0.685125;861.549853;2 out of 5
861.550443;861.550443;"SM(d20:1/PGE2)";[M+Cl];C45H83N2O9P;-2.57726e-3;-2.991411;861.553020;1 out of 5
861.550443;861.550443;"SM(d20:1/PGD2)";[M+Cl];C45H83N2O9P;-2.57726e-3;-2.991411;861.553020;1 out of 5
861.550443;861.550443;"SM(d20:1/20:4(7E,9E,11Z,13E)-3OH(5S,6R,15S))";[M+Cl];C45H83N2O9P;-2.57726e-3;-2.991411;861.553020;1 out of 5
862.554156;862.554156;Sodium aluminium phosphate;[M-H];Al3NaO32P8;-3.11998e-4;-0.361714;862.554468;2 out of 5
862.554156;862.554156;"PS(18:1(11Z)/22:2(13Z,16Z))";[M+Na-H2];C46H84NO10P;-3.79591e-3;-4.400756;862.557952;1 out of 5
862.554156;862.554156;"PS(18:1(9Z)/22:2(13Z,16Z))";[M+Na-H2];C46H84NO10P;-3.79591e-3;-4.400756;862.557952;1 out of 5
862.554156;862.554156;"PS(18:2(9Z,12Z)/22:1(13Z))";[M+Na-H2];C46H84NO10P;-3.79591e-3;-4.400756;862.557952;1 out of 5
862.554156;862.554156;"PS(18:3(6Z,9Z,12Z)/22:0)";[M+Na-H2];C46H84NO10P;-3.79591e-3;-4.400756;862.557952;1 out of 5
862.554156;862.554156;"PS(18:3(9Z,12Z,15Z)/22:0)";[M+Na-H2];C46H84NO10P;-3.79591e-3;-4.400756;862.557952;1 out of 5
862.554156;862.554156;"PS(20:0/20:3(5Z,8Z,11Z))";[M+Na-H2];C46H84NO10P;-3.79591e-3;-4.400756;862.557952;1 out of 5
862.554156;862.554156;"PS(20:0/20:3(8Z,11Z,14Z))";[M+Na-H2];C46H84NO10P;-3.79591e-3;-4.400756;862.557952;1 out of 5
862.554156;862.554156;"PS(20:1(11Z)/20:2(11Z,14Z))";[M+Na-H2];C46H84NO10P;-3.79591e-3;-4.400756;862.557952;1 out of 5
862.554156;862.554156;"PS(20:2(11Z,14Z)/20:1(11Z))";[M+Na-H2];C46H84NO10P;-3.79591e-3;-4.400756;862.557952;1 out of 5
862.554156;862.554156;"PS(20:3(5Z,8Z,11Z)/20:0)";[M+Na-H2];C46H84NO10P;-3.79591e-3;-4.400756;862.557952;1 out of 5
862.554156;862.554156;"PS(20:3(8Z,11Z,14Z)/20:0)";[M+Na-H2];C46H84NO10P;-3.79591e-3;-4.400756;862.557952;1 out of 5
862.554156;862.554156;"PS(22:0/18:3(6Z,9Z,12Z))";[M+Na-H2];C46H84NO10P;-3.79591e-3;-4.400756;862.557952;1 out of 5
862.554156;862.554156;"PS(22:0/18:3(9Z,12Z,15Z))";[M+Na-H2];C46H84NO10P;-3.79591e-3;-4.400756;862.557952;1 out of 5
862.554156;862.554156;"PS(22:1(13Z)/18:2(9Z,12Z))";[M+Na-H2];C46H84NO10P;-3.79591e-3;-4.400756;862.557952;1 out of 5
862.554156;862.554156;"PS(22:2(13Z,16Z)/18:1(11Z))";[M+Na-H2];C46H84NO10P;-3.79591e-3;-4.400756;862.557952;1 out of 5
862.554156;862.554156;"PS(22:2(13Z,16Z)/18:1(9Z))";[M+Na-H2];C46H84NO10P;-3.79591e-3;-4.400756;862.557952;1 out of 5
862.554156;862.554156;"PC(18:0/20:4(6Z,8E,10E,14Z)-2OH(5S,12R))";[M+Na-H2];C46H84NO10P;-3.79591e-3;-4.400756;862.557952;1 out of 5
862.554156;862.554156;"PC(20:4(6Z,8E,10E,14Z)-2OH(5S,12R)/18:0)";[M+Na-H2];C46H84NO10P;-3.79591e-3;-4.400756;862.557952;1 out of 5
862.554156;862.554156;"PC(18:0/20:4(6E,8Z,11Z,13E)-2OH(5S,15S))";[M+Na-H2];C46H84NO10P;-3.79591e-3;-4.400756;862.557952;1 out of 5
862.554156;862.554156;"PC(20:4(6E,8Z,11Z,13E)-2OH(5S,15S)/18:0)";[M+Na-H2];C46H84NO10P;-3.79591e-3;-4.400756;862.557952;1 out of 5
862.554156;862.554156;"PC(18:0/20:4(8Z,11Z,14Z,17Z)-2OH(5S,6R))";[M+Na-H2];C46H84NO10P;-3.79591e-3;-4.400756;862.557952;1 out of 5
862.554156;862.554156;"PC(20:4(8Z,11Z,14Z,17Z)-2OH(5S,6R)/18:0)";[M+Na-H2];C46H84NO10P;-3.79591e-3;-4.400756;862.557952;1 out of 5
862.554156;862.554156;"PC(18:1(11Z)/20:3(8Z,11Z,14Z)-2OH(5,6))";[M+Na-H2];C46H84NO10P;-3.79591e-3;-4.400756;862.557952;1 out of 5
862.554156;862.554156;"PC(20:3(8Z,11Z,14Z)-2OH(5,6)/18:1(11Z))";[M+Na-H2];C46H84NO10P;-3.79591e-3;-4.400756;862.557952;1 out of 5
862.554156;862.554156;"PC(18:1(9Z)/20:3(8Z,11Z,14Z)-2OH(5,6))";[M+Na-H2];C46H84NO10P;-3.79591e-3;-4.400756;862.557952;1 out of 5
862.554156;862.554156;"PC(20:3(8Z,11Z,14Z)-2OH(5,6)/18:1(9Z))";[M+Na-H2];C46H84NO10P;-3.79591e-3;-4.400756;862.557952;1 out of 5
862.554156;862.554156;"PC(20:3(5Z,8Z,11Z)/18:1(12Z)-2OH(9,10))";[M+Na-H2];C46H84NO10P;-3.79591e-3;-4.400756;862.557952;1 out of 5
862.554156;862.554156;"PC(18:1(12Z)-2OH(9,10)/20:3(5Z,8Z,11Z))";[M+Na-H2];C46H84NO10P;-3.79591e-3;-4.400756;862.557952;1 out of 5
862.554156;862.554156;"PC(20:3(8Z,11Z,14Z)/18:1(12Z)-2OH(9,10))";[M+Na-H2];C46H84NO10P;-3.79591e-3;-4.400756;862.557952;1 out of 5
862.554156;862.554156;"PC(18:1(12Z)-2OH(9,10)/20:3(8Z,11Z,14Z))";[M+Na-H2];C46H84NO10P;-3.79591e-3;-4.400756;862.557952;1 out of 5
862.554156;862.554156;"PC(P-18:0/PGE2)";[M+Na-H2];C46H84NO10P;-3.79591e-3;-4.400756;862.557952;1 out of 5
862.554156;862.554156;"PC(PGE2/P-18:0)";[M+Na-H2];C46H84NO10P;-3.79591e-3;-4.400756;862.557952;1 out of 5
862.554156;862.554156;"PC(P-18:0/PGD2)";[M+Na-H2];C46H84NO10P;-3.79591e-3;-4.400756;862.557952;1 out of 5
862.554156;862.554156;"PC(PGD2/P-18:0)";[M+Na-H2];C46H84NO10P;-3.79591e-3;-4.400756;862.557952;1 out of 5
862.554156;862.554156;"PC(P-18:0/20:4(7E,9E,11Z,13E)-3OH(5S,6R,15S))";[M+Na-H2];C46H84NO10P;-3.79591e-3;-4.400756;862.557952;1 out of 5
862.554156;862.554156;"PC(20:4(7E,9E,11Z,13E)-3OH(5S,6R,15S)/P-18:0)";[M+Na-H2];C46H84NO10P;-3.79591e-3;-4.400756;862.557952;1 out of 5
862.554156;862.554156;"PC(P-18:1(11Z)/PGF2alpha)";[M+Na-H2];C46H84NO10P;-3.79591e-3;-4.400756;862.557952;1 out of 5
862.554156;862.554156;"PC(PGF2alpha/P-18:1(11Z))";[M+Na-H2];C46H84NO10P;-3.79591e-3;-4.400756;862.557952;1 out of 5
862.554156;862.554156;"PC(P-18:1(11Z)/PGE1)";[M+Na-H2];C46H84NO10P;-3.79591e-3;-4.400756;862.557952;1 out of 5
862.554156;862.554156;"PC(PGE1/P-18:1(11Z))";[M+Na-H2];C46H84NO10P;-3.79591e-3;-4.400756;862.557952;1 out of 5
862.554156;862.554156;"PC(P-18:1(11Z)/PGD1)";[M+Na-H2];C46H84NO10P;-3.79591e-3;-4.400756;862.557952;1 out of 5
862.554156;862.554156;"PC(PGD1/P-18:1(11Z))";[M+Na-H2];C46H84NO10P;-3.79591e-3;-4.400756;862.557952;1 out of 5
862.554156;862.554156;"PC(P-18:1(9Z)/PGF2alpha)";[M+Na-H2];C46H84NO10P;-3.79591e-3;-4.400756;862.557952;1 out of 5
862.554156;862.554156;"PC(PGF2alpha/P-18:1(9Z))";[M+Na-H2];C46H84NO10P;-3.79591e-3;-4.400756;862.557952;1 out of 5
862.554156;862.554156;"PC(P-18:1(9Z)/PGE1)";[M+Na-H2];C46H84NO10P;-3.79591e-3;-4.400756;862.557952;1 out of 5
862.554156;862.554156;"PC(PGE1/P-18:1(9Z))";[M+Na-H2];C46H84NO10P;-3.79591e-3;-4.400756;862.557952;1 out of 5
862.554156;862.554156;"PC(P-18:1(9Z)/PGD1)";[M+Na-H2];C46H84NO10P;-3.79591e-3;-4.400756;862.557952;1 out of 5
862.554156;862.554156;"PC(PGD1/P-18:1(9Z))";[M+Na-H2];C46H84NO10P;-3.79591e-3;-4.400756;862.557952;1 out of 5
863.565945;863.565945;"PI(18:0/18:1(9Z))";[M-H];C45H85O13P;4.42682e-4;0.512621;863.565502;2 out of 5
863.565945;863.565945;"PG(i-19:0/PGF1alpha)";[M-H];C45H85O13P;4.42205e-4;0.512069;863.565503;2 out of 5
863.565945;863.565945;"PG(PGF1alpha/i-19:0)";[M-H];C45H85O13P;4.42205e-4;0.512069;863.565503;2 out of 5
863.565945;863.565945;"SM(d20:1/PGF2alpha)";[M+Cl];C45H85N2O9P;-2.72532e-3;-3.155885;863.568670;1 out of 5
863.565945;863.565945;"SM(d20:1/PGE1)";[M+Cl];C45H85N2O9P;-2.72532e-3;-3.155885;863.568670;1 out of 5
863.565945;863.565945;"SM(d20:1/PGD1)";[M+Cl];C45H85N2O9P;-2.72532e-3;-3.155885;863.568670;1 out of 5
865.571697;865.571697;"SM(d20:1/6 keto-PGF1alpha)";[M+Na-H2];C45H85N2O10P;2.84606e-3;3.288077;865.568851;1 out of 5
865.571697;865.571697;"SM(d20:1/TXB2)";[M+Na-H2];C45H85N2O10P;2.84606e-3;3.288077;865.568851;1 out of 5
879.378425;879.378425;Ginseng;[M+K-H2];C42H66O17;-1.80665e-4;-0.205446;879.378606;1 out of 5
879.378425;879.378425;"26-(2-Glucosyl-6-acetylglucosyl]-1,3,11,22-tetrahydroxyergosta-5,24-dien-26-oate";[M+K-H2];C42H66O17;-1.80686e-4;-0.205470;879.378606;1 out of 5
881.374765;881.374765;Corchorusoside E;[M+Na-H2];C41H64O19;-4.08187e-3;-4.631228;881.378847;1 out of 5
881.627684;881.627684;"PG(i-24:0/20:3(6,8,11)-OH(5))";[M-H2O-H];C50H93O11P;-2.58130e-5;-0.029279;881.627710;1 out of 5
881.627684;881.627684;"PG(20:3(6,8,11)-OH(5)/i-24:0)";[M-H2O-H];C50H93O11P;-2.58130e-5;-0.029279;881.627710;1 out of 5
883.533216;883.533216;"PI(16:0/20:2(11Z,14Z))";[M+Na-H2];C45H83O13P;1.41975e-3;1.606899;883.531796;2 out of 5
883.533216;883.533216;"PI(18:0/18:2(9Z,12Z))";[M+Na-H2];C45H83O13P;1.41975e-3;1.606899;883.531796;2 out of 5
883.533216;883.533216;"PI(18:1(11Z)/18:1(11Z))";[M+Na-H2];C45H83O13P;1.41975e-3;1.606899;883.531796;2 out of 5
883.533216;883.533216;"PI(18:1(11Z)/18:1(9Z))";[M+Na-H2];C45H83O13P;1.41975e-3;1.606899;883.531796;2 out of 5
883.533216;883.533216;"PI(18:1(9Z)/18:1(11Z))";[M+Na-H2];C45H83O13P;1.41975e-3;1.606899;883.531796;2 out of 5
883.533216;883.533216;"PI(18:1(9Z)/18:1(9Z))";[M+Na-H2];C45H83O13P;1.41975e-3;1.606899;883.531796;2 out of 5
883.533216;883.533216;"PI(18:2(9Z,12Z)/18:0)";[M+Na-H2];C45H83O13P;1.41975e-3;1.606899;883.531796;2 out of 5
883.533216;883.533216;"PI(20:2(11Z,14Z)/16:0)";[M+Na-H2];C45H83O13P;1.41975e-3;1.606899;883.531796;2 out of 5
883.533216;883.533216;"PG(a-21:0/5-iso PGF2VI)";[M+Na-H2];C45H83O13P;1.41927e-3;1.606359;883.531797;2 out of 5
883.533216;883.533216;"PG(5-iso PGF2VI/a-21:0)";[M+Na-H2];C45H83O13P;1.41927e-3;1.606359;883.531797;2 out of 5
883.533216;883.533216;"PG(i-19:0/PGF2alpha)";[M+Na-H2];C45H83O13P;1.41927e-3;1.606359;883.531797;2 out of 5
883.533216;883.533216;"PG(PGF2alpha/i-19:0)";[M+Na-H2];C45H83O13P;1.41927e-3;1.606359;883.531797;2 out of 5
883.533216;883.533216;"PG(i-19:0/PGE1)";[M+Na-H2];C45H83O13P;1.41927e-3;1.606359;883.531797;2 out of 5
883.533216;883.533216;"PG(PGE1/i-19:0)";[M+Na-H2];C45H83O13P;1.41927e-3;1.606359;883.531797;2 out of 5
883.533216;883.533216;"PG(i-19:0/PGD1)";[M+Na-H2];C45H83O13P;1.41927e-3;1.606359;883.531797;2 out of 5
883.533216;883.533216;"PG(PGD1/i-19:0)";[M+Na-H2];C45H83O13P;1.41927e-3;1.606359;883.531797;2 out of 5
883.533216;883.533216;"PG(i-21:0/5-iso PGF2VI)";[M+Na-H2];C45H83O13P;1.41927e-3;1.606359;883.531797;2 out of 5
883.533216;883.533216;"PG(5-iso PGF2VI/i-21:0)";[M+Na-H2];C45H83O13P;1.41927e-3;1.606359;883.531797;2 out of 5
883.533216;883.533216;"PI(16:0/22:5(4Z,7Z,10Z,13Z,16Z))";[M-H];C47H81O13P;-9.86190e-4;-1.116188;883.534202;1 out of 5
883.533216;883.533216;"PI(16:0/22:5(7Z,10Z,13Z,16Z,19Z))";[M-H];C47H81O13P;-9.86190e-4;-1.116188;883.534202;1 out of 5
883.533216;883.533216;"PI(16:2(9Z,12Z)/22:3(10Z,13Z,16Z))";[M-H];C47H81O13P;-9.86190e-4;-1.116188;883.534202;1 out of 5
883.533216;883.533216;"PI(18:1(11Z)/20:4(5Z,8Z,11Z,14Z))";[M-H];C47H81O13P;-9.86190e-4;-1.116188;883.534202;1 out of 5
883.533216;883.533216;"PI(18:1(11Z)/20:4(8Z,11Z,14Z,17Z))";[M-H];C47H81O13P;-9.86190e-4;-1.116188;883.534202;1 out of 5
883.533216;883.533216;"PI(18:1(9Z)/20:4(8Z,11Z,14Z,17Z))";[M-H];C47H81O13P;-9.86190e-4;-1.116188;883.534202;1 out of 5
883.533216;883.533216;"PI(18:2(9Z,12Z)/20:3(5Z,8Z,11Z))";[M-H];C47H81O13P;-9.86190e-4;-1.116188;883.534202;1 out of 5
883.533216;883.533216;"PI(18:2(9Z,12Z)/20:3(8Z,11Z,14Z))";[M-H];C47H81O13P;-9.86190e-4;-1.116188;883.534202;1 out of 5
883.533216;883.533216;"PI(20:3(5Z,8Z,11Z)/18:2(9Z,12Z))";[M-H];C47H81O13P;-9.86190e-4;-1.116188;883.534202;1 out of 5
883.533216;883.533216;"PI(20:3(8Z,11Z,14Z)/18:2(9Z,12Z))";[M-H];C47H81O13P;-9.86190e-4;-1.116188;883.534202;1 out of 5
883.533216;883.533216;"PI(20:4(5Z,8Z,11Z,14Z)/18:1(11Z))";[M-H];C47H81O13P;-9.86190e-4;-1.116188;883.534202;1 out of 5
883.533216;883.533216;"PI(20:4(5Z,8Z,11Z,14Z)/18:1(9Z))";[M-H];C47H81O13P;-9.86190e-4;-1.116188;883.534202;1 out of 5
883.533216;883.533216;"PI(20:4(8Z,11Z,14Z,17Z)/18:1(11Z))";[M-H];C47H81O13P;-9.86190e-4;-1.116188;883.534202;1 out of 5
883.533216;883.533216;"PI(20:4(8Z,11Z,14Z,17Z)/18:1(9Z))";[M-H];C47H81O13P;-9.86190e-4;-1.116188;883.534202;1 out of 5
883.533216;883.533216;"PI(22:3(10Z,13Z,16Z)/16:2(9Z,12Z))";[M-H];C47H81O13P;-9.86190e-4;-1.116188;883.534202;1 out of 5
883.533216;883.533216;"PI(22:5(4Z,7Z,10Z,13Z,16Z)/16:0)";[M-H];C47H81O13P;-9.86190e-4;-1.116188;883.534202;1 out of 5
883.533216;883.533216;"PI(22:5(7Z,10Z,13Z,16Z,19Z)/16:0)";[M-H];C47H81O13P;-9.86190e-4;-1.116188;883.534202;1 out of 5
883.533216;883.533216;"PI(18:1(9Z)/20:4(5Z,8Z,11Z,14Z))";[M-H];C47H81O13P;-9.86666e-4;-1.116726;883.534203;1 out of 5
883.533216;883.533216;"PI(18:0/20:3(5Z,8Z,11Z)-O(14R,15S))";[M-H2O-H];C47H83O14P;-9.87351e-4;-1.117502;883.534203;1 out of 5
883.533216;883.533216;"PI(20:3(5Z,8Z,11Z)-O(14R,15S)/18:0)";[M-H2O-H];C47H83O14P;-9.87351e-4;-1.117502;883.534203;1 out of 5
883.533216;883.533216;"PI(18:0/20:3(5Z,8Z,14Z)-O(11S,12R))";[M-H2O-H];C47H83O14P;-9.87351e-4;-1.117502;883.534203;1 out of 5
883.533216;883.533216;"PI(20:3(5Z,8Z,14Z)-O(11S,12R)/18:0)";[M-H2O-H];C47H83O14P;-9.87351e-4;-1.117502;883.534203;1 out of 5
883.533216;883.533216;"PI(18:0/20:3(5Z,11Z,14Z)-O(8,9))";[M-H2O-H];C47H83O14P;-9.87351e-4;-1.117502;883.534203;1 out of 5
883.533216;883.533216;"PI(20:3(5Z,11Z,14Z)-O(8,9)/18:0)";[M-H2O-H];C47H83O14P;-9.87351e-4;-1.117502;883.534203;1 out of 5
883.533216;883.533216;"PI(18:0/20:3(8Z,11Z,14Z)-O(5,6))";[M-H2O-H];C47H83O14P;-9.87351e-4;-1.117502;883.534203;1 out of 5
883.533216;883.533216;"PI(20:3(8Z,11Z,14Z)-O(5,6)/18:0)";[M-H2O-H];C47H83O14P;-9.87351e-4;-1.117502;883.534203;1 out of 5
883.533216;883.533216;"PI(18:0/20:4(5Z,8Z,11Z,14Z)-OH(20))";[M-H2O-H];C47H83O14P;-9.87351e-4;-1.117502;883.534203;1 out of 5
883.533216;883.533216;"PI(20:4(5Z,8Z,11Z,14Z)-OH(20)/18:0)";[M-H2O-H];C47H83O14P;-9.87351e-4;-1.117502;883.534203;1 out of 5
883.533216;883.533216;"PI(18:0/20:4(6E,8Z,11Z,14Z)-OH(5S))";[M-H2O-H];C47H83O14P;-9.87351e-4;-1.117502;883.534203;1 out of 5
883.533216;883.533216;"PI(20:4(6E,8Z,11Z,14Z)-OH(5S)/18:0)";[M-H2O-H];C47H83O14P;-9.87351e-4;-1.117502;883.534203;1 out of 5
883.533216;883.533216;"PI(18:0/20:4(5Z,8Z,11Z,14Z)-OH(19S))";[M-H2O-H];C47H83O14P;-9.87351e-4;-1.117502;883.534203;1 out of 5
883.533216;883.533216;"PI(20:4(5Z,8Z,11Z,14Z)-OH(19S)/18:0)";[M-H2O-H];C47H83O14P;-9.87351e-4;-1.117502;883.534203;1 out of 5
883.533216;883.533216;"PI(18:0/20:4(5Z,8Z,11Z,14Z)-OH(18R))";[M-H2O-H];C47H83O14P;-9.87351e-4;-1.117502;883.534203;1 out of 5
883.533216;883.533216;"PI(20:4(5Z,8Z,11Z,14Z)-OH(18R)/18:0)";[M-H2O-H];C47H83O14P;-9.87351e-4;-1.117502;883.534203;1 out of 5
883.533216;883.533216;"PI(18:0/20:4(5Z,8Z,11Z,14Z)-OH(17))";[M-H2O-H];C47H83O14P;-9.87351e-4;-1.117502;883.534203;1 out of 5
883.533216;883.533216;"PI(20:4(5Z,8Z,11Z,14Z)-OH(17)/18:0)";[M-H2O-H];C47H83O14P;-9.87351e-4;-1.117502;883.534203;1 out of 5
883.533216;883.533216;"PI(18:0/20:4(5Z,8Z,11Z,14Z)-OH(16R))";[M-H2O-H];C47H83O14P;-9.87351e-4;-1.117502;883.534203;1 out of 5
883.533216;883.533216;"PI(20:4(5Z,8Z,11Z,14Z)-OH(16R)/18:0)";[M-H2O-H];C47H83O14P;-9.87351e-4;-1.117502;883.534203;1 out of 5
883.533216;883.533216;"PI(18:0/20:4(5Z,8Z,11Z,13E)-OH(15S))";[M-H2O-H];C47H83O14P;-9.87351e-4;-1.117502;883.534203;1 out of 5
883.533216;883.533216;"PI(20:4(5Z,8Z,11Z,13E)-OH(15S)/18:0)";[M-H2O-H];C47H83O14P;-9.87351e-4;-1.117502;883.534203;1 out of 5
883.533216;883.533216;"PI(18:0/20:4(5Z,8Z,10E,14Z)-OH(12S))";[M-H2O-H];C47H83O14P;-9.87351e-4;-1.117502;883.534203;1 out of 5
883.533216;883.533216;"PI(20:4(5Z,8Z,10E,14Z)-OH(12S)/18:0)";[M-H2O-H];C47H83O14P;-9.87351e-4;-1.117502;883.534203;1 out of 5
883.533216;883.533216;"PI(18:0/20:4(5E,8Z,12Z,14Z)-OH(11R))";[M-H2O-H];C47H83O14P;-9.87351e-4;-1.117502;883.534203;1 out of 5
883.533216;883.533216;"PI(20:4(5E,8Z,12Z,14Z)-OH(11R)/18:0)";[M-H2O-H];C47H83O14P;-9.87351e-4;-1.117502;883.534203;1 out of 5
883.533216;883.533216;"PI(18:0/20:4(5Z,7E,11Z,14Z)-OH(9))";[M-H2O-H];C47H83O14P;-9.87351e-4;-1.117502;883.534203;1 out of 5
883.533216;883.533216;"PI(20:4(5Z,7E,11Z,14Z)-OH(9)/18:0)";[M-H2O-H];C47H83O14P;-9.87351e-4;-1.117502;883.534203;1 out of 5
883.533216;883.533216;"PI(18:1(11Z)/20:3(6,8,11)-OH(5))";[M-H2O-H];C47H83O14P;-9.87351e-4;-1.117502;883.534203;1 out of 5
883.533216;883.533216;"PI(20:3(6,8,11)-OH(5)/18:1(11Z))";[M-H2O-H];C47H83O14P;-9.87351e-4;-1.117502;883.534203;1 out of 5
883.533216;883.533216;"PI(18:1(9Z)/20:3(6,8,11)-OH(5))";[M-H2O-H];C47H83O14P;-9.87351e-4;-1.117502;883.534203;1 out of 5
883.533216;883.533216;"PI(20:3(6,8,11)-OH(5)/18:1(9Z))";[M-H2O-H];C47H83O14P;-9.87351e-4;-1.117502;883.534203;1 out of 5
883.533216;883.533216;"PI(20:1(11Z)/18:2(10E,12Z)+=O(9))";[M-H2O-H];C47H83O14P;-9.87351e-4;-1.117502;883.534203;1 out of 5
883.533216;883.533216;"PI(18:2(10E,12Z)+=O(9)/20:1(11Z))";[M-H2O-H];C47H83O14P;-9.87351e-4;-1.117502;883.534203;1 out of 5
883.533216;883.533216;"PI(20:1(11Z)/18:2(9Z,11E)+=O(13))";[M-H2O-H];C47H83O14P;-9.87351e-4;-1.117502;883.534203;1 out of 5
883.533216;883.533216;"PI(18:2(9Z,11E)+=O(13)/20:1(11Z))";[M-H2O-H];C47H83O14P;-9.87351e-4;-1.117502;883.534203;1 out of 5
883.533216;883.533216;"PI(20:1(11Z)/18:3(10,12,15)-OH(9))";[M-H2O-H];C47H83O14P;-9.87351e-4;-1.117502;883.534203;1 out of 5
883.533216;883.533216;"PI(18:3(10,12,15)-OH(9)/20:1(11Z))";[M-H2O-H];C47H83O14P;-9.87351e-4;-1.117502;883.534203;1 out of 5
883.533216;883.533216;"PI(20:1(11Z)/18:3(9,11,15)-OH(13))";[M-H2O-H];C47H83O14P;-9.87351e-4;-1.117502;883.534203;1 out of 5
883.533216;883.533216;"PI(18:3(9,11,15)-OH(13)/20:1(11Z))";[M-H2O-H];C47H83O14P;-9.87351e-4;-1.117502;883.534203;1 out of 5
883.533216;883.533216;"PI(20:2(11Z,14Z)/18:1(12Z)-O(9S,10R))";[M-H2O-H];C47H83O14P;-9.87351e-4;-1.117502;883.534203;1 out of 5
883.533216;883.533216;"PI(18:1(12Z)-O(9S,10R)/20:2(11Z,14Z))";[M-H2O-H];C47H83O14P;-9.87351e-4;-1.117502;883.534203;1 out of 5
883.533216;883.533216;"PI(20:2(11Z,14Z)/18:1(9Z)-O(12,13))";[M-H2O-H];C47H83O14P;-9.87351e-4;-1.117502;883.534203;1 out of 5
883.533216;883.533216;"PI(18:1(9Z)-O(12,13)/20:2(11Z,14Z))";[M-H2O-H];C47H83O14P;-9.87351e-4;-1.117502;883.534203;1 out of 5
884.536695;884.536695;Sodium aluminium phosphate;[M+Na-H2];Al3NaO32P8;2.83002e-4;0.319944;884.536412;2 out of 5
885.548486;885.548486;"PI(18:0/18:1(9Z))";[M+Na-H2];C45H85O13P;1.03968e-3;1.174056;885.547446;2 out of 5
885.548486;885.548486;"PG(i-19:0/PGF1alpha)";[M+Na-H2];C45H85O13P;1.03921e-3;1.173517;885.547447;2 out of 5
885.548486;885.548486;"PG(PGF1alpha/i-19:0)";[M+Na-H2];C45H85O13P;1.03921e-3;1.173517;885.547447;2 out of 5
885.548486;885.548486;"PI(16:0/22:4(10Z,13Z,16Z,19Z))";[M-H];C47H83O13P;-1.36625e-3;-1.542831;885.549852;1 out of 5
885.548486;885.548486;"PI(16:0/22:4(7Z,10Z,13Z,16Z))";[M-H];C47H83O13P;-1.36625e-3;-1.542831;885.549852;1 out of 5
885.548486;885.548486;"PI(18:0/20:4(8Z,11Z,14Z,17Z))";[M-H];C47H83O13P;-1.36625e-3;-1.542831;885.549852;1 out of 5
885.548486;885.548486;"PI(18:1(11Z)/20:3(5Z,8Z,11Z))";[M-H];C47H83O13P;-1.36625e-3;-1.542831;885.549852;1 out of 5
885.548486;885.548486;"PI(18:1(11Z)/20:3(8Z,11Z,14Z))";[M-H];C47H83O13P;-1.36625e-3;-1.542831;885.549852;1 out of 5
885.548486;885.548486;"PI(18:1(9Z)/20:3(5Z,8Z,11Z))";[M-H];C47H83O13P;-1.36625e-3;-1.542831;885.549852;1 out of 5
885.548486;885.548486;"PI(18:1(9Z)/20:3(8Z,11Z,14Z))";[M-H];C47H83O13P;-1.36625e-3;-1.542831;885.549852;1 out of 5
885.548486;885.548486;"PI(18:2(9Z,12Z)/20:2(11Z,14Z))";[M-H];C47H83O13P;-1.36625e-3;-1.542831;885.549852;1 out of 5
885.548486;885.548486;"PI(20:2(11Z,14Z)/18:2(9Z,12Z))";[M-H];C47H83O13P;-1.36625e-3;-1.542831;885.549852;1 out of 5
885.548486;885.548486;"PI(20:3(5Z,8Z,11Z)/18:1(11Z))";[M-H];C47H83O13P;-1.36625e-3;-1.542831;885.549852;1 out of 5
885.548486;885.548486;"PI(20:3(5Z,8Z,11Z)/18:1(9Z))";[M-H];C47H83O13P;-1.36625e-3;-1.542831;885.549852;1 out of 5
885.548486;885.548486;"PI(20:3(8Z,11Z,14Z)/18:1(11Z))";[M-H];C47H83O13P;-1.36625e-3;-1.542831;885.549852;1 out of 5
885.548486;885.548486;"PI(20:3(8Z,11Z,14Z)/18:1(9Z))";[M-H];C47H83O13P;-1.36625e-3;-1.542831;885.549852;1 out of 5
885.548486;885.548486;"PI(20:4(5Z,8Z,11Z,14Z)/18:0)";[M-H];C47H83O13P;-1.36625e-3;-1.542831;885.549852;1 out of 5
885.548486;885.548486;"PI(20:4(8Z,11Z,14Z,17Z)/18:0)";[M-H];C47H83O13P;-1.36625e-3;-1.542831;885.549852;1 out of 5
885.548486;885.548486;"PI(22:4(10Z,13Z,16Z,19Z)/16:0)";[M-H];C47H83O13P;-1.36625e-3;-1.542831;885.549852;1 out of 5
885.548486;885.548486;"PI(22:4(7Z,10Z,13Z,16Z)/16:0)";[M-H];C47H83O13P;-1.36625e-3;-1.542831;885.549852;1 out of 5
885.548486;885.548486;"PI(18:0/20:4(5Z,8Z,11Z,14Z))";[M-H];C47H83O13P;-1.36673e-3;-1.543370;885.549853;1 out of 5
885.548486;885.548486;"PG(a-21:0/20:5(7Z,9Z,11E,13E,17Z)-3OH(5,6,15))";[M-H];C47H83O13P;-1.36673e-3;-1.543370;885.549853;1 out of 5
885.548486;885.548486;"PG(20:5(7Z,9Z,11E,13E,17Z)-3OH(5,6,15)/a-21:0)";[M-H];C47H83O13P;-1.36673e-3;-1.543370;885.549853;1 out of 5
885.548486;885.548486;"PG(i-21:0/20:5(7Z,9Z,11E,13E,17Z)-3OH(5,6,15))";[M-H];C47H83O13P;-1.36673e-3;-1.543370;885.549853;1 out of 5
885.548486;885.548486;"PG(20:5(7Z,9Z,11E,13E,17Z)-3OH(5,6,15)/i-21:0)";[M-H];C47H83O13P;-1.36673e-3;-1.543370;885.549853;1 out of 5
885.548486;885.548486;"PI(18:0/20:3(6,8,11)-OH(5))";[M-H2O-H];C47H85O14P;-1.36742e-3;-1.544142;885.549853;1 out of 5
885.548486;885.548486;"PI(20:3(6,8,11)-OH(5)/18:0)";[M-H2O-H];C47H85O14P;-1.36742e-3;-1.544142;885.549853;1 out of 5
885.548486;885.548486;"PI(20:0/18:2(10E,12Z)+=O(9))";[M-H2O-H];C47H85O14P;-1.36742e-3;-1.544142;885.549853;1 out of 5
885.548486;885.548486;"PI(18:2(10E,12Z)+=O(9)/20:0)";[M-H2O-H];C47H85O14P;-1.36742e-3;-1.544142;885.549853;1 out of 5
885.548486;885.548486;"PI(20:0/18:2(9Z,11E)+=O(13))";[M-H2O-H];C47H85O14P;-1.36742e-3;-1.544142;885.549853;1 out of 5
885.548486;885.548486;"PI(18:2(9Z,11E)+=O(13)/20:0)";[M-H2O-H];C47H85O14P;-1.36742e-3;-1.544142;885.549853;1 out of 5
885.548486;885.548486;"PI(20:0/18:3(10,12,15)-OH(9))";[M-H2O-H];C47H85O14P;-1.36742e-3;-1.544142;885.549853;1 out of 5
885.548486;885.548486;"PI(18:3(10,12,15)-OH(9)/20:0)";[M-H2O-H];C47H85O14P;-1.36742e-3;-1.544142;885.549853;1 out of 5
885.548486;885.548486;"PI(20:0/18:3(9,11,15)-OH(13))";[M-H2O-H];C47H85O14P;-1.36742e-3;-1.544142;885.549853;1 out of 5
885.548486;885.548486;"PI(18:3(9,11,15)-OH(13)/20:0)";[M-H2O-H];C47H85O14P;-1.36742e-3;-1.544142;885.549853;1 out of 5
885.548486;885.548486;"PI(20:1(11Z)/18:1(12Z)-O(9S,10R))";[M-H2O-H];C47H85O14P;-1.36742e-3;-1.544142;885.549853;1 out of 5
885.548486;885.548486;"PI(18:1(12Z)-O(9S,10R)/20:1(11Z))";[M-H2O-H];C47H85O14P;-1.36742e-3;-1.544142;885.549853;1 out of 5
885.548486;885.548486;"PI(20:1(11Z)/18:1(9Z)-O(12,13))";[M-H2O-H];C47H85O14P;-1.36742e-3;-1.544142;885.549853;1 out of 5
885.548486;885.548486;"PI(18:1(9Z)-O(12,13)/20:1(11Z))";[M-H2O-H];C47H85O14P;-1.36742e-3;-1.544142;885.549853;1 out of 5
887.564895;887.564895;"PI(16:0/20:0)";[M+Na-H2];C45H87O13P;1.79862e-3;2.026468;887.563096;1 out of 5
887.564895;887.564895;"PI(18:0/18:0)";[M+Na-H2];C45H87O13P;1.79862e-3;2.026468;887.563096;1 out of 5
887.564895;887.564895;"PI(20:0/16:0)";[M+Na-H2];C45H87O13P;1.79862e-3;2.026468;887.563096;1 out of 5
887.564895;887.564895;"Phosphatidylinositols,soya";[M+Na-H2];C45H87O13P;1.79814e-3;2.025930;887.563097;1 out of 5
887.564895;887.564895;"PI(16:0/22:3(10Z,13Z,16Z))";[M-H];C47H85O13P;-6.07318e-4;-0.684251;887.565502;1 out of 5
887.564895;887.564895;"PI(18:0/20:3(5Z,8Z,11Z))";[M-H];C47H85O13P;-6.07318e-4;-0.684251;887.565502;1 out of 5
887.564895;887.564895;"PI(18:0/20:3(8Z,11Z,14Z))";[M-H];C47H85O13P;-6.07318e-4;-0.684251;887.565502;1 out of 5
887.564895;887.564895;"PI(18:2(9Z,12Z)/20:1(11Z))";[M-H];C47H85O13P;-6.07318e-4;-0.684251;887.565502;1 out of 5
887.564895;887.564895;"PI(20:1(11Z)/18:2(9Z,12Z))";[M-H];C47H85O13P;-6.07318e-4;-0.684251;887.565502;1 out of 5
887.564895;887.564895;"PI(20:3(5Z,8Z,11Z)/18:0)";[M-H];C47H85O13P;-6.07318e-4;-0.684251;887.565502;1 out of 5
887.564895;887.564895;"PI(20:3(8Z,11Z,14Z)/18:0)";[M-H];C47H85O13P;-6.07318e-4;-0.684251;887.565502;1 out of 5
887.564895;887.564895;"PI(22:3(10Z,13Z,16Z)/16:0)";[M-H];C47H85O13P;-6.07318e-4;-0.684251;887.565502;1 out of 5
887.564895;887.564895;"PG(a-21:0/PGE2)";[M-H];C47H85O13P;-6.07795e-4;-0.684789;887.565503;1 out of 5
887.564895;887.564895;"PG(PGE2/a-21:0)";[M-H];C47H85O13P;-6.07795e-4;-0.684789;887.565503;1 out of 5
887.564895;887.564895;"PG(a-21:0/PGD2)";[M-H];C47H85O13P;-6.07795e-4;-0.684789;887.565503;1 out of 5
887.564895;887.564895;"PG(PGD2/a-21:0)";[M-H];C47H85O13P;-6.07795e-4;-0.684789;887.565503;1 out of 5
887.564895;887.564895;"PG(a-21:0/20:4(7E,9E,11Z,13E)-3OH(5S,6R,15S))";[M-H];C47H85O13P;-6.07795e-4;-0.684789;887.565503;1 out of 5
887.564895;887.564895;"PG(20:4(7E,9E,11Z,13E)-3OH(5S,6R,15S)/a-21:0)";[M-H];C47H85O13P;-6.07795e-4;-0.684789;887.565503;1 out of 5
887.564895;887.564895;"PG(i-21:0/PGE2)";[M-H];C47H85O13P;-6.07795e-4;-0.684789;887.565503;1 out of 5
887.564895;887.564895;"PG(PGE2/i-21:0)";[M-H];C47H85O13P;-6.07795e-4;-0.684789;887.565503;1 out of 5
887.564895;887.564895;"PG(i-21:0/PGD2)";[M-H];C47H85O13P;-6.07795e-4;-0.684789;887.565503;1 out of 5
887.564895;887.564895;"PG(PGD2/i-21:0)";[M-H];C47H85O13P;-6.07795e-4;-0.684789;887.565503;1 out of 5
887.564895;887.564895;"PG(i-21:0/20:4(7E,9E,11Z,13E)-3OH(5S,6R,15S))";[M-H];C47H85O13P;-6.07795e-4;-0.684789;887.565503;1 out of 5
887.564895;887.564895;"PG(20:4(7E,9E,11Z,13E)-3OH(5S,6R,15S)/i-21:0)";[M-H];C47H85O13P;-6.07795e-4;-0.684789;887.565503;1 out of 5
887.564895;887.564895;"PG(a-21:0/6 keto-PGF1alpha)";[M-H2O-H];C47H87O14P;-6.08479e-4;-0.685560;887.565503;1 out of 5
887.564895;887.564895;"PG(6 keto-PGF1alpha/a-21:0)";[M-H2O-H];C47H87O14P;-6.08479e-4;-0.685560;887.565503;1 out of 5
887.564895;887.564895;"PG(a-21:0/TXB2)";[M-H2O-H];C47H87O14P;-6.08479e-4;-0.685560;887.565503;1 out of 5
887.564895;887.564895;"PG(TXB2/a-21:0)";[M-H2O-H];C47H87O14P;-6.08479e-4;-0.685560;887.565503;1 out of 5
887.564895;887.564895;"PG(i-21:0/6 keto-PGF1alpha)";[M-H2O-H];C47H87O14P;-6.08479e-4;-0.685560;887.565503;1 out of 5
887.564895;887.564895;"PG(6 keto-PGF1alpha/i-21:0)";[M-H2O-H];C47H87O14P;-6.08479e-4;-0.685560;887.565503;1 out of 5
887.564895;887.564895;"PG(i-21:0/TXB2)";[M-H2O-H];C47H87O14P;-6.08479e-4;-0.685560;887.565503;1 out of 5
887.564895;887.564895;"PG(TXB2/i-21:0)";[M-H2O-H];C47H87O14P;-6.08479e-4;-0.685560;887.565503;1 out of 5
887.564895;887.564895;"PI(20:0/18:1(12Z)-O(9S,10R))";[M-H2O-H];C47H87O14P;-6.08479e-4;-0.685560;887.565503;1 out of 5
887.564895;887.564895;"PI(18:1(12Z)-O(9S,10R)/20:0)";[M-H2O-H];C47H87O14P;-6.08479e-4;-0.685560;887.565503;1 out of 5
887.564895;887.564895;"PI(20:0/18:1(9Z)-O(12,13))";[M-H2O-H];C47H87O14P;-6.08479e-4;-0.685560;887.565503;1 out of 5
887.564895;887.564895;"PI(18:1(9Z)-O(12,13)/20:0)";[M-H2O-H];C47H87O14P;-6.08479e-4;-0.685560;887.565503;1 out of 5
887.564895;887.564895;"PC(DiMe(11,3)/DiMe(11,3))";[M+Na-H2];C48H85NO10P;-8.81457e-4;-0.993117;887.565776;1 out of 5
887.564895;887.564895;"PC(DiMe(11,3)/DiMe(9,5))";[M+Na-H2];C48H85NO10P;-8.81457e-4;-0.993117;887.565776;1 out of 5
887.564895;887.564895;"PC(DiMe(11,5)/DiMe(9,3))";[M+Na-H2];C48H85NO10P;-8.81457e-4;-0.993117;887.565776;1 out of 5
887.564895;887.564895;"PC(DiMe(9,3)/DiMe(11,5))";[M+Na-H2];C48H85NO10P;-8.81457e-4;-0.993117;887.565776;1 out of 5
887.564895;887.564895;"PC(DiMe(9,5)/DiMe(11,3))";[M+Na-H2];C48H85NO10P;-8.81457e-4;-0.993117;887.565776;1 out of 5
887.564895;887.564895;"PC(DiMe(9,5)/DiMe(9,5))";[M+Na-H2];C48H85NO10P;-8.81457e-4;-0.993117;887.565776;1 out of 5
887.564895;887.564895;"PC(MonoMe(11,3)/MonoMe(11,5))";[M+Na-H2];C48H85NO10P;-8.81457e-4;-0.993117;887.565776;1 out of 5
887.564895;887.564895;"PC(MonoMe(11,5)/MonoMe(11,3))";[M+Na-H2];C48H85NO10P;-8.81457e-4;-0.993117;887.565776;1 out of 5
887.564895;887.564895;"PC(MonoMe(11,5)/MonoMe(9,5))";[M+Na-H2];C48H85NO10P;-8.81457e-4;-0.993117;887.565776;1 out of 5
887.564895;887.564895;"PC(MonoMe(9,5)/MonoMe(11,5))";[M+Na-H2];C48H85NO10P;-8.81457e-4;-0.993117;887.565776;1 out of 5
889.579353;889.579353;"PI(16:0/22:2(13Z,16Z))";[M-H];C47H87O13P;-1.79938e-3;-2.022729;889.581152;1 out of 5
889.579353;889.579353;"PI(18:0/20:2(11Z,14Z))";[M-H];C47H87O13P;-1.79938e-3;-2.022729;889.581152;1 out of 5
889.579353;889.579353;"PI(18:1(11Z)/20:1(11Z))";[M-H];C47H87O13P;-1.79938e-3;-2.022729;889.581152;1 out of 5
889.579353;889.579353;"PI(18:1(9Z)/20:1(11Z))";[M-H];C47H87O13P;-1.79938e-3;-2.022729;889.581152;1 out of 5
889.579353;889.579353;"PI(18:2(9Z,12Z)/20:0)";[M-H];C47H87O13P;-1.79938e-3;-2.022729;889.581152;1 out of 5
889.579353;889.579353;"PI(20:0/18:2(9Z,12Z))";[M-H];C47H87O13P;-1.79938e-3;-2.022729;889.581152;1 out of 5
889.579353;889.579353;"PI(20:1(11Z)/18:1(11Z))";[M-H];C47H87O13P;-1.79938e-3;-2.022729;889.581152;1 out of 5
889.579353;889.579353;"PI(20:1(11Z)/18:1(9Z))";[M-H];C47H87O13P;-1.79938e-3;-2.022729;889.581152;1 out of 5
889.579353;889.579353;"PI(20:2(11Z,14Z)/18:0)";[M-H];C47H87O13P;-1.79938e-3;-2.022729;889.581152;1 out of 5
889.579353;889.579353;"PI(22:2(13Z,16Z)/16:0)";[M-H];C47H87O13P;-1.79938e-3;-2.022729;889.581152;1 out of 5
889.579353;889.579353;"PG(a-21:0/PGF2alpha)";[M-H];C47H87O13P;-1.79986e-3;-2.023266;889.581153;1 out of 5
889.579353;889.579353;"PG(PGF2alpha/a-21:0)";[M-H];C47H87O13P;-1.79986e-3;-2.023266;889.581153;1 out of 5
889.579353;889.579353;"PG(a-21:0/PGE1)";[M-H];C47H87O13P;-1.79986e-3;-2.023266;889.581153;1 out of 5
889.579353;889.579353;"PG(PGE1/a-21:0)";[M-H];C47H87O13P;-1.79986e-3;-2.023266;889.581153;1 out of 5
889.579353;889.579353;"PG(a-21:0/PGD1)";[M-H];C47H87O13P;-1.79986e-3;-2.023266;889.581153;1 out of 5
889.579353;889.579353;"PG(PGD1/a-21:0)";[M-H];C47H87O13P;-1.79986e-3;-2.023266;889.581153;1 out of 5
889.579353;889.579353;"PG(i-21:0/PGF2alpha)";[M-H];C47H87O13P;-1.79986e-3;-2.023266;889.581153;1 out of 5
889.579353;889.579353;"PG(PGF2alpha/i-21:0)";[M-H];C47H87O13P;-1.79986e-3;-2.023266;889.581153;1 out of 5
889.579353;889.579353;"PG(i-21:0/PGE1)";[M-H];C47H87O13P;-1.79986e-3;-2.023266;889.581153;1 out of 5
889.579353;889.579353;"PG(PGE1/i-21:0)";[M-H];C47H87O13P;-1.79986e-3;-2.023266;889.581153;1 out of 5
889.579353;889.579353;"PG(i-21:0/PGD1)";[M-H];C47H87O13P;-1.79986e-3;-2.023266;889.581153;1 out of 5
889.579353;889.579353;"PG(PGD1/i-21:0)";[M-H];C47H87O13P;-1.79986e-3;-2.023266;889.581153;1 out of 5
