"Observed m/z";"Adjusted m/z";Matched name;Adduct;Formula;Matched delta mass (Da);Matched difference (ppm);Matched theoretical mass;Coverage
108.901981;108.901981;Potassium chloride;[M+Cl];ClK;2.06111e-5;0.189263;108.901961;1 out of 5
110.899036;110.899036;Selenite;[M-H2O-H];H2O3Se;-3.89103e-5;-0.350862;110.899075;1 out of 5
112.985620;112.985620;"Fluoro 2,2-difluoroacetate";[M-H];C2HF3O2;3.35082e-5;0.296571;112.985587;1 out of 5
112.985620;112.985620;Trifluoroacetic acid;[M-H];C2HF3O2;3.33782e-5;0.295420;112.985587;1 out of 5
112.985620;112.985620;Hydroxymethyl hydrogen carbonate;[M+Na-H2];C2H4O4;-5.33981e-6;-0.047261;112.985626;1 out of 5
114.926237;114.926237;"Carbonothioic O,S-acid";[M+K-H2];CH2O2S;8.16066e-5;0.710079;114.926155;1 out of 5
114.926237;114.926237;Chlorosulfonic acid;[M-H];ClHO3S;2.12846e-5;0.185202;114.926216;1 out of 5
114.926237;114.926237;Sulfur trioxide;[M+Cl];O3S;2.10506e-5;0.183166;114.926216;1 out of 5
114.935750;114.935750;"Poly(acrylic acid-co-hypophosphite), sodium salt";[M+K-H2];CH3O2P;7.86442e-5;0.684246;114.935671;1 out of 5
114.935750;114.935750;Metaphosphoric acid;[M+Cl];HO3P;1.85692e-5;0.161562;114.935731;1 out of 5
114.935750;114.935750;Acetyl chloride;[M+K-H2];C2H3ClO;-9.74208e-5;-0.847610;114.935847;1 out of 5
114.935750;114.935750;Chloroacetaldehyde;[M+K-H2];C2H3ClO;-9.74458e-5;-0.847827;114.935847;1 out of 5
119.947002;119.947002;Sodium nitrate (NaNO3);[M+Cl];NNaO3;1.30323e-5;0.108650;119.946989;1 out of 5
122.985264;122.985264;phosphonoacetaldehyde;[M-H];C2H5O4P;-4.36008e-6;-0.035452;122.985268;2 out of 5
122.985264;122.985264;"2-Butyne-1,4-diol";[M+K-H2];C4H6O2;-1.20633e-4;-0.980873;122.985384;1 out of 5
122.985264;122.985264;"2,2'-Bioxirane";[M+K-H2];C4H6O2;-1.20633e-4;-0.980873;122.985384;1 out of 5
122.985264;122.985264;Acetoacetaldehyde;[M+K-H2];C4H6O2;-1.20633e-4;-0.980873;122.985384;1 out of 5
122.985264;122.985264;Allyl formate;[M+K-H2];C4H6O2;-1.20633e-4;-0.980873;122.985384;1 out of 5
122.985264;122.985264;Cyclopropanecarboxylic acid;[M+K-H2];C4H6O2;-1.20633e-4;-0.980873;122.985384;1 out of 5
122.985264;122.985264;"Butanal, 2-oxo-";[M+K-H2];C4H6O2;-1.20633e-4;-0.980873;122.985384;1 out of 5
122.985264;122.985264;Methylmalondialdehyde;[M+K-H2];C4H6O2;-1.20633e-4;-0.980873;122.985384;1 out of 5
122.985264;122.985264;Succinaldehyde;[M+K-H2];C4H6O2;-1.20633e-4;-0.980873;122.985384;1 out of 5
122.985264;122.985264;gamma-Butyrolactone;[M+K-H2];C4H6O2;-1.20636e-4;-0.980898;122.985384;1 out of 5
122.985264;122.985264;Oxolan-3-one;[M+K-H2];C4H6O2;-1.20636e-4;-0.980898;122.985384;1 out of 5
122.985264;122.985264;Diacetyl;[M+K-H2];C4H6O2;-1.20636e-4;-0.980898;122.985384;1 out of 5
122.985264;122.985264;But-2-enoic acid;[M+K-H2];C4H6O2;-1.20636e-4;-0.980898;122.985384;1 out of 5
122.985264;122.985264;Ethenyl acetate;[M+K-H2];C4H6O2;-1.20636e-4;-0.980898;122.985384;1 out of 5
122.985264;122.985264;Methyl acrylate;[M+K-H2];C4H6O2;-1.20636e-4;-0.980898;122.985384;1 out of 5
122.985264;122.985264;Isocrotonic acid;[M+K-H2];C4H6O2;-1.20636e-4;-0.980898;122.985384;1 out of 5
122.985264;122.985264;METHACRYLIC ACID;[M+K-H2];C4H6O2;-1.20636e-4;-0.980898;122.985384;1 out of 5
124.007409;124.007409;Taurine;[M-H];C2H7NO3S;2.25896e-5;0.182164;124.007387;2 out of 5
124.007409;124.007409;3h-Taurine;[M-H];C2H7NO3S;2.21116e-5;0.178309;124.007387;2 out of 5
124.007409;124.007409;Sulfonamidoethanol;[M-H];C2H7NO3S;2.21116e-5;0.178309;124.007387;2 out of 5
125.001099;125.001099;"1,3-Dioxane";[M+K-H2];C4H8O2;6.41700e-5;0.513355;125.001034;1 out of 5
125.001099;125.001099;"3-Butene-1,2-diol";[M+K-H2];C4H8O2;6.41700e-5;0.513355;125.001034;1 out of 5
125.001099;125.001099;Butyric acid;[M+K-H2];C4H8O2;6.41680e-5;0.513339;125.001035;1 out of 5
125.001099;125.001099;Isobutyric acid;[M+K-H2];C4H8O2;6.41680e-5;0.513339;125.001035;1 out of 5
125.001099;125.001099;Acetoin;[M+K-H2];C4H8O2;6.41680e-5;0.513339;125.001035;1 out of 5
125.001099;125.001099;Methyl propionate;[M+K-H2];C4H8O2;6.41680e-5;0.513339;125.001035;1 out of 5
125.001099;125.001099;Ethyl acetate;[M+K-H2];C4H8O2;6.41680e-5;0.513339;125.001035;1 out of 5
125.001099;125.001099;1-Hydroxy-2-butanone;[M+K-H2];C4H8O2;6.41680e-5;0.513339;125.001035;1 out of 5
125.001099;125.001099;Propyl formate;[M+K-H2];C4H8O2;6.41680e-5;0.513339;125.001035;1 out of 5
125.001099;125.001099;Isopropyl formate;[M+K-H2];C4H8O2;6.41680e-5;0.513339;125.001035;1 out of 5
125.001099;125.001099;Dioxane;[M+K-H2];C4H8O2;6.41680e-5;0.513339;125.001035;1 out of 5
125.001099;125.001099;(R)-Acetoin;[M+K-H2];C4H8O2;6.41680e-5;0.513339;125.001035;1 out of 5
125.001099;125.001099;"1,2,4-Trioxane";[M+Cl];C3H6O3;3.61496e-6;0.028919;125.001095;1 out of 5
125.001099;125.001099;"1,3,5-Trioxane";[M+Cl];C3H6O3;3.61496e-6;0.028919;125.001095;1 out of 5
125.001099;125.001099;Methyl ethaneperoxoate;[M+Cl];C3H6O3;3.61496e-6;0.028919;125.001095;1 out of 5
125.001099;125.001099;L-Lactic acid;[M+Cl];C3H6O3;3.60996e-6;0.028879;125.001095;1 out of 5
125.001099;125.001099;Hydroxypropionic acid;[M+Cl];C3H6O3;3.60996e-6;0.028879;125.001095;1 out of 5
125.001099;125.001099;Glyceraldehyde;[M+Cl];C3H6O3;3.60996e-6;0.028879;125.001095;1 out of 5
125.001099;125.001099;D-Lactic acid;[M+Cl];C3H6O3;3.60996e-6;0.028879;125.001095;1 out of 5
125.001099;125.001099;Dihydroxyacetone;[M+Cl];C3H6O3;3.60996e-6;0.028879;125.001095;1 out of 5
125.001099;125.001099;Dimethyl carbonate;[M+Cl];C3H6O3;3.60996e-6;0.028879;125.001095;1 out of 5
125.001099;125.001099;Monoethyl carbonate;[M+Cl];C3H6O3;3.60996e-6;0.028879;125.001095;1 out of 5
125.001099;125.001099;Methoxyacetic acid;[M+Cl];C3H6O3;3.60996e-6;0.028879;125.001095;1 out of 5
126.905040;126.905040;I(-);[M-H];HI;2.34462e-5;0.184754;126.905016;1 out of 5
128.892164;128.892164;Magnesium dichloride;[M+Cl];Cl2Mg;1.54187e-5;0.119625;128.892148;1 out of 5
132.030235;132.030235;L-Aspartic acid;[M-H];C4H7NO4;3.91327e-6;0.029639;132.030231;2 out of 5
132.030235;132.030235;D-Aspartic acid;[M-H];C4H7NO4;3.91327e-6;0.029639;132.030231;2 out of 5
132.030235;132.030235;Iminodiacetic acid;[M-H];C4H7NO4;3.91327e-6;0.029639;132.030231;2 out of 5
132.946294;132.946294;Methylphosphonic acid;[M+K-H2];CH5O3P;5.80681e-5;0.436778;132.946236;1 out of 5
132.946294;132.946294;Phosphate;[M+Cl];H3O4P;-2.48994e-6;-0.018729;132.946296;1 out of 5
132.946294;132.946294;"2-Chloroethane-1,1-diol";[M+K-H2];C2H5ClO2;-1.18494e-4;-0.891291;132.946412;1 out of 5
132.946294;132.946294;Potassium acetate;[M+Cl];C2H3KO2;-1.18595e-4;-0.892051;132.946412;1 out of 5
133.014276;133.014276;2-Carboxyoxypropanoic acid;[M-H];C4H6O5;2.99166e-5;0.224913;133.014246;3 out of 5
133.014276;133.014276;Malic acid;[M-H];C4H6O5;2.99076e-5;0.224845;133.014246;3 out of 5
133.014276;133.014276;D-Malic acid;[M-H];C4H6O5;2.99076e-5;0.224845;133.014246;3 out of 5
133.014276;133.014276;Velcorin;[M-H];C4H6O5;2.99076e-5;0.224845;133.014246;3 out of 5
133.014276;133.014276;Diglycolic acid;[M-H];C4H6O5;2.99076e-5;0.224845;133.014246;3 out of 5
134.985269;134.985269;2-Phosphonopropionic acid;[M-H2O-H];C3H7O5P;-3.50812e-7;-0.002599;134.985269;3 out of 5
134.985269;134.985269;alpha-Methylene-gamma-butyrolactone;[M+K-H2];C5H6O2;-1.15461e-4;-0.855358;134.985384;1 out of 5
134.985269;134.985269;2-Pentenedial;[M+K-H2];C5H6O2;-1.15461e-4;-0.855358;134.985384;1 out of 5
134.985269;134.985269;5-Methyl-3(2H)-furanone;[M+K-H2];C5H6O2;-1.15461e-4;-0.855358;134.985384;1 out of 5
134.985269;134.985269;2-Furanmethanol;[M+K-H2];C5H6O2;-1.15464e-4;-0.855380;134.985384;1 out of 5
134.985269;134.985269;5-Methyl-2(3H)-furanone;[M+K-H2];C5H6O2;-1.15464e-4;-0.855380;134.985384;1 out of 5
134.985269;134.985269;5-Hydroxy-4-pentenoic acid d-lactone;[M+K-H2];C5H6O2;-1.15464e-4;-0.855380;134.985384;1 out of 5
136.917686;136.917686;Sodium metaphosphate;[M+Cl];NaO3P;1.00416e-5;0.073340;136.917676;1 out of 5
140.011839;140.011839;"Furo[3,2-b]pyridine";[M+Na-H2];C7H5NO;5.82127e-5;0.415770;140.011781;1 out of 5
140.011839;140.011839;"1,2-Diacylglycerol-LD-PI-pool";[M+Na-H2];C7H5NO;5.82107e-5;0.415756;140.011781;1 out of 5
140.011839;140.011839;"1,2-Benzisoxazole";[M+Na-H2];C7H5NO;5.82107e-5;0.415756;140.011781;1 out of 5
140.011839;140.011839;Benzoxazole;[M+Na-H2];C7H5NO;5.82107e-5;0.415756;140.011781;1 out of 5
140.011839;140.011839;O-Phosphoethanolamine;[M-H];C2H8NO4P;2.17367e-5;0.155249;140.011817;2 out of 5
140.011839;140.011839;Aminoethanol phosphate;[M-H];C2H8NO4P;2.12577e-5;0.151828;140.011818;2 out of 5
140.011839;140.011839;"Propanamide, 2-hydroxy-2-methyl-";[M+K-H2];C4H9NO2;-9.45363e-5;-0.675202;140.011934;1 out of 5
140.011839;140.011839;1-Amino-4-hydroxybutan-2-one;[M+K-H2];C4H9NO2;-9.45363e-5;-0.675202;140.011934;1 out of 5
140.011839;140.011839;Isobutyl nitrite;[M+K-H2];C4H9NO2;-9.45363e-5;-0.675202;140.011934;1 out of 5
140.011839;140.011839;N-Methyl-DL-alanine;[M+K-H2];C4H9NO2;-9.45363e-5;-0.675202;140.011934;1 out of 5
140.011839;140.011839;Dimethylglycine;[M+K-H2];C4H9NO2;-9.45393e-5;-0.675223;140.011934;1 out of 5
140.011839;140.011839;gamma-Aminobutyric acid;[M+K-H2];C4H9NO2;-9.45393e-5;-0.675223;140.011934;1 out of 5
140.011839;140.011839;L-alpha-Aminobutyric acid;[M+K-H2];C4H9NO2;-9.45393e-5;-0.675223;140.011934;1 out of 5
140.011839;140.011839;D-alpha-Aminobutyric acid;[M+K-H2];C4H9NO2;-9.45393e-5;-0.675223;140.011934;1 out of 5
140.011839;140.011839;2-Aminoisobutyric acid;[M+K-H2];C4H9NO2;-9.45393e-5;-0.675223;140.011934;1 out of 5
140.011839;140.011839;(S)-beta-Aminoisobutyric acid;[M+K-H2];C4H9NO2;-9.45393e-5;-0.675223;140.011934;1 out of 5
140.011839;140.011839;(R)-beta-Aminoisobutyric acid;[M+K-H2];C4H9NO2;-9.45393e-5;-0.675223;140.011934;1 out of 5
140.011839;140.011839;3-Aminoisobutanoic acid;[M+K-H2];C4H9NO2;-9.45393e-5;-0.675223;140.011934;1 out of 5
140.011839;140.011839;Butyl nitrite;[M+K-H2];C4H9NO2;-9.45393e-5;-0.675223;140.011934;1 out of 5
140.011839;140.011839;3-Aminobutanoic acid;[M+K-H2];C4H9NO2;-9.45393e-5;-0.675223;140.011934;1 out of 5
140.011839;140.011839;O-Acetylethanolamine;[M+K-H2];C4H9NO2;-9.45393e-5;-0.675223;140.011934;1 out of 5
140.011839;140.011839;N-Ethylglycine;[M+K-H2];C4H9NO2;-9.45393e-5;-0.675223;140.011934;1 out of 5
140.011839;140.011839;N-Methylalanine;[M+K-H2];C4H9NO2;-9.45393e-5;-0.675223;140.011934;1 out of 5
140.011839;140.011839;alpha-Aminobutyric acid;[M+K-H2];C4H9NO2;-9.45393e-5;-0.675223;140.011934;1 out of 5
140.011839;140.011839;Ethyl glycinate;[M+K-H2];C4H9NO2;-9.45393e-5;-0.675223;140.011934;1 out of 5
144.869692;144.869692;Calcium chloride (CaCl2);[M+Cl];CaCl2;-5.77133e-6;-0.039838;144.869698;1 out of 5
144.869692;144.869692;tetraphosphorus;[M+Na-H2];P4;-2.12503e-5;-0.146686;144.869713;2 out of 5
145.061863;145.061863;Alanylglycine;[M-H];C5H10N2O3;-2.46951e-6;-0.017024;145.061865;2 out of 5
145.061863;145.061863;Cyclic Urea;[M-H];C5H10N2O3;-2.46951e-6;-0.017024;145.061865;2 out of 5
145.061863;145.061863;Glycyl-D-Alanine;[M-H];C5H10N2O3;-2.46951e-6;-0.017024;145.061865;2 out of 5
145.061863;145.061863;Glycylsarcosine;[M-H];C5H10N2O3;-2.46951e-6;-0.017024;145.061865;2 out of 5
145.061863;145.061863;D-Alanyl glycine;[M-H];C5H10N2O3;-2.46951e-6;-0.017024;145.061865;2 out of 5
145.061863;145.061863;L-Glutamine;[M-H];C5H10N2O3;-2.47551e-6;-0.017065;145.061865;2 out of 5
145.061863;145.061863;Ureidoisobutyric acid;[M-H];C5H10N2O3;-2.47551e-6;-0.017065;145.061865;2 out of 5
145.061863;145.061863;D-Glutamine;[M-H];C5H10N2O3;-2.47551e-6;-0.017065;145.061865;2 out of 5
145.061863;145.061863;3-ureido-isobutyrate;[M-H];C5H10N2O3;-2.47551e-6;-0.017065;145.061865;2 out of 5
146.045884;146.045884;N-lactoyl-Glycine;[M-H];C5H9NO4;3.71835e-6;0.025460;146.045881;2 out of 5
146.045884;146.045884;5-Hydroxy-4-oxo-L-norvaline;[M-H];C5H9NO4;3.71835e-6;0.025460;146.045881;2 out of 5
146.045884;146.045884;Alanine acetate;[M-H];C5H9NO4;3.71835e-6;0.025460;146.045881;2 out of 5
146.045884;146.045884;N-Methyl-DL-aspartic acid;[M-H];C5H9NO4;3.71835e-6;0.025460;146.045881;2 out of 5
146.045884;146.045884;L-Glutamic acid;[M-H];C5H9NO4;3.71135e-6;0.025412;146.045881;2 out of 5
146.045884;146.045884;N-Methyl-D-aspartic acid;[M-H];C5H9NO4;3.71135e-6;0.025412;146.045881;2 out of 5
146.045884;146.045884;N-Acetylserine;[M-H];C5H9NO4;3.71135e-6;0.025412;146.045881;2 out of 5
146.045884;146.045884;O-Acetylserine;[M-H];C5H9NO4;3.71135e-6;0.025412;146.045881;2 out of 5
146.045884;146.045884;D-Glutamic acid;[M-H];C5H9NO4;3.71135e-6;0.025412;146.045881;2 out of 5
146.045884;146.045884;L-4-Hydroxyglutamate semialdehyde;[M-H];C5H9NO4;3.71135e-6;0.025412;146.045881;2 out of 5
146.045884;146.045884;3-(Carboxymethylamino)propanoic acid;[M-H];C5H9NO4;3.71135e-6;0.025412;146.045881;2 out of 5
146.045884;146.045884;DL-Glutamate;[M-H];C5H9NO4;3.71135e-6;0.025412;146.045881;2 out of 5
146.983054;146.983054;Sodium lactate;[M+Cl];C3H5NaO3;1.40274e-5;0.095435;146.983040;1 out of 5
150.912413;150.912413;Iron(II) fumarate;[M-H2O-H];C4H2FeO4;3.13053e-6;0.020744;150.912410;2 out of 5
150.912413;150.912413;"1,2-Diacylglycerol-LD-SM-pool";[M-H];Sm;-3.84285e-5;-0.254641;150.912451;2 out of 5
150.912413;150.912413;"2,2-Dichloroethanol";[M+K-H2];C2H4Cl2O;-1.12284e-4;-0.744037;150.912525;1 out of 5
152.002301;152.002301;3-Sulfinoalanine;[M-H];C3H7NO4S;-8.72574e-7;-0.005741;152.002301;1 out of 5
152.002301;152.002301;Cysteine sulfinic acid;[M-H];C3H7NO4S;-1.34857e-6;-0.008872;152.002302;1 out of 5
152.883706;152.883706;Chloroform;[M+Cl];CHCl3;-7.80763e-5;-0.510691;152.883784;1 out of 5
152.995808;152.995808;"2,4,6-Octatriynoic acid";[M+Na-H2];C8H4O2;1.19690e-5;0.078231;152.995796;1 out of 5
152.995808;152.995808;2-Phosphonopropionic acid;[M-H];C3H7O5P;-2.49820e-5;-0.163285;152.995833;3 out of 5
152.995808;152.995808;Glycerol 3-phosphate;[M-H2O-H];C3H9O6P;-2.51910e-5;-0.164651;152.995834;3 out of 5
152.995808;152.995808;beta-Glycerophosphoric acid;[M-H2O-H];C3H9O6P;-2.51910e-5;-0.164651;152.995834;3 out of 5
152.995808;152.995808;Glycerophosphoric acid;[M-H2O-H];C3H9O6P;-2.51910e-5;-0.164651;152.995834;3 out of 5
152.995808;152.995808;2-Methylacetoacetic acid;[M+K-H2];C5H8O3;-1.40777e-4;-0.920135;152.995949;1 out of 5
152.995808;152.995808;3-Oxopentanoic acid;[M+K-H2];C5H8O3;-1.40777e-4;-0.920135;152.995949;1 out of 5
152.995808;152.995808;alpha-Ketoisovaleric acid;[M+K-H2];C5H8O3;-1.40781e-4;-0.920161;152.995949;1 out of 5
152.995808;152.995808;Methylacetoacetic acid;[M+K-H2];C5H8O3;-1.40781e-4;-0.920161;152.995949;1 out of 5
152.995808;152.995808;Levulinic acid;[M+K-H2];C5H8O3;-1.40781e-4;-0.920161;152.995949;1 out of 5
152.995808;152.995808;2-Oxovaleric acid;[M+K-H2];C5H8O3;-1.40781e-4;-0.920161;152.995949;1 out of 5
152.995808;152.995808;Glutarate semialdehyde;[M+K-H2];C5H8O3;-1.40781e-4;-0.920161;152.995949;1 out of 5
152.995808;152.995808;Ethyl pyruvate;[M+K-H2];C5H8O3;-1.40781e-4;-0.920161;152.995949;1 out of 5
152.995808;152.995808;Acetoxyacetone;[M+K-H2];C5H8O3;-1.40781e-4;-0.920161;152.995949;1 out of 5
153.019329;153.019329;Gentisic acid;[M-H];C7H6O4;-2.97352e-6;-0.019432;153.019332;2 out of 5
153.019329;153.019329;2-Pyrocatechuic acid;[M-H];C7H6O4;-2.97352e-6;-0.019432;153.019332;2 out of 5
153.019329;153.019329;Protocatechuic acid;[M-H];C7H6O4;-2.97352e-6;-0.019432;153.019332;2 out of 5
153.019329;153.019329;"2,6-Dihydroxybenzoic acid";[M-H];C7H6O4;-2.97352e-6;-0.019432;153.019332;2 out of 5
153.019329;153.019329;"3,5-Dihydroxybenzoic acid";[M-H];C7H6O4;-2.97352e-6;-0.019432;153.019332;2 out of 5
153.019329;153.019329;"2,4-Dihydroxybenzoic acid";[M-H];C7H6O4;-2.97352e-6;-0.019432;153.019332;2 out of 5
153.019329;153.019329;"2,4,6-trihydroxybenzaldehyde";[M-H];C7H6O4;-2.97352e-6;-0.019432;153.019332;2 out of 5
153.019329;153.019329;Terreic acid;[M-H];C7H6O4;-2.97352e-6;-0.019432;153.019332;2 out of 5
153.019329;153.019329;Patulin;[M-H];C7H6O4;-2.98052e-6;-0.019478;153.019332;2 out of 5
153.019329;153.019329;"3,4,5-Trihydroxybenzaldehyde";[M-H];C7H6O4;-2.98052e-6;-0.019478;153.019332;2 out of 5
154.918744;154.918744;Sodium hydrogen sulfate;[M+Cl];HNaO4S;1.89726e-5;0.122468;154.918725;1 out of 5
154.928248;154.928248;Sodium phosphate (Na(H2PO4));[M+Cl];H2NaO4P;6.87078e-6;0.044348;154.928241;1 out of 5
154.928248;154.928248;"2-Chloro-1,1,1-trifluoroethane";[M+K-H2];C2H2ClF3;-6.96902e-5;-0.449822;154.928317;1 out of 5
158.925372;158.925372;Pyrophosphate;[M-H2O-H];H4O7P2;-1.25304e-5;-0.078845;158.925385;2 out of 5
158.961922;158.961922;phosphonoacetaldehyde;[M+Cl];C2H5O4P;-2.46095e-5;-0.154814;158.961946;2 out of 5
158.961922;158.961922;Propyl chloroformate;[M+K-H2];C4H7ClO2;-1.40649e-4;-0.884799;158.962062;1 out of 5
159.984078;159.984078;Taurine;[M+Cl];C2H7NO3S;1.28208e-5;0.080138;159.984065;2 out of 5
159.984078;159.984078;3h-Taurine;[M+Cl];C2H7NO3S;1.23428e-5;0.077150;159.984065;2 out of 5
159.984078;159.984078;Sulfonamidoethanol;[M+Cl];C2H7NO3S;1.23428e-5;0.077150;159.984065;2 out of 5
160.843765;160.843765;tetraphosphorus;[M+K-H2];P4;1.14293e-4;0.710584;160.843651;2 out of 5
165.991075;165.991075;Diatretin 2;[M+Na-H2];C8H3NO2;2.99805e-5;0.180615;165.991045;1 out of 5
165.991075;165.991075;Phosphoserine;[M-H2O-H];C3H8NO6P;-7.17945e-6;-0.043252;165.991083;1 out of 5
165.991075;165.991075;DL-O-Phosphoserine;[M-H2O-H];C3H8NO6P;-7.17945e-6;-0.043252;165.991083;1 out of 5
165.991075;165.991075;3-phospho-L-serine;[M-H2O-H];C3H8NO6P;-7.17945e-6;-0.043252;165.991083;1 out of 5
165.991075;165.991075;"(3R,5S)-1-pyrroline-3-hydroxy-5-carboxylic Acid";[M+K-H2];C5H7NO3;-1.22763e-4;-0.739578;165.991198;1 out of 5
165.991075;165.991075;"3-Hydroxy-1-methylpyrrolidine-2,5-dione";[M+K-H2];C5H7NO3;-1.22763e-4;-0.739578;165.991198;1 out of 5
165.991075;165.991075;4-Oxo-L-proline;[M+K-H2];C5H7NO3;-1.22763e-4;-0.739578;165.991198;1 out of 5
165.991075;165.991075;"1-Methylpyrrole-2,3,5-triol";[M+K-H2];C5H7NO3;-1.22763e-4;-0.739578;165.991198;1 out of 5
165.991075;165.991075;(2S)-6-Oxa-1-azabicyclo[3.1.0]hexane-2-carboxylic acid;[M+K-H2];C5H7NO3;-1.22763e-4;-0.739578;165.991198;1 out of 5
165.991075;165.991075;Pyroglutamic acid;[M+K-H2];C5H7NO3;-1.22769e-4;-0.739614;165.991198;1 out of 5
165.991075;165.991075;Pyrroline hydroxycarboxylic acid;[M+K-H2];C5H7NO3;-1.22769e-4;-0.739614;165.991198;1 out of 5
165.991075;165.991075;N-Acryloylglycine;[M+K-H2];C5H7NO3;-1.22769e-4;-0.739614;165.991198;1 out of 5
165.991075;165.991075;1-Pyrroline-4-hydroxy-2-carboxylate;[M+K-H2];C5H7NO3;-1.22769e-4;-0.739614;165.991198;1 out of 5
165.991075;165.991075;dimethadione;[M+K-H2];C5H7NO3;-1.22769e-4;-0.739614;165.991198;1 out of 5
165.991075;165.991075;pyrrolidone carboxylic acid;[M+K-H2];C5H7NO3;-1.22769e-4;-0.739614;165.991198;1 out of 5
166.017949;166.017949;Homocysteinesulfinic acid;[M-H];C4H9NO4S;-2.50591e-6;-0.015094;166.017951;1 out of 5
166.017949;166.017949;N-Acetyltaurine;[M-H];C4H9NO4S;-2.98291e-6;-0.017967;166.017952;1 out of 5
167.021073;167.021073;Uric acid;[M-H];C5H4N4O3;9.95710e-6;0.059616;167.021063;1 out of 5
168.006909;168.006909;N-Hydroxy-L-proline;[M+K-H2];C5H9NO3;6.05369e-5;0.360324;168.006848;1 out of 5
168.006909;168.006909;1-Hydroxypyrrolidine-3-carboxylic acid;[M+K-H2];C5H9NO3;6.05369e-5;0.360324;168.006848;1 out of 5
168.006909;168.006909;2-Amino-4-oxopentanoic acid;[M+K-H2];C5H9NO3;6.05369e-5;0.360324;168.006848;1 out of 5
168.006909;168.006909;Glutaramic acid;[M+K-H2];C5H9NO3;6.05369e-5;0.360324;168.006848;1 out of 5
168.006909;168.006909;5-Hydroxyproline;[M+K-H2];C5H9NO3;6.05369e-5;0.360324;168.006848;1 out of 5
168.006909;168.006909;N-Acetyl-DL-alanine;[M+K-H2];C5H9NO3;6.05369e-5;0.360324;168.006848;1 out of 5
168.006909;168.006909;4-Hydroxyproline;[M+K-H2];C5H9NO3;6.05319e-5;0.360294;168.006848;1 out of 5
168.006909;168.006909;N-Acetyl-L-alanine;[M+K-H2];C5H9NO3;6.05319e-5;0.360294;168.006848;1 out of 5
168.006909;168.006909;Propionylglycine;[M+K-H2];C5H9NO3;6.05319e-5;0.360294;168.006848;1 out of 5
168.006909;168.006909;5-Aminolevulinic acid;[M+K-H2];C5H9NO3;6.05319e-5;0.360294;168.006848;1 out of 5
168.006909;168.006909;L-Glutamic gamma-semialdehyde;[M+K-H2];C5H9NO3;6.05319e-5;0.360294;168.006848;1 out of 5
168.006909;168.006909;3-Hydroxy-L-proline;[M+K-H2];C5H9NO3;6.05319e-5;0.360294;168.006848;1 out of 5
168.006909;168.006909;5-Amino-2-oxopentanoic acid;[M+K-H2];C5H9NO3;6.05319e-5;0.360294;168.006848;1 out of 5
168.006909;168.006909;Trans-3-hydroxy-L-proline;[M+K-H2];C5H9NO3;6.05319e-5;0.360294;168.006848;1 out of 5
168.006909;168.006909;cis-4-Hydroxy-D-proline;[M+K-H2];C5H9NO3;6.05319e-5;0.360294;168.006848;1 out of 5
168.006909;168.006909;N-Acetyl-beta-alanine;[M+K-H2];C5H9NO3;6.05319e-5;0.360294;168.006848;1 out of 5
168.006909;168.006909;cis-4-Hydroxyproline;[M+K-H2];C5H9NO3;6.05319e-5;0.360294;168.006848;1 out of 5
168.006909;168.006909;3-Hydroxyproline;[M+K-H2];C5H9NO3;6.05319e-5;0.360294;168.006848;1 out of 5
168.006909;168.006909;4-Amino-5-oxo-pentanoic acid;[M+K-H2];C5H9NO3;6.05319e-5;0.360294;168.006848;1 out of 5
168.006909;168.006909;L-Aspartic acid;[M+Cl];C4H7NO4;-2.61112e-8;-0.000155;168.006909;2 out of 5
168.006909;168.006909;D-Aspartic acid;[M+Cl];C4H7NO4;-2.61112e-8;-0.000155;168.006909;2 out of 5
168.006909;168.006909;Iminodiacetic acid;[M+Cl];C4H7NO4;-2.61112e-8;-0.000155;168.006909;2 out of 5
168.043087;168.043087;Cinnamamide;[M+Na-H2];C9H9NO;6.21724e-6;0.036998;168.043081;1 out of 5
168.043087;168.043087;methoxyindole;[M+Na-H2];C9H9NO;6.21724e-6;0.036998;168.043081;1 out of 5
168.043087;168.043087;Phenethyl isocyanate;[M+Na-H2];C9H9NO;6.21724e-6;0.036998;168.043081;1 out of 5
168.043087;168.043087;3-Methyloxindole;[M+Na-H2];C9H9NO;6.21724e-6;0.036998;168.043081;1 out of 5
168.043087;168.043087;Indole-3-carbinol;[M+Na-H2];C9H9NO;6.21624e-6;0.036992;168.043081;1 out of 5
168.043087;168.043087;1-(2-Furanylmethyl)-1H-pyrrole;[M+Na-H2];C9H9NO;6.21624e-6;0.036992;168.043081;1 out of 5
168.043087;168.043087;"4-(2-Furanylmethylene)-3,4-dihydro-2H-pyrrole";[M+Na-H2];C9H9NO;6.21624e-6;0.036992;168.043081;1 out of 5
168.043087;168.043087;3-(2-Furanylmethyl)-1H-pyrrole;[M+Na-H2];C9H9NO;6.21624e-6;0.036992;168.043081;1 out of 5
168.043087;168.043087;5-Methoxyindole;[M+Na-H2];C9H9NO;6.21624e-6;0.036992;168.043081;1 out of 5
168.043087;168.043087;Phosphodimethylethanolamine;[M-H];C4H12NO4P;-3.02578e-5;-0.180060;168.043117;2 out of 5
168.043087;168.043087;Alanine betaine;[M+K-H2];C6H13NO2;-1.46532e-4;-0.871988;168.043234;1 out of 5
168.043087;168.043087;3-Amino-4-methylpentanoic acid;[M+K-H2];C6H13NO2;-1.46532e-4;-0.871988;168.043234;1 out of 5
168.043087;168.043087;DL-Norleucine;[M+K-H2];C6H13NO2;-1.46532e-4;-0.871988;168.043234;1 out of 5
168.043087;168.043087;"L-Valine, methyl ester";[M+K-H2];C6H13NO2;-1.46532e-4;-0.871988;168.043234;1 out of 5
168.043087;168.043087;"1-Hydroxy-5,5-dimethylpyrrolidin-2-ol";[M+K-H2];C6H13NO2;-1.46532e-4;-0.871988;168.043234;1 out of 5
168.043087;168.043087;beta-alanine betaine;[M+K-H2];C6H13NO2;-1.46532e-4;-0.871988;168.043234;1 out of 5
168.043087;168.043087;L-Isoleucine;[M+K-H2];C6H13NO2;-1.46534e-4;-0.872000;168.043234;1 out of 5
168.043087;168.043087;L-Alloisoleucine;[M+K-H2];C6H13NO2;-1.46534e-4;-0.872000;168.043234;1 out of 5
168.043087;168.043087;L-Leucine;[M+K-H2];C6H13NO2;-1.46534e-4;-0.872000;168.043234;1 out of 5
168.043087;168.043087;L-Norleucine;[M+K-H2];C6H13NO2;-1.46534e-4;-0.872000;168.043234;1 out of 5
168.043087;168.043087;Aminocaproic acid;[M+K-H2];C6H13NO2;-1.46534e-4;-0.872000;168.043234;1 out of 5
168.043087;168.043087;Beta-Leucine;[M+K-H2];C6H13NO2;-1.46534e-4;-0.872000;168.043234;1 out of 5
168.043087;168.043087;D-Leucine;[M+K-H2];C6H13NO2;-1.46534e-4;-0.872000;168.043234;1 out of 5
168.043087;168.043087;3-Aminocaproic acid;[M+K-H2];C6H13NO2;-1.46534e-4;-0.872000;168.043234;1 out of 5
168.043087;168.043087;(±)-erythro-Isoleucine;[M+K-H2];C6H13NO2;-1.46534e-4;-0.872000;168.043234;1 out of 5
168.043087;168.043087;6-Deoxyfagomine;[M+K-H2];C6H13NO2;-1.46534e-4;-0.872000;168.043234;1 out of 5
168.043087;168.043087;N-(2-Hydroxyethyl)-morpholine;[M+K-H2];C6H13NO2;-1.46534e-4;-0.872000;168.043234;1 out of 5
168.043087;168.043087;N-methylvaline;[M+K-H2];C6H13NO2;-1.46534e-4;-0.872000;168.043234;1 out of 5
168.990763;168.990763;Phthalic anhydride;[M+Na-H2];C8H4O3;5.24036e-5;0.310098;168.990711;1 out of 5
168.990763;168.990763;Glyceraldehyde 3-phosphate;[M-H];C3H7O6P;1.59246e-5;0.094234;168.990747;1 out of 5
168.990763;168.990763;Dihydroxyacetone phosphate;[M-H];C3H7O6P;1.59246e-5;0.094234;168.990747;1 out of 5
168.990763;168.990763;(1-Hydroxy-3-oxopropan-2-yl) dihydrogen phosphate;[M-H];C3H7O6P;1.54496e-5;0.091423;168.990748;1 out of 5
168.990763;168.990763;Methylsuccinic acid;[M+K-H2];C5H8O4;-1.00345e-4;-0.593792;168.990864;1 out of 5
168.990763;168.990763;Formyl 3-hydroxybutanoate;[M+K-H2];C5H8O4;-1.00345e-4;-0.593792;168.990864;1 out of 5
168.990763;168.990763;Monoethyl malonic acid;[M+K-H2];C5H8O4;-1.00351e-4;-0.593827;168.990864;1 out of 5
168.990763;168.990763;Ethylmalonic acid;[M+K-H2];C5H8O4;-1.00351e-4;-0.593827;168.990864;1 out of 5
168.990763;168.990763;Glutaric acid;[M+K-H2];C5H8O4;-1.00351e-4;-0.593827;168.990864;1 out of 5
168.990763;168.990763;Dimethylmalonic acid;[M+K-H2];C5H8O4;-1.00351e-4;-0.593827;168.990864;1 out of 5
168.990763;168.990763;2-Acetolactate;[M+K-H2];C5H8O4;-1.00351e-4;-0.593827;168.990864;1 out of 5
168.990763;168.990763;(S)-2-Acetolactate;[M+K-H2];C5H8O4;-1.00351e-4;-0.593827;168.990864;1 out of 5
168.990763;168.990763;"2-C-Methyl-1,4-erythrono-D-lactone";[M+K-H2];C5H8O4;-1.00351e-4;-0.593827;168.990864;1 out of 5
168.990763;168.990763;"2-Deoxy-L-ribono-1,4-lactone";[M+K-H2];C5H8O4;-1.00351e-4;-0.593827;168.990864;1 out of 5
168.990763;168.990763;2-Hydroxy-4-oxopentanoic acid;[M+K-H2];C5H8O4;-1.00351e-4;-0.593827;168.990864;1 out of 5
168.990763;168.990763;Monomethyl succinate;[M+K-H2];C5H8O4;-1.00351e-4;-0.593827;168.990864;1 out of 5
168.990763;168.990763;Dimethyl malonate;[M+K-H2];C5H8O4;-1.00351e-4;-0.593827;168.990864;1 out of 5
168.990763;168.990763;2-Carboxyoxypropanoic acid;[M+Cl];C4H6O5;-1.60900e-4;-0.952124;168.990924;2 out of 5
168.990763;168.990763;Malic acid;[M+Cl];C4H6O5;-1.60909e-4;-0.952178;168.990924;2 out of 5
168.990763;168.990763;D-Malic acid;[M+Cl];C4H6O5;-1.60909e-4;-0.952178;168.990924;2 out of 5
168.990763;168.990763;Velcorin;[M+Cl];C4H6O5;-1.60909e-4;-0.952178;168.990924;2 out of 5
168.990763;168.990763;Diglycolic acid;[M+Cl];C4H6O5;-1.60909e-4;-0.952178;168.990924;2 out of 5
168.990910;168.990910;Glyceraldehyde 3-phosphate;[M-H];C3H7O6P;1.62307e-4;0.960448;168.990747;1 out of 5
168.990910;168.990910;Dihydroxyacetone phosphate;[M-H];C3H7O6P;1.62307e-4;0.960448;168.990747;1 out of 5
168.990910;168.990910;(1-Hydroxy-3-oxopropan-2-yl) dihydrogen phosphate;[M-H];C3H7O6P;1.61832e-4;0.957637;168.990748;1 out of 5
168.990910;168.990910;Methylsuccinic acid;[M+K-H2];C5H8O4;4.60368e-5;0.272422;168.990864;1 out of 5
168.990910;168.990910;Formyl 3-hydroxybutanoate;[M+K-H2];C5H8O4;4.60368e-5;0.272422;168.990864;1 out of 5
168.990910;168.990910;Monoethyl malonic acid;[M+K-H2];C5H8O4;4.60308e-5;0.272387;168.990864;1 out of 5
168.990910;168.990910;Ethylmalonic acid;[M+K-H2];C5H8O4;4.60308e-5;0.272387;168.990864;1 out of 5
168.990910;168.990910;Glutaric acid;[M+K-H2];C5H8O4;4.60308e-5;0.272387;168.990864;1 out of 5
168.990910;168.990910;Dimethylmalonic acid;[M+K-H2];C5H8O4;4.60308e-5;0.272387;168.990864;1 out of 5
168.990910;168.990910;2-Acetolactate;[M+K-H2];C5H8O4;4.60308e-5;0.272387;168.990864;1 out of 5
168.990910;168.990910;(S)-2-Acetolactate;[M+K-H2];C5H8O4;4.60308e-5;0.272387;168.990864;1 out of 5
168.990910;168.990910;"2-C-Methyl-1,4-erythrono-D-lactone";[M+K-H2];C5H8O4;4.60308e-5;0.272387;168.990864;1 out of 5
168.990910;168.990910;"2-Deoxy-L-ribono-1,4-lactone";[M+K-H2];C5H8O4;4.60308e-5;0.272387;168.990864;1 out of 5
168.990910;168.990910;2-Hydroxy-4-oxopentanoic acid;[M+K-H2];C5H8O4;4.60308e-5;0.272387;168.990864;1 out of 5
168.990910;168.990910;Monomethyl succinate;[M+K-H2];C5H8O4;4.60308e-5;0.272387;168.990864;1 out of 5
168.990910;168.990910;Dimethyl malonate;[M+K-H2];C5H8O4;4.60308e-5;0.272387;168.990864;1 out of 5
168.990910;168.990910;2-Carboxyoxypropanoic acid;[M+Cl];C4H6O5;-1.45182e-5;-0.085911;168.990924;2 out of 5
168.990910;168.990910;Malic acid;[M+Cl];C4H6O5;-1.45272e-5;-0.085964;168.990924;2 out of 5
168.990910;168.990910;D-Malic acid;[M+Cl];C4H6O5;-1.45272e-5;-0.085964;168.990924;2 out of 5
168.990910;168.990910;Velcorin;[M+Cl];C4H6O5;-1.45272e-5;-0.085964;168.990924;2 out of 5
168.990910;168.990910;Diglycolic acid;[M+Cl];C4H6O5;-1.45272e-5;-0.085964;168.990924;2 out of 5
170.892647;170.892647;Potassium hydrogen sulfate (KHSO4);[M+Cl];HKO4S;-1.51736e-5;-0.088790;170.892662;1 out of 5
171.006416;171.006416;4-(Trifluoromethyl)benzoic acid;[M-H2O-H];C8H5F3O2;9.34421e-5;0.546425;171.006323;1 out of 5
171.006416;171.006416;5-Hydroxybenzofuran-2(3H)-one;[M+Na-H2];C8H6O3;5.52791e-5;0.323258;171.006361;1 out of 5
171.006416;171.006416;4-Formylbenzoic acid;[M+Na-H2];C8H6O3;5.52791e-5;0.323258;171.006361;1 out of 5
171.006416;171.006416;Phenylglyoxylic acid;[M+Na-H2];C8H6O3;5.52741e-5;0.323228;171.006361;1 out of 5
171.006416;171.006416;"(E)-8-Hydroxy-2-octene-4,6-diynoic acid";[M+Na-H2];C8H6O3;5.52741e-5;0.323228;171.006361;1 out of 5
171.006416;171.006416;4-Hydroxyphthalide;[M+Na-H2];C8H6O3;5.52741e-5;0.323228;171.006361;1 out of 5
171.006416;171.006416;"3,4-Methylenedioxybenzaldehyde";[M+Na-H2];C8H6O3;5.52741e-5;0.323228;171.006361;1 out of 5
171.006416;171.006416;"1,4-Benzodioxin-2(3H)-one";[M+Na-H2];C8H6O3;5.52741e-5;0.323228;171.006361;1 out of 5
171.006416;171.006416;Glycerol 3-phosphate;[M-H];C3H9O6P;1.88001e-5;0.109938;171.006398;3 out of 5
171.006416;171.006416;beta-Glycerophosphoric acid;[M-H];C3H9O6P;1.88001e-5;0.109938;171.006398;3 out of 5
171.006416;171.006416;Glycerophosphoric acid;[M-H];C3H9O6P;1.88001e-5;0.109938;171.006398;3 out of 5
171.006416;171.006416;"2,3-Dihydroxypropyl acetate";[M+K-H2];C5H10O4;-9.74699e-5;-0.569978;171.006514;1 out of 5
171.006416;171.006416;Glyceryl 2-acetate;[M+K-H2];C5H10O4;-9.74699e-5;-0.569978;171.006514;1 out of 5
171.006416;171.006416;"1,4-Anhydroribitol";[M+K-H2];C5H10O4;-9.74699e-5;-0.569978;171.006514;1 out of 5
171.006416;171.006416;2-Deoxy-D-ribose;[M+K-H2];C5H10O4;-9.74699e-5;-0.569978;171.006514;1 out of 5
171.006416;171.006416;5-Deoxy-D-ribose;[M+K-H2];C5H10O4;-9.74699e-5;-0.569978;171.006514;1 out of 5
171.006416;171.006416;"2,3-Dihydroxyvaleric acid";[M+K-H2];C5H10O4;-9.74759e-5;-0.570013;171.006514;1 out of 5
171.006416;171.006416;1-Deoxy-D-xylulose;[M+K-H2];C5H10O4;-9.74759e-5;-0.570013;171.006514;1 out of 5
171.006416;171.006416;Deoxyribose;[M+K-H2];C5H10O4;-9.74759e-5;-0.570013;171.006514;1 out of 5
171.006416;171.006416;"(R)-2,3-Dihydroxy-isovalerate";[M+K-H2];C5H10O4;-9.74759e-5;-0.570013;171.006514;1 out of 5
171.006416;171.006416;(R)-glycerol 1-acetate;[M+K-H2];C5H10O4;-9.74759e-5;-0.570013;171.006514;1 out of 5
171.006416;171.006416;"2,3-Dihydroxy-2-methylbutanoic acid";[M+K-H2];C5H10O4;-9.74759e-5;-0.570013;171.006514;1 out of 5
171.006416;171.006416;"2,3,4-Trihydroxybutanoic acid";[M+Cl];C4H8O5;-1.58026e-4;-0.924092;171.006574;1 out of 5
171.006416;171.006416;Erythronic acid;[M+Cl];C4H8O5;-1.58034e-4;-0.924139;171.006574;1 out of 5
171.006416;171.006416;Threonic acid;[M+Cl];C4H8O5;-1.58034e-4;-0.924139;171.006574;1 out of 5
172.894347;172.894347;"1,2-Diacylglycerol-LD-SM-pool";[M+Na-H2];Sm;-4.78323e-5;-0.276656;172.894395;2 out of 5
174.016976;174.016976;Semidehydroascorbic acid;[M-H];C6H7O6;-1.01935e-5;-0.058578;174.016986;1 out of 5
174.040805;174.040805;Alanine pyruvate;[M-H];C6H9NO5;9.75816e-6;0.056068;174.040795;1 out of 5
174.040805;174.040805;Dimethyloxalylglycine;[M-H];C6H9NO5;9.75816e-6;0.056068;174.040795;1 out of 5
174.040805;174.040805;N-Acetyl-L-aspartic acid;[M-H];C6H9NO5;9.74916e-6;0.056017;174.040795;1 out of 5
174.040805;174.040805;N-Formyl-L-glutamic acid;[M-H];C6H9NO5;9.74916e-6;0.056017;174.040795;1 out of 5
174.040805;174.040805;D-N-(Carboxyacetyl)alanine;[M-H];C6H9NO5;9.74916e-6;0.056017;174.040795;1 out of 5
174.040805;174.040805;2-Amino-3-oxoadipate;[M-H];C6H9NO5;9.74916e-6;0.056017;174.040795;1 out of 5
175.024796;175.024796;"(2R)-2-[(3R,4S)-3,4-Dihydroxy-5-oxooxolan-2-yl]-2-hydroxyacetaldehyde";[M-H];C6H8O6;-1.48795e-5;-0.085014;175.024811;2 out of 5
175.024796;175.024796;"5-(1,2-Dihydroxyethyl)-4-hydroxyoxolane-2,3-dione";[M-H];C6H8O6;-1.48795e-5;-0.085014;175.024811;2 out of 5
175.024796;175.024796;"(R)-2-((S)-1,2-Dihydroxyethyl)-4,5-dihydroxyfuran-3(2H)-one";[M-H];C6H8O6;-1.48795e-5;-0.085014;175.024811;2 out of 5
175.024796;175.024796;Diglyceride;[M-H];C6H8O6;-1.48795e-5;-0.085014;175.024811;2 out of 5
175.024796;175.024796;"(3S,4R,5S)-3,4-Dihydroxy-5-(2-hydroxyacetyl)oxolan-2-one";[M-H];C6H8O6;-1.48795e-5;-0.085014;175.024811;2 out of 5
175.024796;175.024796;2-Hydroxy-5-oxohexanedioic acid;[M-H];C6H8O6;-1.48795e-5;-0.085014;175.024811;2 out of 5
175.024796;175.024796;"(5R)-5-(1,2-Dihydroxyethyl)-3-hydroxyoxolane-2,4-dione";[M-H];C6H8O6;-1.48795e-5;-0.085014;175.024811;2 out of 5
175.024796;175.024796;Ascorbic acid;[M-H];C6H8O6;-1.48895e-5;-0.085071;175.024811;2 out of 5
175.024796;175.024796;"D-Glucurono-6,3-lactone";[M-H];C6H8O6;-1.48895e-5;-0.085071;175.024811;2 out of 5
175.024796;175.024796;"1,2,3-Propanetricarboxylic acid";[M-H];C6H8O6;-1.48895e-5;-0.085071;175.024811;2 out of 5
175.024796;175.024796;"3,4-Dihydroxy-5-[(S)-1,2-dihydroxyethyl]furan-2(5H)-one";[M-H];C6H8O6;-1.48895e-5;-0.085071;175.024811;2 out of 5
175.024796;175.024796;Aldehydo-L-iduronate;[M-H2O-H];C6H10O7;-1.55635e-5;-0.088922;175.024812;1 out of 5
175.024796;175.024796;"(2R,3R,4R,5S,6S)-3,4,5,6-Tetrahydroxyoxane-2-carboxylic acid";[M-H2O-H];C6H10O7;-1.55635e-5;-0.088922;175.024812;1 out of 5
175.024796;175.024796;Lactate oxygen;[M-H2O-H];C6H10O7;-1.55635e-5;-0.088922;175.024812;1 out of 5
175.024796;175.024796;Mannuronic acid;[M-H2O-H];C6H10O7;-1.55635e-5;-0.088922;175.024812;1 out of 5
175.024796;175.024796;D-Glucuronic acid;[M-H2O-H];C6H10O7;-1.55755e-5;-0.088990;175.024812;1 out of 5
175.024796;175.024796;Galacturonic acid;[M-H2O-H];C6H10O7;-1.55755e-5;-0.088990;175.024812;1 out of 5
175.024796;175.024796;Iduronic acid;[M-H2O-H];C6H10O7;-1.55755e-5;-0.088990;175.024812;1 out of 5
175.024796;175.024796;Pectic acid;[M-H2O-H];C6H10O7;-1.55755e-5;-0.088990;175.024812;1 out of 5
175.024796;175.024796;Pectin;[M-H2O-H];C6H10O7;-1.55755e-5;-0.088990;175.024812;1 out of 5
175.024796;175.024796;3-Dehydro-L-gulonate;[M-H2O-H];C6H10O7;-1.55755e-5;-0.088990;175.024812;1 out of 5
175.024796;175.024796;5-Keto-D-gluconate;[M-H2O-H];C6H10O7;-1.55755e-5;-0.088990;175.024812;1 out of 5
175.024796;175.024796;2-Keto-L-gluconate;[M-H2O-H];C6H10O7;-1.55755e-5;-0.088990;175.024812;1 out of 5
175.024796;175.024796;L-Altruronic acid;[M-H2O-H];C6H10O7;-1.55755e-5;-0.088990;175.024812;1 out of 5
175.036063;175.036063;Ureidosuccinic acid;[M-H];C5H8N2O5;1.87943e-5;0.107374;175.036044;1 out of 5
175.036063;175.036063;L-2-Amino-3-(oxalylamino)propanoic acid;[M-H];C5H8N2O5;1.87943e-5;0.107374;175.036044;1 out of 5
175.036063;175.036063;L-3-Amino-2-(oxalylamino)propanoic acid;[M-H];C5H8N2O5;1.87943e-5;0.107374;175.036044;1 out of 5
175.988498;175.988498;3-Aminopropylphosphonic acid;[M+K-H2];C3H10NO3P;6.31320e-5;0.358728;175.988435;1 out of 5
175.988498;175.988498;O-Phosphoethanolamine;[M+Cl];C2H8NO4P;2.57404e-6;0.014626;175.988495;2 out of 5
175.988498;175.988498;Aminoethanol phosphate;[M+Cl];C2H8NO4P;2.09504e-6;0.011904;175.988496;2 out of 5
175.988498;175.988498;(2E)-2-ethylidene-4-hydroxy-5-methyl-3(2H)-furanone;[M+K-H2];C7H7O3;-1.74830e-4;-0.993416;175.988673;1 out of 5
176.935948;176.935948;Pyrophosphate;[M-H];H4O7P2;-6.86456e-7;-0.003880;176.935949;2 out of 5
176.935948;176.935948;Acetylphosphate;[M+K-H2];C2H5O5P;-1.16962e-4;-0.661044;176.936065;1 out of 5
176.935948;176.935948;Phosphonoacetate;[M+K-H2];C2H5O5P;-1.16962e-4;-0.661044;176.936065;1 out of 5
181.038546;181.038546;ISOVALERYLUREA;[M+K-H2];C6H12N2O2;6.29587e-5;0.347764;181.038483;1 out of 5
181.038546;181.038546;4-Amino-1-piperidinecarboxylic acid;[M+K-H2];C6H12N2O2;6.29547e-5;0.347742;181.038483;1 out of 5
181.038546;181.038546;Adipamide;[M+K-H2];C6H12N2O2;6.29547e-5;0.347742;181.038483;1 out of 5
181.038546;181.038546;Alanylglycine;[M+Cl];C5H10N2O3;2.40266e-6;0.013272;181.038543;2 out of 5
181.038546;181.038546;Cyclic Urea;[M+Cl];C5H10N2O3;2.40266e-6;0.013272;181.038543;2 out of 5
181.038546;181.038546;Glycyl-D-Alanine;[M+Cl];C5H10N2O3;2.40266e-6;0.013272;181.038543;2 out of 5
181.038546;181.038546;Glycylsarcosine;[M+Cl];C5H10N2O3;2.40266e-6;0.013272;181.038543;2 out of 5
181.038546;181.038546;D-Alanyl glycine;[M+Cl];C5H10N2O3;2.40266e-6;0.013272;181.038543;2 out of 5
181.038546;181.038546;L-Glutamine;[M+Cl];C5H10N2O3;2.39666e-6;0.013238;181.038543;2 out of 5
181.038546;181.038546;Ureidoisobutyric acid;[M+Cl];C5H10N2O3;2.39666e-6;0.013238;181.038543;2 out of 5
181.038546;181.038546;D-Glutamine;[M+Cl];C5H10N2O3;2.39666e-6;0.013238;181.038543;2 out of 5
181.038546;181.038546;3-ureido-isobutyrate;[M+Cl];C5H10N2O3;2.39666e-6;0.013238;181.038543;2 out of 5
182.022537;182.022537;Fosmidomycin;[M-H];C4H10NO5P;1.55407e-4;0.853779;182.022382;2 out of 5
182.022537;182.022537;2-Amino-4-phosphonobutyric acid;[M-H];C4H10NO5P;1.54930e-4;0.851158;182.022382;2 out of 5
182.022537;182.022537;N-Propionylalanine;[M+K-H2];C6H11NO3;3.91358e-5;0.215005;182.022498;1 out of 5
182.022537;182.022537;methyl 2-amino-4-oxopentanoate;[M+K-H2];C6H11NO3;3.91358e-5;0.215005;182.022498;1 out of 5
182.022537;182.022537;But-2-en-2-yl 2-aminoethaneperoxoate;[M+K-H2];C6H11NO3;3.91358e-5;0.215005;182.022498;1 out of 5
182.022537;182.022537;Amino 6-oxohexanoate;[M+K-H2];C6H11NO3;3.91358e-5;0.215005;182.022498;1 out of 5
182.022537;182.022537;Isobutyrylglycine;[M+K-H2];C6H11NO3;3.91308e-5;0.214978;182.022498;1 out of 5
182.022537;182.022537;N-Butyrylglycine;[M+K-H2];C6H11NO3;3.91308e-5;0.214978;182.022498;1 out of 5
182.022537;182.022537;Allysine;[M+K-H2];C6H11NO3;3.91308e-5;0.214978;182.022498;1 out of 5
182.022537;182.022537;4-Acetamidobutanoic acid;[M+K-H2];C6H11NO3;3.91308e-5;0.214978;182.022498;1 out of 5
182.022537;182.022537;(S)-5-Amino-3-oxohexanoate;[M+K-H2];C6H11NO3;3.91308e-5;0.214978;182.022498;1 out of 5
182.022537;182.022537;2-Keto-6-aminocaproate;[M+K-H2];C6H11NO3;3.91308e-5;0.214978;182.022498;1 out of 5
182.022537;182.022537;Methyl aminolevulinate;[M+K-H2];C6H11NO3;3.91308e-5;0.214978;182.022498;1 out of 5
182.022537;182.022537;L-cis-4-(Hydroxymethyl)-2-pyrrolidinecarboxylic acid;[M+K-H2];C6H11NO3;3.91308e-5;0.214978;182.022498;1 out of 5
182.022537;182.022537;L-trans-5-Hydroxy-2-piperidinecarboxylic acid;[M+K-H2];C6H11NO3;3.91308e-5;0.214978;182.022498;1 out of 5
182.022537;182.022537;N-(2-Carboxymethyl)-morpholine;[M+K-H2];C6H11NO3;3.91308e-5;0.214978;182.022498;1 out of 5
182.022537;182.022537;L-2-Amino-6-oxohexanoic acid;[M+K-H2];C6H11NO3;3.91308e-5;0.214978;182.022498;1 out of 5
182.022537;182.022537;N-lactoyl-Glycine;[M+Cl];C5H9NO4;-2.14202e-5;-0.117679;182.022559;2 out of 5
182.022537;182.022537;5-Hydroxy-4-oxo-L-norvaline;[M+Cl];C5H9NO4;-2.14202e-5;-0.117679;182.022559;2 out of 5
182.022537;182.022537;Alanine acetate;[M+Cl];C5H9NO4;-2.14202e-5;-0.117679;182.022559;2 out of 5
182.022537;182.022537;N-Methyl-DL-aspartic acid;[M+Cl];C5H9NO4;-2.14202e-5;-0.117679;182.022559;2 out of 5
182.022537;182.022537;L-Glutamic acid;[M+Cl];C5H9NO4;-2.14272e-5;-0.117717;182.022559;2 out of 5
182.022537;182.022537;N-Methyl-D-aspartic acid;[M+Cl];C5H9NO4;-2.14272e-5;-0.117717;182.022559;2 out of 5
182.022537;182.022537;N-Acetylserine;[M+Cl];C5H9NO4;-2.14272e-5;-0.117717;182.022559;2 out of 5
182.022537;182.022537;O-Acetylserine;[M+Cl];C5H9NO4;-2.14272e-5;-0.117717;182.022559;2 out of 5
182.022537;182.022537;D-Glutamic acid;[M+Cl];C5H9NO4;-2.14272e-5;-0.117717;182.022559;2 out of 5
182.022537;182.022537;L-4-Hydroxyglutamate semialdehyde;[M+Cl];C5H9NO4;-2.14272e-5;-0.117717;182.022559;2 out of 5
182.022537;182.022537;3-(Carboxymethylamino)propanoic acid;[M+Cl];C5H9NO4;-2.14272e-5;-0.117717;182.022559;2 out of 5
182.022537;182.022537;DL-Glutamate;[M+Cl];C5H9NO4;-2.14272e-5;-0.117717;182.022559;2 out of 5
188.972511;188.972511;2-Phosphonopropionic acid;[M+Cl];C3H7O5P;-3.31798e-9;-0.000018;188.972511;3 out of 5
188.995990;188.995990;RESORCINOL MONOACETATE;[M+K-H2];C8H8O3;4.07174e-5;0.215441;188.995949;1 out of 5
188.995990;188.995990;p-Hydroxyphenylacetic acid;[M+K-H2];C8H8O3;4.07134e-5;0.215419;188.995949;1 out of 5
188.995990;188.995990;3-Hydroxyphenylacetic acid;[M+K-H2];C8H8O3;4.07134e-5;0.215419;188.995949;1 out of 5
188.995990;188.995990;ortho-Hydroxyphenylacetic acid;[M+K-H2];C8H8O3;4.07134e-5;0.215419;188.995949;1 out of 5
188.995990;188.995990;Mandelic acid;[M+K-H2];C8H8O3;4.07134e-5;0.215419;188.995949;1 out of 5
188.995990;188.995990;p-Anisic acid;[M+K-H2];C8H8O3;4.07134e-5;0.215419;188.995949;1 out of 5
188.995990;188.995990;3-Cresotinic acid;[M+K-H2];C8H8O3;4.07134e-5;0.215419;188.995949;1 out of 5
188.995990;188.995990;"3,4-Dihydroxyphenylacetaldehyde";[M+K-H2];C8H8O3;4.07134e-5;0.215419;188.995949;1 out of 5
188.995990;188.995990;4-Hydroxy-3-methylbenzoic acid;[M+K-H2];C8H8O3;4.07134e-5;0.215419;188.995949;1 out of 5
188.995990;188.995990;Vanillin;[M+K-H2];C8H8O3;4.07134e-5;0.215419;188.995949;1 out of 5
188.995990;188.995990;"2,4'-Dihydroxyacetophenone";[M+K-H2];C8H8O3;4.07134e-5;0.215419;188.995949;1 out of 5
188.995990;188.995990;"2',3'-Dihydroxyacetophenone";[M+K-H2];C8H8O3;4.07134e-5;0.215419;188.995949;1 out of 5
188.995990;188.995990;"2',4'-Dihydroxyacetophenone";[M+K-H2];C8H8O3;4.07134e-5;0.215419;188.995949;1 out of 5
188.995990;188.995990;"2',6'-Dihydroxyacetophenone";[M+K-H2];C8H8O3;4.07134e-5;0.215419;188.995949;1 out of 5
188.995990;188.995990;"3',4'-Dihydroxyacetophenone";[M+K-H2];C8H8O3;4.07134e-5;0.215419;188.995949;1 out of 5
188.995990;188.995990;"3',5'-Dihydroxyacetophenone";[M+K-H2];C8H8O3;4.07134e-5;0.215419;188.995949;1 out of 5
188.995990;188.995990;Phenoxyacetic acid;[M+K-H2];C8H8O3;4.07134e-5;0.215419;188.995949;1 out of 5
188.995990;188.995990;Methyl furfuracrylate;[M+K-H2];C8H8O3;4.07134e-5;0.215419;188.995949;1 out of 5
188.995990;188.995990;Methylparaben;[M+K-H2];C8H8O3;4.07134e-5;0.215419;188.995949;1 out of 5
188.995990;188.995990;2-(Hydroxymethyl)benzoic acid;[M+K-H2];C8H8O3;4.07134e-5;0.215419;188.995949;1 out of 5
188.995990;188.995990;2-Methoxybenzoic acid;[M+K-H2];C8H8O3;4.07134e-5;0.215419;188.995949;1 out of 5
188.995990;188.995990;3-Methoxybenzoic acid;[M+K-H2];C8H8O3;4.07134e-5;0.215419;188.995949;1 out of 5
188.995990;188.995990;"2',5'-Dihydroxyacetophenone";[M+K-H2];C8H8O3;4.07134e-5;0.215419;188.995949;1 out of 5
188.995990;188.995990;Ethyl 2-furanyl diketone;[M+K-H2];C8H8O3;4.07134e-5;0.215419;188.995949;1 out of 5
188.995990;188.995990;"1-(5-Methyl-2-furanyl)-1,2-propanedione";[M+K-H2];C8H8O3;4.07134e-5;0.215419;188.995949;1 out of 5
188.995990;188.995990;Methyl 2-hydroxybenzoate;[M+K-H2];C8H8O3;4.07134e-5;0.215419;188.995949;1 out of 5
188.995990;188.995990;2-Propenyl 2-furancarboxylate;[M+K-H2];C8H8O3;4.07134e-5;0.215419;188.995949;1 out of 5
188.995990;188.995990;"1-(2-Furanyl)-1,3-butanedione";[M+K-H2];C8H8O3;4.07134e-5;0.215419;188.995949;1 out of 5
188.995990;188.995990;4-Hydroxyphenyl acetate;[M+K-H2];C8H8O3;4.07134e-5;0.215419;188.995949;1 out of 5
188.995990;188.995990;(R)-mandelic Acid;[M+K-H2];C8H8O3;4.07134e-5;0.215419;188.995949;1 out of 5
188.995990;188.995990;Gentisic acid;[M+Cl];C7H6O4;-1.98376e-5;-0.104963;188.996010;2 out of 5
188.995990;188.995990;2-Pyrocatechuic acid;[M+Cl];C7H6O4;-1.98376e-5;-0.104963;188.996010;2 out of 5
188.995990;188.995990;Protocatechuic acid;[M+Cl];C7H6O4;-1.98376e-5;-0.104963;188.996010;2 out of 5
188.995990;188.995990;"2,6-Dihydroxybenzoic acid";[M+Cl];C7H6O4;-1.98376e-5;-0.104963;188.996010;2 out of 5
188.995990;188.995990;"3,5-Dihydroxybenzoic acid";[M+Cl];C7H6O4;-1.98376e-5;-0.104963;188.996010;2 out of 5
188.995990;188.995990;"2,4-Dihydroxybenzoic acid";[M+Cl];C7H6O4;-1.98376e-5;-0.104963;188.996010;2 out of 5
188.995990;188.995990;"2,4,6-trihydroxybenzaldehyde";[M+Cl];C7H6O4;-1.98376e-5;-0.104963;188.996010;2 out of 5
188.995990;188.995990;Terreic acid;[M+Cl];C7H6O4;-1.98376e-5;-0.104963;188.996010;2 out of 5
188.995990;188.995990;Patulin;[M+Cl];C7H6O4;-1.98446e-5;-0.105000;188.996010;2 out of 5
188.995990;188.995990;"3,4,5-Trihydroxybenzaldehyde";[M+Cl];C7H6O4;-1.98446e-5;-0.105000;188.996010;2 out of 5
189.988863;189.988863;2-Amino-3-phosphonopropionic acid;[M+Na-H2];C3H8NO5P;1.87570e-4;0.987271;189.988676;1 out of 5
189.988863;189.988863;Glyphosate;[M+Na-H2];C3H8NO5P;1.87570e-4;0.987271;189.988676;1 out of 5
190.904945;190.904945;Iron(II) fumarate;[M+Na-H2];C4H2FeO4;2.70190e-5;0.141531;190.904918;2 out of 5
191.019714;191.019714;"2,3-diketogulonate";[M-H];C6H8O7;-1.15819e-5;-0.060632;191.019726;2 out of 5
191.019714;191.019714;dehydroascorbate (bicyclic form);[M-H];C6H8O7;-1.15819e-5;-0.060632;191.019726;2 out of 5
191.019714;191.019714;Citric acid;[M-H];C6H8O7;-1.15939e-5;-0.060695;191.019726;2 out of 5
191.019714;191.019714;Isocitric acid;[M-H];C6H8O7;-1.15939e-5;-0.060695;191.019726;2 out of 5
191.019714;191.019714;D-threo-Isocitric acid;[M-H];C6H8O7;-1.15939e-5;-0.060695;191.019726;2 out of 5
191.019714;191.019714;Diketogulonic acid;[M-H];C6H8O7;-1.15939e-5;-0.060695;191.019726;2 out of 5
191.019714;191.019714;"2,3-Diketo-L-gulonate";[M-H];C6H8O7;-1.15939e-5;-0.060695;191.019726;2 out of 5
191.019714;191.019714;"(1R,2R)-Isocitric acid";[M-H];C6H8O7;-1.15939e-5;-0.060695;191.019726;2 out of 5
191.019714;191.019714;"D-Glucaro-1,4-lactone";[M-H];C6H8O7;-1.15939e-5;-0.060695;191.019726;2 out of 5
191.019714;191.019714;Galactaric acid;[M-H2O-H];C6H10O8;-1.22799e-5;-0.064286;191.019726;1 out of 5
191.019714;191.019714;Glucaric acid;[M-H2O-H];C6H10O8;-1.22799e-5;-0.064286;191.019726;1 out of 5
191.061432;191.061432;2H-Benzo[F]isoindole-1-carbonitrile;[M-H];C13H8N2;-3.97647e-5;-0.208125;191.061471;2 out of 5
191.061432;191.061432;1-Methoxyphenazine;[M-H2O-H];C13H10N2O;-4.04487e-5;-0.211705;191.061472;2 out of 5
191.061432;191.061432;2-Aminoacridone;[M-H2O-H];C13H10N2O;-4.04487e-5;-0.211705;191.061472;2 out of 5
191.061432;191.061432;C1=CC=CC2=CC3=C(O)C(N)=CC=C3N=C21;[M-H2O-H];C13H10N2O;-4.04487e-5;-0.211705;191.061472;2 out of 5
191.061432;191.061432;Pyocyanin;[M-H2O-H];C13H10N2O;-4.04507e-5;-0.211716;191.061472;2 out of 5
193.077118;193.077118;1-Aminoacridine;[M-H];C13H10N2;-2.89710e-6;-0.015005;193.077121;2 out of 5
193.077118;193.077118;"2-Phenylimidazo[1,2-a]pyridine";[M-H];C13H10N2;-2.89710e-6;-0.015005;193.077121;2 out of 5
193.077118;193.077118;9-Aminoacridine;[M-H];C13H10N2;-2.89710e-6;-0.015005;193.077121;2 out of 5
193.077118;193.077118;Cyclopropylpyrroloindole;[M-H];C13H10N2;-2.89710e-6;-0.015005;193.077121;2 out of 5
193.077118;193.077118;Dibenzodiazepine;[M-H];C13H10N2;-2.89710e-6;-0.015005;193.077121;2 out of 5
193.077118;193.077118;Harmine;[M-H2O-H];C13H12N2O;-3.58310e-6;-0.018558;193.077122;1 out of 5
193.077118;193.077118;Carbanilide;[M-H2O-H];C13H12N2O;-3.58310e-6;-0.018558;193.077122;1 out of 5
193.077118;193.077118;Salicyaldehyde;[M-H2O-H];C13H12N2O;-3.58310e-6;-0.018558;193.077122;1 out of 5
194.061125;194.061125;Acridone;[M-H];C13H9NO;-1.16030e-5;-0.059790;194.061137;2 out of 5
194.061125;194.061125;Phenanthridinol;[M-H];C13H9NO;-1.16030e-5;-0.059790;194.061137;2 out of 5
194.061125;194.061125;9H-Carbazole-3-carboxaldehyde;[M-H];C13H9NO;-1.16040e-5;-0.059796;194.061137;2 out of 5
194.061125;194.061125;"Dibenz[b,f][1,4]oxazepine";[M-H];C13H9NO;-1.16040e-5;-0.059796;194.061137;2 out of 5
194.061125;194.061125;6(5H)-Phenanthridinone;[M-H];C13H9NO;-1.16040e-5;-0.059796;194.061137;2 out of 5
194.061125;194.061125;4-(Phenylamino)benzoic acid;[M-H2O-H];C13H11NO2;-1.22870e-5;-0.063315;194.061138;1 out of 5
194.061125;194.061125;N-phenylanthranilic acid;[M-H2O-H];C13H11NO2;-1.22870e-5;-0.063315;194.061138;1 out of 5
194.061125;194.061125;Benzyl nicotinate;[M-H2O-H];C13H11NO2;-1.22900e-5;-0.063330;194.061138;1 out of 5
194.061125;194.061125;Salicylanilide;[M-H2O-H];C13H11NO2;-1.22900e-5;-0.063330;194.061138;1 out of 5
194.074156;194.074156;"8-Chloro-1-methyl-2,3,4,5-tetrahydro-1H-benzo[d]azepine";[M-H];C11H14ClN;-4.40594e-5;-0.227024;194.074200;2 out of 5
194.074156;194.074156;benalfocin;[M-H];C11H14ClN;-4.40594e-5;-0.227024;194.074200;2 out of 5
194.074156;194.074156;Pargyline;[M+Cl];C11H13N;-4.42804e-5;-0.228162;194.074200;1 out of 5
194.074156;194.074156;Clorprenaline;[M-H2O-H];C11H16ClNO;-4.46594e-5;-0.230115;194.074201;1 out of 5
195.051021;195.051021;Galactonic acid;[M-H];C6H12O7;-5.11761e-6;-0.026237;195.051026;1 out of 5
195.051021;195.051021;Gluconic acid;[M-H];C6H12O7;-5.11761e-6;-0.026237;195.051026;1 out of 5
195.051021;195.051021;Gulonic acid;[M-H];C6H12O7;-5.11761e-6;-0.026237;195.051026;1 out of 5
195.051021;195.051021;D-Mannonic acid;[M-H];C6H12O7;-5.11761e-6;-0.026237;195.051026;1 out of 5
195.051021;195.051021;L-Gluconic acid;[M-H];C6H12O7;-5.11761e-6;-0.026237;195.051026;1 out of 5
195.051021;195.051021;2-Carboxyarabinitol;[M-H];C6H12O7;-5.11761e-6;-0.026237;195.051026;1 out of 5
195.810854;195.810854;Iron(III) chloride;[M+Cl];Cl3Fe;-4.67667e-5;-0.238836;195.810901;1 out of 5
196.038015;196.038015;"2H-1-Benzopyran-2-one, aminomethyl-";[M+Na-H2];C10H9NO2;1.95685e-5;0.099820;196.037996;1 out of 5
196.038015;196.038015;3-Acetoxyindole;[M+Na-H2];C10H9NO2;1.95685e-5;0.099820;196.037996;1 out of 5
196.038015;196.038015;"2(1H)-Quinolinone, 3-methoxy-";[M+Na-H2];C10H9NO2;1.95685e-5;0.099820;196.037996;1 out of 5
196.038015;196.038015;5-Acetoxyindole;[M+Na-H2];C10H9NO2;1.95685e-5;0.099820;196.037996;1 out of 5
196.038015;196.038015;8-Methoxyquinolin-2(1H)-one;[M+Na-H2];C10H9NO2;1.95685e-5;0.099820;196.037996;1 out of 5
196.038015;196.038015;N-Phenylsuccinimide;[M+Na-H2];C10H9NO2;1.95685e-5;0.099820;196.037996;1 out of 5
196.038015;196.038015;indole-3-glycol aldehyde;[M+Na-H2];C10H9NO2;1.95685e-5;0.099820;196.037996;1 out of 5
196.038015;196.038015;Indoleacetic acid;[M+Na-H2];C10H9NO2;1.95655e-5;0.099804;196.037996;1 out of 5
196.038015;196.038015;5-Hydroxyindoleacetaldehyde;[M+Na-H2];C10H9NO2;1.95655e-5;0.099804;196.037996;1 out of 5
196.038015;196.038015;Hydroxymethyl indol-3-yl ketone;[M+Na-H2];C10H9NO2;1.95655e-5;0.099804;196.037996;1 out of 5
196.038015;196.038015;1-Methoxy-1H-indole-3-carboxaldehyde;[M+Na-H2];C10H9NO2;1.95655e-5;0.099804;196.037996;1 out of 5
196.038015;196.038015;7-Amino-4-methylcoumarin;[M+Na-H2];C10H9NO2;1.95655e-5;0.099804;196.037996;1 out of 5
196.038015;196.038015;INDOLE-2-ACETIC ACID;[M+Na-H2];C10H9NO2;1.95655e-5;0.099804;196.037996;1 out of 5
196.038015;196.038015;Gentianine;[M+Na-H2];C10H9NO2;1.95655e-5;0.099804;196.037996;1 out of 5
196.038015;196.038015;2-Amino-5-phosphonopentanoic acid;[M-H];C5H12NO5P;-1.73855e-5;-0.088685;196.038032;1 out of 5
196.038015;196.038015;Glycerylphosphorylethanolamine;[M-H2O-H];C5H14NO6P;-1.75945e-5;-0.089751;196.038033;3 out of 5
196.038015;196.038015;sn-glycero-3-Phosphoethanolamine;[M-H2O-H];C5H14NO6P;-1.75945e-5;-0.089751;196.038033;3 out of 5
196.038015;196.038015;N-Acetylvaline;[M+K-H2];C7H13NO3;-1.33181e-4;-0.679360;196.038148;1 out of 5
196.038015;196.038015;"(2R,3S)-3-Hydroxy-1,1-dimethylpyrrolidin-1-ium-2-carboxylate";[M+K-H2];C7H13NO3;-1.33181e-4;-0.679360;196.038148;1 out of 5
196.038015;196.038015;2-Pivalamidoacetic acid;[M+K-H2];C7H13NO3;-1.33181e-4;-0.679360;196.038148;1 out of 5
196.038015;196.038015;2-Methylbutyrylglycine;[M+K-H2];C7H13NO3;-1.33185e-4;-0.679381;196.038148;1 out of 5
196.038015;196.038015;Isovalerylglycine;[M+K-H2];C7H13NO3;-1.33185e-4;-0.679381;196.038148;1 out of 5
196.038015;196.038015;Valerylglycine;[M+K-H2];C7H13NO3;-1.33185e-4;-0.679381;196.038148;1 out of 5
196.038015;196.038015;3-Dehydrocarnitine;[M+K-H2];C7H13NO3;-1.33185e-4;-0.679381;196.038148;1 out of 5
196.038015;196.038015;5-Acetamidovalerate;[M+K-H2];C7H13NO3;-1.33185e-4;-0.679381;196.038148;1 out of 5
196.038015;196.038015;4-Hydroxystachydrine;[M+K-H2];C7H13NO3;-1.33185e-4;-0.679381;196.038148;1 out of 5
196.038015;196.038015;Turicine;[M+K-H2];C7H13NO3;-1.33185e-4;-0.679381;196.038148;1 out of 5
196.038015;196.038015;Betonicine;[M+K-H2];C7H13NO3;-1.33185e-4;-0.679381;196.038148;1 out of 5
196.038015;196.038015;Calystegine A6;[M+K-H2];C7H13NO3;-1.33185e-4;-0.679381;196.038148;1 out of 5
196.038015;196.038015;Calystegine A7;[M+K-H2];C7H13NO3;-1.33185e-4;-0.679381;196.038148;1 out of 5
196.038015;196.038015;Calystegin A3;[M+K-H2];C7H13NO3;-1.33185e-4;-0.679381;196.038148;1 out of 5
196.038015;196.038015;Medicanine;[M+K-H2];C7H13NO3;-1.33185e-4;-0.679381;196.038148;1 out of 5
196.038015;196.038015;Methyl 5-(hydroxymethyl)pyrrolidine-3-carboxylate;[M+K-H2];C7H13NO3;-1.33185e-4;-0.679381;196.038148;1 out of 5
196.038015;196.038015;hydroxybutyrylglycine;[M+Cl];C6H11NO4;-1.93736e-4;-0.988254;196.038209;1 out of 5
196.038015;196.038015;3-Aminoadipic acid;[M+Cl];C6H11NO4;-1.93736e-4;-0.988254;196.038209;1 out of 5
196.038015;196.038015;Carboxybetaine;[M+Cl];C6H11NO4;-1.93736e-4;-0.988254;196.038209;1 out of 5
196.038015;196.038015;Aminoadipic acid;[M+Cl];C6H11NO4;-1.93743e-4;-0.988290;196.038209;1 out of 5
196.038015;196.038015;Acetylhomoserine;[M+Cl];C6H11NO4;-1.93743e-4;-0.988290;196.038209;1 out of 5
196.038015;196.038015;"(±)-2,2'-Iminobispropanoic acid";[M+Cl];C6H11NO4;-1.93743e-4;-0.988290;196.038209;1 out of 5
196.038015;196.038015;Glutamic acid gamma-methyl ester;[M+Cl];C6H11NO4;-1.93743e-4;-0.988290;196.038209;1 out of 5
196.038015;196.038015;N-Acetylthreonine;[M+Cl];C6H11NO4;-1.93743e-4;-0.988290;196.038209;1 out of 5
196.038015;196.038015;N-methyl-L-glutamic Acid;[M+Cl];C6H11NO4;-1.93743e-4;-0.988290;196.038209;1 out of 5
196.038015;196.038015;2-Aminoadipic acid;[M+Cl];C6H11NO4;-1.93743e-4;-0.988290;196.038209;1 out of 5
199.967506;199.967506;2-Chloroquinoline;[M+K-H2];C9H6ClN;2.36920e-5;0.118479;199.967482;1 out of 5
200.837562;200.837562;Potassium iodide;[M+Cl];IK;-1.45368e-5;-0.072381;200.837576;1 out of 5
200.986327;200.986327;Benzoic acid sulfate;[M-H];C7H6O5S;9.83133e-6;0.048915;200.986317;1 out of 5
200.986327;200.986327;3-Sulfobenzoic acid;[M-H];C7H6O5S;9.83133e-6;0.048915;200.986317;1 out of 5
200.986327;200.986327;Methylpyrogallol sulfate 3;[M-H2O-H];C7H8O6S;9.14633e-6;0.045507;200.986318;1 out of 5
200.986327;200.986327;Methylpyrogallol sulfate 1;[M-H2O-H];C7H8O6S;9.14633e-6;0.045507;200.986318;1 out of 5
200.986327;200.986327;Methylpyrogallol sulfate 2;[M-H2O-H];C7H8O6S;9.14633e-6;0.045507;200.986318;1 out of 5
200.986327;200.986327;2-Methoxyhydroquinone sulfate;[M-H2O-H];C7H8O6S;9.14633e-6;0.045507;200.986318;1 out of 5
200.986327;200.986327;5-Methylpyrogallol sulfate;[M-H2O-H];C7H8O6S;9.14633e-6;0.045507;200.986318;1 out of 5
202.828337;202.828337;Potassium disulfite;[M-H2O-H];K2O5S2;4.93761e-5;0.243438;202.828287;1 out of 5
204.004509;204.004509;Fosmidomycin;[M+Na-H2];C4H10NO5P;1.83479e-4;0.899386;204.004326;2 out of 5
204.004509;204.004509;2-Amino-4-phosphonobutyric acid;[M+Na-H2];C4H10NO5P;1.83002e-4;0.897048;204.004326;2 out of 5
204.004509;204.004509;Monosodium glutamate;[M+Cl];C5H8NNaO4;6.00157e-6;0.029419;204.004503;1 out of 5
204.019817;204.019817;Phosphodimethylethanolamine;[M+Cl];C4H12NO4P;2.12475e-5;0.104144;204.019795;2 out of 5
204.019817;204.019817;(2E)-2-butylidene-4-hydroxy-5-methyl-3(2H)-furanone;[M+K-H2];C9H11O3;-1.56158e-4;-0.765403;204.019973;1 out of 5
204.019817;204.019817;6-isobutyl-4-hydroxy-2-pyrone;[M+K-H2];C9H11O3;-1.56158e-4;-0.765403;204.019973;1 out of 5
206.983042;206.983042;3-Chloro-4-hydroxy-5-methoxybenzaldehyde;[M+Na-H2];C8H7ClO3;3.14967e-6;0.015217;206.983039;1 out of 5
206.983042;206.983042;4-Chlorophenoxyacetic acid;[M+Na-H2];C8H7ClO3;3.14967e-6;0.015217;206.983039;1 out of 5
206.983042;206.983042;Glycerol 3-phosphate;[M+Cl];C3H9O6P;-3.35823e-5;-0.162247;206.983076;3 out of 5
206.983042;206.983042;beta-Glycerophosphoric acid;[M+Cl];C3H9O6P;-3.35823e-5;-0.162247;206.983076;3 out of 5
206.983042;206.983042;Glycerophosphoric acid;[M+Cl];C3H9O6P;-3.35823e-5;-0.162247;206.983076;3 out of 5
210.977935;210.977935;4-(Trifluoromethyl)benzaldehyde;[M+K-H2];C8H5F3O;8.06573e-5;0.382302;210.977854;1 out of 5
210.977935;210.977935;"2,2,2-Trifluoroacetophenone";[M+K-H2];C8H5F3O;8.06573e-5;0.382302;210.977854;1 out of 5
211.001438;211.001438;7-Hydroxy-4-(trifluoromethyl)coumarin;[M-H2O-H];C10H5F3O3;2.00332e-4;0.949433;211.001238;1 out of 5
211.001438;211.001438;Chromocarb;[M+Na-H2];C10H6O4;1.62169e-4;0.768567;211.001276;1 out of 5
211.001438;211.001438;"5,8-Dihydroxy-1,4-naphthoquinone";[M+Na-H2];C10H6O4;1.62169e-4;0.768567;211.001276;1 out of 5
211.001438;211.001438;Coumarin-4-carboxylic acid;[M+Na-H2];C10H6O4;1.62162e-4;0.768533;211.001276;1 out of 5
211.001438;211.001438;"8H-1,3-Dioxolo[4,5-h][1]benzopyran-8-one";[M+Na-H2];C10H6O4;1.62162e-4;0.768533;211.001276;1 out of 5
211.001438;211.001438;6-Formylumbelliferone;[M+Na-H2];C10H6O4;1.62162e-4;0.768533;211.001276;1 out of 5
211.001438;211.001438;Ayapin;[M+Na-H2];C10H6O4;1.62162e-4;0.768533;211.001276;1 out of 5
211.001438;211.001438;D-Ribulose 5-phosphate;[M-H2O-H];C5H11O8P;1.25002e-4;0.592421;211.001313;1 out of 5
211.001438;211.001438;Xylulose 5-phosphate;[M-H2O-H];C5H11O8P;1.25002e-4;0.592421;211.001313;1 out of 5
211.001438;211.001438;Ribose 1-phosphate;[M-H2O-H];C5H11O8P;1.25002e-4;0.592421;211.001313;1 out of 5
211.001438;211.001438;D-Ribose 5-phosphate;[M-H2O-H];C5H11O8P;1.25002e-4;0.592421;211.001313;1 out of 5
211.001438;211.001438;D-Arabinose 5-phosphate;[M-H2O-H];C5H11O8P;1.25002e-4;0.592421;211.001313;1 out of 5
211.001438;211.001438;beta-L-Arabinose 1-phosphate;[M-H2O-H];C5H11O8P;1.25002e-4;0.592421;211.001313;1 out of 5
211.001438;211.001438;"[(3R)-3,4,5-Trihydroxy-2-oxopentyl] dihydrogen phosphate";[M-H2O-H];C5H11O8P;1.25002e-4;0.592421;211.001313;1 out of 5
211.001438;211.001438;D-Xylulose 1-phosphate;[M-H2O-H];C5H11O8P;1.24530e-4;0.590184;211.001313;1 out of 5
211.001438;211.001438;D-Ribose 1-phosphate;[M-H2O-H];C5H11O8P;1.24530e-4;0.590184;211.001313;1 out of 5
211.001438;211.001438;Phosphoribose;[M-H2O-H];C5H11O8P;1.24530e-4;0.590184;211.001313;1 out of 5
211.001438;211.001438;ribose-5-phosphate;[M-H2O-H];C5H11O8P;1.24530e-4;0.590184;211.001313;1 out of 5
211.001438;211.001438;"2,6-dimethyl-trans-2-heptenoyl-CoA";[M+K-H2];C7H10O5;9.41954e-6;0.044642;211.001428;1 out of 5
211.001438;211.001438;Shikimic acid;[M+K-H2];C7H10O5;9.41154e-6;0.044604;211.001428;1 out of 5
211.001438;211.001438;2-Isopropyl-3-oxosuccinate;[M+K-H2];C7H10O5;9.41154e-6;0.044604;211.001428;1 out of 5
211.001438;211.001438;Dimethyl 2-oxoglutarate;[M+K-H2];C7H10O5;9.41154e-6;0.044604;211.001428;1 out of 5
211.001438;211.001438;"(2R)-2-[(3R,4S)-3,4-Dihydroxy-5-oxooxolan-2-yl]-2-hydroxyacetaldehyde";[M+Cl];C6H8O6;-5.11365e-5;-0.242351;211.001489;2 out of 5
211.001438;211.001438;"5-(1,2-Dihydroxyethyl)-4-hydroxyoxolane-2,3-dione";[M+Cl];C6H8O6;-5.11365e-5;-0.242351;211.001489;2 out of 5
211.001438;211.001438;"(R)-2-((S)-1,2-Dihydroxyethyl)-4,5-dihydroxyfuran-3(2H)-one";[M+Cl];C6H8O6;-5.11365e-5;-0.242351;211.001489;2 out of 5
211.001438;211.001438;Diglyceride;[M+Cl];C6H8O6;-5.11365e-5;-0.242351;211.001489;2 out of 5
211.001438;211.001438;"(3S,4R,5S)-3,4-Dihydroxy-5-(2-hydroxyacetyl)oxolan-2-one";[M+Cl];C6H8O6;-5.11365e-5;-0.242351;211.001489;2 out of 5
211.001438;211.001438;2-Hydroxy-5-oxohexanedioic acid;[M+Cl];C6H8O6;-5.11365e-5;-0.242351;211.001489;2 out of 5
211.001438;211.001438;"(5R)-5-(1,2-Dihydroxyethyl)-3-hydroxyoxolane-2,4-dione";[M+Cl];C6H8O6;-5.11365e-5;-0.242351;211.001489;2 out of 5
211.001438;211.001438;Ascorbic acid;[M+Cl];C6H8O6;-5.11465e-5;-0.242399;211.001489;2 out of 5
211.001438;211.001438;"D-Glucurono-6,3-lactone";[M+Cl];C6H8O6;-5.11465e-5;-0.242399;211.001489;2 out of 5
211.001438;211.001438;"1,2,3-Propanetricarboxylic acid";[M+Cl];C6H8O6;-5.11465e-5;-0.242399;211.001489;2 out of 5
211.001438;211.001438;"3,4-Dihydroxy-5-[(S)-1,2-dihydroxyethyl]furan-2(5H)-one";[M+Cl];C6H8O6;-5.11465e-5;-0.242399;211.001489;2 out of 5
211.965211;211.965211;Clopidol;[M+Na-H2];C7H7Cl2NO;7.46274e-5;0.352074;211.965136;1 out of 5
213.017112;213.017112;Scopoletin;[M+Na-H2];C10H8O4;1.86427e-4;0.875174;213.016926;1 out of 5
213.017112;213.017112;8-Hydroxy-7-methoxy-2H-1-benzopyran-2-one;[M+Na-H2];C10H8O4;1.86421e-4;0.875145;213.016926;1 out of 5
213.017112;213.017112;Noreugenin;[M+Na-H2];C10H8O4;1.86421e-4;0.875145;213.016926;1 out of 5
213.017112;213.017112;Sodium (4-methoxybenzoyloxy)acetate;[M-H2O-H];C10H9NaO5;1.85495e-4;0.870798;213.016927;1 out of 5
213.017112;213.017112;Deoxyribose 5-phosphate;[M-H];C5H11O7P;1.49947e-4;0.703919;213.016962;1 out of 5
213.017112;213.017112;1-Deoxy-D-xylulose 5-phosphate;[M-H];C5H11O7P;1.49947e-4;0.703919;213.016962;1 out of 5
213.017112;213.017112;Deoxyribose 1-phosphate;[M-H];C5H11O7P;1.49947e-4;0.703919;213.016962;1 out of 5
213.017112;213.017112;Deoxyribose 5-monophosphate;[M-H];C5H11O7P;1.49947e-4;0.703919;213.016962;1 out of 5
213.017112;213.017112;5-Deoxyribose-1-phosphate;[M-H];C5H11O7P;1.49947e-4;0.703919;213.016962;1 out of 5
213.017112;213.017112;Polyribosylribitolphosphate;[M-H2O-H];C5H13O8P;1.48788e-4;0.698479;213.016963;1 out of 5
213.017112;213.017112;2-Isopropylmalic acid;[M+K-H2];C7H12O5;3.36708e-5;0.158066;213.017078;1 out of 5
213.017112;213.017112;"2,3-Dimethyl-3-hydroxyglutaric acid";[M+K-H2];C7H12O5;3.36708e-5;0.158066;213.017078;1 out of 5
213.017112;213.017112;3-Isopropylmalic acid;[M+K-H2];C7H12O5;3.36708e-5;0.158066;213.017078;1 out of 5
213.017112;213.017112;"(±)-Glycerol 1,2-diacetate";[M+K-H2];C7H12O5;3.36708e-5;0.158066;213.017078;1 out of 5
213.017112;213.017112;Glucose chloride;[M-H];C6H11ClO6;-2.66352e-5;-0.125038;213.017139;1 out of 5
213.017112;213.017112;"D-Gulono-1,4-lactone";[M+Cl];C6H10O6;-2.68772e-5;-0.126174;213.017139;1 out of 5
213.017112;213.017112;"D-Gluconic acid, delta-lactone";[M+Cl];C6H10O6;-2.68772e-5;-0.126174;213.017139;1 out of 5
213.017112;213.017112;"(3R,4R,5S,6R)-3,4,5,6-Tetrahydroxyoxepan-2-one";[M+Cl];C6H10O6;-2.68772e-5;-0.126174;213.017139;1 out of 5
213.017112;213.017112;Gluconolactone;[M+Cl];C6H10O6;-2.68872e-5;-0.126221;213.017139;1 out of 5
213.017112;213.017112;2-Keto-3-deoxy-D-gluconic acid;[M+Cl];C6H10O6;-2.68872e-5;-0.126221;213.017139;1 out of 5
213.017112;213.017112;3-Keto-b-D-galactose;[M+Cl];C6H10O6;-2.68872e-5;-0.126221;213.017139;1 out of 5
213.017112;213.017112;Galactonolactone;[M+Cl];C6H10O6;-2.68872e-5;-0.126221;213.017139;1 out of 5
213.017112;213.017112;L-Gulonolactone;[M+Cl];C6H10O6;-2.68872e-5;-0.126221;213.017139;1 out of 5
213.017112;213.017112;D-Arabino-hexos-2-ulose;[M+Cl];C6H10O6;-2.68872e-5;-0.126221;213.017139;1 out of 5
213.017112;213.017112;"L-galactono-1,4-lactone";[M+Cl];C6H10O6;-2.68872e-5;-0.126221;213.017139;1 out of 5
214.048619;214.048619;Actarit;[M+Na-H2];C10H11NO3;5.87420e-5;0.274433;214.048560;1 out of 5
214.048619;214.048619;n-benzoyl-d-alanine;[M+Na-H2];C10H11NO3;5.87420e-5;0.274433;214.048560;1 out of 5
214.048619;214.048619;N-Formyl-dl-phenylalanine;[M+Na-H2];C10H11NO3;5.87420e-5;0.274433;214.048560;1 out of 5
214.048619;214.048619;Phenylacetylglycine;[M+Na-H2];C10H11NO3;5.87370e-5;0.274410;214.048560;1 out of 5
214.048619;214.048619;Methyl hippurate;[M+Na-H2];C10H11NO3;5.87370e-5;0.274410;214.048560;1 out of 5
214.048619;214.048619;2-Methylhippuric acid;[M+Na-H2];C10H11NO3;5.87370e-5;0.274410;214.048560;1 out of 5
214.048619;214.048619;m-Methylhippuric acid;[M+Na-H2];C10H11NO3;5.87370e-5;0.274410;214.048560;1 out of 5
214.048619;214.048619;p-Methylhippuric acid;[M+Na-H2];C10H11NO3;5.87370e-5;0.274410;214.048560;1 out of 5
214.048619;214.048619;Methyl n-acetylanthranilate;[M+Na-H2];C10H11NO3;5.87370e-5;0.274410;214.048560;1 out of 5
214.048619;214.048619;Betamipron;[M+Na-H2];C10H11NO3;5.87370e-5;0.274410;214.048560;1 out of 5
214.048619;214.048619;3-Carbamoyl-2-phenylpropionaldehyde;[M+Na-H2];C10H11NO3;5.87370e-5;0.274410;214.048560;1 out of 5
214.048619;214.048619;"4-Hydroxy-5-phenyltetrahydro-1,3-oxazin-2-one";[M+Na-H2];C10H11NO3;5.87370e-5;0.274410;214.048560;1 out of 5
214.048619;214.048619;4-Anilino-4-oxobutanoic acid;[M+Na-H2];C10H11NO3;5.87370e-5;0.274410;214.048560;1 out of 5
214.048619;214.048619;N-Formylphenylalanine;[M+Na-H2];C10H11NO3;5.87370e-5;0.274410;214.048560;1 out of 5
214.048619;214.048619;Glycerylphosphorylethanolamine;[M-H];C5H14NO6P;2.22630e-5;0.104009;214.048597;3 out of 5
214.048619;214.048619;sn-glycero-3-Phosphoethanolamine;[M-H];C5H14NO6P;2.22630e-5;0.104009;214.048597;3 out of 5
214.048619;214.048619;N-Methyl-1-deoxynojirimycin;[M+K-H2];C7H15NO4;-9.40130e-5;-0.439213;214.048713;1 out of 5
214.048619;214.048619;"(2R,3R,4S,5R)-2-Amino-3,4,5,6-tetrahydroxyhexanal";[M+Cl];C6H13NO5;-1.54563e-4;-0.722092;214.048774;1 out of 5
214.048619;214.048619;1-Aminoglucose;[M+Cl];C6H13NO5;-1.54563e-4;-0.722092;214.048774;1 out of 5
214.048619;214.048619;beta-D-Galactosamine;[M+Cl];C6H13NO5;-1.54563e-4;-0.722092;214.048774;1 out of 5
214.048619;214.048619;Fructosylamine;[M+Cl];C6H13NO5;-1.54563e-4;-0.722092;214.048774;1 out of 5
214.048619;214.048619;Tricine;[M+Cl];C6H13NO5;-1.54563e-4;-0.722092;214.048774;1 out of 5
214.048619;214.048619;Glucosamine;[M+Cl];C6H13NO5;-1.54571e-4;-0.722130;214.048774;1 out of 5
214.048619;214.048619;Fructosamine;[M+Cl];C6H13NO5;-1.54571e-4;-0.722130;214.048774;1 out of 5
214.048619;214.048619;beta-D-Glucosamine;[M+Cl];C6H13NO5;-1.54571e-4;-0.722130;214.048774;1 out of 5
215.032733;215.032733;"Methyl 3,4-dihydroxycinnamate";[M+Na-H2];C10H10O4;1.56825e-4;0.729309;215.032576;1 out of 5
215.032733;215.032733;cis-Isoferulic acid;[M+Na-H2];C10H10O4;1.56825e-4;0.729309;215.032576;1 out of 5
215.032733;215.032733;5-hydroxy-coniferaldehyde;[M+Na-H2];C10H10O4;1.56825e-4;0.729309;215.032576;1 out of 5
215.032733;215.032733;Ferulic acid;[M+Na-H2];C10H10O4;1.56819e-4;0.729281;215.032576;1 out of 5
215.032733;215.032733;Isoferulic acid;[M+Na-H2];C10H10O4;1.56819e-4;0.729281;215.032576;1 out of 5
215.032733;215.032733;Monoethyl phthalate;[M+Na-H2];C10H10O4;1.56819e-4;0.729281;215.032576;1 out of 5
215.032733;215.032733;Vanillin acetate;[M+Na-H2];C10H10O4;1.56819e-4;0.729281;215.032576;1 out of 5
215.032733;215.032733;"(-)-trans-3,4-Dihydro-4,8-dihydroxy-3-methyl-1H-2-benzopyran-1-one";[M+Na-H2];C10H10O4;1.56819e-4;0.729281;215.032576;1 out of 5
215.032733;215.032733;Piperonyl acetate;[M+Na-H2];C10H10O4;1.56819e-4;0.729281;215.032576;1 out of 5
215.032733;215.032733;Meconine;[M+Na-H2];C10H10O4;1.56819e-4;0.729281;215.032576;1 out of 5
215.032733;215.032733;3-(2-Hydroxy-3-methoxyphenyl)-2-propenoic acid;[M+Na-H2];C10H10O4;1.56819e-4;0.729281;215.032576;1 out of 5
215.032733;215.032733;Repandiol;[M+Na-H2];C10H10O4;1.56819e-4;0.729281;215.032576;1 out of 5
215.032733;215.032733;mono-Benzyl malonate;[M+Na-H2];C10H10O4;1.56819e-4;0.729281;215.032576;1 out of 5
215.032733;215.032733;"2,5-Dihydroxycinnamic acid methyl ester";[M+Na-H2];C10H10O4;1.56819e-4;0.729281;215.032576;1 out of 5
215.032733;215.032733;cis-Ferulic acid;[M+Na-H2];C10H10O4;1.56819e-4;0.729281;215.032576;1 out of 5
215.032733;215.032733;Dimethyl phthalate;[M+Na-H2];C10H10O4;1.56819e-4;0.729281;215.032576;1 out of 5
215.032733;215.032733;"(R)-3,4-Dihydro-6,8-dihydroxy-3-methyl-1H-2-benzopyran-1-one";[M+Na-H2];C10H10O4;1.56819e-4;0.729281;215.032576;1 out of 5
215.032733;215.032733;Sodium ferulate;[M-H];C10H9NaO4;1.56176e-4;0.726291;215.032576;1 out of 5
215.032733;215.032733;2-C-methyl-D-erythritol-4-phosphate;[M-H];C5H13O7P;1.20345e-4;0.559660;215.032612;1 out of 5
215.032733;215.032733;"(2S,3R,4S,5R,6R)-6-Ethyloxane-2,3,4,5-tetrol";[M+K-H2];C7H14O5;4.07623e-6;0.018956;215.032729;1 out of 5
215.032733;215.032733;beta-D-galactosyl;[M+K-H2];C7H14O5;4.07623e-6;0.018956;215.032729;1 out of 5
215.032733;215.032733;Glycerol 3-hydroxybutyrate;[M+K-H2];C7H14O5;4.07623e-6;0.018956;215.032729;1 out of 5
215.032733;215.032733;2-O-Methyl-L-fucose;[M+K-H2];C7H14O5;4.06923e-6;0.018924;215.032729;1 out of 5
215.032733;215.032733;D-Tagatose;[M+Cl];C6H12O6;-5.64788e-5;-0.262652;215.032789;1 out of 5
215.032733;215.032733;muco-Inositol;[M+Cl];C6H12O6;-5.64788e-5;-0.262652;215.032789;1 out of 5
215.032733;215.032733;neo-Inositol;[M+Cl];C6H12O6;-5.64788e-5;-0.262652;215.032789;1 out of 5
215.032733;215.032733;cis-Inositol;[M+Cl];C6H12O6;-5.64788e-5;-0.262652;215.032789;1 out of 5
215.032733;215.032733;"(2R,4S,5S)-1,2,4,5,6-Pentahydroxyhexan-3-one";[M+Cl];C6H12O6;-5.64788e-5;-0.262652;215.032789;1 out of 5
215.032733;215.032733;alpha-D-Galactofuranose;[M+Cl];C6H12O6;-5.64788e-5;-0.262652;215.032789;1 out of 5
215.032733;215.032733;D-Fructofuranose;[M+Cl];C6H12O6;-5.64788e-5;-0.262652;215.032789;1 out of 5
215.032733;215.032733;D-Psicose;[M+Cl];C6H12O6;-5.64788e-5;-0.262652;215.032789;1 out of 5
215.032733;215.032733;alpha-D-Allofuranose;[M+Cl];C6H12O6;-5.64788e-5;-0.262652;215.032789;1 out of 5
215.032733;215.032733;D-Glucose;[M+Cl];C6H12O6;-5.64888e-5;-0.262698;215.032789;1 out of 5
215.032733;215.032733;D-Galactose;[M+Cl];C6H12O6;-5.64888e-5;-0.262698;215.032789;1 out of 5
215.032733;215.032733;D-Mannose;[M+Cl];C6H12O6;-5.64888e-5;-0.262698;215.032789;1 out of 5
215.032733;215.032733;myo-Inositol;[M+Cl];C6H12O6;-5.64888e-5;-0.262698;215.032789;1 out of 5
215.032733;215.032733;3-Deoxyarabinohexonic acid;[M+Cl];C6H12O6;-5.64888e-5;-0.262698;215.032789;1 out of 5
215.032733;215.032733;D-Fructose;[M+Cl];C6H12O6;-5.64888e-5;-0.262698;215.032789;1 out of 5
215.032733;215.032733;Allose;[M+Cl];C6H12O6;-5.64888e-5;-0.262698;215.032789;1 out of 5
215.032733;215.032733;L-Sorbose;[M+Cl];C6H12O6;-5.64888e-5;-0.262698;215.032789;1 out of 5
215.032733;215.032733;alpha-D-Glucose;[M+Cl];C6H12O6;-5.64888e-5;-0.262698;215.032789;1 out of 5
215.032733;215.032733;beta-D-Galactose;[M+Cl];C6H12O6;-5.64888e-5;-0.262698;215.032789;1 out of 5
215.032733;215.032733;scyllo-Inositol;[M+Cl];C6H12O6;-5.64888e-5;-0.262698;215.032789;1 out of 5
215.032733;215.032733;L-Gulose;[M+Cl];C6H12O6;-5.64888e-5;-0.262698;215.032789;1 out of 5
215.032733;215.032733;Dihydroxyacetone (dimer);[M+Cl];C6H12O6;-5.64888e-5;-0.262698;215.032789;1 out of 5
215.032733;215.032733;L-Galactose;[M+Cl];C6H12O6;-5.64888e-5;-0.262698;215.032789;1 out of 5
215.032733;215.032733;Levoinositol;[M+Cl];C6H12O6;-5.64888e-5;-0.262698;215.032789;1 out of 5
215.032733;215.032733;Glycoprotein-phospho-D-mannose;[M+Cl];C6H12O6;-5.64888e-5;-0.262698;215.032789;1 out of 5
215.032733;215.032733;epi-Inositol;[M+Cl];C6H12O6;-5.64888e-5;-0.262698;215.032789;1 out of 5
215.032733;215.032733;D-chiro-Inositol;[M+Cl];C6H12O6;-5.64888e-5;-0.262698;215.032789;1 out of 5
215.032733;215.032733;allo-Inositol;[M+Cl];C6H12O6;-5.64888e-5;-0.262698;215.032789;1 out of 5
215.032733;215.032733;"(2R,3R,4R,5R)-2,3,4,5,6-Pentahydroxyhexanal";[M+Cl];C6H12O6;-5.64888e-5;-0.262698;215.032789;1 out of 5
215.032733;215.032733;"(3R,4R,5R)-1,3,4,5,6-Pentahydroxyhexan-2-one";[M+Cl];C6H12O6;-5.64888e-5;-0.262698;215.032789;1 out of 5
215.032733;215.032733;D-Gulose;[M+Cl];C6H12O6;-5.64888e-5;-0.262698;215.032789;1 out of 5
215.032733;215.032733;Glucose;[M+Cl];C6H12O6;-5.64888e-5;-0.262698;215.032789;1 out of 5
216.051356;216.051356;Glutamyl pyruvate;[M-H];C8H11NO6;-4.09901e-6;-0.018972;216.051360;1 out of 5
216.051356;216.051356;Lycoperdic acid;[M-H];C8H11NO6;-4.11001e-6;-0.019023;216.051360;1 out of 5
216.051356;216.051356;Glycerol glutamate;[M-H2O-H];C8H13NO7;-4.78401e-6;-0.022143;216.051361;1 out of 5
216.981170;216.981170;5-Sulfosalicylic acid;[M-H];C7H6O6S;-6.19520e-5;-0.285518;216.981232;1 out of 5
216.981170;216.981170;3-hydroxybenzoic acid-3-O-sulphate;[M-H];C7H6O6S;-6.19520e-5;-0.285518;216.981232;1 out of 5
216.981170;216.981170;4-hydroxybenzoic acid-4-O-sulphate;[M-H];C7H6O6S;-6.19520e-5;-0.285518;216.981232;1 out of 5
216.981170;216.981170;4-Methylcatechol sulfate;[M-H];C7H6O6S;-6.24250e-5;-0.287698;216.981232;1 out of 5
217.015202;217.015202;Diphenyl disulfide;[M-H];C12H10S2;8.74230e-5;0.402843;217.015115;1 out of 5
217.015202;217.015202;"(2R,4R,5R)-2,4,5,6-Tetrahydroxy-1-sulfanylhexan-3-one";[M+Na-H2];C6H12O5S;-9.53701e-6;-0.043946;217.015212;1 out of 5
217.015202;217.015202;"(2r,3r,4s,5r,6s)-2-(Hydroxymethyl)-6-Sulfanyl-Oxane-3,4,5-Triol";[M+Na-H2];C6H12O5S;-9.53701e-6;-0.043946;217.015212;1 out of 5
217.015202;217.015202;5-Thio-D-Glucose;[M+Na-H2];C6H12O5S;-9.53701e-6;-0.043946;217.015212;1 out of 5
217.015202;217.015202;"(2R,4R,5S)-1,4,5,6-Tetrahydroxy-2-sulfanylhexan-3-one";[M+Na-H2];C6H12O5S;-9.53701e-6;-0.043946;217.015212;1 out of 5
217.015202;217.015202;Thioglucose;[M+Na-H2];C6H12O5S;-9.53701e-6;-0.043946;217.015212;1 out of 5
223.007993;223.007993;8-Cyano-fluoroquinolone;[M+Cl];C10H5FN2O;8.50640e-7;0.003814;223.007992;1 out of 5
224.069342;224.069342;Methyl indole-3-propanoate;[M+Na-H2];C12H13NO2;4.67228e-5;0.208520;224.069296;1 out of 5
224.069342;224.069342;3-Indolebutyric acid;[M+Na-H2];C12H13NO2;4.67208e-5;0.208511;224.069296;1 out of 5
224.069342;224.069342;Methsuximide;[M+Na-H2];C12H13NO2;4.67208e-5;0.208511;224.069296;1 out of 5
224.069342;224.069342;"5-(2-Furanyl)-1,2,3,4,5,6-hexahydro-7H-cyclopenta[b]pyridin-7-one";[M+Na-H2];C12H13NO2;4.67208e-5;0.208511;224.069296;1 out of 5
224.069342;224.069342;Isosalsolidine;[M+Na-H2];C12H13NO2;4.67208e-5;0.208511;224.069296;1 out of 5
224.069342;224.069342;Indole-3-acetic acid ethyl ester;[M+Na-H2];C12H13NO2;4.67208e-5;0.208511;224.069296;1 out of 5
224.069342;224.069342;(+)-2-Amino-7-phosphonoheptanoic acid;[M-H];C7H16NO5P;9.76883e-6;0.043597;224.069333;1 out of 5
224.069342;224.069342;"1-Hydroxy-2,2,5,5-tetramethylpyrrolidine-3-carboxylic acid";[M+K-H2];C9H17NO3;-1.06025e-4;-0.473180;224.069448;1 out of 5
224.069342;224.069342;Pivagabine;[M+K-H2];C9H17NO3;-1.06025e-4;-0.473180;224.069448;1 out of 5
224.069342;224.069342;"L-Valine, N-(2-hydroxy-3-butenyl)-";[M+K-H2];C9H17NO3;-1.06025e-4;-0.473180;224.069448;1 out of 5
224.069342;224.069342;N-Heptanoylglycine;[M+K-H2];C9H17NO3;-1.06029e-4;-0.473198;224.069448;1 out of 5
224.069342;224.069342;8-Amino-7-oxononanoic acid;[M+K-H2];C9H17NO3;-1.06029e-4;-0.473198;224.069448;1 out of 5
224.069342;224.069342;N-Lactoylvaline;[M+Cl];C8H15NO4;-1.66581e-4;-0.743435;224.069509;1 out of 5
224.069342;224.069342;1-hydroxyhexanoylglycine;[M+Cl];C8H15NO4;-1.66581e-4;-0.743435;224.069509;1 out of 5
224.069342;224.069342;2-hydroxyhexanoylglycine;[M+Cl];C8H15NO4;-1.66581e-4;-0.743435;224.069509;1 out of 5
224.069342;224.069342;3-hydroxyhexanoylglycine;[M+Cl];C8H15NO4;-1.66581e-4;-0.743435;224.069509;1 out of 5
224.069342;224.069342;4-hydroxyhexanoylglycine;[M+Cl];C8H15NO4;-1.66581e-4;-0.743435;224.069509;1 out of 5
224.069342;224.069342;5-hydroxyhexanoylglycine;[M+Cl];C8H15NO4;-1.66581e-4;-0.743435;224.069509;1 out of 5
224.069342;224.069342;1-Carboxyethylvaline;[M+Cl];C8H15NO4;-1.66581e-4;-0.743435;224.069509;1 out of 5
224.069342;224.069342;Castanospermine;[M+Cl];C8H15NO4;-1.66581e-4;-0.743435;224.069509;1 out of 5
224.069342;224.069342;H-D-Asp(OtBu)-OH;[M+Cl];C8H15NO4;-1.66581e-4;-0.743435;224.069509;1 out of 5
224.069342;224.069342;DIMBOA trihexose;[M+Cl];C8H15NO4;-1.66581e-4;-0.743435;224.069509;1 out of 5
224.069342;224.069342;N-Methylcalystegine B2;[M+Cl];C8H15NO4;-1.66587e-4;-0.743462;224.069509;1 out of 5
224.803455;224.803455;Copper iodide;[M+Cl];CuI;-1.58009e-5;-0.070288;224.803470;1 out of 5
226.996438;226.996438;2-O-Methylascorbic acid;[M+K-H2];C7H10O6;9.49975e-5;0.418498;226.996343;1 out of 5
226.996438;226.996438;3-Dehydroquinic acid;[M+K-H2];C7H10O6;9.49875e-5;0.418454;226.996343;1 out of 5
226.996438;226.996438;2-Hydroxy-2-(2-oxopropyl)butanedioic acid;[M+K-H2];C7H10O6;9.49875e-5;0.418454;226.996343;1 out of 5
226.996438;226.996438;"2,3-diketogulonate";[M+Cl];C6H8O7;3.44415e-5;0.151727;226.996404;2 out of 5
226.996438;226.996438;dehydroascorbate (bicyclic form);[M+Cl];C6H8O7;3.44415e-5;0.151727;226.996404;2 out of 5
226.996438;226.996438;Citric acid;[M+Cl];C6H8O7;3.44295e-5;0.151674;226.996404;2 out of 5
226.996438;226.996438;Isocitric acid;[M+Cl];C6H8O7;3.44295e-5;0.151674;226.996404;2 out of 5
226.996438;226.996438;D-threo-Isocitric acid;[M+Cl];C6H8O7;3.44295e-5;0.151674;226.996404;2 out of 5
226.996438;226.996438;Diketogulonic acid;[M+Cl];C6H8O7;3.44295e-5;0.151674;226.996404;2 out of 5
226.996438;226.996438;"2,3-Diketo-L-gulonate";[M+Cl];C6H8O7;3.44295e-5;0.151674;226.996404;2 out of 5
226.996438;226.996438;"(1R,2R)-Isocitric acid";[M+Cl];C6H8O7;3.44295e-5;0.151674;226.996404;2 out of 5
226.996438;226.996438;"D-Glucaro-1,4-lactone";[M+Cl];C6H8O7;3.44295e-5;0.151674;226.996404;2 out of 5
227.038177;227.038177;2H-Benzo[F]isoindole-1-carbonitrile;[M+Cl];C13H8N2;2.72948e-5;0.120221;227.038149;2 out of 5
227.038177;227.038177;Polyanethole-sulfate;[M-H];C10H12O4S;-1.76479e-4;-0.777310;227.038353;2 out of 5
229.046391;229.046391;L-beta-aspartyl-L-aspartic acid;[M-H2O-H];C8H12N2O7;-2.19152e-4;-0.956803;229.046610;1 out of 5
229.046391;229.046391;Aspartyl-Aspartate;[M-H2O-H];C8H12N2O7;-2.19152e-4;-0.956803;229.046610;1 out of 5
229.046794;229.046794;L-beta-aspartyl-L-aspartic acid;[M-H2O-H];C8H12N2O7;1.84215e-4;0.804269;229.046610;1 out of 5
229.046794;229.046794;Aspartyl-Aspartate;[M-H2O-H];C8H12N2O7;1.84215e-4;0.804269;229.046610;1 out of 5
229.048206;229.048206;"5-(3',4'-Dihydroxyphenyl)-gamma-valerolactone";[M+Na-H2];C11H12O4;-2.01052e-5;-0.087777;229.048226;1 out of 5
229.048206;229.048206;"Propanedioic acid, (2-phenylethyl)-";[M+Na-H2];C11H12O4;-2.01052e-5;-0.087777;229.048226;1 out of 5
229.048206;229.048206;Dihydroxyphenyl-valerolactone;[M+Na-H2];C11H12O4;-2.01052e-5;-0.087777;229.048226;1 out of 5
229.048206;229.048206;Sinapaldehyde;[M+Na-H2];C11H12O4;-2.01052e-5;-0.087777;229.048226;1 out of 5
229.048206;229.048206;(R)-2-Benzylsuccinate;[M+Na-H2];C11H12O4;-2.01112e-5;-0.087803;229.048226;1 out of 5
229.048206;229.048206;"3-(3,4-Dimethoxyphenyl)-2-propenoic acid";[M+Na-H2];C11H12O4;-2.01112e-5;-0.087803;229.048226;1 out of 5
229.048206;229.048206;Furapiole;[M+Na-H2];C11H12O4;-2.01112e-5;-0.087803;229.048226;1 out of 5
229.048206;229.048206;"1-(2-Methoxy-3,4-methylenedioxyphenyl)-1-propanone";[M+Na-H2];C11H12O4;-2.01112e-5;-0.087803;229.048226;1 out of 5
229.048206;229.048206;6-Methoxymellein;[M+Na-H2];C11H12O4;-2.01112e-5;-0.087803;229.048226;1 out of 5
229.048206;229.048206;"3-(3-Methoxy-4,5-methylenedioxyphenyl)-2-propen-1-ol";[M+Na-H2];C11H12O4;-2.01112e-5;-0.087803;229.048226;1 out of 5
229.048206;229.048206;Anthriscinol;[M+Na-H2];C11H12O4;-2.01112e-5;-0.087803;229.048226;1 out of 5
229.048206;229.048206;"5-(3',5'-Dihydroxyphenyl)-gamma-valerolactone";[M+Na-H2];C11H12O4;-2.01112e-5;-0.087803;229.048226;1 out of 5
229.048206;229.048206;"5-(3',4'-Dihydroxyphenyl)-γ-valerolactone";[M+Na-H2];C11H12O4;-2.01112e-5;-0.087803;229.048226;1 out of 5
229.048206;229.048206;Caffeic acid ethyl ester;[M+Na-H2];C11H12O4;-2.01112e-5;-0.087803;229.048226;1 out of 5
229.048206;229.048206;Methyl ferulate;[M+Na-H2];C11H12O4;-2.01112e-5;-0.087803;229.048226;1 out of 5
229.048206;229.048206;"(5S,6R)-Methyl 5,6,7-trihydroxyheptanoate";[M+K-H2];C8H16O5;-1.72854e-4;-0.754662;229.048379;1 out of 5
229.049147;229.049147;"1,9-Nonanedithiol";[M+K-H2];C9H20S2;-1.00051e-4;-0.436810;229.049247;1 out of 5
229.049147;229.049147;3-[(2-Mercapto-1-methylpropyl)thio]-2-butanol;[M+Cl];C8H18OS2;-1.60609e-4;-0.701199;229.049308;1 out of 5
229.049618;229.049618;Caffeine;[M+Cl];C8H10N4O2;-1.59008e-4;-0.694208;229.049777;1 out of 5
229.049618;229.049618;Enprofylline;[M+Cl];C8H10N4O2;-1.59008e-4;-0.694208;229.049777;1 out of 5
229.049618;229.049618;Chloroethyl nitrosourea;[M-H2O-H];C8H13ClN4O3;-1.59424e-4;-0.696024;229.049777;1 out of 5
229.050559;229.050559;"2,3,4-Trihydroxybenzophenone";[M-H];C13H10O4;-7.30064e-5;-0.318735;229.050632;2 out of 5
229.050559;229.050559;3-(4-Hydroxyphenoxy)benzoic acid;[M-H];C13H10O4;-7.30064e-5;-0.318735;229.050632;2 out of 5
229.050559;229.050559;Visnagin;[M-H];C13H10O4;-7.30064e-5;-0.318735;229.050632;2 out of 5
229.050559;229.050559;Coriandrin;[M-H];C13H10O4;-7.30124e-5;-0.318761;229.050632;2 out of 5
229.050559;229.050559;Wyeronic acid;[M-H];C13H10O4;-7.30124e-5;-0.318761;229.050632;2 out of 5
229.050559;229.050559;"2',4'-Dihydroxy-2-biphenylcarboxylic acid";[M-H];C13H10O4;-7.30124e-5;-0.318761;229.050632;2 out of 5
229.050559;229.050559;Bisnoryangonin;[M-H];C13H10O4;-7.30124e-5;-0.318761;229.050632;2 out of 5
229.050559;229.050559;Coriandrone E;[M-H2O-H];C13H12O5;-7.36984e-5;-0.321756;229.050632;1 out of 5
229.051500;229.051500;(+)-Epibatidine;[M+Na-H2];C11H13ClN2;1.06890e-4;0.466664;229.051393;1 out of 5
229.053786;229.053786;1-Aminoacridine;[M+Cl];C13H10N2;-1.34367e-5;-0.058662;229.053799;2 out of 5
229.053786;229.053786;"2-Phenylimidazo[1,2-a]pyridine";[M+Cl];C13H10N2;-1.34367e-5;-0.058662;229.053799;2 out of 5
229.053786;229.053786;9-Aminoacridine;[M+Cl];C13H10N2;-1.34367e-5;-0.058662;229.053799;2 out of 5
229.053786;229.053786;Cyclopropylpyrroloindole;[M+Cl];C13H10N2;-1.34367e-5;-0.058662;229.053799;2 out of 5
229.053786;229.053786;Dibenzodiazepine;[M+Cl];C13H10N2;-1.34367e-5;-0.058662;229.053799;2 out of 5
229.053786;229.053786;"6-Chloro-2,3,4,9-tetrahydro-1H-carbazole-1-carboxamide";[M-H2O-H];C13H13ClN2O;-1.38067e-5;-0.060277;229.053800;1 out of 5
229.053786;229.053786;Thymol Sulfate;[M-H];C10H14O4S;-2.17212e-4;-0.948299;229.054003;2 out of 5
229.059366;229.059366;Allobarbital;[M+Na-H2];C10H12N2O3;-9.29563e-5;-0.405817;229.059459;1 out of 5
229.059366;229.059366;L-Kynurenine;[M+Na-H2];C10H12N2O3;-9.29623e-5;-0.405844;229.059459;1 out of 5
229.059366;229.059366;Formyl-5-hydroxykynurenamine;[M+Na-H2];C10H12N2O3;-9.29623e-5;-0.405844;229.059459;1 out of 5
229.059366;229.059366;4-Aminobenzoyl-(beta)-alanine;[M+Na-H2];C10H12N2O3;-9.29623e-5;-0.405844;229.059459;1 out of 5
229.059366;229.059366;D-Kynurenine;[M+Na-H2];C10H12N2O3;-9.29623e-5;-0.405844;229.059459;1 out of 5
230.012885;230.012885;Paracetamol sulfate;[M-H];C8H9NO5S;1.89330e-5;0.082313;230.012866;1 out of 5
230.012885;230.012885;Benzeneacetamide-4-O-sulphate;[M-H];C8H9NO5S;1.89330e-5;0.082313;230.012866;1 out of 5
230.012885;230.012885;HPAA sulfate;[M-H];C8H9NO5S;1.84580e-5;0.080248;230.012867;1 out of 5
230.012885;230.012885;"2,5-Dioxopyrrolidin-1-yl 2-(acetylthio)acetate";[M-H];C8H9NO5S;1.84580e-5;0.080248;230.012867;1 out of 5
230.012885;230.012885;1-(2-Amino-3-hydroxyphenyl)-ethanone sulfate;[M-H];C8H9NO5S;1.84580e-5;0.080248;230.012867;1 out of 5
230.012885;230.012885;Norepinephrine sulfate;[M-H2O-H];C8H11NO6S;1.82470e-5;0.079330;230.012867;1 out of 5
230.012885;230.012885;Norepinephrine 3-sulfate;[M-H2O-H];C8H11NO6S;1.77740e-5;0.077274;230.012867;1 out of 5
230.012885;230.012885;"S-[(3R,3As,6S,6aS)-3-nitrooxy-2,3,3a,5,6,6a-hexahydrofuro[3,2-b]furan-6-yl] ethanethioate";[M-H2O-H];C8H11NO6S;1.77740e-5;0.077274;230.012867;1 out of 5
230.037769;230.037769;1-Aminoanthracene;[M+K-H2];C14H11N;1.46249e-5;0.063576;230.037754;1 out of 5
230.037769;230.037769;Iminostilbene;[M+K-H2];C14H11N;1.46249e-5;0.063576;230.037754;1 out of 5
230.037769;230.037769;2-Aminoanthracene;[M+K-H2];C14H11N;1.46239e-5;0.063572;230.037754;1 out of 5
230.037769;230.037769;2-Phenylindole;[M+K-H2];C14H11N;1.46239e-5;0.063572;230.037754;1 out of 5
230.037769;230.037769;2-Methyl-6-(phenylethynyl)pyridine;[M+K-H2];C14H11N;1.46239e-5;0.063572;230.037754;1 out of 5
230.037769;230.037769;2-Amino-5-chlorobenzophenone;[M-H];C13H10ClNO;-4.56181e-5;-0.198307;230.037815;1 out of 5
230.037769;230.037769;Acridone;[M+Cl];C13H9NO;-4.59321e-5;-0.199672;230.037815;2 out of 5
230.037769;230.037769;Phenanthridinol;[M+Cl];C13H9NO;-4.59321e-5;-0.199672;230.037815;2 out of 5
230.037769;230.037769;9H-Carbazole-3-carboxaldehyde;[M+Cl];C13H9NO;-4.59331e-5;-0.199676;230.037815;2 out of 5
230.037769;230.037769;"Dibenz[b,f][1,4]oxazepine";[M+Cl];C13H9NO;-4.59331e-5;-0.199676;230.037815;2 out of 5
230.037769;230.037769;6(5H)-Phenanthridinone;[M+Cl];C13H9NO;-4.59331e-5;-0.199676;230.037815;2 out of 5
230.050789;230.050789;"8-Chloro-1-methyl-2,3,4,5-tetrahydro-1H-benzo[d]azepine";[M+Cl];C11H14ClN;-8.87633e-5;-0.385842;230.050878;2 out of 5
230.050789;230.050789;benalfocin;[M+Cl];C11H14ClN;-8.87633e-5;-0.385842;230.050878;2 out of 5
230.057165;230.057165;6-Nitrotryptophan;[M-H2O-H];C11H11N3O4;4.97258e-5;0.216145;230.057115;1 out of 5
230.057165;230.057165;Nitrotryptophan;[M-H2O-H];C11H11N3O4;4.97258e-5;0.216145;230.057115;1 out of 5
231.048506;231.048506;"(2E,11Z)-5-[5-(Methylthio)-4-penten-2-ynyl]-2-furanacrolein";[M-H];C13H12O2S;-1.71104e-5;-0.074056;231.048523;2 out of 5
231.048506;231.048506;"2-[(5-Methylsulfinyl)-4-penten-2-ynylidene]-1,6-dioxaspiro[4.4]non-3-ene";[M-H2O-H];C13H14O3S;-1.77964e-5;-0.077025;231.048524;1 out of 5
231.048506;231.048506;L-galacto-2-Heptulose;[M+Na-H2];C7H14O7;-1.13583e-4;-0.491600;231.048620;2 out of 5
231.048506;231.048506;D-manno-2-Heptulose;[M+Na-H2];C7H14O7;-1.13583e-4;-0.491600;231.048620;2 out of 5
231.048506;231.048506;"(3R,5R,6R)-1,2,3,5,6,7-Hexahydroxyheptan-4-one";[M+Na-H2];C7H14O7;-1.13583e-4;-0.491600;231.048620;2 out of 5
231.048506;231.048506;Crocose;[M+Na-H2];C7H14O7;-1.13583e-4;-0.491600;231.048620;2 out of 5
231.048506;231.048506;Sedoheptulose;[M+Na-H2];C7H14O7;-1.13594e-4;-0.491647;231.048620;2 out of 5
231.048506;231.048506;D-altro-D-manno-Heptose;[M+Na-H2];C7H14O7;-1.13594e-4;-0.491647;231.048620;2 out of 5
231.048506;231.048506;d-Glycero-d-galacto-heptose;[M+Na-H2];C7H14O7;-1.13594e-4;-0.491647;231.048620;2 out of 5
231.048506;231.048506;MANNOHEPTULOSE;[M+Na-H2];C7H14O7;-1.13594e-4;-0.491647;231.048620;2 out of 5
231.049943;231.049943;Caffeinol;[M+Na-H2];C8H10N4O3;-1.44086e-5;-0.062361;231.049957;1 out of 5
231.049943;231.049943;"1,3,7-Trimethyluric acid";[M+Na-H2];C8H10N4O3;-1.44166e-5;-0.062396;231.049957;1 out of 5
231.049943;231.049943;"1,3,9-Trimethyluric acid";[M+Na-H2];C8H10N4O3;-1.44166e-5;-0.062396;231.049957;1 out of 5
231.051721;231.051721;"Hexahydro-2',4-dimethylspiro[1,3-dithiolo[4,5-c]furan-2,3'(2'H)-furan]";[M-H];C10H16O2S2;-1.72697e-4;-0.747437;231.051894;2 out of 5
231.051721;231.051721;"Hexahydro-2',3alpha-dimethylspiro[1,3-dithiolo[4,5-b]furan-2,3'(2'H)-furan]";[M-H];C10H16O2S2;-1.72697e-4;-0.747437;231.051894;2 out of 5
231.054184;231.054184;1-Methoxyphenazine;[M+Na-H2];C13H10N2O;2.04281e-4;0.884125;231.053980;2 out of 5
231.054184;231.054184;2-Aminoacridone;[M+Na-H2];C13H10N2O;2.04281e-4;0.884125;231.053980;2 out of 5
231.054184;231.054184;C1=CC=CC2=CC3=C(O)C(N)=CC=C3N=C21;[M+Na-H2];C13H10N2O;2.04281e-4;0.884125;231.053980;2 out of 5
231.054184;231.054184;Pyocyanin;[M+Na-H2];C13H10N2O;2.04279e-4;0.884116;231.053980;2 out of 5
231.054184;231.054184;Cppene;[M-H2O-H];C8H15N2O5P;1.66642e-4;0.721223;231.054018;1 out of 5
231.054184;231.054184;alpha-(4-Pyridyl-1-oxide)-N-tert-butylnitrone;[M+K-H2];C10H14N2O2;5.15315e-5;0.223028;231.054133;1 out of 5
231.054184;231.054184;Laccarin;[M+K-H2];C10H14N2O2;5.15285e-5;0.223015;231.054133;1 out of 5
231.054184;231.054184;6-Hydroxypseudooxynicotine;[M+K-H2];C10H14N2O2;5.15285e-5;0.223015;231.054133;1 out of 5
231.054184;231.054184;3-Amino-L-tyrosine;[M+Cl];C9H12N2O3;-9.02350e-6;-0.039054;231.054193;1 out of 5
231.054184;231.054184;4-Amino-3-hydroxyphenylalanine;[M+Cl];C9H12N2O3;-9.02350e-6;-0.039054;231.054193;1 out of 5
231.054184;231.054184;5-Aminosalicyl-glycine;[M+Cl];C9H12N2O3;-9.02350e-6;-0.039054;231.054193;1 out of 5
231.054184;231.054184;Aethallymal;[M+Cl];C9H12N2O3;-9.02350e-6;-0.039054;231.054193;1 out of 5
231.054184;231.054184;"2-(Ethylamino)-4,5-dihydroxybenzamide";[M+Cl];C9H12N2O3;-9.02950e-6;-0.039080;231.054193;1 out of 5
231.054184;231.054184;5-Nitro-2-propoxyaniline;[M+Cl];C9H12N2O3;-9.02950e-6;-0.039080;231.054193;1 out of 5
232.054225;232.054225;Medemo;[M+Na-H2];C7H18NO2PS;-2.92964e-5;-0.126248;232.054254;1 out of 5
241.011890;241.011890;Dracunculin;[M+Na-H2];C11H8O5;4.98261e-5;0.206737;241.011840;1 out of 5
241.011890;241.011890;Buntansin A;[M+Na-H2];C11H8O5;4.98261e-5;0.206737;241.011840;1 out of 5
241.011890;241.011890;7-Hydroxy-2-methyl-4-oxo-4H-1-benzopyran-5-carboxylic acid;[M+Na-H2];C11H8O5;4.98261e-5;0.206737;241.011840;1 out of 5
241.011890;241.011890;"8-Methoxy-6,7-methylenedioxycoumarin";[M+Na-H2];C11H8O5;4.98261e-5;0.206737;241.011840;1 out of 5
241.011890;241.011890;purpurogallin;[M+Na-H2];C11H8O5;4.98261e-5;0.206737;241.011840;1 out of 5
241.011890;241.011890;Inositol cyclic phosphate;[M-H];C6H11O8P;1.33521e-5;0.055400;241.011877;2 out of 5
241.011890;241.011890;Phosphohexose;[M-H];C6H11O8P;1.28801e-5;0.053442;241.011877;2 out of 5
241.011890;241.011890;"(6S,7R)-2,6,7,8-Tetrahydroxy-2-oxo-1,3,2lambda5-dioxaphosphonan-5-one";[M-H];C6H11O8P;1.28801e-5;0.053442;241.011877;2 out of 5
241.011890;241.011890;Fructose 6-phosphate;[M-H2O-H];C6H13O9P;1.26661e-5;0.052554;241.011878;3 out of 5
241.011890;241.011890;Galactose 1-phosphate;[M-H2O-H];C6H13O9P;1.26661e-5;0.052554;241.011878;3 out of 5
241.011890;241.011890;Dolichyl phosphate D-mannose;[M-H2O-H];C6H13O9P;1.26661e-5;0.052554;241.011878;3 out of 5
241.011890;241.011890;Fructose 1-phosphate;[M-H2O-H];C6H13O9P;1.26661e-5;0.052554;241.011878;3 out of 5
241.011890;241.011890;Mannose 6-phosphate;[M-H2O-H];C6H13O9P;1.26661e-5;0.052554;241.011878;3 out of 5
241.011890;241.011890;D-myo-Inositol 4-phosphate;[M-H2O-H];C6H13O9P;1.26661e-5;0.052554;241.011878;3 out of 5
241.011890;241.011890;Glucose 6-phosphate;[M-H2O-H];C6H13O9P;1.26661e-5;0.052554;241.011878;3 out of 5
241.011890;241.011890;Glucose 1-phosphate;[M-H2O-H];C6H13O9P;1.26661e-5;0.052554;241.011878;3 out of 5
241.011890;241.011890;myo-Inositol 6-phosphate;[M-H2O-H];C6H13O9P;1.26661e-5;0.052554;241.011878;3 out of 5
241.011890;241.011890;beta-D-Glucose 6-phosphate;[M-H2O-H];C6H13O9P;1.26661e-5;0.052554;241.011878;3 out of 5
241.011890;241.011890;Beta-D-Fructose 6-phosphate;[M-H2O-H];C6H13O9P;1.26661e-5;0.052554;241.011878;3 out of 5
241.011890;241.011890;D-Tagatose 1-phosphate;[M-H2O-H];C6H13O9P;1.26661e-5;0.052554;241.011878;3 out of 5
241.011890;241.011890;D-Mannose 1-phosphate;[M-H2O-H];C6H13O9P;1.26661e-5;0.052554;241.011878;3 out of 5
241.011890;241.011890;Sorbose 1-phosphate;[M-H2O-H];C6H13O9P;1.26661e-5;0.052554;241.011878;3 out of 5
241.011890;241.011890;Beta-D-Fructose 2-phosphate;[M-H2O-H];C6H13O9P;1.26661e-5;0.052554;241.011878;3 out of 5
241.011890;241.011890;D-myo-Inositol 3-phosphate;[M-H2O-H];C6H13O9P;1.26661e-5;0.052554;241.011878;3 out of 5
241.011890;241.011890;D-Tagatose 6-phosphate;[M-H2O-H];C6H13O9P;1.26661e-5;0.052554;241.011878;3 out of 5
241.011890;241.011890;D-fructose 1-phosphate;[M-H2O-H];C6H13O9P;1.26661e-5;0.052554;241.011878;3 out of 5
241.011890;241.011890;"(3S,4R)-Ketose 1-phosphate";[M-H2O-H];C6H13O9P;1.26661e-5;0.052554;241.011878;3 out of 5
241.011890;241.011890;"[(2R,3R,4S,5S)-3,4,5,6-Tetrahydroxyoxan-2-yl]methyl dihydrogen phosphate";[M-H2O-H];C6H13O9P;1.26661e-5;0.052554;241.011878;3 out of 5
241.011890;241.011890;beta-D-Glucose 1-phosphate;[M-H2O-H];C6H13O9P;1.26661e-5;0.052554;241.011878;3 out of 5
241.011890;241.011890;D-mannose 6-phosphate;[M-H2O-H];C6H13O9P;1.26661e-5;0.052554;241.011878;3 out of 5
241.011890;241.011890;myo-Inositol 1-phosphate;[M-H2O-H];C6H13O9P;1.21951e-5;0.050600;241.011878;3 out of 5
241.011890;241.011890;"(2,3,4,5,6-Pentahydroxycyclohexyl) dihydrogen phosphate";[M-H2O-H];C6H13O9P;1.21951e-5;0.050600;241.011878;3 out of 5
241.011890;241.011890;"(2R,3R,4S,5R)-2,3,4,5-Tetrahydroxy-6-oxohexyl dihydrogen phosphate";[M-H2O-H];C6H13O9P;1.21951e-5;0.050600;241.011878;3 out of 5
241.011890;241.011890;beta-D-Fructopyranose 1-phosphate;[M-H2O-H];C6H13O9P;1.21951e-5;0.050600;241.011878;3 out of 5
241.011890;241.011890;D-Glucose 2-phosphate;[M-H2O-H];C6H13O9P;1.21951e-5;0.050600;241.011878;3 out of 5
241.011890;241.011890;Fructose 3-phosphate;[M-H2O-H];C6H13O9P;1.21951e-5;0.050600;241.011878;3 out of 5
241.011890;241.011890;Fructose-6-Phosphate (closed form);[M-H2O-H];C6H13O9P;1.21951e-5;0.050600;241.011878;3 out of 5
241.011890;241.011890;2-(2-Hydroxyethyl)-4-oxohexanedioic acid;[M+K-H2];C8H12O6;-1.02914e-4;-0.427007;241.011993;1 out of 5
241.011890;241.011890;"3,5,6-Trihydroxy-5-(hydroxymethyl)-2-methoxy-2-cyclohexen-1-one";[M+K-H2];C8H12O6;-1.02924e-4;-0.427049;241.011993;1 out of 5
241.011890;241.011890;"2-Methoxypropane-1,2,3-tricarboxylic acid";[M+Cl];C7H10O7;-1.63470e-4;-0.678264;241.012054;1 out of 5
241.011890;241.011890;Glucose ketone;[M+Cl];C7H10O7;-1.63470e-4;-0.678264;241.012054;1 out of 5
241.011890;241.011890;2-Methylcitric acid;[M+Cl];C7H10O7;-1.63482e-4;-0.678314;241.012054;1 out of 5
241.011890;241.011890;Homocitric acid;[M+Cl];C7H10O7;-1.63482e-4;-0.678314;241.012054;1 out of 5
241.011890;241.011890;Methylisocitric acid;[M+Cl];C7H10O7;-1.63482e-4;-0.678314;241.012054;1 out of 5
241.011890;241.011890;3-(Carboxymethyl)-3-hydroxypentanedioic acid;[M+Cl];C7H10O7;-1.63482e-4;-0.678314;241.012054;1 out of 5
242.043494;242.043494;Methyl 5-hydroxyoxindole-3-acetate;[M+Na-H2];C11H11NO4;1.93467e-5;0.079931;242.043475;1 out of 5
242.043494;242.043494;Methyl dioxindole-3-acetate;[M+Na-H2];C11H11NO4;1.93467e-5;0.079931;242.043475;1 out of 5
242.043494;242.043494;1-alkyl-2-acylglycerophosphoethanolamine;[M-H];C6H14NO7P;-1.76013e-5;-0.072720;242.043512;1 out of 5
242.043494;242.043494;"2-Acetamido-2,6-dideoxygalactose";[M+K-H2];C8H15NO5;-1.33395e-4;-0.551121;242.043628;1 out of 5
242.043494;242.043494;valine lactate;[M+K-H2];C8H15NO5;-1.33395e-4;-0.551121;242.043628;1 out of 5
242.043494;242.043494;N-Methylcalystegine C1;[M+K-H2];C8H15NO5;-1.33403e-4;-0.551154;242.043628;1 out of 5
244.819292;244.819292;Dichloroiodomethane;[M+Cl];CHCl2I;-1.08616e-4;-0.443656;244.819401;1 out of 5
245.043155;245.043155;"2-Oxo-2-(3,4,5-trimethoxyphenyl)acetaldehyde";[M+Na-H2];C11H12O5;1.45445e-5;0.059355;245.043140;1 out of 5
245.043155;245.043155;Elenolide;[M+Na-H2];C11H12O5;1.45365e-5;0.059322;245.043140;1 out of 5
245.043155;245.043155;Sinapic acid;[M+Na-H2];C11H12O5;1.45365e-5;0.059322;245.043140;1 out of 5
245.043155;245.043155;cis-Sinapic acid;[M+Na-H2];C11H12O5;1.45365e-5;0.059322;245.043140;1 out of 5
245.043155;245.043155;"5-(3',4',5'-Trihydroxyphenyl)-gamma-valerolactone";[M+Na-H2];C11H12O5;1.45365e-5;0.059322;245.043140;1 out of 5
245.043155;245.043155;Glycerophosphoglycerol;[M-H];C6H15O8P;-2.24105e-5;-0.091455;245.043177;2 out of 5
245.043155;245.043155;Ethyl beta-D-glucopyranoside;[M+K-H2];C8H16O6;-1.38205e-4;-0.564000;245.043293;1 out of 5
245.043155;245.043155;Ethyl beta-D-fructofuranoside;[M+K-H2];C8H16O6;-1.38205e-4;-0.564000;245.043293;1 out of 5
245.043155;245.043155;Dambonitol;[M+K-H2];C8H16O6;-1.38214e-4;-0.564037;245.043293;1 out of 5
245.043155;245.043155;Ethyl glucoside;[M+K-H2];C8H16O6;-1.38214e-4;-0.564037;245.043293;1 out of 5
245.043155;245.043155;L-galacto-2-Heptulose;[M+Cl];C7H14O7;-1.98761e-4;-0.811124;245.043354;2 out of 5
245.043155;245.043155;D-manno-2-Heptulose;[M+Cl];C7H14O7;-1.98761e-4;-0.811124;245.043354;2 out of 5
245.043155;245.043155;"(3R,5R,6R)-1,2,3,5,6,7-Hexahydroxyheptan-4-one";[M+Cl];C7H14O7;-1.98761e-4;-0.811124;245.043354;2 out of 5
245.043155;245.043155;Crocose;[M+Cl];C7H14O7;-1.98761e-4;-0.811124;245.043354;2 out of 5
245.043155;245.043155;Sedoheptulose;[M+Cl];C7H14O7;-1.98772e-4;-0.811169;245.043354;2 out of 5
245.043155;245.043155;D-altro-D-manno-Heptose;[M+Cl];C7H14O7;-1.98772e-4;-0.811169;245.043354;2 out of 5
245.043155;245.043155;d-Glycero-d-galacto-heptose;[M+Cl];C7H14O7;-1.98772e-4;-0.811169;245.043354;2 out of 5
245.043155;245.043155;MANNOHEPTULOSE;[M+Cl];C7H14O7;-1.98772e-4;-0.811169;245.043354;2 out of 5
248.978283;248.978283;Thioxanthen-9-one;[M+K-H2];C13H8OS;9.23877e-5;0.371067;248.978191;1 out of 5
248.978283;248.978283;Fenson;[M-H2O-H];C12H9ClO3S;3.14397e-5;0.126275;248.978252;1 out of 5
250.025284;250.025284;Glycerylphosphorylethanolamine;[M+Cl];C5H14NO6P;8.92504e-6;0.035697;250.025275;3 out of 5
250.025284;250.025284;sn-glycero-3-Phosphoethanolamine;[M+Cl];C5H14NO6P;8.92504e-6;0.035697;250.025275;3 out of 5
250.025284;250.025284;3-2-carboxyphenylcatechol;[M+Na-H2];C13H9O4;-1.57280e-5;-0.062905;250.025299;1 out of 5
250.860535;250.860535;"2,3,4,6-Tetrachlorophenol";[M+Na-H2];C6H2Cl4O;-1.07002e-4;-0.426538;250.860643;1 out of 5
250.860535;250.860535;"2,3,4,5-Tetrachlorophenol";[M+Na-H2];C6H2Cl4O;-1.07016e-4;-0.426594;250.860643;1 out of 5
256.072783;256.072783;Metronidazole benzoate;[M-H2O-H];C13H13N3O4;1.77620e-5;0.069363;256.072765;1 out of 5
259.022428;259.022428;Benzoylmalic acid;[M+Na-H2];C11H10O6;2.33665e-5;0.090211;259.022405;1 out of 5
259.022428;259.022428;Fructose 6-phosphate;[M-H];C6H13O9P;-1.31075e-5;-0.050604;259.022442;3 out of 5
259.022428;259.022428;Galactose 1-phosphate;[M-H];C6H13O9P;-1.31075e-5;-0.050604;259.022442;3 out of 5
259.022428;259.022428;Dolichyl phosphate D-mannose;[M-H];C6H13O9P;-1.31075e-5;-0.050604;259.022442;3 out of 5
259.022428;259.022428;Fructose 1-phosphate;[M-H];C6H13O9P;-1.31075e-5;-0.050604;259.022442;3 out of 5
259.022428;259.022428;Mannose 6-phosphate;[M-H];C6H13O9P;-1.31075e-5;-0.050604;259.022442;3 out of 5
259.022428;259.022428;D-myo-Inositol 4-phosphate;[M-H];C6H13O9P;-1.31075e-5;-0.050604;259.022442;3 out of 5
259.022428;259.022428;Glucose 6-phosphate;[M-H];C6H13O9P;-1.31075e-5;-0.050604;259.022442;3 out of 5
259.022428;259.022428;Glucose 1-phosphate;[M-H];C6H13O9P;-1.31075e-5;-0.050604;259.022442;3 out of 5
259.022428;259.022428;myo-Inositol 6-phosphate;[M-H];C6H13O9P;-1.31075e-5;-0.050604;259.022442;3 out of 5
259.022428;259.022428;beta-D-Glucose 6-phosphate;[M-H];C6H13O9P;-1.31075e-5;-0.050604;259.022442;3 out of 5
259.022428;259.022428;Beta-D-Fructose 6-phosphate;[M-H];C6H13O9P;-1.31075e-5;-0.050604;259.022442;3 out of 5
259.022428;259.022428;D-Tagatose 1-phosphate;[M-H];C6H13O9P;-1.31075e-5;-0.050604;259.022442;3 out of 5
259.022428;259.022428;D-Mannose 1-phosphate;[M-H];C6H13O9P;-1.31075e-5;-0.050604;259.022442;3 out of 5
259.022428;259.022428;Sorbose 1-phosphate;[M-H];C6H13O9P;-1.31075e-5;-0.050604;259.022442;3 out of 5
259.022428;259.022428;Beta-D-Fructose 2-phosphate;[M-H];C6H13O9P;-1.31075e-5;-0.050604;259.022442;3 out of 5
259.022428;259.022428;D-myo-Inositol 3-phosphate;[M-H];C6H13O9P;-1.31075e-5;-0.050604;259.022442;3 out of 5
259.022428;259.022428;D-Tagatose 6-phosphate;[M-H];C6H13O9P;-1.31075e-5;-0.050604;259.022442;3 out of 5
259.022428;259.022428;D-fructose 1-phosphate;[M-H];C6H13O9P;-1.31075e-5;-0.050604;259.022442;3 out of 5
259.022428;259.022428;"(3S,4R)-Ketose 1-phosphate";[M-H];C6H13O9P;-1.31075e-5;-0.050604;259.022442;3 out of 5
259.022428;259.022428;"[(2R,3R,4S,5S)-3,4,5,6-Tetrahydroxyoxan-2-yl]methyl dihydrogen phosphate";[M-H];C6H13O9P;-1.31075e-5;-0.050604;259.022442;3 out of 5
259.022428;259.022428;beta-D-Glucose 1-phosphate;[M-H];C6H13O9P;-1.31075e-5;-0.050604;259.022442;3 out of 5
259.022428;259.022428;D-mannose 6-phosphate;[M-H];C6H13O9P;-1.31075e-5;-0.050604;259.022442;3 out of 5
259.022428;259.022428;myo-Inositol 1-phosphate;[M-H];C6H13O9P;-1.35785e-5;-0.052422;259.022442;3 out of 5
259.022428;259.022428;"(2,3,4,5,6-Pentahydroxycyclohexyl) dihydrogen phosphate";[M-H];C6H13O9P;-1.35785e-5;-0.052422;259.022442;3 out of 5
259.022428;259.022428;"(2R,3R,4S,5R)-2,3,4,5-Tetrahydroxy-6-oxohexyl dihydrogen phosphate";[M-H];C6H13O9P;-1.35785e-5;-0.052422;259.022442;3 out of 5
259.022428;259.022428;beta-D-Fructopyranose 1-phosphate;[M-H];C6H13O9P;-1.35785e-5;-0.052422;259.022442;3 out of 5
259.022428;259.022428;D-Glucose 2-phosphate;[M-H];C6H13O9P;-1.35785e-5;-0.052422;259.022442;3 out of 5
259.022428;259.022428;Fructose 3-phosphate;[M-H];C6H13O9P;-1.35785e-5;-0.052422;259.022442;3 out of 5
259.022428;259.022428;Fructose-6-Phosphate (closed form);[M-H];C6H13O9P;-1.35785e-5;-0.052422;259.022442;3 out of 5
259.022428;259.022428;Ethyl glucuronide;[M+K-H2];C8H14O7;-1.29383e-4;-0.499507;259.022558;1 out of 5
260.071006;260.071006;6-Benzylaminopurine;[M+Cl];C12H11N5;1.59186e-4;0.612087;260.070846;1 out of 5
262.086758;262.086758;"2-Amino-3,7,8-trimethylimidazo(4,5-f)quinoxaline";[M+Cl];C12H13N5;2.61744e-4;0.998695;262.086496;1 out of 5
262.086758;262.086758;"2-Amino-3,4,8-trimethyl-3H-imidazo[4,5-f]quinoxaline";[M+Cl];C12H13N5;2.61742e-4;0.998687;262.086496;1 out of 5
262.086758;262.086758;"2-Amino-1,7,9-trimethylimidazo[4,5-g]quinoxaline";[M+Cl];C12H13N5;2.61742e-4;0.998687;262.086496;1 out of 5
262.086758;262.086758;Asparaginyl-Methionine;[M-H];C9H17N3O4S;5.84465e-5;0.223004;262.086700;1 out of 5
262.086758;262.086758;Methionyl-Asparagine;[M-H];C9H17N3O4S;5.84465e-5;0.223004;262.086700;1 out of 5
263.014883;263.014883;Polyanethole-sulfate;[M+Cl];C10H12O4S;-1.48472e-4;-0.564500;263.015031;2 out of 5
265.011895;265.011895;Urolithin C;[M+Na-H2];C13H8O5;5.42757e-5;0.204805;265.011840;1 out of 5
265.011895;265.011895;Gentisein;[M+Na-H2];C13H8O5;5.42757e-5;0.204805;265.011840;1 out of 5
265.027375;265.027375;Resveratrol;[M+K-H2];C14H12O3;1.25953e-4;0.475246;265.027249;1 out of 5
265.027375;265.027375;(Z)-Resveratrol;[M+K-H2];C14H12O3;1.25953e-4;0.475246;265.027249;1 out of 5
265.027375;265.027375;Seselin;[M+K-H2];C14H12O3;1.25953e-4;0.475246;265.027249;1 out of 5
265.027375;265.027375;"1,3-Benzenediol, 5-[(1Z)-2-(4-hydroxyphenyl)ethenyl]-";[M+K-H2];C14H12O3;1.25953e-4;0.475246;265.027249;1 out of 5
265.027375;265.027375;Benzyl 4-hydroxybenzoate;[M+K-H2];C14H12O3;1.25953e-4;0.475246;265.027249;1 out of 5
265.027375;265.027375;trihydroxystilbene;[M+K-H2];C14H12O3;1.25953e-4;0.475246;265.027249;1 out of 5
265.027375;265.027375;Oxybenzone;[M+K-H2];C14H12O3;1.25949e-4;0.475231;265.027249;1 out of 5
265.027375;265.027375;Trioxsalen;[M+K-H2];C14H12O3;1.25949e-4;0.475231;265.027249;1 out of 5
265.027375;265.027375;Benzyl salicylate;[M+K-H2];C14H12O3;1.25949e-4;0.475231;265.027249;1 out of 5
265.027375;265.027375;"2,4-Difurfurylfuran";[M+K-H2];C14H12O3;1.25949e-4;0.475231;265.027249;1 out of 5
265.027375;265.027375;"5,6-Dihydro-5-hydroxy-6-methyl-2H-pyran-2-one";[M+K-H2];C14H12O3;1.25949e-4;0.475231;265.027249;1 out of 5
265.027375;265.027375;o-Tolyl salicylate;[M+K-H2];C14H12O3;1.25949e-4;0.475231;265.027249;1 out of 5
265.027375;265.027375;Benzilic acid;[M+K-H2];C14H12O3;1.25949e-4;0.475231;265.027249;1 out of 5
265.027375;265.027375;Xanthyletin;[M+K-H2];C14H12O3;1.25949e-4;0.475231;265.027249;1 out of 5
265.027375;265.027375;"2,3,4-Trihydroxybenzophenone";[M+Cl];C13H10O4;6.53971e-5;0.246756;265.027310;2 out of 5
265.027375;265.027375;3-(4-Hydroxyphenoxy)benzoic acid;[M+Cl];C13H10O4;6.53971e-5;0.246756;265.027310;2 out of 5
265.027375;265.027375;Visnagin;[M+Cl];C13H10O4;6.53971e-5;0.246756;265.027310;2 out of 5
265.027375;265.027375;Coriandrin;[M+Cl];C13H10O4;6.53911e-5;0.246733;265.027310;2 out of 5
265.027375;265.027375;Wyeronic acid;[M+Cl];C13H10O4;6.53911e-5;0.246733;265.027310;2 out of 5
265.027375;265.027375;"2',4'-Dihydroxy-2-biphenylcarboxylic acid";[M+Cl];C13H10O4;6.53911e-5;0.246733;265.027310;2 out of 5
265.027375;265.027375;Bisnoryangonin;[M+Cl];C13H10O4;6.53911e-5;0.246733;265.027310;2 out of 5
265.030436;265.030436;"N,N'-Dichloro-N,N'-diphenylmethanediamine";[M-H];C13H12Cl2N2;-4.12766e-5;-0.155743;265.030477;3 out of 5
265.030436;265.030436;"4,4'-Methylenebis(2-chloroaniline)";[M-H];C13H12Cl2N2;-4.12846e-5;-0.155773;265.030477;3 out of 5
265.030436;265.030436;Thymol Sulfate;[M+Cl];C10H14O4S;-2.45582e-4;-0.926616;265.030681;2 out of 5
265.034216;265.034216;"1,3,5-Triazin-2(1H)-one, 4-amino-1-(2-deoxy-beta-D-erythro-pentofuranosyl)-";[M+K-H2];C8H12N4O4;-2.43860e-4;-0.920108;265.034460;1 out of 5
265.034216;265.034216;Decitabine;[M+K-H2];C8H12N4O4;-2.43870e-4;-0.920146;265.034460;1 out of 5
266.033787;266.033787;N-Acetylamrinone;[M+K-H2];C12H11N3O2;5.55422e-5;0.208779;266.033732;1 out of 5
266.033787;266.033787;5-(4-Acetamidophenyl)pyrazin-2(1H)-one;[M+K-H2];C12H11N3O2;5.55422e-5;0.208779;266.033732;1 out of 5
266.033787;266.033787;"Guanidine, (4-chloro-3-methoxy-1-oxo-1H-2-benzopyran-7-yl)-";[M-H];C11H10ClN3O3;-4.75184e-6;-0.017862;266.033792;2 out of 5
267.025027;267.025027;Glycerophosphoglycerol;[M+Na-H2];C6H15O8P;-9.43116e-5;-0.353194;267.025121;2 out of 5
267.025027;267.025027;"(2E,11Z)-5-[5-(Methylthio)-4-penten-2-ynyl]-2-furanacrolein";[M+Cl];C13H12O2S;-1.74189e-4;-0.652330;267.025201;2 out of 5
267.027494;267.027494;Isopimpinellin;[M+Na-H2];C13H10O5;3.73363e-6;0.013982;267.027490;1 out of 5
267.027494;267.027494;"2,2',4,4'-Tetrahydroxybenzophenone";[M+Na-H2];C13H10O5;3.73363e-6;0.013982;267.027490;1 out of 5
267.027494;267.027494;Hispidin;[M+Na-H2];C13H10O5;3.73363e-6;0.013982;267.027490;1 out of 5
267.027494;267.027494;Iriflophenone;[M+Na-H2];C13H10O5;3.73363e-6;0.013982;267.027490;1 out of 5
267.027494;267.027494;Pimpinellidine;[M+Na-H2];C13H10O5;3.73363e-6;0.013982;267.027490;1 out of 5
267.027494;267.027494;Coriandrone C;[M+Na-H2];C13H10O5;3.72563e-6;0.013952;267.027490;1 out of 5
267.027494;267.027494;"Galactitol, 1,2:5,6-dianhydro-, diacetate";[M+K-H2];C10H14O6;-1.49015e-4;-0.558052;267.027643;1 out of 5
267.028682;267.028682;"Hexahydro-2',4-dimethylspiro[1,3-dithiolo[4,5-c]furan-2,3'(2'H)-furan]";[M+Cl];C10H16O2S2;1.09863e-4;0.411429;267.028572;2 out of 5
267.028682;267.028682;"Hexahydro-2',3alpha-dimethylspiro[1,3-dithiolo[4,5-b]furan-2,3'(2'H)-furan]";[M+Cl];C10H16O2S2;1.09863e-4;0.411429;267.028572;2 out of 5
267.029961;267.029961;Coumesterol;[M-H];C15H8O5;6.48694e-5;0.242929;267.029896;1 out of 5
267.029961;267.029961;sparstolonin B;[M-H];C15H8O5;6.48694e-5;0.242929;267.029896;1 out of 5
267.029961;267.029961;Protoapigenone;[M-H2O-H];C15H10O6;6.41854e-5;0.240368;267.029897;1 out of 5
267.029961;267.029961;Luteolin;[M-H2O-H];C15H10O6;6.41754e-5;0.240330;267.029897;1 out of 5
267.029961;267.029961;Kaempferol;[M-H2O-H];C15H10O6;6.41754e-5;0.240330;267.029897;1 out of 5
267.029961;267.029961;Maritimetin;[M-H2O-H];C15H10O6;6.41754e-5;0.240330;267.029897;1 out of 5
267.029961;267.029961;Norartocarpetin;[M-H2O-H];C15H10O6;6.41754e-5;0.240330;267.029897;1 out of 5
267.029961;267.029961;2'-Hydroxygenistein;[M-H2O-H];C15H10O6;6.41754e-5;0.240330;267.029897;1 out of 5
267.029961;267.029961;Cernuine;[M-H2O-H];C15H10O6;6.41754e-5;0.240330;267.029897;1 out of 5
267.029961;267.029961;Citreorosein;[M-H2O-H];C15H10O6;6.41754e-5;0.240330;267.029897;1 out of 5
267.029961;267.029961;3'-Hydroxygenistein;[M-H2O-H];C15H10O6;6.41754e-5;0.240330;267.029897;1 out of 5
267.029961;267.029961;"5,6,7,4'-Tetrahydroxyisoflavone";[M-H2O-H];C15H10O6;6.41754e-5;0.240330;267.029897;1 out of 5
267.029961;267.029961;"7,8,3',4'-Tetrahydroxyisoflavone";[M-H2O-H];C15H10O6;6.41754e-5;0.240330;267.029897;1 out of 5
267.029961;267.029961;8-Hydroxygenistein;[M-H2O-H];C15H10O6;6.41754e-5;0.240330;267.029897;1 out of 5
272.088723;272.088723;Glutamine-glutamate;[M-H2O-H];C10H17N3O7;-8.54998e-5;-0.314235;272.088809;1 out of 5
273.003286;273.003286;5-Hydroxy-3-[(5-nitrofuran-2-yl)methylideneamino]-1H-imidazol-2-one;[M+Cl];C8H6N4O5;6.57379e-5;0.240795;273.003220;1 out of 5
273.003286;273.003286;Nitrofurantoin;[M+Cl];C8H6N4O5;6.57249e-5;0.240748;273.003220;1 out of 5
273.033947;273.033947;"(5R,6S)-6-[(1R)-1-Hydroxyethyl]-7-oxo-3-pyridin-3-yl-4-thia-1-azabicyclo[3.2.0]hept-2-ene-2-carboxylic acid";[M-H2O-H];C13H12N2O4S;1.03722e-5;0.037989;273.033937;3 out of 5
273.043501;273.043501;Nafimidone;[M+K-H2];C15H12N2O;-6.73570e-5;-0.246690;273.043568;1 out of 5
273.043501;273.043501;Carbamazepine;[M+K-H2];C15H12N2O;-6.73590e-5;-0.246697;273.043568;1 out of 5
273.043501;273.043501;Glycosminine;[M+K-H2];C15H12N2O;-6.73590e-5;-0.246697;273.043568;1 out of 5
273.043501;273.043501;Acridonecarboxamide;[M+Cl];C14H10N2O2;-1.27913e-4;-0.468471;273.043629;1 out of 5
274.046764;274.046764;Nifuroxazide;[M-H];C12H9N3O5;-1.79748e-4;-0.655903;274.046943;2 out of 5
274.104519;274.104519;Glutaminylglutamic acid;[M-H];C10H17N3O6;6.09844e-5;0.222486;274.104458;1 out of 5
274.104519;274.104519;Glutamylglutamine;[M-H];C10H17N3O6;6.09844e-5;0.222486;274.104458;1 out of 5
274.104519;274.104519;Glutamyl-Gamma-glutamate;[M-H];C10H17N3O6;6.09844e-5;0.222486;274.104458;1 out of 5
274.104519;274.104519;N-gamma-Glutamylglutamine;[M-H];C10H17N3O6;6.09844e-5;0.222486;274.104458;1 out of 5
274.104519;274.104519;Norophthalmic acid;[M-H];C10H17N3O6;6.09724e-5;0.222442;274.104458;1 out of 5
274.104519;274.104519;N2-gamma-Glutamylglutamine;[M-H];C10H17N3O6;6.09724e-5;0.222442;274.104458;1 out of 5
276.988566;276.988566;4-Methylumbelliferyl phosphate;[M+Na-H2];C10H9O6P;2.24107e-4;0.809084;276.988342;1 out of 5
276.988566;276.988566;"1H-2-Benzopyran-7-carboxylic acid, 5-chloro-3,4-dihydro-8-hydroxy-3-methyl-1-oxo-";[M+Na-H2];C11H9ClO5;4.75387e-5;0.171627;276.988518;1 out of 5
276.988566;276.988566;Inositol cyclic phosphate;[M+Cl];C6H11O8P;1.07987e-5;0.038986;276.988555;2 out of 5
276.988566;276.988566;Phosphohexose;[M+Cl];C6H11O8P;1.03267e-5;0.037282;276.988555;2 out of 5
276.988566;276.988566;"(6S,7R)-2,6,7,8-Tetrahydroxy-2-oxo-1,3,2lambda5-dioxaphosphonan-5-one";[M+Cl];C6H11O8P;1.03267e-5;0.037282;276.988555;2 out of 5
282.028872;282.028872;2-Hydroxy-4-(3-azidomethylphenyl)-4-oxo-2-butenoic acid;[M+Cl];C11H9N3O4;1.65220e-4;0.585828;282.028707;1 out of 5
282.028872;282.028872;N-Acetylgalactosamine 4-sulphate;[M-H2O-H];C8H15NO9S;-3.87707e-5;-0.137471;282.028911;2 out of 5
282.028872;282.028872;N-Acetylglucosamine 6-sulfate;[M-H2O-H];C8H15NO9S;-3.87707e-5;-0.137471;282.028911;2 out of 5
282.028872;282.028872;N-Acetylgalactosamine 6-sulfate;[M-H2O-H];C8H15NO9S;-3.87707e-5;-0.137471;282.028911;2 out of 5
282.028872;282.028872;2-(Acetylamino)-2-Deoxy-6-O-Sulfo-alpha-D-Glucopyranose;[M-H2O-H];C8H15NO9S;-3.92387e-5;-0.139130;282.028911;2 out of 5
287.012383;287.012383;"N,N'-Dichloro-N,N'-diphenylmethanediamine";[M+Na-H2];C13H12Cl2N2;-3.79114e-5;-0.132090;287.012421;3 out of 5
287.012383;287.012383;"4,4'-Methylenebis(2-chloroaniline)";[M+Na-H2];C13H12Cl2N2;-3.79194e-5;-0.132118;287.012421;3 out of 5
288.015858;288.015858;"Guanidine, (4-chloro-3-methoxy-1-oxo-1H-2-benzopyran-7-yl)-";[M+Na-H2];C11H10ClN3O3;1.22135e-4;0.424056;288.015736;2 out of 5
289.028837;289.028837;Nimesulide;[M-H2O-H];C13H12N2O5S;-1.44215e-5;-0.049896;289.028851;1 out of 5
290.088105;290.088105;"2-Deoxy-2,3-dehydro-n-acetyl-neuraminic acid";[M-H];C11H17NO8;-3.43521e-5;-0.118419;290.088140;2 out of 5
290.088105;290.088105;3h-Sialic acid;[M-H2O-H];C11H19NO9;-3.50371e-5;-0.120781;290.088140;1 out of 5
290.088105;290.088105;Glucose-6-glutamate;[M-H2O-H];C11H19NO9;-3.50371e-5;-0.120781;290.088140;1 out of 5
290.088105;290.088105;9-O-Acetylneuraminic acid;[M-H2O-H];C11H19NO9;-3.50371e-5;-0.120781;290.088140;1 out of 5
290.088105;290.088105;Aceneuramic acid;[M-H2O-H];C11H19NO9;-3.50371e-5;-0.120781;290.088140;1 out of 5
290.088105;290.088105;N-Acetylneuraminic acid;[M-H2O-H];C11H19NO9;-3.50521e-5;-0.120832;290.088140;1 out of 5
290.088105;290.088105;N-Acetyl-a-neuraminic acid;[M-H2O-H];C11H19NO9;-3.50521e-5;-0.120832;290.088140;1 out of 5
291.006419;291.006419;Daidzein;[M+K-H2];C15H10O4;-9.49257e-5;-0.326198;291.006514;1 out of 5
291.006419;291.006419;"7,8-Dihydroxyflavone";[M+K-H2];C15H10O4;-9.49257e-5;-0.326198;291.006514;1 out of 5
291.006419;291.006419;Rubiadin;[M+K-H2];C15H10O4;-9.49257e-5;-0.326198;291.006514;1 out of 5
291.006419;291.006419;Xanthenone-4-acetic acid;[M+K-H2];C15H10O4;-9.49257e-5;-0.326198;291.006514;1 out of 5
291.006419;291.006419;Chrysophanol;[M+K-H2];C15H10O4;-9.49317e-5;-0.326219;291.006514;1 out of 5
291.006419;291.006419;"5,7-Dihydroxyisoflavone";[M+K-H2];C15H10O4;-9.49317e-5;-0.326219;291.006514;1 out of 5
291.006419;291.006419;Phomarin;[M+K-H2];C15H10O4;-9.49317e-5;-0.326219;291.006514;1 out of 5
291.006419;291.006419;"(Z)-4',6-Dihydroxyaurone";[M+K-H2];C15H10O4;-9.49317e-5;-0.326219;291.006514;1 out of 5
291.006419;291.006419;"5,7-Dihydroxyflavone";[M+K-H2];C15H10O4;-9.49317e-5;-0.326219;291.006514;1 out of 5
291.006419;291.006419;"7,4'-Dihydroxyflavone";[M+K-H2];C15H10O4;-9.49317e-5;-0.326219;291.006514;1 out of 5
291.006419;291.006419;Anhydroglycinol;[M+K-H2];C15H10O4;-9.49317e-5;-0.326219;291.006514;1 out of 5
291.006419;291.006419;PURPURIN;[M+Cl];C14H8O5;-1.55482e-4;-0.534289;291.006574;1 out of 5
291.044406;291.044406;1-Oxoestazolam;[M-H2O-H];C16H11ClN4O;1.07907e-4;0.370758;291.044298;1 out of 5
291.044406;291.044406;4-Hydroxy-estazolam;[M-H2O-H];C16H11ClN4O;1.07906e-4;0.370754;291.044298;1 out of 5
291.044406;291.044406;"(5R,6S)-6-[(1R)-1-Hydroxyethyl]-7-oxo-3-pyridin-3-yl-4-thia-1-azabicyclo[3.2.0]hept-2-ene-2-carboxylic acid";[M-H];C13H12N2O4S;-9.54411e-5;-0.327926;291.044501;3 out of 5
291.053958;291.053958;"7H-Benzimidazo(2,1-a)benz(de)isoquinolin-7-one";[M+Na-H2];C18H10N2O;-2.18334e-5;-0.075015;291.053980;1 out of 5
291.053958;291.053958;3-Deoxypentosone;[M+K-H2];C15H14N2O2;-1.74582e-4;-0.599828;291.054133;1 out of 5
291.053958;291.053958;9-Fluorenylmethyl carbazate;[M+K-H2];C15H14N2O2;-1.74582e-4;-0.599828;291.054133;1 out of 5
291.053958;291.053958;9-Hydroxymethyl-10-carbamoylacridan;[M+K-H2];C15H14N2O2;-1.74582e-4;-0.599828;291.054133;1 out of 5
291.053958;291.053958;Nepafenac;[M+K-H2];C15H14N2O2;-1.74585e-4;-0.599838;291.054133;1 out of 5
291.053958;291.053958;10-Hydroxycarbazepine;[M+K-H2];C15H14N2O2;-1.74585e-4;-0.599838;291.054133;1 out of 5
291.053958;291.053958;(R)-MHD;[M+K-H2];C15H14N2O2;-1.74585e-4;-0.599838;291.054133;1 out of 5
291.053958;291.053958;(S)-MHD;[M+K-H2];C15H14N2O2;-1.74585e-4;-0.599838;291.054133;1 out of 5
292.049434;292.049434;"6-(4-Methoxyphenyl)-2-methyl-7H-imidazo[1,2-a]pyrazin-3-one";[M+K-H2];C14H13N3O2;5.20091e-5;0.178083;292.049382;1 out of 5
292.057413;292.057413;(S)-5-[(4-Amino-4-carboxy-1-oxobutyl)amino]-2-nitrobenzoic acid;[M-H2O-H];C12H13N3O7;-9.60717e-5;-0.328948;292.057509;1 out of 5
293.179236;293.179236;Sodium Tetradecyl Sulfate;[M-H];C14H30O4S;3.25381e-5;0.110984;293.179203;1 out of 5
294.999058;294.999058;Fructose 6-phosphate;[M+Cl];C6H13O9P;-6.13140e-5;-0.207845;294.999120;3 out of 5
294.999058;294.999058;Galactose 1-phosphate;[M+Cl];C6H13O9P;-6.13140e-5;-0.207845;294.999120;3 out of 5
294.999058;294.999058;Dolichyl phosphate D-mannose;[M+Cl];C6H13O9P;-6.13140e-5;-0.207845;294.999120;3 out of 5
294.999058;294.999058;Fructose 1-phosphate;[M+Cl];C6H13O9P;-6.13140e-5;-0.207845;294.999120;3 out of 5
294.999058;294.999058;Mannose 6-phosphate;[M+Cl];C6H13O9P;-6.13140e-5;-0.207845;294.999120;3 out of 5
294.999058;294.999058;D-myo-Inositol 4-phosphate;[M+Cl];C6H13O9P;-6.13140e-5;-0.207845;294.999120;3 out of 5
294.999058;294.999058;Glucose 6-phosphate;[M+Cl];C6H13O9P;-6.13140e-5;-0.207845;294.999120;3 out of 5
294.999058;294.999058;Glucose 1-phosphate;[M+Cl];C6H13O9P;-6.13140e-5;-0.207845;294.999120;3 out of 5
294.999058;294.999058;myo-Inositol 6-phosphate;[M+Cl];C6H13O9P;-6.13140e-5;-0.207845;294.999120;3 out of 5
294.999058;294.999058;beta-D-Glucose 6-phosphate;[M+Cl];C6H13O9P;-6.13140e-5;-0.207845;294.999120;3 out of 5
294.999058;294.999058;Beta-D-Fructose 6-phosphate;[M+Cl];C6H13O9P;-6.13140e-5;-0.207845;294.999120;3 out of 5
294.999058;294.999058;D-Tagatose 1-phosphate;[M+Cl];C6H13O9P;-6.13140e-5;-0.207845;294.999120;3 out of 5
294.999058;294.999058;D-Mannose 1-phosphate;[M+Cl];C6H13O9P;-6.13140e-5;-0.207845;294.999120;3 out of 5
294.999058;294.999058;Sorbose 1-phosphate;[M+Cl];C6H13O9P;-6.13140e-5;-0.207845;294.999120;3 out of 5
294.999058;294.999058;Beta-D-Fructose 2-phosphate;[M+Cl];C6H13O9P;-6.13140e-5;-0.207845;294.999120;3 out of 5
294.999058;294.999058;D-myo-Inositol 3-phosphate;[M+Cl];C6H13O9P;-6.13140e-5;-0.207845;294.999120;3 out of 5
294.999058;294.999058;D-Tagatose 6-phosphate;[M+Cl];C6H13O9P;-6.13140e-5;-0.207845;294.999120;3 out of 5
294.999058;294.999058;D-fructose 1-phosphate;[M+Cl];C6H13O9P;-6.13140e-5;-0.207845;294.999120;3 out of 5
294.999058;294.999058;"(3S,4R)-Ketose 1-phosphate";[M+Cl];C6H13O9P;-6.13140e-5;-0.207845;294.999120;3 out of 5
294.999058;294.999058;"[(2R,3R,4S,5S)-3,4,5,6-Tetrahydroxyoxan-2-yl]methyl dihydrogen phosphate";[M+Cl];C6H13O9P;-6.13140e-5;-0.207845;294.999120;3 out of 5
294.999058;294.999058;beta-D-Glucose 1-phosphate;[M+Cl];C6H13O9P;-6.13140e-5;-0.207845;294.999120;3 out of 5
294.999058;294.999058;D-mannose 6-phosphate;[M+Cl];C6H13O9P;-6.13140e-5;-0.207845;294.999120;3 out of 5
294.999058;294.999058;myo-Inositol 1-phosphate;[M+Cl];C6H13O9P;-6.17850e-5;-0.209441;294.999120;3 out of 5
294.999058;294.999058;"(2,3,4,5,6-Pentahydroxycyclohexyl) dihydrogen phosphate";[M+Cl];C6H13O9P;-6.17850e-5;-0.209441;294.999120;3 out of 5
294.999058;294.999058;"(2R,3R,4S,5R)-2,3,4,5-Tetrahydroxy-6-oxohexyl dihydrogen phosphate";[M+Cl];C6H13O9P;-6.17850e-5;-0.209441;294.999120;3 out of 5
294.999058;294.999058;beta-D-Fructopyranose 1-phosphate;[M+Cl];C6H13O9P;-6.17850e-5;-0.209441;294.999120;3 out of 5
294.999058;294.999058;D-Glucose 2-phosphate;[M+Cl];C6H13O9P;-6.17850e-5;-0.209441;294.999120;3 out of 5
294.999058;294.999058;Fructose 3-phosphate;[M+Cl];C6H13O9P;-6.17850e-5;-0.209441;294.999120;3 out of 5
294.999058;294.999058;Fructose-6-Phosphate (closed form);[M+Cl];C6H13O9P;-6.17850e-5;-0.209441;294.999120;3 out of 5
296.996162;296.996162;Pentaerythritol tetranitrate;[M-H2O-H];C5H8N4O12;1.31261e-4;0.441960;296.996031;1 out of 5
297.038103;297.038103;O-Demethylfonsecin;[M+Na-H2];C14H12O6;4.79016e-5;0.161264;297.038055;1 out of 5
297.038103;297.038103;3-Furanmethanol glucoside;[M+K-H2];C11H16O7;-1.04848e-4;-0.352980;297.038208;1 out of 5
298.069883;298.069883;D-4'-Phosphopantothenate;[M-H];C9H18NO8P;1.57312e-4;0.527771;298.069726;1 out of 5
298.069883;298.069883;alpha-Cephalin;[M-H];C9H18NO8P;1.56839e-4;0.526184;298.069727;1 out of 5
298.069883;298.069883;Succinylcarnitine;[M+K-H2];C11H19NO6;4.10455e-5;0.137704;298.069842;1 out of 5
298.069883;298.069883;O-methylmalonyl-L-carnitine;[M+K-H2];C11H19NO6;4.10455e-5;0.137704;298.069842;1 out of 5
298.069883;298.069883;O-Methylmalonylcarnitine;[M+K-H2];C11H19NO6;4.10455e-5;0.137704;298.069842;1 out of 5
298.069883;298.069883;5-[1-Carboxy-2-(trimethylazaniumyl)ethoxy]-5-oxopentanoate;[M+K-H2];C11H19NO6;4.10455e-5;0.137704;298.069842;1 out of 5
298.069883;298.069883;Lotaustralin;[M+K-H2];C11H19NO6;4.10365e-5;0.137674;298.069842;1 out of 5
298.069883;298.069883;Epidermin;[M+K-H2];C11H19NO6;4.10365e-5;0.137674;298.069842;1 out of 5
298.069883;298.069883;O-Succinylcarnitine;[M+K-H2];C11H19NO6;4.10365e-5;0.137674;298.069842;1 out of 5
298.069883;298.069883;Epiheterodendrin;[M+K-H2];C11H19NO6;4.10365e-5;0.137674;298.069842;1 out of 5
298.069883;298.069883;Salicylic acid 2-beta-D-glucoside;[M-H];C13H15O8;-8.06415e-5;-0.270546;298.069964;1 out of 5
299.053722;299.053722;3-Hydroxy-4-butanolide;[M+Cl];C10H16O8;-1.96626e-4;-0.657494;299.053918;1 out of 5
300.039462;300.039462;Olaquindox;[M+K-H2];C12H13N3O4;2.51137e-4;0.837013;300.039211;1 out of 5
300.039462;300.039462;Isoniazid alpha-ketoglutaric acid;[M+Cl];C11H11N3O5;1.90571e-4;0.635152;300.039271;1 out of 5
300.039462;300.039462;N-Acetylgalactosamine 4-sulphate;[M-H];C8H15NO9S;-1.27254e-5;-0.042412;300.039475;2 out of 5
300.039462;300.039462;N-Acetylglucosamine 6-sulfate;[M-H];C8H15NO9S;-1.27254e-5;-0.042412;300.039475;2 out of 5
300.039462;300.039462;N-Acetylgalactosamine 6-sulfate;[M-H];C8H15NO9S;-1.27254e-5;-0.042412;300.039475;2 out of 5
300.039462;300.039462;2-(Acetylamino)-2-Deoxy-6-O-Sulfo-alpha-D-Glucopyranose;[M-H];C8H15NO9S;-1.31934e-5;-0.043972;300.039475;2 out of 5
302.051727;302.051727;Beta-Citryl-L-glutamic acid;[M-H2O-H];C11H15NO10;-2.78834e-5;-0.092313;302.051755;3 out of 5
302.986411;302.986411;"N,N'-Dichloro-N,N'-diphenylmethanediamine";[M+K-H2];C13H12Cl2N2;5.20964e-5;0.171943;302.986359;3 out of 5
302.986411;302.986411;"4,4'-Methylenebis(2-chloroaniline)";[M+K-H2];C13H12Cl2N2;5.20884e-5;0.171917;302.986359;3 out of 5
306.029743;306.029743;"5-(4-Fluorophenyl)-3-(3-nitrophenyl)-1,2,4-oxadiazole";[M+Na-H2];C14H8FN3O3;1.06272e-4;0.347260;306.029636;1 out of 5
306.076435;306.076435;Endralazine;[M+K-H2];C14H15N5O;1.69733e-4;0.554544;306.076265;1 out of 5
306.076435;306.076435;zaprinast;[M+Cl];C13H13N5O2;1.09177e-4;0.356698;306.076326;1 out of 5
306.076435;306.076435;Glutathione;[M-H];C10H17N3O6S;-9.41252e-5;-0.307522;306.076529;3 out of 5
306.076435;306.076435;Glutathionate(1-);[M-H];C10H17N3O6S;-9.45972e-5;-0.309064;306.076529;3 out of 5
307.070062;307.070062;Manitimus;[M-H];C15H11F3N2O2;7.67262e-5;0.249866;307.069985;2 out of 5
307.070062;307.070062;2-Cyano-3-oxo-N-[4-(trifluoromethyl)phenyl]hept-6-ynamide;[M-H];C15H11F3N2O2;7.67262e-5;0.249866;307.069985;2 out of 5
307.070062;307.070062;"3',4'-Dihydrodiol";[M+Na-H2];C15H14N2O4;3.78712e-5;0.123331;307.070024;1 out of 5
307.070062;307.070062;Phenytoin dihydrodiol;[M+Na-H2];C15H14N2O4;3.78712e-5;0.123331;307.070024;1 out of 5
307.070062;307.070062;Hypoglycin B;[M+K-H2];C12H18N2O5;-1.14879e-4;-0.374112;307.070177;1 out of 5
307.079849;307.079849;Gastrodin;[M+Na-H2];C13H18O7;-7.05108e-5;-0.229617;307.079920;1 out of 5
307.079849;307.079849;Salicin;[M+Na-H2];C13H18O7;-7.05208e-5;-0.229650;307.079920;1 out of 5
307.079849;307.079849;Isosalicin;[M+Na-H2];C13H18O7;-7.05208e-5;-0.229650;307.079920;1 out of 5
307.079849;307.079849;3-Hydroxybenzyl alcohol glucoside;[M+Na-H2];C13H18O7;-7.05208e-5;-0.229650;307.079920;1 out of 5
307.079849;307.079849;"3-Hydroxy-4,6-heptadiyne-1-yl 1-glucoside";[M+Na-H2];C13H18O7;-7.05208e-5;-0.229650;307.079920;1 out of 5
307.079849;307.079849;Methylarbutin;[M+Na-H2];C13H18O7;-7.05208e-5;-0.229650;307.079920;1 out of 5
307.098943;307.098943;Bilineal;[M-H2O-H];C20H14N4O;2.29642e-5;0.074778;307.098920;1 out of 5
308.065540;308.065540;Ranimustine;[M-H2O-H];C10H18ClN3O7;5.30322e-5;0.172146;308.065487;1 out of 5
309.020128;309.020128;"(Z)-5-Chloro-3-((3,5-dimethyl-1H-pyrrol-2-yl)methylene)indolin-2-one";[M+K-H2];C15H13ClN2O;-1.17380e-4;-0.379845;309.020246;1 out of 5
309.174024;309.174024;Ropivacaine;[M+Cl];C17H26N2O;1.09772e-4;0.355048;309.173914;1 out of 5
309.174024;309.174024;Cyanidin 3-(diferuloylsophoroside) 5-glucoside;[M+Cl];C17H26N2O;1.09772e-4;0.355048;309.173914;1 out of 5
309.174024;309.174024;"5-Methoxy-N,N-diisopropyltryptamine";[M+Cl];C17H26N2O;1.09772e-4;0.355048;309.173914;1 out of 5
309.174024;309.174024;(R)-(+)-Ropivacaine;[M+Cl];C17H26N2O;1.09771e-4;0.355045;309.173914;1 out of 5
310.023507;310.023507;Pomalidomide;[M+K-H2];C13H11N3O4;-5.36887e-5;-0.173176;310.023561;1 out of 5
310.023507;310.023507;Nifuroxazide;[M+Cl];C12H9N3O5;-1.14236e-4;-0.368474;310.023621;2 out of 5
311.168609;311.168609;N-Undecylbenzenesulfonic acid;[M-H];C17H28O3S;-2.94374e-5;-0.094603;311.168638;1 out of 5
315.048530;315.048530;Glycerophosphoinositol;[M-H2O-H];C9H19O11P;-1.26884e-4;-0.402743;315.048657;2 out of 5
315.048530;315.048530;Tuliposide A;[M+K-H2];C11H18O8;-2.42462e-4;-0.769600;315.048773;1 out of 5
315.048530;315.048530;Isovalerylglucuronide;[M+K-H2];C11H18O8;-2.42474e-4;-0.769638;315.048773;1 out of 5
315.048530;315.048530;GHB-Gluc;[M+Cl];C10H16O9;-3.03017e-4;-0.961808;315.048833;1 out of 5
317.069635;317.069635;"3-(Hydroxymethyl)-5,5-diphenylimidazolidine-2,4-dione";[M+Cl];C16H14N2O3;-2.08677e-4;-0.658141;317.069843;1 out of 5
317.069635;317.069635;bendazac;[M+Cl];C16H14N2O3;-2.08677e-4;-0.658141;317.069843;1 out of 5
317.225336;317.225336;"6,10,14-Trimethyl-2-methylenepentadecanal";[M+K-H2];C19H36O;1.14904e-4;0.362215;317.225221;1 out of 5
317.225336;317.225336;2-Chlorooctadecanoic acid;[M-H];C18H35ClO2;5.45778e-5;0.172047;317.225281;1 out of 5
317.225336;317.225336;Oleic acid;[M+Cl];C18H34O2;5.43458e-5;0.171316;317.225281;1 out of 5
317.225336;317.225336;Elaidic acid;[M+Cl];C18H34O2;5.43458e-5;0.171316;317.225281;1 out of 5
317.225336;317.225336;Ethyl 9-hexadecenoate;[M+Cl];C18H34O2;5.43458e-5;0.171316;317.225281;1 out of 5
317.225336;317.225336;cis-Vaccenic acid;[M+Cl];C18H34O2;5.43458e-5;0.171316;317.225281;1 out of 5
317.225336;317.225336;7-Octadecenoic acid;[M+Cl];C18H34O2;5.43458e-5;0.171316;317.225281;1 out of 5
317.225336;317.225336;trans-10-Octadecenoic acid;[M+Cl];C18H34O2;5.43458e-5;0.171316;317.225281;1 out of 5
317.225336;317.225336;6-Octadecenoic acid;[M+Cl];C18H34O2;5.43458e-5;0.171316;317.225281;1 out of 5
317.225336;317.225336;Petroselinic acid;[M+Cl];C18H34O2;5.43428e-5;0.171307;317.225281;1 out of 5
317.225336;317.225336;Vaccenic acid;[M+Cl];C18H34O2;5.43428e-5;0.171307;317.225281;1 out of 5
317.225336;317.225336;(Z)-13-Octadecenoic acid;[M+Cl];C18H34O2;5.43428e-5;0.171307;317.225281;1 out of 5
317.225336;317.225336;7Z-octadecenoic acid;[M+Cl];C18H34O2;5.43428e-5;0.171307;317.225281;1 out of 5
317.225336;317.225336;Octadec-9-enoic Acid;[M+Cl];C18H34O2;5.43428e-5;0.171307;317.225281;1 out of 5
317.225336;317.225336;11-Aoctadecenoic acid;[M+Cl];C18H34O2;5.43428e-5;0.171307;317.225281;1 out of 5
317.225336;317.225336;Octadecenoic acid;[M+Cl];C18H34O2;5.43428e-5;0.171307;317.225281;1 out of 5
317.225336;317.225336;Octadec-5-enoic acid;[M+Cl];C18H34O2;5.43428e-5;0.171307;317.225281;1 out of 5
317.225336;317.225336;cis-12-Octadecenoic acid;[M+Cl];C18H34O2;5.43428e-5;0.171307;317.225281;1 out of 5
317.225336;317.225336;cis-15-Octadecenoic acid;[M+Cl];C18H34O2;5.43428e-5;0.171307;317.225281;1 out of 5
317.225336;317.225336;trans-12-Octadecenoic acid;[M+Cl];C18H34O2;5.43428e-5;0.171307;317.225281;1 out of 5
317.225336;317.225336;trans-14-Octadecenoic acid;[M+Cl];C18H34O2;5.43428e-5;0.171307;317.225281;1 out of 5
317.225336;317.225336;trans-15-Octadecenoic acid;[M+Cl];C18H34O2;5.43428e-5;0.171307;317.225281;1 out of 5
317.225336;317.225336;trans-16-Octadecenoic acid;[M+Cl];C18H34O2;5.43428e-5;0.171307;317.225281;1 out of 5
317.225336;317.225336;trans-4-Octadecenoic acid;[M+Cl];C18H34O2;5.43428e-5;0.171307;317.225281;1 out of 5
317.225336;317.225336;trans-8-Elaidic acid;[M+Cl];C18H34O2;5.43428e-5;0.171307;317.225281;1 out of 5
318.091823;318.091823;N-Desmethyladinazolam;[M-H2O-H];C18H16ClN5;2.40448e-4;0.755908;318.091582;1 out of 5
319.095177;319.095177;Enterolactone;[M+Na-H2];C18H18O4;1.14560e-6;0.003590;319.095176;1 out of 5
319.095177;319.095177;"(E)-3-(2,3-Dimethoxyphenyl)-1-(4-methoxyphenyl)prop-2-en-1-one";[M+Na-H2];C18H18O4;1.14560e-6;0.003590;319.095176;1 out of 5
319.095177;319.095177;7C-aglycone;[M+Na-H2];C18H18O4;1.14160e-6;0.003578;319.095176;1 out of 5
319.095177;319.095177;(+)-Ligballinol;[M+Na-H2];C18H18O4;1.14160e-6;0.003578;319.095176;1 out of 5
319.095177;319.095177;"7-Hydroxy-5-methoxy-6,8-dimethylflavanone";[M+Na-H2];C18H18O4;1.14160e-6;0.003578;319.095176;1 out of 5
319.095177;319.095177;"1-(2,4-Dihydroxy-6-methoxy-3,5-dimethylphenyl)-3-phenyl-2-propen-1-one";[M+Na-H2];C18H18O4;1.14160e-6;0.003578;319.095176;1 out of 5
319.095177;319.095177;"5,7-Dimethoxy-6-methylflavanone";[M+Na-H2];C18H18O4;1.14160e-6;0.003578;319.095176;1 out of 5
319.095177;319.095177;Dihydrophaseic acid;[M+K-H2];C15H22O5;-1.51602e-4;-0.475101;319.095329;1 out of 5
319.095177;319.095177;(+)-Arteannuin;[M+K-H2];C15H22O5;-1.51602e-4;-0.475101;319.095329;1 out of 5
319.095177;319.095177;Hymenoxon;[M+K-H2];C15H22O5;-1.51602e-4;-0.475101;319.095329;1 out of 5
319.095177;319.095177;Octyl gallate;[M+K-H2];C15H22O5;-1.51608e-4;-0.475119;319.095329;1 out of 5
319.095177;319.095177;Artabsinolide D;[M+K-H2];C15H22O5;-1.51608e-4;-0.475119;319.095329;1 out of 5
319.095177;319.095177;Cynaratriol;[M+K-H2];C15H22O5;-1.51608e-4;-0.475119;319.095329;1 out of 5
319.095177;319.095177;Anguidol;[M+K-H2];C15H22O5;-1.51608e-4;-0.475119;319.095329;1 out of 5
319.095177;319.095177;Epidihydrophaseic acid;[M+K-H2];C15H22O5;-1.51608e-4;-0.475119;319.095329;1 out of 5
319.095177;319.095177;Oxyhumulinic acid;[M+K-H2];C15H22O5;-1.51608e-4;-0.475119;319.095329;1 out of 5
319.095177;319.095177;Pisumic acid;[M+K-H2];C15H22O5;-1.51608e-4;-0.475119;319.095329;1 out of 5
319.095177;319.095177;Bisbynin;[M+K-H2];C15H22O5;-1.51608e-4;-0.475119;319.095329;1 out of 5
319.095177;319.095177;2-Phenylethyl beta-D-glucopyranoside;[M+Cl];C14H20O6;-2.12166e-4;-0.664900;319.095389;1 out of 5
320.062344;320.062344;Beta-Citryl-L-glutamic acid;[M-H];C11H15NO10;2.51407e-5;0.078549;320.062319;3 out of 5
322.983569;322.983569;Iron(II) lactate trihydrate;[M+Cl];C6H16FeO9;-2.06169e-4;-0.638327;322.983775;1 out of 5
322.987312;322.987312;Clofentezine;[M+Na-H2];C14H8Cl2N4;4.34367e-5;0.134484;322.987269;1 out of 5
322.993729;322.993729;3-deoxy-D-arabino-heptulosonate-7-phosphate;[M+Cl];C7H13O10P;-3.05157e-4;-0.944777;322.994034;2 out of 5
323.028491;323.028491;Olsalazine;[M+Na-H2];C14H10N2O6;-6.16260e-5;-0.190776;323.028553;1 out of 5
323.028491;323.028491;Uridine 5'-monophosphate;[M-H];C9H13N2O9P;-9.81000e-5;-0.303688;323.028590;2 out of 5
323.028491;323.028491;Pseudouridine 5'-phosphate;[M-H];C9H13N2O9P;-9.81000e-5;-0.303688;323.028590;2 out of 5
323.028491;323.028491;Uridine 2'-phosphate;[M-H];C9H13N2O9P;-9.81000e-5;-0.303688;323.028590;2 out of 5
323.028491;323.028491;Uridine 3'-monophosphate;[M-H];C9H13N2O9P;-9.81000e-5;-0.303688;323.028590;2 out of 5
323.028491;323.028491;"[(2S,3R,4R,5R)-5-(2,4-Dioxopyrimidin-1-yl)-3,4-dihydroxyoxolan-2-yl]methyl dihydrogen phosphate";[M-H];C9H13N2O9P;-9.85690e-5;-0.305140;323.028590;2 out of 5
323.028491;323.028491;Orotidine;[M+Cl];C10H12N2O8;-2.74934e-4;-0.851113;323.028766;1 out of 5
324.973399;324.973399;3-deoxy-D-arabino-heptulosonate-7-phosphate;[M+K-H2];C7H13O10P;1.60606e-4;0.494212;324.973238;2 out of 5
324.995865;324.995865;methoxychlor;[M-H2O-H];C16H15Cl3O2;-5.65723e-5;-0.174071;324.995922;1 out of 5
325.184246;325.184246;2-Dodecylbenzenesulfonic acid;[M-H];C18H30O3S;-4.24979e-5;-0.130689;325.184289;1 out of 5
325.184246;325.184246;4-Dodecylbenzenesulfonic Acid;[M-H];C18H30O3S;-4.24979e-5;-0.130689;325.184289;1 out of 5
325.184246;325.184246;4-Dodecan-6-ylbenzenesulfonic Acid;[M-H];C18H30O3S;-4.29819e-5;-0.132177;325.184289;1 out of 5
325.184246;325.184246;Dodecyl benzenesulfonate;[M-H];C18H30O3S;-4.29819e-5;-0.132177;325.184289;1 out of 5
326.064844;326.064844;Fluazifop;[M-H];C15H12F3NO4;2.78351e-4;0.853669;326.064565;1 out of 5
326.064844;326.064844;Ascorbigen;[M+Na-H2];C15H15NO6;2.39503e-4;0.734527;326.064604;1 out of 5
326.064844;326.064844;"2-Deoxy-2,3-dehydro-n-acetyl-neuraminic acid";[M+Cl];C11H17NO8;2.61993e-5;0.080350;326.064818;2 out of 5
326.983103;326.983103;Apigeninidin;[M+K-H2];C15H11ClO4;-8.87601e-5;-0.271452;326.983192;1 out of 5
327.021059;327.021059;"(5R,6S)-6-[(1R)-1-Hydroxyethyl]-7-oxo-3-pyridin-3-yl-4-thia-1-azabicyclo[3.2.0]hept-2-ene-2-carboxylic acid";[M+Cl];C13H12N2O4S;-1.20050e-4;-0.367102;327.021179;3 out of 5
327.030652;327.030652;Chloroxuron;[M+K-H2];C15H15ClN2O2;-1.58185e-4;-0.483701;327.030810;1 out of 5
328.058458;328.058458;Glutathione;[M+Na-H2];C10H17N3O6S;-1.50219e-5;-0.045790;328.058473;3 out of 5
328.058458;328.058458;Glutathionate(1-);[M+Na-H2];C10H17N3O6S;-1.54939e-5;-0.047229;328.058473;3 out of 5
328.061906;328.061906;Islatravir;[M+Cl];C12H12FN5O3;8.73858e-5;0.266370;328.061818;1 out of 5
329.027807;329.027807;Fulvic acid;[M+Na-H2];C14H12O8;-7.77972e-5;-0.236446;329.027884;1 out of 5
329.027807;329.027807;2-O-(6-Phospho-alpha-mannosyl)-D-glycerate;[M-H2O-H];C9H17O12P;-1.14971e-4;-0.349427;329.027922;1 out of 5
329.027807;329.027807;Glucose-6-phosphate lactate;[M-H2O-H];C9H17O12P;-1.15436e-4;-0.350840;329.027922;1 out of 5
329.027807;329.027807;"3,4-Bis(carboxymethyl)-3,4-dihydroxyhexanedioic acid";[M+Cl];C10H14O10;-2.91102e-4;-0.884733;329.028098;1 out of 5
329.069569;329.069569;Blebbistatin;[M+K-H2];C18H16N2O2;-2.13485e-4;-0.648754;329.069783;1 out of 5
329.069569;329.069569;Tyrphostin B42;[M+Cl];C17H14N2O3;-2.74041e-4;-0.832776;329.069843;1 out of 5
329.069569;329.069569;Rosoxacin;[M+Cl];C17H14N2O3;-2.74046e-4;-0.832791;329.069843;1 out of 5
329.983504;329.983504;Hydroflumethiazide;[M-H];C8H8F3N3O4S2;-5.08226e-5;-0.154016;329.983555;1 out of 5
333.059236;333.059236;7-Hydroxymethyl-12-methylbenz[a]anthracene sulfate;[M-H2O-H];C20H16O4S;1.47360e-4;0.442445;333.059089;1 out of 5
333.059236;333.059236;isorhamnetin 3-rutinoside-7-glucoside;[M+Na-H2];C14H16O8;5.15754e-5;0.154854;333.059184;1 out of 5
333.059236;333.059236;Glycerophosphoinositol;[M-H];C9H19O11P;1.50884e-5;0.045302;333.059221;2 out of 5
333.059236;333.059236;"2,3,4,5-Tetrahydroxy-6-(1,2,3,4-tetrahydroxybutyl)oxane-2-carbaldehyde";[M+Cl];C10H18O10;-1.61730e-4;-0.485588;333.059398;1 out of 5
334.096165;334.096165;Glycyl-proline-1-naphthylamide;[M+K-H2];C17H19N3O2;-1.67125e-4;-0.500230;334.096332;1 out of 5
334.096165;334.096165;Niraxostat;[M+Cl];C16H17N3O3;-2.27686e-4;-0.681498;334.096392;1 out of 5
338.988806;338.988806;"D-myo-Inositol 1,4-bisphosphate";[M-H];C6H14O12P2;3.45257e-5;0.101849;338.988772;2 out of 5
338.988806;338.988806;"D-Fructose 2,6-bisphosphate";[M-H];C6H14O12P2;3.45257e-5;0.101849;338.988772;2 out of 5
338.988806;338.988806;"Fructose 1,6-bisphosphate";[M-H];C6H14O12P2;3.45257e-5;0.101849;338.988772;2 out of 5
338.988806;338.988806;"alpha-D-Glucose 1,6-bisphosphate";[M-H];C6H14O12P2;3.45257e-5;0.101849;338.988772;2 out of 5
338.988806;338.988806;"D-myo-Inositol 1,3-bisphosphate";[M-H];C6H14O12P2;3.45257e-5;0.101849;338.988772;2 out of 5
338.988806;338.988806;"D-myo-Inositol 3,4-bisphosphate";[M-H];C6H14O12P2;3.45257e-5;0.101849;338.988772;2 out of 5
338.988806;338.988806;"D-Tagatose 1,6-bisphosphate";[M-H];C6H14O12P2;3.45257e-5;0.101849;338.988772;2 out of 5
338.988806;338.988806;"D-Mannose 1,6-bisphosphate";[M-H];C6H14O12P2;3.45257e-5;0.101849;338.988772;2 out of 5
338.988806;338.988806;"1,6-Di-O-phosphono-D-fructose";[M-H];C6H14O12P2;3.35747e-5;0.099044;338.988773;2 out of 5
338.988806;338.988806;"Fructose-1,6-diphosphate";[M-H];C6H14O12P2;3.35747e-5;0.099044;338.988773;2 out of 5
338.988806;338.988806;Di-phosphofructose;[M-H];C6H14O12P2;3.35747e-5;0.099044;338.988773;2 out of 5
338.988806;338.988806;Diphosphoglucose;[M-H];C6H14O12P2;3.35747e-5;0.099044;338.988773;2 out of 5
338.988806;338.988806;"[(2R,3R)-2,3,5-Trihydroxy-4-oxo-6-phosphonooxyhexyl] dihydrogen phosphate";[M-H];C6H14O12P2;3.35747e-5;0.099044;338.988773;2 out of 5
339.209687;339.209687;Cardanolmonoene;[M+K-H2];C21H34O;1.16205e-4;0.342576;339.209571;1 out of 5
339.209687;339.209687;Pregnan-20-one;[M+K-H2];C21H34O;1.16200e-4;0.342561;339.209571;1 out of 5
339.209687;339.209687;Arachidonic acid;[M+Cl];C20H32O2;5.56471e-5;0.164049;339.209631;1 out of 5
339.209687;339.209687;"Cis-8,11,14,17-Eicosatetraenoic acid";[M+Cl];C20H32O2;5.56471e-5;0.164049;339.209631;1 out of 5
339.209687;339.209687;Mesterolone;[M+Cl];C20H32O2;5.56471e-5;0.164049;339.209631;1 out of 5
339.209687;339.209687;Drostanolone;[M+Cl];C20H32O2;5.56471e-5;0.164049;339.209631;1 out of 5
339.209687;339.209687;Sideridiol;[M+Cl];C20H32O2;5.56471e-5;0.164049;339.209631;1 out of 5
339.209687;339.209687;ent-17-Hydroxy-16beta-kauran-19-al;[M+Cl];C20H32O2;5.56471e-5;0.164049;339.209631;1 out of 5
339.209687;339.209687;Yucalexin P21;[M+Cl];C20H32O2;5.56471e-5;0.164049;339.209631;1 out of 5
339.209687;339.209687;Copalic acid;[M+Cl];C20H32O2;5.56471e-5;0.164049;339.209631;1 out of 5
339.209687;339.209687;Junicedral;[M+Cl];C20H32O2;5.56471e-5;0.164049;339.209631;1 out of 5
339.209687;339.209687;"7,13-Eperudien-15-oic acid";[M+Cl];C20H32O2;5.56471e-5;0.164049;339.209631;1 out of 5
339.209687;339.209687;Oryzalexin S;[M+Cl];C20H32O2;5.56471e-5;0.164049;339.209631;1 out of 5
339.209687;339.209687;Oryzalexin E;[M+Cl];C20H32O2;5.56471e-5;0.164049;339.209631;1 out of 5
339.209687;339.209687;Oryzalexin D;[M+Cl];C20H32O2;5.56471e-5;0.164049;339.209631;1 out of 5
339.209687;339.209687;Oryzalexin F;[M+Cl];C20H32O2;5.56471e-5;0.164049;339.209631;1 out of 5
339.209687;339.209687;"2,6,10,14-Hexadecatetraenoic acid, 3,7,11,15-tetramethyl-, (Z,E,E)-";[M+Cl];C20H32O2;5.56451e-5;0.164043;339.209631;1 out of 5
339.209687;339.209687;"5,8,11,14-Icosatetraenoic Acid";[M+Cl];C20H32O2;5.56451e-5;0.164043;339.209631;1 out of 5
339.209687;339.209687;Eicosatetraenoic acid;[M+Cl];C20H32O2;5.56451e-5;0.164043;339.209631;1 out of 5
339.209687;339.209687;Mestaline;[M+Cl];C20H32O2;5.56451e-5;0.164043;339.209631;1 out of 5
339.209687;339.209687;Methandriol;[M+Cl];C20H32O2;5.56451e-5;0.164043;339.209631;1 out of 5
339.209687;339.209687;abietadiene-diol;[M+Cl];C20H32O2;5.56451e-5;0.164043;339.209631;1 out of 5
342.044272;342.044272;Beta-Citryl-L-glutamic acid;[M+Na-H2];C11H15NO10;8.82252e-6;0.025794;342.044263;3 out of 5
342.053267;342.053267;Glutathione;[M+Cl];C10H17N3O6S;6.01308e-5;0.175794;342.053207;3 out of 5
342.053267;342.053267;Glutathionate(1-);[M+Cl];C10H17N3O6S;5.96588e-5;0.174414;342.053207;3 out of 5
343.046583;343.046583;Manitimus;[M+Cl];C15H11F3N2O2;-7.99163e-5;-0.232960;343.046663;2 out of 5
343.046583;343.046583;2-Cyano-3-oxo-N-[4-(trifluoromethyl)phenyl]hept-6-ynamide;[M+Cl];C15H11F3N2O2;-7.99163e-5;-0.232960;343.046663;2 out of 5
344.050236;344.050236;Aspergillomarasmine A;[M+K-H2];C10H17N3O8;6.61688e-5;0.192323;344.050170;1 out of 5
345.043606;345.043606;Glucose pyruvate acetate;[M+Na-H2];C11H16O11;-3.22556e-4;-0.934827;345.043928;1 out of 5
346.000075;346.000075;"5-Chloro-3-[2-(2,6-difluorophenyl)ethyl]-1H-imidazo[4,5-b]pyridine-2-thione";[M+Na-H2];C14H10ClF2N3S;2.05930e-4;0.595174;345.999869;1 out of 5
346.055772;346.055772;Adenosine monophosphate;[M-H];C10H14N5O7P;-3.50163e-5;-0.101187;346.055807;2 out of 5
346.055772;346.055772;2'-Deoxyguanosine 5'-monophosphate;[M-H];C10H14N5O7P;-3.50163e-5;-0.101187;346.055807;2 out of 5
346.055772;346.055772;3'-AMP;[M-H];C10H14N5O7P;-3.50163e-5;-0.101187;346.055807;2 out of 5
346.055772;346.055772;Adenosine 2'-phosphate;[M-H];C10H14N5O7P;-3.50163e-5;-0.101187;346.055807;2 out of 5
346.055772;346.055772;2-hydroxy-dAMP;[M-H];C10H14N5O7P;-3.50163e-5;-0.101187;346.055807;2 out of 5
346.055772;346.055772;Vidarabine phosphate;[M-H];C10H14N5O7P;-3.50163e-5;-0.101187;346.055807;2 out of 5
346.055772;346.055772;3-Phosphoadenosine;[M-H];C10H14N5O7P;-3.54863e-5;-0.102545;346.055808;2 out of 5
346.055772;346.055772;Zidovudine monophosphate;[M-H];C10H14N5O7P;-3.54863e-5;-0.102545;346.055808;2 out of 5
346.055772;346.055772;"[(2R,5R)-5-(6-Aminopurin-9-yl)-4-hydroxy-2-(hydroxymethyl)oxolan-3-yl] dihydrogen phosphate";[M-H];C10H14N5O7P;-3.54863e-5;-0.102545;346.055808;2 out of 5
347.059076;347.059076;Quinacridone;[M+Cl];C20H12N2O2;-2.02339e-4;-0.583009;347.059279;1 out of 5
347.080224;347.080224;"3-(2,4-Dimethyl-5-(2-oxo-1,2-dihydroindol-3-ylidenemethyl)-1H-pyrrol-3-yl)propionic acid";[M+K-H2];C18H18N2O3;-1.23802e-4;-0.356694;347.080347;1 out of 5
347.080224;347.080224;Piromelatine;[M+Cl];C17H16N2O4;-1.84357e-4;-0.531164;347.080408;1 out of 5
347.080224;347.080224;Dictyoquinazol A;[M+Cl];C17H16N2O4;-1.84364e-4;-0.531184;347.080408;1 out of 5
347.103844;347.103844;20R-Camptothecin;[M-H];C20H16N2O4;1.13800e-4;0.327856;347.103730;2 out of 5
347.103844;347.103844;Camptothecin sodium;[M-H2O-H];C20H18N2O5;1.13115e-4;0.325883;347.103731;1 out of 5
347.103844;347.103844;N-Caffeoyltryptophan;[M-H2O-H];C20H18N2O5;1.13107e-4;0.325860;347.103731;1 out of 5
350.007942;350.007942;"3-(3,5-Dichlorophenyl)-4-hydroxy-2-oxo-N-propan-2-ylimidazole-1-carboxamide";[M+Na-H2];C13H13Cl2N3O3;-1.21393e-4;-0.346830;350.008064;1 out of 5
350.007942;350.007942;Iprodione;[M+Na-H2];C13H13Cl2N3O3;-1.21404e-4;-0.346862;350.008064;1 out of 5
353.048873;353.048873;4-Glucogallic acid;[M+Na-H2];C13H16O10;-1.41052e-4;-0.399525;353.049014;1 out of 5
353.048873;353.048873;6-Galloylglucose;[M+Na-H2];C13H16O10;-1.41069e-4;-0.399573;353.049014;1 out of 5
353.048873;353.048873;beta-Glucogallin;[M+Na-H2];C13H16O10;-1.41069e-4;-0.399573;353.049014;1 out of 5
353.048873;353.048873;4-Glucosyl gallate;[M+Na-H2];C13H16O10;-1.41069e-4;-0.399573;353.049014;1 out of 5
353.048873;353.048873;1-O-Galloylfructose;[M+Na-H2];C13H16O10;-1.41069e-4;-0.399573;353.049014;1 out of 5
353.048873;353.048873;3-Glucogallic acid;[M+Na-H2];C13H16O10;-1.41069e-4;-0.399573;353.049014;1 out of 5
353.048873;353.048873;5-O-Galloylhamamelofuranose;[M+Na-H2];C13H16O10;-1.41069e-4;-0.399573;353.049014;1 out of 5
353.048873;353.048873;2-Galloylglucose;[M+Na-H2];C13H16O10;-1.41069e-4;-0.399573;353.049014;1 out of 5
353.048873;353.048873;Galloyl glucose;[M+Na-H2];C13H16O10;-1.41069e-4;-0.399573;353.049014;1 out of 5
353.048873;353.048873;6-O-Galloylglucose;[M+Na-H2];C13H16O10;-1.41069e-4;-0.399573;353.049014;1 out of 5
354.068456;354.068456;PYRAZOPHOS;[M-H2O-H];C14H20N3O5PS;1.67585e-4;0.473312;354.068288;1 out of 5
354.068456;354.068456;Ethalfluralin;[M+Na-H2];C13H14F3N3O4;1.47947e-4;0.417848;354.068308;1 out of 5
354.068456;354.068456;TIARAMIDE;[M-H];C15H18ClN3O3S;-7.78713e-6;-0.021993;354.068463;3 out of 5
355.071809;355.071809;N-Desmethylzopiclone;[M-H2O-H];C16H15ClN6O3;2.34188e-4;0.659552;355.071575;1 out of 5
356.065431;356.065431;Aspartyl-Tryptophan;[M+K-H2];C15H17N3O5;5.18793e-6;0.014570;356.065426;1 out of 5
356.065431;356.065431;Tryptophyl-Aspartate;[M+K-H2];C15H17N3O5;5.18793e-6;0.014570;356.065426;1 out of 5
357.059238;357.059238;Dattelic acid;[M+Na-H2];C16H16O8;5.31916e-5;0.148971;357.059184;1 out of 5
357.059238;357.059238;"3-Caffeoyl-1,5-quinolactone";[M+Na-H2];C16H16O8;5.31786e-5;0.148935;357.059184;1 out of 5
357.059238;357.059238;"4-Caffeoyl-1,5-quinolactone";[M+Na-H2];C16H16O8;5.31786e-5;0.148935;357.059184;1 out of 5
357.059238;357.059238;3-O-Caffeoylshikimic acid;[M+Na-H2];C16H16O8;5.31786e-5;0.148935;357.059184;1 out of 5
357.059238;357.059238;Juglone glucoside;[M+Na-H2];C16H16O8;5.31786e-5;0.148935;357.059184;1 out of 5
357.059238;357.059238;4-O-Caffeoylshikimic acid;[M+Na-H2];C16H16O8;5.31786e-5;0.148935;357.059184;1 out of 5
357.059238;357.059238;lysophosphatidylinositol;[M-H2O-H];C11H21O12P;1.55526e-5;0.043557;357.059222;1 out of 5
357.059238;357.059238;Lepidimoic acid;[M+Cl];C12H18O10;-1.60129e-4;-0.448467;357.059398;1 out of 5
358.963166;358.963166;Urolithin c 3-sulfate;[M+Cl];C13H8O8S;-2.23462e-4;-0.622520;358.963389;1 out of 5
359.005277;359.005277;5-Thymidylic acid;[M+K-H2];C10H15N2O8P;6.96991e-5;0.194145;359.005207;1 out of 5
359.005277;359.005277;thymidine 3'-monophosphate;[M+K-H2];C10H15N2O8P;6.92281e-5;0.192833;359.005207;1 out of 5
359.005277;359.005277;Uridine 5'-monophosphate;[M+Cl];C9H13N2O9P;9.14114e-6;0.025462;359.005268;2 out of 5
359.005277;359.005277;Pseudouridine 5'-phosphate;[M+Cl];C9H13N2O9P;9.14114e-6;0.025462;359.005268;2 out of 5
359.005277;359.005277;Uridine 2'-phosphate;[M+Cl];C9H13N2O9P;9.14114e-6;0.025462;359.005268;2 out of 5
359.005277;359.005277;Uridine 3'-monophosphate;[M+Cl];C9H13N2O9P;9.14114e-6;0.025462;359.005268;2 out of 5
359.005277;359.005277;"[(2S,3R,4R,5R)-5-(2,4-Dioxopyrimidin-1-yl)-3,4-dihydroxyoxolan-2-yl]methyl dihydrogen phosphate";[M+Cl];C9H13N2O9P;8.67214e-6;0.024156;359.005268;2 out of 5
360.102471;360.102471;5-Hydroxyomeprazole;[M-H];C17H19N3O4S;1.21667e-4;0.337869;360.102350;2 out of 5
360.102471;360.102471;Omeprazole sulfone;[M-H];C17H19N3O4S;1.21667e-4;0.337869;360.102350;2 out of 5
360.102471;360.102471;3-Hydroxyomeprazole;[M-H];C17H19N3O4S;1.21667e-4;0.337869;360.102350;2 out of 5
360.102471;360.102471;metampicillin;[M-H];C17H19N3O4S;1.21190e-4;0.336544;360.102350;2 out of 5
360.102471;360.102471;"5-Methoxy-2-[(4-methoxy-3,5-dimethylpyridin-2-yl)methylsulfinyl]-1H-benzimidazol-4-ol";[M-H];C17H19N3O4S;1.21190e-4;0.336544;360.102350;2 out of 5
360.970641;360.970641;"D-myo-Inositol 1,4-bisphosphate";[M+Na-H2];C6H14O12P2;-7.51406e-5;-0.208163;360.970716;2 out of 5
360.970641;360.970641;"D-Fructose 2,6-bisphosphate";[M+Na-H2];C6H14O12P2;-7.51406e-5;-0.208163;360.970716;2 out of 5
360.970641;360.970641;"Fructose 1,6-bisphosphate";[M+Na-H2];C6H14O12P2;-7.51406e-5;-0.208163;360.970716;2 out of 5
360.970641;360.970641;"alpha-D-Glucose 1,6-bisphosphate";[M+Na-H2];C6H14O12P2;-7.51406e-5;-0.208163;360.970716;2 out of 5
360.970641;360.970641;"D-myo-Inositol 1,3-bisphosphate";[M+Na-H2];C6H14O12P2;-7.51406e-5;-0.208163;360.970716;2 out of 5
360.970641;360.970641;"D-myo-Inositol 3,4-bisphosphate";[M+Na-H2];C6H14O12P2;-7.51406e-5;-0.208163;360.970716;2 out of 5
360.970641;360.970641;"D-Tagatose 1,6-bisphosphate";[M+Na-H2];C6H14O12P2;-7.51406e-5;-0.208163;360.970716;2 out of 5
360.970641;360.970641;"D-Mannose 1,6-bisphosphate";[M+Na-H2];C6H14O12P2;-7.51406e-5;-0.208163;360.970716;2 out of 5
360.970641;360.970641;"1,6-Di-O-phosphono-D-fructose";[M+Na-H2];C6H14O12P2;-7.60916e-5;-0.210797;360.970717;2 out of 5
360.970641;360.970641;"Fructose-1,6-diphosphate";[M+Na-H2];C6H14O12P2;-7.60916e-5;-0.210797;360.970717;2 out of 5
360.970641;360.970641;Di-phosphofructose;[M+Na-H2];C6H14O12P2;-7.60916e-5;-0.210797;360.970717;2 out of 5
360.970641;360.970641;Diphosphoglucose;[M+Na-H2];C6H14O12P2;-7.60916e-5;-0.210797;360.970717;2 out of 5
360.970641;360.970641;"[(2R,3R)-2,3,5-Trihydroxy-4-oxo-6-phosphonooxyhexyl] dihydrogen phosphate";[M+Na-H2];C6H14O12P2;-7.60916e-5;-0.210797;360.970717;2 out of 5
362.050670;362.050670;3-methylthiopropyl-desulfoglucosinolate;[M+Cl];C11H21NO6S2;2.39656e-4;0.661940;362.050431;1 out of 5
362.050670;362.050670;Guanosine monophosphate;[M-H];C10H14N5O8P;-5.15575e-5;-0.142404;362.050722;1 out of 5
362.050670;362.050670;8-Oxo-dGMP;[M-H];C10H14N5O8P;-5.15575e-5;-0.142404;362.050722;1 out of 5
362.050670;362.050670;Cyclic pyranopterin monophosphate;[M-H];C10H14N5O8P;-5.15575e-5;-0.142404;362.050722;1 out of 5
362.050670;362.050670;Guanosine 2'-monophosphate;[M-H];C10H14N5O8P;-5.15575e-5;-0.142404;362.050722;1 out of 5
362.050670;362.050670;Guanosine 3'-monophosphate;[M-H];C10H14N5O8P;-5.15575e-5;-0.142404;362.050722;1 out of 5
362.050670;362.050670;"[(2R,5R)-5-(2-Amino-6-oxo-1H-purin-9-yl)-3,4-dihydroxyoxolan-2-yl]methyl dihydrogen phosphate";[M-H];C10H14N5O8P;-5.15575e-5;-0.142404;362.050722;1 out of 5
362.050670;362.050670;o6-Carboxymethyl-2'-deoxy-guanosine;[M+K-H2];C12H15N5O6;-1.67819e-4;-0.463525;362.050838;1 out of 5
362.127451;362.127451;Benzydamine N-oxide;[M+K-H2];C19H23N3O2;-1.81422e-4;-0.500990;362.127632;1 out of 5
362.127451;362.127451;Ergobasin;[M+K-H2];C19H23N3O2;-1.81422e-4;-0.500990;362.127632;1 out of 5
362.127451;362.127451;Ergonovine;[M+K-H2];C19H23N3O2;-1.81424e-4;-0.500996;362.127632;1 out of 5
362.127451;362.127451;N1-(2-Methoxy-4-methylbenzyl)-n2-(2-(pyridin-2-yl) ethyl)oxalamide;[M+Cl];C18H21N3O3;-2.41982e-4;-0.668224;362.127693;1 out of 5
362.127451;362.127451;Cinereain;[M+Cl];C18H21N3O3;-2.41982e-4;-0.668224;362.127693;1 out of 5
363.007450;363.007450;Boscalid;[M+Na-H2];C18H12Cl2N2O;1.14187e-4;0.314557;363.007335;1 out of 5
370.933686;370.933686;Phosphoribosyl pyrophosphate;[M-H2O-H];C5H13O14P3;-2.87360e-4;-0.774692;370.933974;1 out of 5
370.933686;370.933686;5-O-phosphonato-alpha-D-ribofuranosyl Diphosphate(5-);[M-H2O-H];C5H13O14P3;-2.88793e-4;-0.778556;370.933975;1 out of 5
370.933686;370.933686;"[(3R,4R,5R)-4-Hydroxy-5-(hydroxymethyl)-3-phosphonooxyoxolan-2-yl] phosphono hydrogen phosphate";[M-H2O-H];C5H13O14P3;-2.88793e-4;-0.778556;370.933975;1 out of 5
370.933686;370.933686;"[(3R,4S,5R)-3,4-Dihydroxy-5-(hydroxymethyl)oxolan-2-yl] [hydroxy(phosphonooxy)phosphoryl] hydrogen phosphate";[M-H2O-H];C5H13O14P3;-2.88793e-4;-0.778556;370.933975;1 out of 5
371.074794;371.074794;"6-[2,3-Dihydroxy-1-(hydroxymethyl)propyl]-1,2-dihydro-7-hydroxy-9-methoxy-cyclopenta[c][1]benzopyran-3,4-dione";[M+Na-H2];C17H18O8;-4.08476e-5;-0.110079;371.074835;1 out of 5
371.074794;371.074794;"3-Feruloyl-1,5-quinolactone";[M+Na-H2];C17H18O8;-4.08596e-5;-0.110112;371.074835;1 out of 5
371.074794;371.074794;"4-Feruloyl-1,5-quinolactone";[M+Na-H2];C17H18O8;-4.08596e-5;-0.110112;371.074835;1 out of 5
376.050385;376.050385;TIARAMIDE;[M+Na-H2];C15H18ClN3O3S;-2.21478e-5;-0.058896;376.050407;3 out of 5
376.050385;376.050385;"Imidodicarbonimidic diamide, N-(1-methylethyl)-N'-(3-(2,4,5-trichlorophenoxy)propoxy)-, hydrochloride";[M-H2O-H];C14H20Cl3N5O2;-3.18478e-5;-0.084690;376.050417;1 out of 5
377.085609;377.085609;Gentiopicroside;[M+Na-H2];C16H20O9;2.09766e-4;0.556283;377.085399;1 out of 5
377.085609;377.085609;1-O-Feruloylglucose;[M+Na-H2];C16H20O9;2.09752e-4;0.556246;377.085399;1 out of 5
377.085609;377.085609;Veranisatin B;[M+Na-H2];C16H20O9;2.09752e-4;0.556246;377.085399;1 out of 5
377.085609;377.085609;1-O-2'-Hydroxy-4'-methoxycinnamoyl-b-D-glucose;[M+Na-H2];C16H20O9;2.09752e-4;0.556246;377.085399;1 out of 5
377.085609;377.085609;Ferulic acid 4-glucoside;[M+Na-H2];C16H20O9;2.09752e-4;0.556246;377.085399;1 out of 5
377.085609;377.085609;trans-p-Feruloyl-beta-D-glucopyranoside;[M+Na-H2];C16H20O9;2.09752e-4;0.556246;377.085399;1 out of 5
377.085609;377.085609;1-O-Feruloyl-beta-D-glucopyranose;[M+Na-H2];C16H20O9;2.09752e-4;0.556246;377.085399;1 out of 5
377.085609;377.085609;1-O-Feruloyl-beta-D-glucose;[M+Na-H2];C16H20O9;2.09752e-4;0.556246;377.085399;1 out of 5
377.085609;377.085609;Epimelibiose;[M+Cl];C12H22O11;-3.53788e-6;-0.009382;377.085613;1 out of 5
377.085609;377.085609;Neotrehalose;[M+Cl];C12H22O11;-3.53788e-6;-0.009382;377.085613;1 out of 5
377.085609;377.085609;Galabiose;[M+Cl];C12H22O11;-3.53788e-6;-0.009382;377.085613;1 out of 5
377.085609;377.085609;Polymaltose;[M+Cl];C12H22O11;-3.53788e-6;-0.009382;377.085613;1 out of 5
377.085609;377.085609;laminaribiose;[M+Cl];C12H22O11;-3.53788e-6;-0.009382;377.085613;1 out of 5
377.085609;377.085609;"D-Fructose, 6-O-alpha-D-glucopyranosyl-";[M+Cl];C12H22O11;-3.53788e-6;-0.009382;377.085613;1 out of 5
377.085609;377.085609;6-O-alpha-D-Galactopyranosyl-D-galactopyranose;[M+Cl];C12H22O11;-3.53788e-6;-0.009382;377.085613;1 out of 5
377.085609;377.085609;"Gal-alpha1,2-Gal";[M+Cl];C12H22O11;-3.53788e-6;-0.009382;377.085613;1 out of 5
377.085609;377.085609;Palatinose;[M+Cl];C12H22O11;-3.53788e-6;-0.009382;377.085613;1 out of 5
377.085609;377.085609;"(2R,3S,4R,5R)-2,4,5,6-Tetrahydroxy-3-[(2S,3R,4S,5S,6R)-3,4,5-trihydroxy-6-(hydroxymethyl)oxan-2-yl]oxyhexanal";[M+Cl];C12H22O11;-3.53788e-6;-0.009382;377.085613;1 out of 5
377.085609;377.085609;"D-Glucose, 6-O-alpha-D-glucopyranosyl-";[M+Cl];C12H22O11;-3.53788e-6;-0.009382;377.085613;1 out of 5
377.085609;377.085609;"(3S,4R,5R)-1,4,5,6-Tetrahydroxy-3-[(2S,3R,4S,5S,6R)-3,4,5-trihydroxy-6-(hydroxymethyl)oxan-2-yl]oxyhexan-2-one";[M+Cl];C12H22O11;-3.53788e-6;-0.009382;377.085613;1 out of 5
377.085609;377.085609;"(3S,4R,5S)-3,4,5,6-Tetrahydroxy-1-[(2S,3R,4S,5S,6R)-3,4,5-trihydroxy-6-(hydroxymethyl)oxan-2-yl]oxyhexan-2-one";[M+Cl];C12H22O11;-3.53788e-6;-0.009382;377.085613;1 out of 5
377.085609;377.085609;Melibiose;[M+Cl];C12H22O11;-3.55588e-6;-0.009430;377.085613;1 out of 5
377.085609;377.085609;Cellobiose;[M+Cl];C12H22O11;-3.55588e-6;-0.009430;377.085613;1 out of 5
377.085609;377.085609;D-Maltose;[M+Cl];C12H22O11;-3.55588e-6;-0.009430;377.085613;1 out of 5
377.085609;377.085609;Alpha-Lactose;[M+Cl];C12H22O11;-3.55588e-6;-0.009430;377.085613;1 out of 5
377.085609;377.085609;Sucrose;[M+Cl];C12H22O11;-3.55588e-6;-0.009430;377.085613;1 out of 5
377.085609;377.085609;Lactulose;[M+Cl];C12H22O11;-3.55588e-6;-0.009430;377.085613;1 out of 5
377.085609;377.085609;Trehalose;[M+Cl];C12H22O11;-3.55588e-6;-0.009430;377.085613;1 out of 5
377.085609;377.085609;Isomaltose;[M+Cl];C12H22O11;-3.55588e-6;-0.009430;377.085613;1 out of 5
377.085609;377.085609;Galactinol;[M+Cl];C12H22O11;-3.55588e-6;-0.009430;377.085613;1 out of 5
377.085609;377.085609;3-b-Galactopyranosyl glucose;[M+Cl];C12H22O11;-3.55588e-6;-0.009430;377.085613;1 out of 5
377.085609;377.085609;Turanose;[M+Cl];C12H22O11;-3.55588e-6;-0.009430;377.085613;1 out of 5
377.085609;377.085609;Kojibiose;[M+Cl];C12H22O11;-3.55588e-6;-0.009430;377.085613;1 out of 5
377.085609;377.085609;Sakebiose;[M+Cl];C12H22O11;-3.55588e-6;-0.009430;377.085613;1 out of 5
377.085609;377.085609;Inulobiose;[M+Cl];C12H22O11;-3.55588e-6;-0.009430;377.085613;1 out of 5
377.085609;377.085609;Maltulose;[M+Cl];C12H22O11;-3.55588e-6;-0.009430;377.085613;1 out of 5
377.085609;377.085609;Mannobiose;[M+Cl];C12H22O11;-3.55588e-6;-0.009430;377.085613;1 out of 5
377.085609;377.085609;DEAE-cellulose;[M+Cl];C12H22O11;-3.55588e-6;-0.009430;377.085613;1 out of 5
377.085609;377.085609;Allolactose;[M+Cl];C12H22O11;-3.55588e-6;-0.009430;377.085613;1 out of 5
377.085609;377.085609;Glucinol;[M+Cl];C12H22O11;-3.55588e-6;-0.009430;377.085613;1 out of 5
377.085609;377.085609;Trehalulose;[M+Cl];C12H22O11;-3.55588e-6;-0.009430;377.085613;1 out of 5
377.085609;377.085609;Fagopyritol A1;[M+Cl];C12H22O11;-3.55588e-6;-0.009430;377.085613;1 out of 5
377.085609;377.085609;beta-Lactose;[M+Cl];C12H22O11;-3.55588e-6;-0.009430;377.085613;1 out of 5
377.085609;377.085609;"Glucose-1,3-mannose oligosaccharide";[M+Cl];C12H22O11;-3.55588e-6;-0.009430;377.085613;1 out of 5
377.085609;377.085609;3h-Sucrose;[M+Cl];C12H22O11;-3.55588e-6;-0.009430;377.085613;1 out of 5
377.085609;377.085609;"D-Glucose, 4-O-beta-D-galactopyranosyl-";[M+Cl];C12H22O11;-3.55588e-6;-0.009430;377.085613;1 out of 5
377.085609;377.085609;"beta-D-Fructofuranosyl-(2,1)-beta-D-Fructofuranose";[M+Cl];C12H22O11;-3.55588e-6;-0.009430;377.085613;1 out of 5
382.032643;382.032643;Adenosine monophosphate;[M+Cl];C10H14N5O7P;1.57273e-4;0.411676;382.032485;2 out of 5
382.032643;382.032643;2'-Deoxyguanosine 5'-monophosphate;[M+Cl];C10H14N5O7P;1.57273e-4;0.411676;382.032485;2 out of 5
382.032643;382.032643;3'-AMP;[M+Cl];C10H14N5O7P;1.57273e-4;0.411676;382.032485;2 out of 5
382.032643;382.032643;Adenosine 2'-phosphate;[M+Cl];C10H14N5O7P;1.57273e-4;0.411676;382.032485;2 out of 5
382.032643;382.032643;2-hydroxy-dAMP;[M+Cl];C10H14N5O7P;1.57273e-4;0.411676;382.032485;2 out of 5
382.032643;382.032643;Vidarabine phosphate;[M+Cl];C10H14N5O7P;1.57273e-4;0.411676;382.032485;2 out of 5
382.032643;382.032643;3-Phosphoadenosine;[M+Cl];C10H14N5O7P;1.56803e-4;0.410445;382.032486;2 out of 5
382.032643;382.032643;Zidovudine monophosphate;[M+Cl];C10H14N5O7P;1.56803e-4;0.410445;382.032486;2 out of 5
382.032643;382.032643;"[(2R,5R)-5-(6-Aminopurin-9-yl)-4-hydroxy-2-(hydroxymethyl)oxolan-3-yl] dihydrogen phosphate";[M+Cl];C10H14N5O7P;1.56803e-4;0.410445;382.032486;2 out of 5
382.210213;382.210213;Amperozide;[M-H2O-H];C23H29F2N3O;1.85221e-4;0.484606;382.210028;1 out of 5
383.080237;383.080237;Dihydrorhodamine 123;[M+K-H2];C21H18N2O3;-1.10360e-4;-0.288085;383.080347;1 out of 5
383.080237;383.080237;20R-Camptothecin;[M+Cl];C20H16N2O4;-1.70915e-4;-0.446158;383.080408;2 out of 5
384.083869;384.083869;R-138727;[M+Cl];C18H20FNO3S;-3.24712e-4;-0.845419;384.084193;1 out of 5
384.083869;384.083869;{1-[2-Cyclopropyl-1-(2-fluorophenyl)-2-oxoethyl]-4-sulfanylpiperidin-3-ylidene}acetic acid;[M+Cl];C18H20FNO3S;-3.25151e-4;-0.846562;384.084194;1 out of 5
384.984294;384.984294;Uridine 5'-diphosphate;[M-H2O-H];C9H14N2O12P2;-6.22212e-5;-0.161620;384.984356;2 out of 5
385.054010;385.054010;Xanthotoxol glucoside;[M+Na-H2];C17H16O9;-8.93346e-5;-0.232005;385.054099;1 out of 5
385.077381;385.077381;2-trans-O-Feruloylglucaric acid;[M-H];C16H18O11;-2.53668e-4;-0.658746;385.077634;2 out of 5
390.045247;390.045247;TIARAMIDE;[M+Cl];C15H18ClN3O3S;1.05508e-4;0.270501;390.045141;3 out of 5
391.225550;391.225550;Vesatolimod;[M-H2O-H];C22H30N6O2;3.66489e-4;0.936774;391.225183;1 out of 5
391.225550;391.225550;"3-Oxo-4,6-choladienoic acid";[M+Na-H2];C24H34O3;8.77654e-5;0.224335;391.225462;1 out of 5
391.225550;391.225550;Rimexolone;[M+Na-H2];C24H34O3;8.77654e-5;0.224335;391.225462;1 out of 5
391.225550;391.225550;Antibiotic SB 202742;[M+Na-H2];C24H34O3;8.77654e-5;0.224335;391.225462;1 out of 5
391.225550;391.225550;"CPA(16:0/0:0)";[M-H];C19H37O6P;5.12914e-5;0.131104;391.225498;1 out of 5
391.225550;391.225550;"LysoPA(0:0/16:0)";[M-H2O-H];C19H39O7P;5.06054e-5;0.129351;391.225499;1 out of 5
391.225550;391.225550;"LysoPA(16:0/0:0)";[M-H2O-H];C19H39O7P;5.06054e-5;0.129351;391.225499;1 out of 5
391.225550;391.225550;"MG(0:0/18:2(9Z,12Z)/0:0)";[M+K-H2];C21H38O4;-6.49846e-5;-0.166105;391.225615;1 out of 5
391.225550;391.225550;"MG(18:2(9Z,12Z)/0:0/0:0)";[M+K-H2];C21H38O4;-6.49846e-5;-0.166105;391.225615;1 out of 5
391.225550;391.225550;Glyceryl monolinoleate;[M+K-H2];C21H38O4;-6.49846e-5;-0.166105;391.225615;1 out of 5
391.225550;391.225550;2-Linoleoyl Glycerol;[M+K-H2];C21H38O4;-6.49846e-5;-0.166105;391.225615;1 out of 5
391.225550;391.225550;RIOPROSTIL;[M+K-H2];C21H38O4;-6.49846e-5;-0.166105;391.225615;1 out of 5
391.225550;391.225550;7-[3-Hydroxy-2-(3-hydroxyoctyl)-5-oxocyclopentyl]heptanoic acid;[M+Cl];C20H36O5;-1.25540e-4;-0.320888;391.225675;1 out of 5
391.225550;391.225550;"13,14-Dihydroprostaglandin F2alpha";[M+Cl];C20H36O5;-1.25540e-4;-0.320888;391.225675;1 out of 5
391.225550;391.225550;8-Epi pgf1alpha;[M+Cl];C20H36O5;-1.25540e-4;-0.320888;391.225675;1 out of 5
391.225550;391.225550;Prostaglandin F1a;[M+Cl];C20H36O5;-1.25543e-4;-0.320896;391.225675;1 out of 5
391.225550;391.225550;"13,14-Dihydro PGE1";[M+Cl];C20H36O5;-1.25543e-4;-0.320896;391.225675;1 out of 5
391.225550;391.225550;"13,14-Dihydro PGF2a";[M+Cl];C20H36O5;-1.25543e-4;-0.320896;391.225675;1 out of 5
391.225550;391.225550;Prostaglandin F-1-alpha;[M+Cl];C20H36O5;-1.25543e-4;-0.320896;391.225675;1 out of 5
393.130034;393.130034;N-Acetylserotonin glucuronide;[M-H];C18H22N2O8;-3.04386e-4;-0.774263;393.130339;1 out of 5
396.078969;396.078969;Rabeprazole;[M+K-H2];C18H21N3O3S;1.40872e-6;0.003557;396.078967;1 out of 5
396.078969;396.078969;5-Hydroxyomeprazole;[M+Cl];C17H19N3O4S;-5.91493e-5;-0.149337;396.079028;2 out of 5
396.078969;396.078969;Omeprazole sulfone;[M+Cl];C17H19N3O4S;-5.91493e-5;-0.149337;396.079028;2 out of 5
396.078969;396.078969;3-Hydroxyomeprazole;[M+Cl];C17H19N3O4S;-5.91493e-5;-0.149337;396.079028;2 out of 5
396.078969;396.078969;metampicillin;[M+Cl];C17H19N3O4S;-5.96263e-5;-0.150541;396.079028;2 out of 5
396.078969;396.078969;"5-Methoxy-2-[(4-methoxy-3,5-dimethylpyridin-2-yl)methylsulfinyl]-1H-benzimidazol-4-ol";[M+Cl];C17H19N3O4S;-5.96263e-5;-0.150541;396.079028;2 out of 5
396.078969;396.078969;6-Heptenyl glucosinolate;[M-H2O-H];C14H25NO9S2;-2.63131e-4;-0.664340;396.079232;1 out of 5
398.104217;398.104217;"2-Imidazolidinone, 1-(3,5-dichlorophenyl)-3-(2-(1,4-dioxa-8-azaspiro(4.5)dec-8-yl)ethyl)-";[M-H];C18H23Cl2N3O3;-1.52754e-4;-0.383705;398.104370;1 out of 5
401.005271;401.005271;5'-Sulfamoyl-2-chloroadenosine;[M+Na-H2];C10H13ClN6O6S;2.29239e-5;0.057166;401.005248;1 out of 5
402.994958;402.994958;Uridine 5'-diphosphate;[M-H];C9H14N2O12P2;3.78575e-5;0.093940;402.994920;2 out of 5
402.994958;402.994958;Orotidylic acid;[M+Cl];C10H13N2O11P;-1.38976e-4;-0.344859;402.995097;1 out of 5
408.011626;408.011626;"Adenosine 3',5'-diphosphate";[M-H2O-H];C10H15N5O10P2;5.19715e-5;0.127378;408.011574;3 out of 5
408.011626;408.011626;dGDP;[M-H2O-H];C10H15N5O10P2;5.19715e-5;0.127378;408.011574;3 out of 5
408.011626;408.011626;ADP;[M-H2O-H];C10H15N5O10P2;5.19715e-5;0.127378;408.011574;3 out of 5
408.011626;408.011626;"[(2S,3R,4R,5R)-5-(6-Aminopurin-9-yl)-3,4-dihydroxyoxolan-2-yl]methyl phosphono hydrogen phosphate";[M-H2O-H];C10H15N5O10P2;5.19715e-5;0.127378;408.011574;3 out of 5
408.011626;408.011626;Zidovudine diphosphate;[M-H2O-H];C10H15N5O10P2;5.10215e-5;0.125049;408.011575;3 out of 5
408.046614;408.046614;25I-NBOMe;[M-H2O-H];C18H22INO3;1.54533e-5;0.037871;408.046599;1 out of 5
408.046614;408.046614;3-Quinuclidinyl alpha-hydroxy-alpha-(1-iodo-1-propen-3-yl)-alpha-phenylacetate;[M-H2O-H];C18H22INO3;1.54533e-5;0.037871;408.046599;1 out of 5
409.117304;409.117304;Diamfenetide;[M+K-H2];C20H24N2O5;1.77602e-4;0.434109;409.117127;1 out of 5
409.117304;409.117304;Medroxalol;[M+K-H2];C20H24N2O5;1.77602e-4;0.434109;409.117127;1 out of 5
415.225403;415.225403;Lexibulin;[M-H2O-H];C24H30N6O2;2.19323e-4;0.528201;415.225183;1 out of 5
415.225403;415.225403;Stanolone benzoate;[M+Na-H2];C26H34O3;-5.94024e-5;-0.143061;415.225462;1 out of 5
415.225403;415.225403;"CPA(18:2(9Z,12Z)/0:0)";[M-H];C21H37O6P;-9.58754e-5;-0.230900;415.225498;1 out of 5
415.225403;415.225403;"LysoPA(0:0/18:2(9Z,12Z))";[M-H2O-H];C21H39O7P;-9.70414e-5;-0.233708;415.225500;1 out of 5
415.225403;415.225403;"LysoPA(18:2(9Z,12Z)/0:0)";[M-H2O-H];C21H39O7P;-9.70414e-5;-0.233708;415.225500;1 out of 5
415.225403;415.225403;"MG(0:0/20:4(5Z,8Z,11Z,14Z)/0:0)";[M+K-H2];C23H38O4;-2.12151e-4;-0.510931;415.225615;1 out of 5
415.225403;415.225403;"MG(0:0/20:4(8Z,11Z,14Z,17Z)/0:0)";[M+K-H2];C23H38O4;-2.12151e-4;-0.510931;415.225615;1 out of 5
415.225403;415.225403;"MG(20:4(5Z,8Z,11Z,14Z)/0:0/0:0)";[M+K-H2];C23H38O4;-2.12151e-4;-0.510931;415.225615;1 out of 5
415.225403;415.225403;"MG(20:4(8Z,11Z,14Z,17Z)/0:0/0:0)";[M+K-H2];C23H38O4;-2.12151e-4;-0.510931;415.225615;1 out of 5
415.225403;415.225403;"1-Acetoxy-2-hydroxy-5,12,15-heneicosatrien-4-one";[M+K-H2];C23H38O4;-2.12151e-4;-0.510931;415.225615;1 out of 5
415.225403;415.225403;[12]-Gingerol;[M+K-H2];C23H38O4;-2.12151e-4;-0.510931;415.225615;1 out of 5
415.225403;415.225403;Persenone A;[M+K-H2];C23H38O4;-2.12151e-4;-0.510931;415.225615;1 out of 5
415.225403;415.225403;1-Arachidonoylglycerol;[M+K-H2];C23H38O4;-2.12151e-4;-0.510931;415.225615;1 out of 5
415.225403;415.225403;"Eicosa-5,8,11,14-tetraenoic acid 1,3-dihydroxypropan-2-yl ester";[M+K-H2];C23H38O4;-2.12151e-4;-0.510931;415.225615;1 out of 5
415.225403;415.225403;24-Nor Ursodeoxycholic Acid;[M+K-H2];C23H38O4;-2.12151e-4;-0.510931;415.225615;1 out of 5
415.225403;415.225403;METENEPROST;[M+K-H2];C23H38O4;-2.12151e-4;-0.510931;415.225615;1 out of 5
415.225403;415.225403;TRIMOPROSTIL;[M+K-H2];C23H38O4;-2.12151e-4;-0.510931;415.225615;1 out of 5
415.225403;415.225403;Nordeoxycholic acid;[M+K-H2];C23H38O4;-2.12151e-4;-0.510931;415.225615;1 out of 5
415.225403;415.225403;"16,16-Dimethylprostaglandin E2";[M+Cl];C22H36O5;-2.72706e-4;-0.656767;415.225675;1 out of 5
415.225403;415.225403;"20a,20b-Dihomo-9-oxo-11R,15S-dihydroxy-5Z,13E-prostadienoic acid";[M+Cl];C22H36O5;-2.72706e-4;-0.656767;415.225675;1 out of 5
415.225403;415.225403;"7-[(1R,2R,3R)-3-Hydroxy-2-[(3R)-3-hydroxy-4,4-dimethyloct-1-enyl]-5-oxocyclopentyl]hept-2-enoic acid";[M+Cl];C22H36O5;-2.72706e-4;-0.656767;415.225675;1 out of 5
415.225403;415.225403;Enisoprost;[M+Cl];C22H36O5;-2.72706e-4;-0.656767;415.225675;1 out of 5
415.225403;415.225403;Limaprost;[M+Cl];C22H36O5;-2.72706e-4;-0.656767;415.225675;1 out of 5
415.225403;415.225403;Prostalene;[M+Cl];C22H36O5;-2.72706e-4;-0.656767;415.225675;1 out of 5
415.225403;415.225403;Bisnorcholic acid;[M+Cl];C22H36O5;-2.72709e-4;-0.656774;415.225675;1 out of 5
417.241033;417.241033;"(2E,4E,6E,8E)-3,7-Dimethyl-9-(2-nonoxyphenyl)nona-2,4,6,8-tetraenoic acid";[M+Na-H2];C26H36O3;-7.86407e-5;-0.188478;417.241112;1 out of 5
417.241033;417.241033;estradiol cypionate;[M+Na-H2];C26H36O3;-7.86407e-5;-0.188478;417.241112;1 out of 5
417.241033;417.241033;"[(8R,9S,13S,14S,17S)-17-Hydroxy-13-methyl-6,7,8,9,11,12,14,15,16,17-decahydrocyclopenta[a]phenanthren-3-yl] 3-cyclopentylpropanoate";[M+Na-H2];C26H36O3;-7.86407e-5;-0.188478;417.241112;1 out of 5
417.241033;417.241033;"CPA(18:1(11Z)/0:0)";[M-H];C21H39O6P;-1.15114e-4;-0.275893;417.241148;1 out of 5
417.241033;417.241033;"CPA(18:1(9Z)/0:0)";[M-H];C21H39O6P;-1.15114e-4;-0.275893;417.241148;1 out of 5
417.241033;417.241033;DHAP(18:0);[M-H2O-H];C21H41O7P;-1.15800e-4;-0.277537;417.241149;1 out of 5
417.241033;417.241033;(2-Hydroxy-3-phosphonooxypropyl) octadec-9-enoate;[M-H2O-H];C21H41O7P;-1.15800e-4;-0.277537;417.241149;1 out of 5
417.241033;417.241033;"LysoPA(0:0/18:1(9Z))";[M-H2O-H];C21H41O7P;-1.16280e-4;-0.278687;417.241150;1 out of 5
417.241033;417.241033;"LysoPA(18:1(9Z)/0:0)";[M-H2O-H];C21H41O7P;-1.16280e-4;-0.278687;417.241150;1 out of 5
417.241033;417.241033;"MG(0:0/20:3(11Z,14Z,17Z)/0:0)";[M+K-H2];C23H40O4;-2.31390e-4;-0.554571;417.241265;1 out of 5
417.241033;417.241033;"MG(0:0/20:3(5Z,8Z,11Z)/0:0)";[M+K-H2];C23H40O4;-2.31390e-4;-0.554571;417.241265;1 out of 5
417.241033;417.241033;"MG(0:0/20:3(8Z,11Z,14Z)/0:0)";[M+K-H2];C23H40O4;-2.31390e-4;-0.554571;417.241265;1 out of 5
417.241033;417.241033;"MG(20:3(11Z,14Z,17Z)/0:0/0:0)";[M+K-H2];C23H40O4;-2.31390e-4;-0.554571;417.241265;1 out of 5
417.241033;417.241033;"MG(20:3(5Z,8Z,11Z)/0:0/0:0)";[M+K-H2];C23H40O4;-2.31390e-4;-0.554571;417.241265;1 out of 5
417.241033;417.241033;"MG(20:3(8Z,11Z,14Z)/0:0/0:0)";[M+K-H2];C23H40O4;-2.31390e-4;-0.554571;417.241265;1 out of 5
417.241033;417.241033;Isopersin;[M+K-H2];C23H40O4;-2.31390e-4;-0.554571;417.241265;1 out of 5
417.241033;417.241033;"2-Hydroxy-4-oxo-5,12-heneicosadien-1-yl acetate";[M+K-H2];C23H40O4;-2.31390e-4;-0.554571;417.241265;1 out of 5
417.241033;417.241033;Persin;[M+K-H2];C23H40O4;-2.31390e-4;-0.554571;417.241265;1 out of 5
417.241033;417.241033;[12]-Gingerdiol;[M+K-H2];C23H40O4;-2.31390e-4;-0.554571;417.241265;1 out of 5
417.241033;417.241033;"(11R,16S)-misoprostol";[M+Cl];C22H38O5;-2.91946e-4;-0.699705;417.241325;1 out of 5
417.241033;417.241033;"13,14-Dihydro-15-keto-20-ethyl prostaglandin f2alpha";[M+Cl];C22H38O5;-2.91946e-4;-0.699705;417.241325;1 out of 5
417.241033;417.241033;"16,16-Dimethyl Prostaglandin E1";[M+Cl];C22H38O5;-2.91946e-4;-0.699705;417.241325;1 out of 5
417.241033;417.241033;Carboprost methyl;[M+Cl];C22H38O5;-2.91946e-4;-0.699705;417.241325;1 out of 5
417.241033;417.241033;Misoprostol;[M+Cl];C22H38O5;-2.91948e-4;-0.699709;417.241325;1 out of 5
419.033628;419.033628;"5-(5-(2,6-Dichloro-4-(4,5-Dihydro-2-Oxazoly)phenoxy)pentyl)-3-Methyl Isoxazole";[M+K-H2];C18H20Cl2N2O3;-7.44372e-5;-0.177640;419.033703;1 out of 5
419.057256;419.057256;Enterodiol sulfate;[M+K-H2];C18H22O7S;2.65436e-5;0.063341;419.057229;1 out of 5
419.256731;419.256731;Benzotest;[M+Na-H2];C26H38O3;-3.09947e-5;-0.073928;419.256762;1 out of 5
419.256731;419.256731;"CPA(18:0/0:0)";[M-H];C21H41O6P;-6.74667e-5;-0.160920;419.256799;2 out of 5
419.256731;419.256731;"LysoPA(0:0/18:0)";[M-H2O-H];C21H43O7P;-6.81527e-5;-0.162556;419.256799;3 out of 5
419.256731;419.256731;"LysoPA(18:0/0:0)";[M-H2O-H];C21H43O7P;-6.86337e-5;-0.163703;419.256800;3 out of 5
419.256731;419.256731;"MG(0:0/20:2(11Z,14Z)/0:0)";[M+K-H2];C23H42O4;-1.83743e-4;-0.438258;419.256915;1 out of 5
419.256731;419.256731;"MG(20:2(11Z,14Z)/0:0/0:0)";[M+K-H2];C23H42O4;-1.83743e-4;-0.438258;419.256915;1 out of 5
419.256731;419.256731;Persenone B;[M+K-H2];C23H42O4;-1.83743e-4;-0.438258;419.256915;1 out of 5
419.256731;419.256731;Lepidiumterpenyl ester;[M+K-H2];C23H42O4;-1.83743e-4;-0.438258;419.256915;1 out of 5
421.054230;421.054230;Theaflagallin;[M+Na-H2];C20H16O9;1.31105e-4;0.311373;421.054099;1 out of 5
421.054230;421.054230;"3,4,5-trihydroxy-6-{2-hydroxy-5-[(5-oxooxolan-2-yl)methyl]phenoxy}oxane-2-carboxylic acid";[M+K-H2];C17H20O10;-2.16293e-5;-0.051369;421.054252;1 out of 5
421.054230;421.054230;Eleutheroside B1;[M+K-H2];C17H20O10;-2.16453e-5;-0.051407;421.054252;1 out of 5
421.054230;421.054230;Tomenin;[M+K-H2];C17H20O10;-2.16453e-5;-0.051407;421.054252;1 out of 5
421.054230;421.054230;"5-(3',5'-Dihydroxyphenyl)-gamma-valerolactone 3-O-glucuronide";[M+K-H2];C17H20O10;-2.16453e-5;-0.051407;421.054252;1 out of 5
421.054230;421.054230;"5-(3',4'-Dihydroxyphenyl)-gamma-valerolactone-4'-O-glucuronide";[M+K-H2];C17H20O10;-2.16453e-5;-0.051407;421.054252;1 out of 5
421.054230;421.054230;2-trans-O-Feruloylglucaric acid;[M+Cl];C16H18O11;-8.22033e-5;-0.195232;421.054312;2 out of 5
423.119418;423.119418;Rondomycin;[M-H2O-H];C22H22N2O8;-3.56315e-4;-0.842114;423.119775;1 out of 5
423.119418;423.119418;Methacycline;[M-H2O-H];C22H22N2O8;-3.56329e-4;-0.842147;423.119775;1 out of 5
423.138002;423.138002;Eprosartan;[M-H];C23H24N2O4S;-3.98901e-4;-0.942720;423.138401;2 out of 5
423.138002;423.138002;4-[[2-Butyl-5-(2-carboxy-3-thiophen-2-ylprop-1-enyl)-1-imidazolyl]methyl]benzoic acid;[M-H];C23H24N2O4S;-3.99380e-4;-0.943852;423.138401;2 out of 5
424.122052;424.122052;Fasidotril;[M-H2O-H];C23H25NO6S;-3.65525e-4;-0.861838;424.122418;1 out of 5
425.135239;425.135239;Epitetracycline;[M-H2O-H];C22H24N2O8;-1.85572e-4;-0.436502;425.135425;1 out of 5
425.135239;425.135239;Doxycycline;[M-H2O-H];C22H24N2O8;-1.85585e-4;-0.436532;425.135425;1 out of 5
425.135239;425.135239;Tetracycline;[M-H2O-H];C22H24N2O8;-1.85585e-4;-0.436532;425.135425;1 out of 5
425.144967;425.144967;"6-(2-Carboxyethyl)-7-hydroxy-2,2-dimethyl-4-chromanone glucoside";[M-H];C20H26O10;-3.53064e-4;-0.830455;425.145320;1 out of 5
426.022065;426.022065;"Adenosine 3',5'-diphosphate";[M-H];C10H15N5O10P2;-7.28526e-5;-0.171007;426.022138;3 out of 5
426.022065;426.022065;dGDP;[M-H];C10H15N5O10P2;-7.28526e-5;-0.171007;426.022138;3 out of 5
426.022065;426.022065;ADP;[M-H];C10H15N5O10P2;-7.28526e-5;-0.171007;426.022138;3 out of 5
426.022065;426.022065;"[(2S,3R,4R,5R)-5-(6-Aminopurin-9-yl)-3,4-dihydroxyoxolan-2-yl]methyl phosphono hydrogen phosphate";[M-H];C10H15N5O10P2;-7.28526e-5;-0.171007;426.022138;3 out of 5
426.022065;426.022065;Zidovudine diphosphate;[M-H];C10H15N5O10P2;-7.38026e-5;-0.173237;426.022139;3 out of 5
426.022065;426.022065;Acetyl adenylate;[M+K-H2];C12H16N5O8P;-1.89129e-4;-0.443941;426.022254;1 out of 5
435.096206;435.096206;N-Feruloylglycyl-L-phenylalanine;[M+K-H2];C21H22N2O6;-1.85243e-4;-0.425752;435.096391;1 out of 5
436.283275;436.283275;N-Eicosapentaenoyl Isoleucine;[M+Na-H2];C26H41NO3;-3.66181e-5;-0.083932;436.283311;1 out of 5
436.283275;436.283275;N-Eicosapentaenoyl Leucine;[M+Na-H2];C26H41NO3;-3.66181e-5;-0.083932;436.283311;1 out of 5
436.283275;436.283275;"LysoPE(P-16:0/0:0)";[M-H];C21H44NO6P;-7.30911e-5;-0.167531;436.283348;1 out of 5
436.283275;436.283275;L-Palmitoylcarnitine;[M+K-H2];C23H45NO4;-1.89367e-4;-0.434046;436.283464;1 out of 5
436.283275;436.283275;O-Palmitoylcarnitine;[M+K-H2];C23H45NO4;-1.89367e-4;-0.434046;436.283464;1 out of 5
436.283275;436.283275;12-Methylpentadecanoylcarnitine;[M+K-H2];C23H45NO4;-1.89367e-4;-0.434046;436.283464;1 out of 5
436.283275;436.283275;9-Methylpentadecanoylcarnitine;[M+K-H2];C23H45NO4;-1.89367e-4;-0.434046;436.283464;1 out of 5
436.283275;436.283275;5-Methylpentadecanoylcarnitine;[M+K-H2];C23H45NO4;-1.89367e-4;-0.434046;436.283464;1 out of 5
436.283275;436.283275;6-Methylpentadecanoylcarnitine;[M+K-H2];C23H45NO4;-1.89367e-4;-0.434046;436.283464;1 out of 5
436.283275;436.283275;11-Methylpentadecanoylcarnitine;[M+K-H2];C23H45NO4;-1.89367e-4;-0.434046;436.283464;1 out of 5
436.283275;436.283275;3-Methylpentadecanoylcarnitine;[M+K-H2];C23H45NO4;-1.89367e-4;-0.434046;436.283464;1 out of 5
436.283275;436.283275;8-Methylpentadecanoylcarnitine;[M+K-H2];C23H45NO4;-1.89367e-4;-0.434046;436.283464;1 out of 5
436.283275;436.283275;7-Methylpentadecanoylcarnitine;[M+K-H2];C23H45NO4;-1.89367e-4;-0.434046;436.283464;1 out of 5
436.283275;436.283275;13-Methylpentadecanoylcarnitine;[M+K-H2];C23H45NO4;-1.89367e-4;-0.434046;436.283464;1 out of 5
436.283275;436.283275;4-Methylpentadecanoylcarnitine;[M+K-H2];C23H45NO4;-1.89367e-4;-0.434046;436.283464;1 out of 5
436.283275;436.283275;14-Methylpentadecanoylcarnitine;[M+K-H2];C23H45NO4;-1.89367e-4;-0.434046;436.283464;1 out of 5
436.283275;436.283275;10-Methylpentadecanoylcarnitine;[M+K-H2];C23H45NO4;-1.89367e-4;-0.434046;436.283464;1 out of 5
436.283275;436.283275;10-Hydroxypentadecanoylcarnitine;[M+Cl];C22H43NO5;-2.49923e-4;-0.572846;436.283524;1 out of 5
436.283275;436.283275;7-Hydroxypentadecanoylcarnitine;[M+Cl];C22H43NO5;-2.49923e-4;-0.572846;436.283524;1 out of 5
436.283275;436.283275;9-Hydroxypentadecanoylcarnitine;[M+Cl];C22H43NO5;-2.49923e-4;-0.572846;436.283524;1 out of 5
436.283275;436.283275;6-Hydroxypentadecanoylcarnitine;[M+Cl];C22H43NO5;-2.49923e-4;-0.572846;436.283524;1 out of 5
436.283275;436.283275;5-Hydroxypentadecanoylcarnitine;[M+Cl];C22H43NO5;-2.49923e-4;-0.572846;436.283524;1 out of 5
436.283275;436.283275;3-hydroxypentadecanoyl carnitine;[M+Cl];C22H43NO5;-2.49925e-4;-0.572850;436.283524;1 out of 5
437.267493;437.267493;"LysoPA(0:0/18:0)";[M-H];C21H43O7P;1.29941e-4;0.297167;437.267363;3 out of 5
437.267493;437.267493;"LysoPA(18:0/0:0)";[M-H];C21H43O7P;1.29460e-4;0.296067;437.267364;3 out of 5
437.267493;437.267493;"DG(8:0/12:0/0:0)";[M+K-H2];C23H44O5;1.36664e-5;0.031254;437.267480;1 out of 5
437.267493;437.267493;"DG(8:0/0:0/12:0)";[M+K-H2];C23H44O5;1.36664e-5;0.031254;437.267480;1 out of 5
437.267493;437.267493;"DG(8:0/i-12:0/0:0)";[M+K-H2];C23H44O5;1.36664e-5;0.031254;437.267480;1 out of 5
437.267493;437.267493;"DG(8:0/0:0/i-12:0)";[M+K-H2];C23H44O5;1.36664e-5;0.031254;437.267480;1 out of 5
437.267493;437.267493;"DG(10:0/0:0/10:0)";[M+K-H2];C23H44O5;1.36664e-5;0.031254;437.267480;1 out of 5
437.267493;437.267493;"DG(12:0/8:0/0:0)";[M+K-H2];C23H44O5;1.36664e-5;0.031254;437.267480;1 out of 5
437.267493;437.267493;"DG(12:0/0:0/8:0)";[M+K-H2];C23H44O5;1.36664e-5;0.031254;437.267480;1 out of 5
437.267493;437.267493;"DG(i-12:0/8:0/0:0)";[M+K-H2];C23H44O5;1.36664e-5;0.031254;437.267480;1 out of 5
437.267493;437.267493;"DG(i-12:0/0:0/8:0)";[M+K-H2];C23H44O5;1.36664e-5;0.031254;437.267480;1 out of 5
437.267493;437.267493;3-(Acetyloxy)-2-hydroxypropyl octadecanoate;[M+K-H2];C23H44O5;1.36654e-5;0.031252;437.267480;1 out of 5
437.267493;437.267493;"DG(10:0/10:0/0:0)";[M+K-H2];C23H44O5;1.36654e-5;0.031252;437.267480;1 out of 5
437.267493;437.267493;Sorbitan palmitate;[M+Cl];C22H42O6;-4.68926e-5;-0.107240;437.267540;1 out of 5
442.016975;442.016975;Guanosine diphosphate;[M-H];C10H15N5O11P2;-7.75836e-5;-0.175522;442.017052;1 out of 5
442.016975;442.016975;8-oxo-dGDP;[M-H];C10H15N5O11P2;-7.75836e-5;-0.175522;442.017052;1 out of 5
442.016975;442.016975;Guanosine diphos-phate;[M-H];C10H15N5O11P2;-7.85316e-5;-0.177666;442.017053;1 out of 5
442.016975;442.016975;"Guanosine-3',5'-Diphosphate";[M-H];C10H15N5O11P2;-7.85316e-5;-0.177666;442.017053;1 out of 5
443.122607;443.122607;Melatonin glucuronide;[M+Cl];C19H24N2O8;-5.94146e-5;-0.134082;443.122667;1 out of 5
445.093742;445.093742;"2-(2-Aminoethoxymethyl)-4-(2-chlorophenyl)-6-methyl-1,4-dihydropyridine-3,5-dicarboxylic acid O3-ethyl ester O5-methyl ester;benzenesulfonic acid";[M+K-H2];C20H25ClN2O5;-6.22835e-5;-0.139934;445.093805;1 out of 5
445.093742;445.093742;Amlodipine;[M+K-H2];C20H25ClN2O5;-6.23105e-5;-0.139994;445.093805;1 out of 5
448.003672;448.003672;"Adenosine 3',5'-diphosphate";[M+Na-H2];C10H15N5O10P2;-4.09249e-4;-0.913494;448.004082;3 out of 5
448.003672;448.003672;dGDP;[M+Na-H2];C10H15N5O10P2;-4.09249e-4;-0.913494;448.004082;3 out of 5
448.003672;448.003672;ADP;[M+Na-H2];C10H15N5O10P2;-4.09249e-4;-0.913494;448.004082;3 out of 5
448.003672;448.003672;"[(2S,3R,4R,5R)-5-(6-Aminopurin-9-yl)-3,4-dihydroxyoxolan-2-yl]methyl phosphono hydrogen phosphate";[M+Na-H2];C10H15N5O10P2;-4.09249e-4;-0.913494;448.004082;3 out of 5
448.003672;448.003672;Zidovudine diphosphate;[M+Na-H2];C10H15N5O10P2;-4.10199e-4;-0.915615;448.004083;3 out of 5
455.233582;455.233582;Phytyl diphosphate;[M-H];C20H42O7P2;2.82771e-4;0.621156;455.233300;1 out of 5
455.233582;455.233582;"CPA(18:0/0:0)";[M+Cl];C21H41O6P;1.05937e-4;0.232708;455.233477;2 out of 5
458.084370;458.084370;3-(6-Methylpyridin-2-yl)-N-phenyl-4-(quinolin-4-yl)-1H-pyrazole-1-carbothioamide;[M+K-H2];C25H19N5S;-3.51976e-4;-0.768364;458.084722;1 out of 5
459.096325;459.096325;AUREOMYCIN;[M-H2O-H];C22H23ClN2O8;-1.27386e-4;-0.277470;459.096452;1 out of 5
459.096325;459.096325;Chembl456066;[M-H2O-H];C22H23ClN2O8;-1.27386e-4;-0.277470;459.096452;1 out of 5
459.111180;459.111180;Losartan;[M+K-H2];C22H23ClN6O;3.88390e-4;0.845962;459.110792;1 out of 5
459.114962;459.114962;Eprosartan;[M+Cl];C23H24N2O4S;-1.16925e-4;-0.254674;459.115079;2 out of 5
459.114962;459.114962;Ponesimod;[M-H];C23H25ClN2O4S;-1.17169e-4;-0.255206;459.115079;3 out of 5
459.114962;459.114962;4-[[2-Butyl-5-(2-carboxy-3-thiophen-2-ylprop-1-enyl)-1-imidazolyl]methyl]benzoic acid;[M+Cl];C23H24N2O4S;-1.17404e-4;-0.255718;459.115079;2 out of 5
459.232221;459.232221;Mosapramine;[M-H2O-H];C28H35ClN4O;1.22366e-4;0.266459;459.232099;1 out of 5
460.094857;460.094857;"2-[(4s)-6-(4-Chlorophenyl)-8-Methoxy-1-Methyl-4h-[1,2,4]triazolo[4,3-A][1,4]benzodiazepin-4-Yl]-N-Ethylacetamide";[M+K-H2];C22H22ClN5O2;4.91102e-5;0.106739;460.094808;1 out of 5
460.098655;460.098655;Prulifloxacin;[M-H];C21H20FN3O6S;2.46864e-4;0.536547;460.098408;1 out of 5
460.118458;460.118458;KBT 1585 hydrochloride;[M-H];C21H23N3O7S;6.39737e-5;0.139037;460.118394;2 out of 5
460.989059;460.989059;Ceftezole;[M+Na-H2];C13H12N8O4S3;2.80202e-5;0.060783;460.989031;1 out of 5
461.121446;461.121446;Butyrolactone derivative;[M+Na-H2];C24H24O8;-3.38623e-4;-0.734345;461.121785;1 out of 5
462.115133;462.115133;"7,8-dihydrofolate";[M+Na-H2];C19H19N7O6;-3.12393e-4;-0.676006;462.115446;1 out of 5
463.108990;463.108990;Balipodect;[M+Cl];C23H17FN6O2;-1.13445e-4;-0.244965;463.109103;1 out of 5
464.088638;464.088638;Baloxavir;[M-H2O-H];C24H19F2N3O4S;4.49343e-5;0.096823;464.088593;1 out of 5
464.098022;464.098022;[3H]Pemetrexed;[M+K-H2];C20H21N5O6;2.33200e-4;0.502480;464.097788;1 out of 5
464.098022;464.098022;Pemetrexed;[M+K-H2];C20H21N5O6;2.33187e-4;0.502452;464.097788;1 out of 5
464.098022;464.098022;Nicergoline;[M-H2O-H];C24H26BrN3O3;1.08256e-4;0.233261;464.097913;1 out of 5
473.244214;473.244214;"LysoPA(0:0/18:0)";[M+Cl];C21H43O7P;1.73109e-4;0.365793;473.244041;3 out of 5
473.244214;473.244214;"LysoPA(18:0/0:0)";[M+Cl];C21H43O7P;1.72628e-4;0.364776;473.244042;3 out of 5
480.309467;480.309467;"LysoPC(15:0/0:0)";[M-H];C23H48NO7P;-9.54799e-5;-0.198788;480.309562;1 out of 5
480.309467;480.309467;"LysoPE(0:0/18:0)";[M-H];C23H48NO7P;-9.54799e-5;-0.198788;480.309562;1 out of 5
480.309467;480.309467;"LysoPE(18:0/0:0)";[M-H];C23H48NO7P;-9.54799e-5;-0.198788;480.309562;1 out of 5
480.309467;480.309467;3-Hydroxyoctadecanoylcarnitine;[M+K-H2];C25H49NO5;-2.11755e-4;-0.440872;480.309679;1 out of 5
480.309467;480.309467;10-Hydroxyoctadecanoylcarnitine;[M+K-H2];C25H49NO5;-2.11755e-4;-0.440872;480.309679;1 out of 5
480.309467;480.309467;9-Hydroxyoctadecanoylcarnitine;[M+K-H2];C25H49NO5;-2.11755e-4;-0.440872;480.309679;1 out of 5
480.309467;480.309467;13-Hydroxyoctadecanoylcarnitine;[M+K-H2];C25H49NO5;-2.11755e-4;-0.440872;480.309679;1 out of 5
480.309467;480.309467;5-Hydroxyoctadecanoylcarnitine;[M+K-H2];C25H49NO5;-2.11755e-4;-0.440872;480.309679;1 out of 5
480.309467;480.309467;7-Hydroxyoctadecanoylcarnitine;[M+K-H2];C25H49NO5;-2.11755e-4;-0.440872;480.309679;1 out of 5
480.309467;480.309467;8-Hydroxyoctadecanoylcarnitine;[M+K-H2];C25H49NO5;-2.11755e-4;-0.440872;480.309679;1 out of 5
480.309467;480.309467;11-Hydroxyoctadecanoylcarnitine;[M+K-H2];C25H49NO5;-2.11755e-4;-0.440872;480.309679;1 out of 5
480.309467;480.309467;6-Hydroxyoctadecanoylcarnitine;[M+K-H2];C25H49NO5;-2.11755e-4;-0.440872;480.309679;1 out of 5
480.309467;480.309467;(2S)-2-Hydroxyoctadecanoylcarnitine;[M+K-H2];C25H49NO5;-2.11755e-4;-0.440872;480.309679;1 out of 5
480.309467;480.309467;12-Hydroxy-12-octadecanoylcarnitine;[M+K-H2];C25H49NO5;-2.11756e-4;-0.440874;480.309679;1 out of 5
487.263417;487.263417;Ixabepilone;[M-H2O-H];C27H42N2O5S;-1.85234e-4;-0.380151;487.263602;1 out of 5
492.332995;492.332995;Chenodeoxycholylthreonine;[M-H];C28H47NO6;-6.65656e-5;-0.135205;492.333061;1 out of 5
492.332995;492.332995;Deoxycholylthreonine;[M-H];C28H47NO6;-6.65656e-5;-0.135205;492.333061;1 out of 5
492.332995;492.332995;Glycolipids;[M-H];C24H50N2O6P;-3.77183e-4;-0.766112;492.333372;1 out of 5
495.091388;495.091388;2'-(E)-Feruloyl-3-(arabinosylxylose);[M+K-H2];C20H26O12;3.57042e-4;0.721165;495.091031;1 out of 5
495.091388;495.091388;cis-p-Coumaric acid 4-[apiosyl-(1-&gt;2)-glucoside];[M+K-H2];C20H26O12;3.57042e-4;0.721165;495.091031;1 out of 5
495.091388;495.091388;7-Hydroxy-4-methylphthalide O-[arabinosyl-(1-&gt;6)-glucoside];[M+K-H2];C20H26O12;3.57042e-4;0.721165;495.091031;1 out of 5
495.091388;495.091388;Cefpirome;[M-H2O-H];C22H22N6O5S2;-7.98856e-5;-0.161355;495.091468;1 out of 5
495.091388;495.091388;Ponesimod;[M+Cl];C23H25ClN2O4S;-3.68862e-4;-0.745037;495.091757;3 out of 5
495.100183;495.100183;Apremilast;[M+Cl];C22H24N2O7S;3.60098e-4;0.727324;495.099823;1 out of 5
496.095095;496.095095;KBT 1585 hydrochloride;[M+Cl];C21H23N3O7S;2.28865e-5;0.046133;496.095072;2 out of 5
496.095095;496.095095;2-Methyl-1-hydroxypropyl-ThPP;[M-H];C16H27N4O8P2S;-1.10420e-4;-0.222579;496.095206;2 out of 5
497.071216;497.071216;Ponesimod;[M+K-H2];C23H25ClN2O4S;2.54613e-4;0.512226;497.070961;3 out of 5
498.084246;498.084246;Probenecid Glucuronide;[M+K-H2];C19H27NO10S;7.37537e-5;0.148075;498.084172;1 out of 5
498.087425;498.087425;Mdz-glucuronide;[M-H2O-H];C24H21ClFN3O7;6.02464e-5;0.120955;498.087365;2 out of 5
499.085773;499.085773;Hesperetin 5-glucuronide;[M+Na-H2];C22H22O12;-2.03338e-5;-0.040742;499.085793;1 out of 5
499.085773;499.085773;Isorhamnetin 7-glucoside;[M+Na-H2];C22H22O12;-2.03538e-5;-0.040782;499.085793;1 out of 5
499.085773;499.085773;Nepitrin;[M+Na-H2];C22H22O12;-2.03538e-5;-0.040782;499.085793;1 out of 5
499.085773;499.085773;Pedaliin;[M+Na-H2];C22H22O12;-2.03538e-5;-0.040782;499.085793;1 out of 5
499.085773;499.085773;Estragonoside;[M+Na-H2];C22H22O12;-2.03538e-5;-0.040782;499.085793;1 out of 5
499.085773;499.085773;Alliumoside A;[M+Na-H2];C22H22O12;-2.03538e-5;-0.040782;499.085793;1 out of 5
499.085773;499.085773;8-Hydroxyluteolin 4'-methyl ether 8-glucoside;[M+Na-H2];C22H22O12;-2.03538e-5;-0.040782;499.085793;1 out of 5
499.085773;499.085773;Azaleatin 3-glucoside;[M+Na-H2];C22H22O12;-2.03538e-5;-0.040782;499.085793;1 out of 5
499.085773;499.085773;2-O-(4-Hydroxycinnamoyl)-1-O-galloyl-beta-D-glucopyranoside;[M+Na-H2];C22H22O12;-2.03538e-5;-0.040782;499.085793;1 out of 5
499.085773;499.085773;"1,3,5,8-Tetrahydroxy-6-methoxy-2-methylanthraquinone 8-O-b-D-glucoside";[M+Na-H2];C22H22O12;-2.03538e-5;-0.040782;499.085793;1 out of 5
499.085773;499.085773;Pollenin B;[M+Na-H2];C22H22O12;-2.03538e-5;-0.040782;499.085793;1 out of 5
499.085773;499.085773;6-Methoxyluteolin 3'-glucoside;[M+Na-H2];C22H22O12;-2.03538e-5;-0.040782;499.085793;1 out of 5
499.085773;499.085773;Eupafolin 4'-glucoside;[M+Na-H2];C22H22O12;-2.03538e-5;-0.040782;499.085793;1 out of 5
499.085773;499.085773;Hesperetin 3'-O-glucuronide;[M+Na-H2];C22H22O12;-2.03538e-5;-0.040782;499.085793;1 out of 5
499.085773;499.085773;Hesperetin 7-O-glucuronide;[M+Na-H2];C22H22O12;-2.03538e-5;-0.040782;499.085793;1 out of 5
499.085773;499.085773;Isorhamnetin 3-galactoside;[M+Na-H2];C22H22O12;-2.03538e-5;-0.040782;499.085793;1 out of 5
499.085773;499.085773;Isorhamnetin 3-beta-D-glucoside;[M+Na-H2];C22H22O12;-2.03538e-5;-0.040782;499.085793;1 out of 5
501.082618;501.082618;Garciduol B;[M-H];C27H18O10;-1.02111e-4;-0.203782;501.082720;2 out of 5
501.082618;501.082618;"2',7'-Bis-(2-carboxyethyl)-6-carboxyfluorescein";[M-H2O-H];C27H20O11;-1.02779e-4;-0.205115;501.082720;2 out of 5
501.082618;501.082618;Melitric acid B;[M-H2O-H];C27H20O11;-1.02797e-4;-0.205151;501.082720;2 out of 5
501.092270;501.092270;Sibenadet;[M+K-H2];C22H28N2O5S2;-2.98939e-4;-0.596575;501.092569;1 out of 5
502.085914;502.085914;Tebuquine;[M+K-H2];C26H25Cl2N3O;-1.59276e-4;-0.317229;502.086073;1 out of 5
505.988635;505.988635;Adenosine triphosphate;[M-H];C10H16N5O13P3;1.67053e-4;0.330151;505.988468;1 out of 5
505.988635;505.988635;dGTP;[M-H];C10H16N5O13P3;1.67053e-4;0.330151;505.988468;1 out of 5
505.988635;505.988635;2-hydroxy-dATP;[M-H];C10H16N5O13P3;1.67053e-4;0.330151;505.988468;1 out of 5
505.988635;505.988635;"[[(2R,5R)-5-(6-Aminopurin-9-yl)-3,4-dihydroxyoxolan-2-yl]methoxy-hydroxyphosphoryl] phosphono hydrogen phosphate";[M-H];C10H16N5O13P3;1.67053e-4;0.330151;505.988468;1 out of 5
517.073681;517.073681;Cefepime;[M+K-H2];C19H24N6O5S2;1.16952e-4;0.226181;517.073564;1 out of 5
518.064708;518.064708;Yersiniabactin;[M+K-H2];C21H27N3O4S3;-2.67131e-4;-0.515633;518.064975;1 out of 5
518.076746;518.076746;2-Methyl-1-hydroxypropyl-ThPP;[M+Na-H2];C16H27N4O8P2S;-4.03992e-4;-0.779791;518.077150;2 out of 5
520.074144;520.074144;4-(cytidine 5'-diphospho)-2-C-methyl-D-erythritol;[M-H];C14H25N3O14P2;2.45785e-4;0.472597;520.073899;2 out of 5
523.064752;523.064752;Garciduol B;[M+Na-H2];C27H18O10;8.81464e-5;0.168519;523.064664;2 out of 5
523.064752;523.064752;4'-Methyl-(-)-epigallocatechin 3-(4-methyl-gallate);[M+K-H2];C24H22O11;-6.46036e-5;-0.123510;523.064817;1 out of 5
523.064752;523.064752;Foeniculoside X;[M+K-H2];C24H22O11;-6.46036e-5;-0.123510;523.064817;1 out of 5
529.052773;529.052773;Triflusulfuron-methyl;[M+K-H2];C17H19F3N6O6S;2.79827e-4;0.528920;529.052493;1 out of 5
529.207047;529.207047;Ustiloxin D;[M+Cl];C23H34N4O8;-1.77360e-5;-0.033514;529.207065;1 out of 5
539.080980;539.080980;6''-Malonylgenistin;[M+Na-H2];C24H22O13;2.72708e-4;0.505875;539.080708;1 out of 5
539.080980;539.080980;6''-Malonylcosmosiin;[M+Na-H2];C24H22O13;2.72686e-4;0.505835;539.080708;1 out of 5
541.212804;541.212804;4-[3-Chloro-4-(pyridin-2-ylmethoxy)anilino]-6-[[(E)-4-(dimethylamino)but-2-enyl]amino]-7-ethoxyquinoline-3-carbonitrile;[M-H];C30H31ClN6O2;3.79413e-4;0.701042;541.212425;1 out of 5
543.075305;543.075305;Myricetin 3-(6-acetylgalactoside);[M+Na-H2];C23H22O14;-3.17229e-4;-0.584134;543.075622;1 out of 5
543.075305;543.075305;Spinatoside;[M+Na-H2];C23H22O14;-3.17229e-4;-0.584134;543.075622;1 out of 5
543.075305;543.075305;"3,4',5,6-Tetrahydroxy-3',7-dimethoxyflavone 3-glucuronide";[M+Na-H2];C23H22O14;-3.17229e-4;-0.584134;543.075622;1 out of 5
543.075305;543.075305;"3,3',5,6-Tetrahydroxy-4',7-dimethoxyflavone 3-glucuronide";[M+Na-H2];C23H22O14;-3.17229e-4;-0.584134;543.075622;1 out of 5
548.152709;548.152709;Met Kinase Inhibitor;[M-H2O-H];C28H30ClN5O4S;-1.53085e-4;-0.279274;548.152862;1 out of 5
551.143367;551.143367;Nb-trans-Feruloylserotonin glucoside;[M+K-H2];C26H30N2O9;-3.68803e-4;-0.669160;551.143736;1 out of 5
553.038513;553.038513;Ceftriaxone;[M-H];C18H18N8O7S3;-2.66715e-4;-0.482271;553.038780;1 out of 5
553.038513;553.038513;Cefatriaxone;[M-H];C18H18N8O7S3;-2.68149e-4;-0.484864;553.038781;1 out of 5
553.278481;553.278481;Enkephalinamide-leu;[M-H];C28H38N6O6;4.74966e-4;0.858458;553.278006;1 out of 5
553.278481;553.278481;Ganoderic acid I;[M+Na-H2];C30H44O8;1.95550e-4;0.353439;553.278285;1 out of 5
553.278481;553.278481;Ganoderic acid G;[M+Na-H2];C30H44O8;1.95550e-4;0.353439;553.278285;1 out of 5
553.278481;553.278481;Ganoderic acid eta;[M+Na-H2];C30H44O8;1.95550e-4;0.353439;553.278285;1 out of 5
553.278481;553.278481;"LysoPI(16:0/0:0)";[M-H2O-H];C25H49O12P;1.58390e-4;0.286276;553.278323;1 out of 5
554.053522;554.053522;Mdz-glucuronide;[M+K-H2];C24H21ClFN3O7;-2.89046e-4;-0.521693;554.053811;2 out of 5
556.050378;556.050378;4-(cytidine 5'-diphospho)-2-C-methyl-D-erythritol;[M+Cl];C14H25N3O14P2;-1.98759e-4;-0.357447;556.050577;2 out of 5
557.049441;557.049441;"2',7'-Bis-(2-carboxyethyl)-6-carboxyfluorescein";[M+K-H2];C27H20O11;2.74949e-4;0.493581;557.049166;2 out of 5
557.049441;557.049441;Melitric acid B;[M+K-H2];C27H20O11;2.74931e-4;0.493549;557.049166;2 out of 5
557.049441;557.049441;Latamoxef;[M+K-H2];C20H20N6O9S;-4.10545e-4;-0.736999;557.049852;1 out of 5
557.091594;557.091594;Jaceidin 4'-glucuronide;[M+Na-H2];C24H24O14;3.21916e-4;0.577852;557.091272;1 out of 5
557.091594;557.091594;"3,5,6-Trihydroxy-3',4',7-trimethoxyflavone 3-glucuronide";[M+Na-H2];C24H24O14;3.21916e-4;0.577852;557.091272;1 out of 5
558.085626;558.085626;Apalcillin;[M+K-H2];C25H23N5O6S;1.15993e-4;0.207840;558.085510;1 out of 5
559.041557;559.041557;Dichloromethotrexate;[M+K-H2];C20H20Cl2N8O5;-4.19534e-4;-0.750451;559.041976;1 out of 5
561.038694;561.038694;"L-Alanine, N-(2,6-dichloro-4-(((3-(2-furanyl)-1-oxo-2-propenyl)amino)methyl)benzoyl)-3-(((4R)-4-thiazolidinylcarbonyl)amino)-";[M+Na-H2];C22H22Cl2N4O6S;3.16102e-4;0.563423;561.038378;1 out of 5
573.994459;573.994459;Cefotetan;[M-H];C17H17N7O8S4;-4.07554e-4;-0.710031;573.994866;1 out of 5
579.294259;579.294259;Cucurbitacin B;[M+Na-H2];C32H46O8;3.23854e-4;0.559049;579.293935;1 out of 5
579.294259;579.294259;"LysoPI(18:1(9Z)/0:0)";[M-H2O-H];C27H51O12P;2.86694e-4;0.494902;579.293973;1 out of 5
579.294259;579.294259;"PI(18:1(9Z)/0:0)";[M-H2O-H];C27H51O12P;2.86222e-4;0.494087;579.293973;1 out of 5
581.061041;581.061041;"[2,6-dihydroxy-4-(7-methyl-11-oxo-4-{[3,4,5-trihydroxy-6-(hydroxymethyl)oxan-2-yl]oxy}-2,8-dioxatricyclo[7.3.1.0⁵,¹³]trideca-1(12),3,5(13),6,9-pentaen-3-yl)phenoxy]dihydroxyoxo-λ⁶-sulfanylium";[M-H];C24H22O15S;3.77174e-4;0.649113;581.060664;1 out of 5
581.309494;581.309494;Cucurbitacin C;[M+Na-H2];C32H48O8;-9.18028e-5;-0.157924;581.309586;1 out of 5
581.309494;581.309494;"LysoPI(0:0/18:0)";[M-H2O-H];C27H53O12P;-1.28963e-4;-0.221849;581.309623;2 out of 5
581.309494;581.309494;"LysoPI(18:0/0:0)";[M-H2O-H];C27H53O12P;-1.28963e-4;-0.221849;581.309623;2 out of 5
584.130006;584.130006;"3-[(2E)-2-[(E)-4-(1,3-Dibutyl-4,6-dioxo-2-sulfanylidene-1,3-diazinan-5-ylidene)but-2-enylidene]-1,3-benzoxazol-3-yl]propane-1-sulfonic acid";[M+K-H2];C26H33N3O6S2;3.23882e-4;0.554470;584.129682;1 out of 5
599.319989;599.319989;"LysoPI(0:0/18:0)";[M-H];C27H53O12P;-1.97854e-4;-0.330131;599.320187;2 out of 5
599.319989;599.319989;"LysoPI(18:0/0:0)";[M-H];C27H53O12P;-1.97854e-4;-0.330131;599.320187;2 out of 5
600.196255;600.196255;Lac Dye;[M+Cl];C26H35N3O11;-3.04641e-4;-0.507569;600.196560;1 out of 5
601.278404;601.278404;"LysoPI(20:4(5Z,8Z,11Z,14Z)/0:0)";[M-H2O-H];C29H49O12P;8.11014e-5;0.134882;601.278323;1 out of 5
601.278404;601.278404;"PI(20:4(5Z,8Z,11Z,14Z)/0:0)";[M-H2O-H];C29H49O12P;8.06294e-5;0.134097;601.278323;1 out of 5
606.073876;606.073876;Uridine diphosphate-N-acetylglucosamine;[M-H];C17H27N3O17P2;-4.16693e-4;-0.687527;606.074292;1 out of 5
606.073876;606.073876;Uridine diphosphate-N-acetylgalactosamine;[M-H];C17H27N3O17P2;-4.16693e-4;-0.687527;606.074292;1 out of 5
606.073876;606.073876;UDP-N-acetyl-D-mannosamine;[M-H];C17H27N3O17P2;-4.16693e-4;-0.687527;606.074292;1 out of 5
606.073876;606.073876;UDP-N-acetyl-alpha-D-galactosamine;[M-H];C17H27N3O17P2;-4.16693e-4;-0.687527;606.074292;1 out of 5
608.108501;608.108501;Cyclochlorotine;[M+K-H2];C24H31Cl2N5O7;-1.57977e-4;-0.259783;608.108659;1 out of 5
608.108501;608.108501;Islanditoxin;[M+K-H2];C24H31Cl2N5O7;-1.57977e-4;-0.259783;608.108659;1 out of 5
612.118643;612.118643;Clazosentan;[M+Cl];C25H23N9O6S;4.13743e-5;0.067592;612.118602;1 out of 5
612.118643;612.118643;"(E)-3-(6-Acetamidopyridin-3-yl)-N-[2-[2,4-dichloro-N-methyl-3-[(2-methylquinolin-8-yl)oxymethyl]anilino]-2-oxoethyl]prop-2-enamide";[M+Na-H2];C30H27Cl2N5O4;-3.37547e-5;-0.055144;612.118677;1 out of 5
613.118015;613.118015;Apigenin 7-[rhamnosyl-(1-&gt;2)-galacturonide];[M+Na-H2];C27H28O15;5.28048e-4;0.861251;613.117487;1 out of 5
613.118015;613.118015;6''-O-(3-Hydroxy-3-methylglutaroyl)astragalin;[M+Na-H2];C27H28O15;5.28048e-4;0.861251;613.117487;1 out of 5
613.118015;613.118015;Daidzin 4'-O-glucuronide;[M+Na-H2];C27H28O15;5.28048e-4;0.861251;613.117487;1 out of 5
613.341130;613.341130;Chenodeoxycholyltryptophan;[M+Cl];C35H50N2O5;-2.43221e-4;-0.396551;613.341374;1 out of 5
613.341130;613.341130;Deoxycholyltryptophan;[M+Cl];C35H50N2O5;-2.43221e-4;-0.396551;613.341374;1 out of 5
614.121623;614.121623;cefteram pivoxil;[M+Na-H2];C22H27N9O7S2;-5.30935e-4;-0.864543;614.122154;1 out of 5
614.344502;614.344502;Povpc;[M+Na-H2];C29H56NO9P;5.65370e-4;0.920283;614.343936;1 out of 5
618.996819;618.996819;Cefodizime;[M+Cl];C20H20N6O7S4;-2.11333e-4;-0.341412;618.997031;1 out of 5
618.996819;618.996819;"Cefodizime,(S)";[M+Cl];C20H20N6O7S4;-2.13253e-4;-0.344514;618.997033;1 out of 5
620.106495;620.106495;Fostemsavir;[M+K-H2];C25H26N7O8P;-1.58269e-4;-0.255229;620.106653;1 out of 5
621.109400;621.109400;"Genistein 4',7-O-diglucuronide";[M-H];C27H26O17;-3.22076e-4;-0.518550;621.109722;2 out of 5
621.109400;621.109400;Apigenin 7-O-diglucuronide;[M-H];C27H26O17;-3.22076e-4;-0.518550;621.109722;2 out of 5
621.109400;621.109400;Nelumboside;[M-H2O-H];C27H28O18;-3.22762e-4;-0.519654;621.109723;1 out of 5
631.128343;631.128343;Multinoside A;[M+Na-H2];C27H30O16;2.90731e-4;0.460653;631.128052;1 out of 5
631.128343;631.128343;Quercetin-3-o-rutinose;[M+Na-H2];C27H30O16;2.90731e-4;0.460653;631.128052;1 out of 5
631.128343;631.128343;Vitexin-4''-o-glucoside;[M+Na-H2];C27H30O16;2.90731e-4;0.460653;631.128052;1 out of 5
631.128343;631.128343;Rutin;[M+Na-H2];C27H30O16;2.90705e-4;0.460612;631.128052;1 out of 5
631.128343;631.128343;Luteolin 6-C-glucoside 8-C-arabinoside;[M+Na-H2];C27H30O16;2.90705e-4;0.460612;631.128052;1 out of 5
631.128343;631.128343;Meloside L;[M+Na-H2];C27H30O16;2.90705e-4;0.460612;631.128052;1 out of 5
631.128343;631.128343;Quercetin 8-C-(2''-rhamnosylglucoside);[M+Na-H2];C27H30O16;2.90705e-4;0.460612;631.128052;1 out of 5
631.128343;631.128343;Kaempferol 7-sophoroside;[M+Na-H2];C27H30O16;2.90705e-4;0.460612;631.128052;1 out of 5
631.128343;631.128343;Isoorientin 7-glucoside;[M+Na-H2];C27H30O16;2.90705e-4;0.460612;631.128052;1 out of 5
631.128343;631.128343;Allivicin;[M+Na-H2];C27H30O16;2.90705e-4;0.460612;631.128052;1 out of 5
631.128343;631.128343;Paeonoside;[M+Na-H2];C27H30O16;2.90705e-4;0.460612;631.128052;1 out of 5
631.128343;631.128343;Panasenoside;[M+Na-H2];C27H30O16;2.90705e-4;0.460612;631.128052;1 out of 5
631.128343;631.128343;Quercetin 3-galactoside 7-rhamnoside;[M+Na-H2];C27H30O16;2.90705e-4;0.460612;631.128052;1 out of 5
631.128343;631.128343;Calendoflavobioside;[M+Na-H2];C27H30O16;2.90705e-4;0.460612;631.128052;1 out of 5
631.128343;631.128343;Quercetin 7-rutinoside;[M+Na-H2];C27H30O16;2.90705e-4;0.460612;631.128052;1 out of 5
631.128343;631.128343;Quercetin 7-(rhamnosylglucoside);[M+Na-H2];C27H30O16;2.90705e-4;0.460612;631.128052;1 out of 5
631.128343;631.128343;Quercetin 3-(2-glucosylrhamnoside);[M+Na-H2];C27H30O16;2.90705e-4;0.460612;631.128052;1 out of 5
631.128343;631.128343;Isoquercitrin 4''-rhamnoside;[M+Na-H2];C27H30O16;2.90705e-4;0.460612;631.128052;1 out of 5
631.128343;631.128343;Isorhamnetin 3-O-[b-D-xylopyranosyl-(1-&gt;6)-b-D-glucopyranoside];[M+Na-H2];C27H30O16;2.90705e-4;0.460612;631.128052;1 out of 5
631.128343;631.128343;Rheinoside A;[M+Na-H2];C27H30O16;2.90705e-4;0.460612;631.128052;1 out of 5
631.128343;631.128343;Quercetin 3-O-rhamnosyl-galactoside;[M+Na-H2];C27H30O16;2.90705e-4;0.460612;631.128052;1 out of 5
631.128343;631.128343;Isorhamnetin 3-vicianoside;[M+Na-H2];C27H30O16;2.90705e-4;0.460612;631.128052;1 out of 5
631.128343;631.128343;Quercetin 7-O-beta-D-glucopyranoside-beta-L-rhamnopyranoside;[M+Na-H2];C27H30O16;2.90705e-4;0.460612;631.128052;1 out of 5
631.128343;631.128343;Isorhamnetin 3-arabino-glucoside;[M+Na-H2];C27H30O16;2.90705e-4;0.460612;631.128052;1 out of 5
631.128343;631.128343;Quercetin 3-O-neohesperidoside;[M+Na-H2];C27H30O16;2.90705e-4;0.460612;631.128052;1 out of 5
631.128343;631.128343;Kaempferol 3-gentiobioside;[M+Na-H2];C27H30O16;2.90705e-4;0.460612;631.128052;1 out of 5
631.128343;631.128343;Luteolin 7-gentiobioside;[M+Na-H2];C27H30O16;2.90705e-4;0.460612;631.128052;1 out of 5
631.128343;631.128343;Orientin 7-glucoside;[M+Na-H2];C27H30O16;2.90705e-4;0.460612;631.128052;1 out of 5
631.128343;631.128343;Lampranthin II;[M+Na-H2];C27H30O16;2.90705e-4;0.460612;631.128052;1 out of 5
636.520796;636.520796;"Cer(d18:0/PGF2alpha)";[M-H];C38H71NO6;-6.64913e-5;-0.104461;636.520862;1 out of 5
636.520796;636.520796;"Cer(d18:0/PGE1)";[M-H];C38H71NO6;-6.64913e-5;-0.104461;636.520862;1 out of 5
636.520796;636.520796;"Cer(d18:0/PGD1)";[M-H];C38H71NO6;-6.64913e-5;-0.104461;636.520862;1 out of 5
636.520796;636.520796;"Cer(d18:1/PGF1alpha)";[M-H];C38H71NO6;-6.64913e-5;-0.104461;636.520862;1 out of 5
636.520796;636.520796;"Cer(t18:0/20:3(8Z,11Z,14Z)-2OH(5,6))";[M-H];C38H71NO6;-6.64913e-5;-0.104461;636.520862;1 out of 5
636.520796;636.520796;"Cer(t18:0/PGF1alpha)";[M-H2O-H];C38H73NO7;-6.71763e-5;-0.105537;636.520863;1 out of 5
643.091315;643.091315;"Genistein 4',7-O-diglucuronide";[M+Na-H2];C27H26O17;-3.51565e-4;-0.546679;643.091666;2 out of 5
643.091315;643.091315;Apigenin 7-O-diglucuronide;[M+Na-H2];C27H26O17;-3.51565e-4;-0.546679;643.091666;2 out of 5
646.082508;646.082508;Nicotinic acid adenine dinucleotide;[M-H2O-H];C21H27N6O15P2;-6.13582e-4;-0.949696;646.083121;1 out of 5
651.315283;651.315283;Goshonoside F6;[M+Cl];C31H52O12;4.85899e-6;0.007460;651.315278;1 out of 5
657.473312;657.473312;"DG(11M3/9D3/0:0)";[M-H];C40H66O7;-2.65758e-4;-0.404211;657.473577;1 out of 5
657.473312;657.473312;"DG(9D3/11M3/0:0)";[M-H];C40H66O7;-2.65758e-4;-0.404211;657.473577;1 out of 5
657.473312;657.473312;"DG(9D3/9M5/0:0)";[M-H];C40H66O7;-2.65758e-4;-0.404211;657.473577;1 out of 5
657.473312;657.473312;"DG(9M5/9D3/0:0)";[M-H];C40H66O7;-2.65758e-4;-0.404211;657.473577;1 out of 5
657.473312;657.473312;"DG(15:0/22:6(5Z,8E,10Z,13Z,15E,19Z)-2OH(7S, 17S)/0:0)";[M-H];C40H66O7;-2.65758e-4;-0.404211;657.473577;1 out of 5
657.473312;657.473312;"DG(22:6(5Z,8E,10Z,13Z,15E,19Z)-2OH(7S, 17S)/15:0/0:0)";[M-H];C40H66O7;-2.65758e-4;-0.404211;657.473577;1 out of 5
657.473312;657.473312;"DG(15:0/0:0/22:6(5Z,8E,10Z,13Z,15E,19Z)-2OH(7S, 17S))";[M-H];C40H66O7;-2.65758e-4;-0.404211;657.473577;1 out of 5
657.473312;657.473312;"DG(22:6(5Z,8E,10Z,13Z,15E,19Z)-2OH(7S, 17S)/0:0/15:0)";[M-H];C40H66O7;-2.65758e-4;-0.404211;657.473577;1 out of 5
657.473312;657.473312;"DG(15:0/22:6(4Z,7Z,11E,13Z,15E,19Z)-2OH(10S,17)/0:0)";[M-H];C40H66O7;-2.65758e-4;-0.404211;657.473577;1 out of 5
657.473312;657.473312;"DG(22:6(4Z,7Z,11E,13Z,15E,19Z)-2OH(10S,17)/15:0/0:0)";[M-H];C40H66O7;-2.65758e-4;-0.404211;657.473577;1 out of 5
657.473312;657.473312;"DG(15:0/0:0/22:6(4Z,7Z,11E,13Z,15E,19Z)-2OH(10S,17))";[M-H];C40H66O7;-2.65758e-4;-0.404211;657.473577;1 out of 5
657.473312;657.473312;"DG(22:6(4Z,7Z,11E,13Z,15E,19Z)-2OH(10S,17)/0:0/15:0)";[M-H];C40H66O7;-2.65758e-4;-0.404211;657.473577;1 out of 5
657.473312;657.473312;"DG(a-15:0/22:6(5Z,8E,10Z,13Z,15E,19Z)-2OH(7S, 17S)/0:0)";[M-H];C40H66O7;-2.65758e-4;-0.404211;657.473577;1 out of 5
657.473312;657.473312;"DG(22:6(5Z,8E,10Z,13Z,15E,19Z)-2OH(7S, 17S)/a-15:0/0:0)";[M-H];C40H66O7;-2.65758e-4;-0.404211;657.473577;1 out of 5
657.473312;657.473312;"DG(a-15:0/0:0/22:6(5Z,8E,10Z,13Z,15E,19Z)-2OH(7S, 17S))";[M-H];C40H66O7;-2.65758e-4;-0.404211;657.473577;1 out of 5
657.473312;657.473312;"DG(22:6(5Z,8E,10Z,13Z,15E,19Z)-2OH(7S, 17S)/0:0/a-15:0)";[M-H];C40H66O7;-2.65758e-4;-0.404211;657.473577;1 out of 5
657.473312;657.473312;"DG(a-15:0/22:6(4Z,7Z,11E,13Z,15E,19Z)-2OH(10S,17)/0:0)";[M-H];C40H66O7;-2.65758e-4;-0.404211;657.473577;1 out of 5
657.473312;657.473312;"DG(22:6(4Z,7Z,11E,13Z,15E,19Z)-2OH(10S,17)/a-15:0/0:0)";[M-H];C40H66O7;-2.65758e-4;-0.404211;657.473577;1 out of 5
657.473312;657.473312;"DG(a-15:0/0:0/22:6(4Z,7Z,11E,13Z,15E,19Z)-2OH(10S,17))";[M-H];C40H66O7;-2.65758e-4;-0.404211;657.473577;1 out of 5
657.473312;657.473312;"DG(22:6(4Z,7Z,11E,13Z,15E,19Z)-2OH(10S,17)/0:0/a-15:0)";[M-H];C40H66O7;-2.65758e-4;-0.404211;657.473577;1 out of 5
657.473312;657.473312;"DG(i-15:0/22:6(5Z,8E,10Z,13Z,15E,19Z)-2OH(7S, 17S)/0:0)";[M-H];C40H66O7;-2.65758e-4;-0.404211;657.473577;1 out of 5
657.473312;657.473312;"DG(22:6(5Z,8E,10Z,13Z,15E,19Z)-2OH(7S, 17S)/i-15:0/0:0)";[M-H];C40H66O7;-2.65758e-4;-0.404211;657.473577;1 out of 5
657.473312;657.473312;"DG(i-15:0/0:0/22:6(5Z,8E,10Z,13Z,15E,19Z)-2OH(7S, 17S))";[M-H];C40H66O7;-2.65758e-4;-0.404211;657.473577;1 out of 5
657.473312;657.473312;"DG(22:6(5Z,8E,10Z,13Z,15E,19Z)-2OH(7S, 17S)/0:0/i-15:0)";[M-H];C40H66O7;-2.65758e-4;-0.404211;657.473577;1 out of 5
657.473312;657.473312;"DG(i-15:0/22:6(4Z,7Z,11E,13Z,15E,19Z)-2OH(10S,17)/0:0)";[M-H];C40H66O7;-2.65758e-4;-0.404211;657.473577;1 out of 5
657.473312;657.473312;"DG(22:6(4Z,7Z,11E,13Z,15E,19Z)-2OH(10S,17)/i-15:0/0:0)";[M-H];C40H66O7;-2.65758e-4;-0.404211;657.473577;1 out of 5
657.473312;657.473312;"DG(i-15:0/0:0/22:6(4Z,7Z,11E,13Z,15E,19Z)-2OH(10S,17))";[M-H];C40H66O7;-2.65758e-4;-0.404211;657.473577;1 out of 5
657.473312;657.473312;"DG(22:6(4Z,7Z,11E,13Z,15E,19Z)-2OH(10S,17)/0:0/i-15:0)";[M-H];C40H66O7;-2.65758e-4;-0.404211;657.473577;1 out of 5
657.473312;657.473312;"DG(17:0/20:5(7Z,9Z,11E,13E,17Z)-3OH(5,6,15)/0:0)";[M-H2O-H];C40H68O8;-2.66443e-4;-0.405252;657.473578;1 out of 5
657.473312;657.473312;"DG(20:5(7Z,9Z,11E,13E,17Z)-3OH(5,6,15)/17:0/0:0)";[M-H2O-H];C40H68O8;-2.66443e-4;-0.405252;657.473578;1 out of 5
657.473312;657.473312;"DG(17:0/0:0/20:5(7Z,9Z,11E,13E,17Z)-3OH(5,6,15))";[M-H2O-H];C40H68O8;-2.66443e-4;-0.405252;657.473578;1 out of 5
657.473312;657.473312;"DG(20:5(7Z,9Z,11E,13E,17Z)-3OH(5,6,15)/0:0/17:0)";[M-H2O-H];C40H68O8;-2.66443e-4;-0.405252;657.473578;1 out of 5
657.473312;657.473312;"DG(a-17:0/20:5(7Z,9Z,11E,13E,17Z)-3OH(5,6,15)/0:0)";[M-H2O-H];C40H68O8;-2.66443e-4;-0.405252;657.473578;1 out of 5
657.473312;657.473312;"DG(20:5(7Z,9Z,11E,13E,17Z)-3OH(5,6,15)/a-17:0/0:0)";[M-H2O-H];C40H68O8;-2.66443e-4;-0.405252;657.473578;1 out of 5
657.473312;657.473312;"DG(a-17:0/0:0/20:5(7Z,9Z,11E,13E,17Z)-3OH(5,6,15))";[M-H2O-H];C40H68O8;-2.66443e-4;-0.405252;657.473578;1 out of 5
657.473312;657.473312;"DG(20:5(7Z,9Z,11E,13E,17Z)-3OH(5,6,15)/0:0/a-17:0)";[M-H2O-H];C40H68O8;-2.66443e-4;-0.405252;657.473578;1 out of 5
657.473312;657.473312;"DG(i-17:0/20:5(7Z,9Z,11E,13E,17Z)-3OH(5,6,15)/0:0)";[M-H2O-H];C40H68O8;-2.66443e-4;-0.405252;657.473578;1 out of 5
657.473312;657.473312;"DG(20:5(7Z,9Z,11E,13E,17Z)-3OH(5,6,15)/i-17:0/0:0)";[M-H2O-H];C40H68O8;-2.66443e-4;-0.405252;657.473578;1 out of 5
657.473312;657.473312;"DG(i-17:0/0:0/20:5(7Z,9Z,11E,13E,17Z)-3OH(5,6,15))";[M-H2O-H];C40H68O8;-2.66443e-4;-0.405252;657.473578;1 out of 5
657.473312;657.473312;"DG(20:5(7Z,9Z,11E,13E,17Z)-3OH(5,6,15)/0:0/i-17:0)";[M-H2O-H];C40H68O8;-2.66443e-4;-0.405252;657.473578;1 out of 5
687.544973;687.544973;"SM(d18:1/15:0)";[M-H];C38H77N2O6P;3.24344e-4;0.471742;687.544648;1 out of 5
687.544973;687.544973;"SM(d16:1/17:0)";[M-H];C38H77N2O6P;3.24344e-4;0.471742;687.544648;1 out of 5
689.175917;689.175917;C.I. Acid Green 3;[M+Na-H2];C37H36N2O6S2;-2.27933e-4;-0.330732;689.176145;1 out of 5
697.357103;697.357103;Neocasomorphin;[M-H2O-H];C35H52N6O10;4.51882e-4;0.647992;697.356651;1 out of 5
697.357103;697.357103;Val-glu-pro-ile-pro-tyr;[M-H2O-H];C35H52N6O10;4.51882e-4;0.647992;697.356651;1 out of 5
697.357103;697.357103;Actein;[M+Na-H2];C37H56O11;1.73157e-4;0.248304;697.356930;1 out of 5
701.133968;701.133968;Chrysoeriol 7-O-(6''-malonyl-apiosyl-glucoside);[M+Na-H2];C30H32O18;4.37145e-4;0.623483;701.133531;1 out of 5
701.512771;701.512771;"DG(18:2n6/0:0/22:5n6)";[M+Na-H2];C44H72O5;1.28684e-4;0.183438;701.512642;1 out of 5
701.512771;701.512771;"DG(18:2n6/0:0/22:5n3)";[M+Na-H2];C44H72O5;1.28684e-4;0.183438;701.512642;1 out of 5
701.512771;701.512771;"PA(14:0/22:1(13Z))";[M-H];C39H75O8P;9.17290e-5;0.130759;701.512679;2 out of 5
701.512771;701.512771;"PA(18:1(11Z)/18:0)";[M-H];C39H75O8P;9.17290e-5;0.130759;701.512679;2 out of 5
701.512771;701.512771;"PA(18:1(9Z)/18:0)";[M-H];C39H75O8P;9.17290e-5;0.130759;701.512679;2 out of 5
701.512771;701.512771;"PA(20:0/16:1(9Z))";[M-H];C39H75O8P;9.17290e-5;0.130759;701.512679;2 out of 5
701.512771;701.512771;"PA(20:1(11Z)/16:0)";[M-H];C39H75O8P;9.17290e-5;0.130759;701.512679;2 out of 5
701.512771;701.512771;"PA(22:0/14:1(9Z))";[M-H];C39H75O8P;9.17290e-5;0.130759;701.512679;2 out of 5
701.512771;701.512771;"PA(22:1(13Z)/14:0)";[M-H];C39H75O8P;9.17290e-5;0.130759;701.512679;2 out of 5
701.512771;701.512771;"DG(20:0/18:1(12Z)-O(9S,10R)/0:0)";[M+K-H2];C41H76O6;-2.40650e-5;-0.034304;701.512795;1 out of 5
701.512771;701.512771;"DG(18:1(12Z)-O(9S,10R)/20:0/0:0)";[M+K-H2];C41H76O6;-2.40650e-5;-0.034304;701.512795;1 out of 5
701.512771;701.512771;"DG(20:0/0:0/18:1(12Z)-O(9S,10R))";[M+K-H2];C41H76O6;-2.40650e-5;-0.034304;701.512795;1 out of 5
701.512771;701.512771;"DG(18:1(12Z)-O(9S,10R)/0:0/20:0)";[M+K-H2];C41H76O6;-2.40650e-5;-0.034304;701.512795;1 out of 5
701.512771;701.512771;"DG(20:0/18:1(9Z)-O(12,13)/0:0)";[M+K-H2];C41H76O6;-2.40650e-5;-0.034304;701.512795;1 out of 5
701.512771;701.512771;"DG(18:1(9Z)-O(12,13)/20:0/0:0)";[M+K-H2];C41H76O6;-2.40650e-5;-0.034304;701.512795;1 out of 5
701.512771;701.512771;"DG(20:0/0:0/18:1(9Z)-O(12,13))";[M+K-H2];C41H76O6;-2.40650e-5;-0.034304;701.512795;1 out of 5
701.512771;701.512771;"DG(18:1(9Z)-O(12,13)/0:0/20:0)";[M+K-H2];C41H76O6;-2.40650e-5;-0.034304;701.512795;1 out of 5
701.512771;701.512771;"DG(i-20:0/18:1(12Z)-O(9S,10R)/0:0)";[M+K-H2];C41H76O6;-2.40650e-5;-0.034304;701.512795;1 out of 5
701.512771;701.512771;"DG(18:1(12Z)-O(9S,10R)/i-20:0/0:0)";[M+K-H2];C41H76O6;-2.40650e-5;-0.034304;701.512795;1 out of 5
701.512771;701.512771;"DG(i-20:0/0:0/18:1(12Z)-O(9S,10R))";[M+K-H2];C41H76O6;-2.40650e-5;-0.034304;701.512795;1 out of 5
701.512771;701.512771;"DG(18:1(12Z)-O(9S,10R)/0:0/i-20:0)";[M+K-H2];C41H76O6;-2.40650e-5;-0.034304;701.512795;1 out of 5
701.512771;701.512771;"DG(i-20:0/18:1(9Z)-O(12,13)/0:0)";[M+K-H2];C41H76O6;-2.40650e-5;-0.034304;701.512795;1 out of 5
701.512771;701.512771;"DG(18:1(9Z)-O(12,13)/i-20:0/0:0)";[M+K-H2];C41H76O6;-2.40650e-5;-0.034304;701.512795;1 out of 5
701.512771;701.512771;"DG(i-20:0/0:0/18:1(9Z)-O(12,13))";[M+K-H2];C41H76O6;-2.40650e-5;-0.034304;701.512795;1 out of 5
701.512771;701.512771;"DG(18:1(9Z)-O(12,13)/0:0/i-20:0)";[M+K-H2];C41H76O6;-2.40650e-5;-0.034304;701.512795;1 out of 5
726.155907;726.155907;Epiafzelechin-(4alpha-&gt;8)-pelargonidin 3'-glucoside;[M+Na-H2];C36H33O15;-7.05805e-4;-0.971973;726.156612;1 out of 5
726.155907;726.155907;Afzelechin-(4alpha-&gt;8)-pelargonidin 3-O-beta-glucopyranoside;[M+Na-H2];C36H33O15;-7.05805e-4;-0.971973;726.156612;1 out of 5
729.146714;729.146714;ent-Epicatechin-(4alpha-&gt;8)-ent-epicatechin 3-gallate;[M-H];C37H30O16;6.05964e-4;0.831059;729.146108;2 out of 5
729.146714;729.146714;ent-Epicatechin-(4alpha-&gt;8)-ent-epicatechin 3'-gallate;[M-H];C37H30O16;6.05964e-4;0.831059;729.146108;2 out of 5
729.146714;729.146714;Epicatechin-(4beta-&gt;6)-catechin 3-gallate;[M-H];C37H30O16;6.05964e-4;0.831059;729.146108;2 out of 5
729.146714;729.146714;Procyanidin B2 3-gallate;[M-H];C37H30O16;6.05964e-4;0.831059;729.146108;2 out of 5
729.146714;729.146714;Catechin-(4alpha-&gt;8)-epicatechin 3'-gallate;[M-H];C37H30O16;6.05964e-4;0.831059;729.146108;2 out of 5
729.146714;729.146714;Epicatechin-(4beta-&gt;8)-catechin 3-gallate;[M-H];C37H30O16;6.05964e-4;0.831059;729.146108;2 out of 5
729.146714;729.146714;Epicatechin-(4beta-&gt;8)-epicatechin 3'-gallate;[M-H];C37H30O16;6.05964e-4;0.831059;729.146108;2 out of 5
735.473779;735.473779;"PA(18:0/18:2(9Z,12Z))";[M+Cl];C39H73O8P;7.22253e-5;0.098202;735.473707;1 out of 5
735.473779;735.473779;"9-Octadecenoic acid 1-[(phosphonoxy)methyl]-1,2-ethanediyl ester";[M+Cl];C39H73O8P;7.22253e-5;0.098202;735.473707;1 out of 5
735.473779;735.473779;"PA(18:1(11Z)/18:1(11Z))";[M+Cl];C39H73O8P;7.17403e-5;0.097543;735.473707;1 out of 5
735.473779;735.473779;"PA(18:1(11Z)/18:1(9Z))";[M+Cl];C39H73O8P;7.17403e-5;0.097543;735.473707;1 out of 5
735.473779;735.473779;"PA(18:1(9Z)/18:1(11Z))";[M+Cl];C39H73O8P;7.17403e-5;0.097543;735.473707;1 out of 5
735.473779;735.473779;"PA(18:1(9Z)/18:1(9Z))";[M+Cl];C39H73O8P;7.17403e-5;0.097543;735.473707;1 out of 5
735.473779;735.473779;"PA(14:1(9Z)/22:1(13Z))";[M+Cl];C39H73O8P;7.17403e-5;0.097543;735.473707;1 out of 5
735.473779;735.473779;"PA(18:2(9Z,12Z)/18:0)";[M+Cl];C39H73O8P;7.17403e-5;0.097543;735.473707;1 out of 5
735.473779;735.473779;"PA(20:1(11Z)/16:1(9Z))";[M+Cl];C39H73O8P;7.17403e-5;0.097543;735.473707;1 out of 5
735.473779;735.473779;"PA(22:1(13Z)/14:1(9Z))";[M+Cl];C39H73O8P;7.17403e-5;0.097543;735.473707;1 out of 5
735.473779;735.473779;"PA(22:2(13Z,16Z)/14:0)";[M+Cl];C39H73O8P;7.17403e-5;0.097543;735.473707;1 out of 5
735.473779;735.473779;"PA(16:0/20:2(11Z,14Z))";[M+Cl];C39H73O8P;7.17403e-5;0.097543;735.473707;1 out of 5
735.473779;735.473779;"PA(20:2(11Z,14Z)/16:0)";[M+Cl];C39H73O8P;7.17403e-5;0.097543;735.473707;1 out of 5
735.473779;735.473779;"PA(14:0/22:2(13Z,16Z))";[M+Cl];C39H73O8P;7.17403e-5;0.097543;735.473707;1 out of 5
737.489466;737.489466;"PA(14:0/22:1(13Z))";[M+Cl];C39H75O8P;1.08526e-4;0.147156;737.489357;2 out of 5
737.489466;737.489466;"PA(18:1(11Z)/18:0)";[M+Cl];C39H75O8P;1.08526e-4;0.147156;737.489357;2 out of 5
737.489466;737.489466;"PA(18:1(9Z)/18:0)";[M+Cl];C39H75O8P;1.08526e-4;0.147156;737.489357;2 out of 5
737.489466;737.489466;"PA(20:0/16:1(9Z))";[M+Cl];C39H75O8P;1.08526e-4;0.147156;737.489357;2 out of 5
737.489466;737.489466;"PA(20:1(11Z)/16:0)";[M+Cl];C39H75O8P;1.08526e-4;0.147156;737.489357;2 out of 5
737.489466;737.489466;"PA(22:0/14:1(9Z))";[M+Cl];C39H75O8P;1.08526e-4;0.147156;737.489357;2 out of 5
737.489466;737.489466;"PA(22:1(13Z)/14:0)";[M+Cl];C39H75O8P;1.08526e-4;0.147156;737.489357;2 out of 5
742.539199;742.539199;"PC(15:0/18:2(9Z,12Z))";[M-H];C41H78NO8P;-2.91701e-5;-0.039284;742.539228;1 out of 5
742.539199;742.539199;"PC(18:2(9Z,12Z)/15:0)";[M-H];C41H78NO8P;-2.91701e-5;-0.039284;742.539228;1 out of 5
742.539199;742.539199;"PE(14:0/22:2(13Z,16Z))";[M-H];C41H78NO8P;-2.91701e-5;-0.039284;742.539228;1 out of 5
742.539199;742.539199;"PE(14:1(9Z)/22:1(13Z))";[M-H];C41H78NO8P;-2.91701e-5;-0.039284;742.539228;1 out of 5
742.539199;742.539199;"PE(16:0/20:2(11Z,14Z))";[M-H];C41H78NO8P;-2.91701e-5;-0.039284;742.539228;1 out of 5
742.539199;742.539199;"PE(16:1(9Z)/20:1(11Z))";[M-H];C41H78NO8P;-2.91701e-5;-0.039284;742.539228;1 out of 5
742.539199;742.539199;"PE(18:0/18:2(9Z,12Z))";[M-H];C41H78NO8P;-2.91701e-5;-0.039284;742.539228;1 out of 5
742.539199;742.539199;"PE(18:1(11Z)/18:1(9Z))";[M-H];C41H78NO8P;-2.91701e-5;-0.039284;742.539228;1 out of 5
742.539199;742.539199;"PE(18:1(9Z)/18:1(11Z))";[M-H];C41H78NO8P;-2.91701e-5;-0.039284;742.539228;1 out of 5
742.539199;742.539199;"PE(18:2(9Z,12Z)/18:0)";[M-H];C41H78NO8P;-2.91701e-5;-0.039284;742.539228;1 out of 5
742.539199;742.539199;"PE(20:1(11Z)/16:1(9Z))";[M-H];C41H78NO8P;-2.91701e-5;-0.039284;742.539228;1 out of 5
742.539199;742.539199;"PE(20:2(11Z,14Z)/16:0)";[M-H];C41H78NO8P;-2.91701e-5;-0.039284;742.539228;1 out of 5
742.539199;742.539199;"PE(22:1(13Z)/14:1(9Z))";[M-H];C41H78NO8P;-2.91701e-5;-0.039284;742.539228;1 out of 5
742.539199;742.539199;"PE(22:2(13Z,16Z)/14:0)";[M-H];C41H78NO8P;-2.91701e-5;-0.039284;742.539228;1 out of 5
742.539199;742.539199;"PE(18:1(11Z)/18:1(11Z))";[M-H];C41H78NO8P;-2.96551e-5;-0.039937;742.539228;1 out of 5
742.539199;742.539199;"PE(18:1(9Z)/18:1(9Z))";[M-H];C41H78NO8P;-2.96551e-5;-0.039937;742.539228;1 out of 5
742.539199;742.539199;"PE-NMe(15:0/20:2(11Z,14Z))";[M-H];C41H78NO8P;-2.96551e-5;-0.039937;742.539228;1 out of 5
742.539199;742.539199;"PE-NMe(20:2(11Z,14Z)/15:0)";[M-H];C41H78NO8P;-2.96551e-5;-0.039937;742.539228;1 out of 5
742.539199;742.539199;"PE-NMe2(14:1(9Z)/20:1(11Z))";[M-H];C41H78NO8P;-2.96551e-5;-0.039937;742.539228;1 out of 5
742.539199;742.539199;"PE-NMe2(16:1(9Z)/18:1(9Z))";[M-H];C41H78NO8P;-2.96551e-5;-0.039937;742.539228;1 out of 5
742.539199;742.539199;"PE-NMe2(16:1(9Z)/18:1(11Z))";[M-H];C41H78NO8P;-2.96551e-5;-0.039937;742.539228;1 out of 5
742.539199;742.539199;"PE-NMe2(14:0/20:2(11Z,14Z))";[M-H];C41H78NO8P;-2.96551e-5;-0.039937;742.539228;1 out of 5
742.539199;742.539199;"PE-NMe2(16:0/18:2(9Z,12Z))";[M-H];C41H78NO8P;-2.96551e-5;-0.039937;742.539228;1 out of 5
742.539199;742.539199;"PE-NMe2(18:1(11Z)/16:1(9Z))";[M-H];C41H78NO8P;-2.96551e-5;-0.039937;742.539228;1 out of 5
742.539199;742.539199;"PE-NMe2(18:1(9Z)/16:1(9Z))";[M-H];C41H78NO8P;-2.96551e-5;-0.039937;742.539228;1 out of 5
742.539199;742.539199;"PE-NMe2(18:2(9Z,12Z)/16:0)";[M-H];C41H78NO8P;-2.96551e-5;-0.039937;742.539228;1 out of 5
742.539199;742.539199;"PE-NMe2(20:1(11Z)/14:1(9Z))";[M-H];C41H78NO8P;-2.96551e-5;-0.039937;742.539228;1 out of 5
742.539199;742.539199;"PE-NMe2(20:2(11Z,14Z)/14:0)";[M-H];C41H78NO8P;-2.96551e-5;-0.039937;742.539228;1 out of 5
742.539199;742.539199;"1,2-Dioleoyl-sn-glycero-3-phosphoethanolamine";[M-H];C41H78NO8P;-2.96551e-5;-0.039937;742.539228;1 out of 5
742.539199;742.539199;"PE(P-18:0/18:1(12Z)-O(9S,10R))";[M-H];C41H78NO8P;-2.96551e-5;-0.039937;742.539228;1 out of 5
742.539199;742.539199;"PE(18:1(12Z)-O(9S,10R)/P-18:0)";[M-H];C41H78NO8P;-2.96551e-5;-0.039937;742.539228;1 out of 5
742.539199;742.539199;"PE(P-18:0/18:1(9Z)-O(12,13))";[M-H];C41H78NO8P;-2.96551e-5;-0.039937;742.539228;1 out of 5
742.539199;742.539199;"PE(18:1(9Z)-O(12,13)/P-18:0)";[M-H];C41H78NO8P;-2.96551e-5;-0.039937;742.539228;1 out of 5
742.539199;742.539199;"PE(P-18:0/18:1(12Z)-2OH(9,10))";[M-H2O-H];C41H80NO9P;-3.03391e-5;-0.040859;742.539229;1 out of 5
742.539199;742.539199;"PE(18:1(12Z)-2OH(9,10)/P-18:0)";[M-H2O-H];C41H80NO9P;-3.03391e-5;-0.040859;742.539229;1 out of 5
744.555491;744.555491;"PC(15:0/18:1(11Z))";[M-H];C41H80NO8P;6.12639e-4;0.822826;744.554878;1 out of 5
744.555491;744.555491;"PC(15:0/18:1(9Z))";[M-H];C41H80NO8P;6.12639e-4;0.822826;744.554878;1 out of 5
744.555491;744.555491;"PC(18:1(11Z)/15:0)";[M-H];C41H80NO8P;6.12639e-4;0.822826;744.554878;1 out of 5
744.555491;744.555491;"PC(18:1(9Z)/15:0)";[M-H];C41H80NO8P;6.12639e-4;0.822826;744.554878;1 out of 5
744.555491;744.555491;"PE(14:0/22:1(13Z))";[M-H];C41H80NO8P;6.12639e-4;0.822826;744.554878;1 out of 5
744.555491;744.555491;"PE(14:1(9Z)/22:0)";[M-H];C41H80NO8P;6.12639e-4;0.822826;744.554878;1 out of 5
744.555491;744.555491;"PE(16:0/20:1(11Z))";[M-H];C41H80NO8P;6.12639e-4;0.822826;744.554878;1 out of 5
744.555491;744.555491;"PE(16:1(9Z)/20:0)";[M-H];C41H80NO8P;6.12639e-4;0.822826;744.554878;1 out of 5
744.555491;744.555491;"PE(18:0/18:1(11Z))";[M-H];C41H80NO8P;6.12639e-4;0.822826;744.554878;1 out of 5
744.555491;744.555491;"PE(18:1(11Z)/18:0)";[M-H];C41H80NO8P;6.12639e-4;0.822826;744.554878;1 out of 5
744.555491;744.555491;"PE(20:0/16:1(9Z))";[M-H];C41H80NO8P;6.12639e-4;0.822826;744.554878;1 out of 5
744.555491;744.555491;"PE(20:1(11Z)/16:0)";[M-H];C41H80NO8P;6.12639e-4;0.822826;744.554878;1 out of 5
744.555491;744.555491;"PE(22:0/14:1(9Z))";[M-H];C41H80NO8P;6.12639e-4;0.822826;744.554878;1 out of 5
744.555491;744.555491;"PE(22:1(13Z)/14:0)";[M-H];C41H80NO8P;6.12639e-4;0.822826;744.554878;1 out of 5
744.555491;744.555491;"PE-NMe2(16:0/18:1(9Z))";[M-H];C41H80NO8P;6.12639e-4;0.822826;744.554878;1 out of 5
744.555491;744.555491;"PE(18:0/18:1(9Z))";[M-H];C41H80NO8P;6.12154e-4;0.822175;744.554879;1 out of 5
744.555491;744.555491;"PE(18:1(9Z)/18:0)";[M-H];C41H80NO8P;6.12154e-4;0.822175;744.554879;1 out of 5
744.555491;744.555491;"PE-NMe(15:0/20:1(11Z))";[M-H];C41H80NO8P;6.12154e-4;0.822175;744.554879;1 out of 5
744.555491;744.555491;"PE-NMe(20:1(11Z)/15:0)";[M-H];C41H80NO8P;6.12154e-4;0.822175;744.554879;1 out of 5
744.555491;744.555491;"PE-NMe2(14:0/20:1(11Z))";[M-H];C41H80NO8P;6.12154e-4;0.822175;744.554879;1 out of 5
744.555491;744.555491;"PE-NMe2(14:1(9Z)/20:0)";[M-H];C41H80NO8P;6.12154e-4;0.822175;744.554879;1 out of 5
744.555491;744.555491;"PE-NMe2(16:0/18:1(11Z))";[M-H];C41H80NO8P;6.12154e-4;0.822175;744.554879;1 out of 5
744.555491;744.555491;"PE-NMe2(16:1(9Z)/18:0)";[M-H];C41H80NO8P;6.12154e-4;0.822175;744.554879;1 out of 5
744.555491;744.555491;"PE-NMe2(18:0/16:1(9Z))";[M-H];C41H80NO8P;6.12154e-4;0.822175;744.554879;1 out of 5
744.555491;744.555491;"PE-NMe2(18:1(11Z)/16:0)";[M-H];C41H80NO8P;6.12154e-4;0.822175;744.554879;1 out of 5
744.555491;744.555491;"PE-NMe2(18:1(9Z)/16:0)";[M-H];C41H80NO8P;6.12154e-4;0.822175;744.554879;1 out of 5
744.555491;744.555491;"PE-NMe2(20:0/14:1(9Z))";[M-H];C41H80NO8P;6.12154e-4;0.822175;744.554879;1 out of 5
744.555491;744.555491;"PE-NMe2(20:1(11Z)/14:0)";[M-H];C41H80NO8P;6.12154e-4;0.822175;744.554879;1 out of 5
744.555491;744.555491;"PC(16:1(9Z)/17:0)";[M-H];C41H80NO8P;6.12154e-4;0.822175;744.554879;1 out of 5
744.555491;744.555491;Stearoyl-oleoyl-phosphatidyl ethanolamine;[M-H];C41H80NO8P;6.12154e-4;0.822175;744.554879;1 out of 5
751.127978;751.127978;ent-Epicatechin-(4alpha-&gt;8)-ent-epicatechin 3-gallate;[M+Na-H2];C37H30O16;-7.39846e-5;-0.098498;751.128052;2 out of 5
751.127978;751.127978;ent-Epicatechin-(4alpha-&gt;8)-ent-epicatechin 3'-gallate;[M+Na-H2];C37H30O16;-7.39846e-5;-0.098498;751.128052;2 out of 5
751.127978;751.127978;Epicatechin-(4beta-&gt;6)-catechin 3-gallate;[M+Na-H2];C37H30O16;-7.39846e-5;-0.098498;751.128052;2 out of 5
751.127978;751.127978;Procyanidin B2 3-gallate;[M+Na-H2];C37H30O16;-7.39846e-5;-0.098498;751.128052;2 out of 5
751.127978;751.127978;Catechin-(4alpha-&gt;8)-epicatechin 3'-gallate;[M+Na-H2];C37H30O16;-7.39846e-5;-0.098498;751.128052;2 out of 5
751.127978;751.127978;Epicatechin-(4beta-&gt;8)-catechin 3-gallate;[M+Na-H2];C37H30O16;-7.39846e-5;-0.098498;751.128052;2 out of 5
751.127978;751.127978;Epicatechin-(4beta-&gt;8)-epicatechin 3'-gallate;[M+Na-H2];C37H30O16;-7.39846e-5;-0.098498;751.128052;2 out of 5
759.473287;759.473287;"PA(16:0/22:4(7Z,10Z,13Z,16Z))";[M+Cl];C41H73O8P;-4.19835e-4;-0.552797;759.473707;1 out of 5
759.473287;759.473287;"PA(18:0/20:4(5Z,8Z,11Z,14Z))";[M+Cl];C41H73O8P;-4.19835e-4;-0.552797;759.473707;1 out of 5
759.473287;759.473287;"PA(18:0/20:4(8Z,11Z,14Z,17Z))";[M+Cl];C41H73O8P;-4.19835e-4;-0.552797;759.473707;1 out of 5
759.473287;759.473287;"PA(18:1(11Z)/20:3(5Z,8Z,11Z))";[M+Cl];C41H73O8P;-4.19835e-4;-0.552797;759.473707;1 out of 5
759.473287;759.473287;"PA(18:1(9Z)/20:3(5Z,8Z,11Z))";[M+Cl];C41H73O8P;-4.19835e-4;-0.552797;759.473707;1 out of 5
759.473287;759.473287;"PA(18:3(6Z,9Z,12Z)/20:1(11Z))";[M+Cl];C41H73O8P;-4.19835e-4;-0.552797;759.473707;1 out of 5
759.473287;759.473287;"PA(18:3(9Z,12Z,15Z)/20:1(11Z))";[M+Cl];C41H73O8P;-4.19835e-4;-0.552797;759.473707;1 out of 5
759.473287;759.473287;"PA(18:4(6Z,9Z,12Z,15Z)/20:0)";[M+Cl];C41H73O8P;-4.19835e-4;-0.552797;759.473707;1 out of 5
759.473287;759.473287;"PA(20:0/18:4(6Z,9Z,12Z,15Z))";[M+Cl];C41H73O8P;-4.19835e-4;-0.552797;759.473707;1 out of 5
759.473287;759.473287;"PA(20:1(11Z)/18:3(6Z,9Z,12Z))";[M+Cl];C41H73O8P;-4.19835e-4;-0.552797;759.473707;1 out of 5
759.473287;759.473287;"PA(20:1(11Z)/18:3(9Z,12Z,15Z))";[M+Cl];C41H73O8P;-4.19835e-4;-0.552797;759.473707;1 out of 5
759.473287;759.473287;"PA(20:3(5Z,8Z,11Z)/18:1(11Z))";[M+Cl];C41H73O8P;-4.19835e-4;-0.552797;759.473707;1 out of 5
759.473287;759.473287;"PA(20:3(5Z,8Z,11Z)/18:1(9Z))";[M+Cl];C41H73O8P;-4.19835e-4;-0.552797;759.473707;1 out of 5
759.473287;759.473287;"PA(20:4(5Z,8Z,11Z,14Z)/18:0)";[M+Cl];C41H73O8P;-4.19835e-4;-0.552797;759.473707;1 out of 5
759.473287;759.473287;"PA(20:4(8Z,11Z,14Z,17Z)/18:0)";[M+Cl];C41H73O8P;-4.19835e-4;-0.552797;759.473707;1 out of 5
759.473287;759.473287;"PA(22:4(7Z,10Z,13Z,16Z)/16:0)";[M+Cl];C41H73O8P;-4.19835e-4;-0.552797;759.473707;1 out of 5
759.473287;759.473287;"PA(20:2(11Z,14Z)/18:2(9Z,12Z))";[M+Cl];C41H73O8P;-4.19835e-4;-0.552797;759.473707;1 out of 5
759.473287;759.473287;"PA(18:1(11Z)/20:3(8Z,11Z,14Z))";[M+Cl];C41H73O8P;-4.19835e-4;-0.552797;759.473707;1 out of 5
759.473287;759.473287;"PA(18:1(9Z)/20:3(8Z,11Z,14Z))";[M+Cl];C41H73O8P;-4.19835e-4;-0.552797;759.473707;1 out of 5
759.473287;759.473287;"PA(18:2(9Z,12Z)/20:2(11Z,14Z))";[M+Cl];C41H73O8P;-4.19835e-4;-0.552797;759.473707;1 out of 5
759.473287;759.473287;"PA(20:3(8Z,11Z,14Z)/18:1(11Z))";[M+Cl];C41H73O8P;-4.19835e-4;-0.552797;759.473707;1 out of 5
759.473287;759.473287;"PA(20:3(8Z,11Z,14Z)/18:1(9Z))";[M+Cl];C41H73O8P;-4.19835e-4;-0.552797;759.473707;1 out of 5
766.198628;766.198628;Folcepri;[M+Na-H2];C29H35N11O11S;1.39295e-4;0.181800;766.198489;1 out of 5
766.539567;766.539567;"PC(15:0/20:4(5Z,8Z,11Z,14Z))";[M-H];C43H78NO8P;3.39092e-4;0.442368;766.539228;1 out of 5
766.539567;766.539567;"PC(15:0/20:4(8Z,11Z,14Z,17Z))";[M-H];C43H78NO8P;3.39092e-4;0.442368;766.539228;1 out of 5
766.539567;766.539567;"PC(20:4(5Z,8Z,11Z,14Z)/15:0)";[M-H];C43H78NO8P;3.39092e-4;0.442368;766.539228;1 out of 5
766.539567;766.539567;"PC(20:4(8Z,11Z,14Z,17Z)/15:0)";[M-H];C43H78NO8P;3.39092e-4;0.442368;766.539228;1 out of 5
766.539567;766.539567;"PE(16:0/22:4(7Z,10Z,13Z,16Z))";[M-H];C43H78NO8P;3.39092e-4;0.442368;766.539228;1 out of 5
766.539567;766.539567;"PE(16:1(9Z)/20:3(8Z,11Z,14Z))";[M-H];C43H78NO8P;3.39092e-4;0.442368;766.539228;1 out of 5
766.539567;766.539567;"PE(18:0/20:4(5Z,8Z,11Z,14Z))";[M-H];C43H78NO8P;3.39092e-4;0.442368;766.539228;1 out of 5
766.539567;766.539567;"PE(18:0/20:4(8Z,11Z,14Z,17Z))";[M-H];C43H78NO8P;3.39092e-4;0.442368;766.539228;1 out of 5
766.539567;766.539567;"PE(18:1(11Z)/20:3(5Z,8Z,11Z))";[M-H];C43H78NO8P;3.39092e-4;0.442368;766.539228;1 out of 5
766.539567;766.539567;"PE(18:1(11Z)/20:3(8Z,11Z,14Z))";[M-H];C43H78NO8P;3.39092e-4;0.442368;766.539228;1 out of 5
766.539567;766.539567;"PE(18:1(9Z)/20:3(5Z,8Z,11Z))";[M-H];C43H78NO8P;3.39092e-4;0.442368;766.539228;1 out of 5
766.539567;766.539567;"PE(18:1(9Z)/20:3(8Z,11Z,14Z))";[M-H];C43H78NO8P;3.39092e-4;0.442368;766.539228;1 out of 5
766.539567;766.539567;"PE(18:2(9Z,12Z)/20:2(11Z,14Z))";[M-H];C43H78NO8P;3.39092e-4;0.442368;766.539228;1 out of 5
766.539567;766.539567;"PE(18:3(6Z,9Z,12Z)/20:1(11Z))";[M-H];C43H78NO8P;3.39092e-4;0.442368;766.539228;1 out of 5
766.539567;766.539567;"PE(18:3(9Z,12Z,15Z)/20:1(11Z))";[M-H];C43H78NO8P;3.39092e-4;0.442368;766.539228;1 out of 5
766.539567;766.539567;"PE(18:4(6Z,9Z,12Z,15Z)/20:0)";[M-H];C43H78NO8P;3.39092e-4;0.442368;766.539228;1 out of 5
766.539567;766.539567;"PE(20:0/18:4(6Z,9Z,12Z,15Z))";[M-H];C43H78NO8P;3.39092e-4;0.442368;766.539228;1 out of 5
766.539567;766.539567;"PE(20:1(11Z)/18:3(6Z,9Z,12Z))";[M-H];C43H78NO8P;3.39092e-4;0.442368;766.539228;1 out of 5
766.539567;766.539567;"PE(20:1(11Z)/18:3(9Z,12Z,15Z))";[M-H];C43H78NO8P;3.39092e-4;0.442368;766.539228;1 out of 5
766.539567;766.539567;"PE(20:2(11Z,14Z)/18:2(9Z,12Z))";[M-H];C43H78NO8P;3.39092e-4;0.442368;766.539228;1 out of 5
766.539567;766.539567;"PE(20:3(5Z,8Z,11Z)/18:1(11Z))";[M-H];C43H78NO8P;3.39092e-4;0.442368;766.539228;1 out of 5
766.539567;766.539567;"PE(20:3(5Z,8Z,11Z)/18:1(9Z))";[M-H];C43H78NO8P;3.39092e-4;0.442368;766.539228;1 out of 5
766.539567;766.539567;"PE(20:3(8Z,11Z,14Z)/18:1(11Z))";[M-H];C43H78NO8P;3.39092e-4;0.442368;766.539228;1 out of 5
766.539567;766.539567;"PE(20:3(8Z,11Z,14Z)/18:1(9Z))";[M-H];C43H78NO8P;3.39092e-4;0.442368;766.539228;1 out of 5
766.539567;766.539567;"PE(20:4(5Z,8Z,11Z,14Z)/18:0)";[M-H];C43H78NO8P;3.39092e-4;0.442368;766.539228;1 out of 5
766.539567;766.539567;"PE(20:4(8Z,11Z,14Z,17Z)/18:0)";[M-H];C43H78NO8P;3.39092e-4;0.442368;766.539228;1 out of 5
766.539567;766.539567;"PE(22:4(7Z,10Z,13Z,16Z)/16:0)";[M-H];C43H78NO8P;3.39092e-4;0.442368;766.539228;1 out of 5
766.539567;766.539567;"PE-NMe(15:0/22:4(7Z,10Z,13Z,16Z))";[M-H];C43H78NO8P;3.38607e-4;0.441735;766.539228;1 out of 5
766.539567;766.539567;"PE-NMe(22:4(7Z,10Z,13Z,16Z)/15:0)";[M-H];C43H78NO8P;3.38607e-4;0.441735;766.539228;1 out of 5
766.539567;766.539567;"PE-NMe2(14:0/22:4(7Z,10Z,13Z,16Z))";[M-H];C43H78NO8P;3.38607e-4;0.441735;766.539228;1 out of 5
766.539567;766.539567;"PE-NMe2(16:0/20:4(5Z,8Z,11Z,14Z))";[M-H];C43H78NO8P;3.38607e-4;0.441735;766.539228;1 out of 5
766.539567;766.539567;"PE-NMe2(16:1(9Z)/20:3(5Z,8Z,11Z))";[M-H];C43H78NO8P;3.38607e-4;0.441735;766.539228;1 out of 5
766.539567;766.539567;"PE-NMe2(16:1(9Z)/20:3(8Z,11Z,14Z))";[M-H];C43H78NO8P;3.38607e-4;0.441735;766.539228;1 out of 5
766.539567;766.539567;"PE-NMe2(18:0/18:4(6Z,9Z,12Z,15Z))";[M-H];C43H78NO8P;3.38607e-4;0.441735;766.539228;1 out of 5
766.539567;766.539567;"PE-NMe2(18:1(11Z)/18:3(6Z,9Z,12Z))";[M-H];C43H78NO8P;3.38607e-4;0.441735;766.539228;1 out of 5
766.539567;766.539567;"PE-NMe2(18:1(11Z)/18:3(9Z,12Z,15Z))";[M-H];C43H78NO8P;3.38607e-4;0.441735;766.539228;1 out of 5
766.539567;766.539567;"PE-NMe2(18:1(9Z)/18:3(6Z,9Z,12Z))";[M-H];C43H78NO8P;3.38607e-4;0.441735;766.539228;1 out of 5
766.539567;766.539567;"PE-NMe2(18:1(9Z)/18:3(9Z,12Z,15Z))";[M-H];C43H78NO8P;3.38607e-4;0.441735;766.539228;1 out of 5
766.539567;766.539567;"PE-NMe2(18:2(9Z,12Z)/18:2(9Z,12Z))";[M-H];C43H78NO8P;3.38607e-4;0.441735;766.539228;1 out of 5
766.539567;766.539567;"PE-NMe2(18:3(6Z,9Z,12Z)/18:1(11Z))";[M-H];C43H78NO8P;3.38607e-4;0.441735;766.539228;1 out of 5
766.539567;766.539567;"PE-NMe2(18:3(6Z,9Z,12Z)/18:1(9Z))";[M-H];C43H78NO8P;3.38607e-4;0.441735;766.539228;1 out of 5
766.539567;766.539567;"PE-NMe2(18:3(9Z,12Z,15Z)/18:1(11Z))";[M-H];C43H78NO8P;3.38607e-4;0.441735;766.539228;1 out of 5
766.539567;766.539567;"PE-NMe2(18:3(9Z,12Z,15Z)/18:1(9Z))";[M-H];C43H78NO8P;3.38607e-4;0.441735;766.539228;1 out of 5
766.539567;766.539567;"PE-NMe2(18:4(6Z,9Z,12Z,15Z)/18:0)";[M-H];C43H78NO8P;3.38607e-4;0.441735;766.539228;1 out of 5
766.539567;766.539567;"PE-NMe2(20:3(5Z,8Z,11Z)/16:1(9Z))";[M-H];C43H78NO8P;3.38607e-4;0.441735;766.539228;1 out of 5
766.539567;766.539567;"PE-NMe2(20:3(8Z,11Z,14Z)/16:1(9Z))";[M-H];C43H78NO8P;3.38607e-4;0.441735;766.539228;1 out of 5
766.539567;766.539567;"PE-NMe2(20:4(5Z,8Z,11Z,14Z)/16:0)";[M-H];C43H78NO8P;3.38607e-4;0.441735;766.539228;1 out of 5
766.539567;766.539567;"PE-NMe2(20:4(8Z,11Z,14Z,17Z)/16:0)";[M-H];C43H78NO8P;3.38607e-4;0.441735;766.539228;1 out of 5
766.539567;766.539567;"PE-NMe2(22:4(7Z,10Z,13Z,16Z)/14:0)";[M-H];C43H78NO8P;3.38607e-4;0.441735;766.539228;1 out of 5
766.539567;766.539567;"PE-NMe2(16:0/20:4(8Z,11Z,14Z,17Z))";[M-H];C43H78NO8P;3.38607e-4;0.441735;766.539228;1 out of 5
766.539567;766.539567;"PE(P-18:0/20:3(5Z,8Z,11Z)-O(14R,15S))";[M-H];C43H78NO8P;3.38607e-4;0.441735;766.539228;1 out of 5
766.539567;766.539567;"PE(20:3(5Z,8Z,11Z)-O(14R,15S)/P-18:0)";[M-H];C43H78NO8P;3.38607e-4;0.441735;766.539228;1 out of 5
766.539567;766.539567;"PE(P-18:0/20:3(5Z,8Z,14Z)-O(11S,12R))";[M-H];C43H78NO8P;3.38607e-4;0.441735;766.539228;1 out of 5
766.539567;766.539567;"PE(20:3(5Z,8Z,14Z)-O(11S,12R)/P-18:0)";[M-H];C43H78NO8P;3.38607e-4;0.441735;766.539228;1 out of 5
766.539567;766.539567;"PE(P-18:0/20:3(5Z,11Z,14Z)-O(8,9))";[M-H];C43H78NO8P;3.38607e-4;0.441735;766.539228;1 out of 5
766.539567;766.539567;"PE(20:3(5Z,11Z,14Z)-O(8,9)/P-18:0)";[M-H];C43H78NO8P;3.38607e-4;0.441735;766.539228;1 out of 5
766.539567;766.539567;"PE(P-18:0/20:3(8Z,11Z,14Z)-O(5,6))";[M-H];C43H78NO8P;3.38607e-4;0.441735;766.539228;1 out of 5
766.539567;766.539567;"PE(20:3(8Z,11Z,14Z)-O(5,6)/P-18:0)";[M-H];C43H78NO8P;3.38607e-4;0.441735;766.539228;1 out of 5
766.539567;766.539567;"PE(P-18:0/20:4(5Z,8Z,11Z,14Z)-OH(20))";[M-H];C43H78NO8P;3.38607e-4;0.441735;766.539228;1 out of 5
766.539567;766.539567;"PE(20:4(5Z,8Z,11Z,14Z)-OH(20)/P-18:0)";[M-H];C43H78NO8P;3.38607e-4;0.441735;766.539228;1 out of 5
766.539567;766.539567;"PE(P-18:0/20:4(6E,8Z,11Z,14Z)-OH(5S))";[M-H];C43H78NO8P;3.38607e-4;0.441735;766.539228;1 out of 5
766.539567;766.539567;"PE(20:4(6E,8Z,11Z,14Z)-OH(5S)/P-18:0)";[M-H];C43H78NO8P;3.38607e-4;0.441735;766.539228;1 out of 5
766.539567;766.539567;"PE(P-18:0/20:4(5Z,8Z,11Z,14Z)-OH(19S))";[M-H];C43H78NO8P;3.38607e-4;0.441735;766.539228;1 out of 5
766.539567;766.539567;"PE(20:4(5Z,8Z,11Z,14Z)-OH(19S)/P-18:0)";[M-H];C43H78NO8P;3.38607e-4;0.441735;766.539228;1 out of 5
766.539567;766.539567;"PE(P-18:0/20:4(5Z,8Z,11Z,14Z)-OH(18R))";[M-H];C43H78NO8P;3.38607e-4;0.441735;766.539228;1 out of 5
766.539567;766.539567;"PE(20:4(5Z,8Z,11Z,14Z)-OH(18R)/P-18:0)";[M-H];C43H78NO8P;3.38607e-4;0.441735;766.539228;1 out of 5
766.539567;766.539567;"PE(P-18:0/20:4(5Z,8Z,11Z,14Z)-OH(17))";[M-H];C43H78NO8P;3.38607e-4;0.441735;766.539228;1 out of 5
766.539567;766.539567;"PE(20:4(5Z,8Z,11Z,14Z)-OH(17)/P-18:0)";[M-H];C43H78NO8P;3.38607e-4;0.441735;766.539228;1 out of 5
766.539567;766.539567;"PE(P-18:0/20:4(5Z,8Z,11Z,14Z)-OH(16R))";[M-H];C43H78NO8P;3.38607e-4;0.441735;766.539228;1 out of 5
766.539567;766.539567;"PE(20:4(5Z,8Z,11Z,14Z)-OH(16R)/P-18:0)";[M-H];C43H78NO8P;3.38607e-4;0.441735;766.539228;1 out of 5
766.539567;766.539567;"PE(P-18:0/20:4(5Z,8Z,11Z,13E)-OH(15S))";[M-H];C43H78NO8P;3.38607e-4;0.441735;766.539228;1 out of 5
766.539567;766.539567;"PE(20:4(5Z,8Z,11Z,13E)-OH(15S)/P-18:0)";[M-H];C43H78NO8P;3.38607e-4;0.441735;766.539228;1 out of 5
766.539567;766.539567;"PE(P-18:0/20:4(5Z,8Z,10E,14Z)-OH(12S))";[M-H];C43H78NO8P;3.38607e-4;0.441735;766.539228;1 out of 5
766.539567;766.539567;"PE(20:4(5Z,8Z,10E,14Z)-OH(12S)/P-18:0)";[M-H];C43H78NO8P;3.38607e-4;0.441735;766.539228;1 out of 5
766.539567;766.539567;"PE(P-18:0/20:4(5E,8Z,12Z,14Z)-OH(11R))";[M-H];C43H78NO8P;3.38607e-4;0.441735;766.539228;1 out of 5
766.539567;766.539567;"PE(20:4(5E,8Z,12Z,14Z)-OH(11R)/P-18:0)";[M-H];C43H78NO8P;3.38607e-4;0.441735;766.539228;1 out of 5
766.539567;766.539567;"PE(P-18:0/20:4(5Z,7E,11Z,14Z)-OH(9))";[M-H];C43H78NO8P;3.38607e-4;0.441735;766.539228;1 out of 5
766.539567;766.539567;"PE(20:4(5Z,7E,11Z,14Z)-OH(9)/P-18:0)";[M-H];C43H78NO8P;3.38607e-4;0.441735;766.539228;1 out of 5
766.539567;766.539567;"PE(P-18:1(11Z)/20:3(6,8,11)-OH(5))";[M-H];C43H78NO8P;3.38607e-4;0.441735;766.539228;1 out of 5
766.539567;766.539567;"PE(20:3(6,8,11)-OH(5)/P-18:1(11Z))";[M-H];C43H78NO8P;3.38607e-4;0.441735;766.539228;1 out of 5
766.539567;766.539567;"PE(P-18:1(9Z)/20:3(6,8,11)-OH(5))";[M-H];C43H78NO8P;3.38607e-4;0.441735;766.539228;1 out of 5
766.539567;766.539567;"PE(20:3(6,8,11)-OH(5)/P-18:1(9Z))";[M-H];C43H78NO8P;3.38607e-4;0.441735;766.539228;1 out of 5
766.539567;766.539567;"PE(18:0/20:3(6,8,11)-OH(5))";[M-H2O-H];C43H80NO9P;3.37923e-4;0.440843;766.539229;1 out of 5
766.539567;766.539567;"PE(20:3(6,8,11)-OH(5)/18:0)";[M-H2O-H];C43H80NO9P;3.37923e-4;0.440843;766.539229;1 out of 5
766.539567;766.539567;"PE(20:0/18:2(10E,12Z)+=O(9))";[M-H2O-H];C43H80NO9P;3.37923e-4;0.440843;766.539229;1 out of 5
766.539567;766.539567;"PE(18:2(10E,12Z)+=O(9)/20:0)";[M-H2O-H];C43H80NO9P;3.37923e-4;0.440843;766.539229;1 out of 5
766.539567;766.539567;"PE(20:0/18:2(9Z,11E)+=O(13))";[M-H2O-H];C43H80NO9P;3.37923e-4;0.440843;766.539229;1 out of 5
766.539567;766.539567;"PE(18:2(9Z,11E)+=O(13)/20:0)";[M-H2O-H];C43H80NO9P;3.37923e-4;0.440843;766.539229;1 out of 5
766.539567;766.539567;"PE(20:0/18:3(10,12,15)-OH(9))";[M-H2O-H];C43H80NO9P;3.37923e-4;0.440843;766.539229;1 out of 5
766.539567;766.539567;"PE(18:3(10,12,15)-OH(9)/20:0)";[M-H2O-H];C43H80NO9P;3.37923e-4;0.440843;766.539229;1 out of 5
766.539567;766.539567;"PE(20:0/18:3(9,11,15)-OH(13))";[M-H2O-H];C43H80NO9P;3.37923e-4;0.440843;766.539229;1 out of 5
766.539567;766.539567;"PE(18:3(9,11,15)-OH(13)/20:0)";[M-H2O-H];C43H80NO9P;3.37923e-4;0.440843;766.539229;1 out of 5
766.539567;766.539567;"PE(20:1(11Z)/18:1(12Z)-O(9S,10R))";[M-H2O-H];C43H80NO9P;3.37923e-4;0.440843;766.539229;1 out of 5
766.539567;766.539567;"PE(18:1(12Z)-O(9S,10R)/20:1(11Z))";[M-H2O-H];C43H80NO9P;3.37923e-4;0.440843;766.539229;1 out of 5
766.539567;766.539567;"PE(20:1(11Z)/18:1(9Z)-O(12,13))";[M-H2O-H];C43H80NO9P;3.37923e-4;0.440843;766.539229;1 out of 5
766.539567;766.539567;"PE(18:1(9Z)-O(12,13)/20:1(11Z))";[M-H2O-H];C43H80NO9P;3.37923e-4;0.440843;766.539229;1 out of 5
766.539567;766.539567;"PE(P-18:0/20:3(8Z,11Z,14Z)-2OH(5,6))";[M-H2O-H];C43H80NO9P;3.37923e-4;0.440843;766.539229;1 out of 5
766.539567;766.539567;"PE(20:3(8Z,11Z,14Z)-2OH(5,6)/P-18:0)";[M-H2O-H];C43H80NO9P;3.37923e-4;0.440843;766.539229;1 out of 5
766.539567;766.539567;"PC(15:0/20:3(6,8,11)-OH(5))";[M-H2O-H];C43H80NO9P;3.37923e-4;0.440843;766.539229;1 out of 5
766.539567;766.539567;"PC(20:3(6,8,11)-OH(5)/15:0)";[M-H2O-H];C43H80NO9P;3.37923e-4;0.440843;766.539229;1 out of 5
766.539567;766.539567;"PC(17:0/18:2(10E,12Z)+=O(9))";[M-H2O-H];C43H80NO9P;3.37923e-4;0.440843;766.539229;1 out of 5
766.539567;766.539567;"PC(18:2(10E,12Z)+=O(9)/17:0)";[M-H2O-H];C43H80NO9P;3.37923e-4;0.440843;766.539229;1 out of 5
766.539567;766.539567;"PC(17:0/18:2(9Z,11E)+=O(13))";[M-H2O-H];C43H80NO9P;3.37923e-4;0.440843;766.539229;1 out of 5
766.539567;766.539567;"PC(18:2(9Z,11E)+=O(13)/17:0)";[M-H2O-H];C43H80NO9P;3.37923e-4;0.440843;766.539229;1 out of 5
766.539567;766.539567;"PC(17:0/18:3(10,12,15)-OH(9))";[M-H2O-H];C43H80NO9P;3.37923e-4;0.440843;766.539229;1 out of 5
766.539567;766.539567;"PC(18:3(10,12,15)-OH(9)/17:0)";[M-H2O-H];C43H80NO9P;3.37923e-4;0.440843;766.539229;1 out of 5
766.539567;766.539567;"PC(17:0/18:3(9,11,15)-OH(13))";[M-H2O-H];C43H80NO9P;3.37923e-4;0.440843;766.539229;1 out of 5
766.539567;766.539567;"PC(18:3(9,11,15)-OH(13)/17:0)";[M-H2O-H];C43H80NO9P;3.37923e-4;0.440843;766.539229;1 out of 5
788.544434;788.544434;"PS(18:0/18:1(9Z))";[M-H];C42H80NO10P;-2.73967e-4;-0.347434;788.544708;1 out of 5
788.544434;788.544434;"PS(18:1(9Z)/18:0)";[M-H];C42H80NO10P;-2.73967e-4;-0.347434;788.544708;1 out of 5
788.544434;788.544434;"PS(14:1(9Z)/22:0)";[M-H];C42H80NO10P;-2.73967e-4;-0.347434;788.544708;1 out of 5
788.544434;788.544434;"PS(16:0/20:1(11Z))";[M-H];C42H80NO10P;-2.73967e-4;-0.347434;788.544708;1 out of 5
788.544434;788.544434;"PS(16:1(9Z)/20:0)";[M-H];C42H80NO10P;-2.73967e-4;-0.347434;788.544708;1 out of 5
788.544434;788.544434;"PS(18:0/18:1(11Z))";[M-H];C42H80NO10P;-2.73967e-4;-0.347434;788.544708;1 out of 5
788.544434;788.544434;"PS(14:0/22:1(13Z))";[M-H];C42H80NO10P;-2.73967e-4;-0.347434;788.544708;1 out of 5
788.544434;788.544434;"PS(18:1(11Z)/18:0)";[M-H];C42H80NO10P;-2.73967e-4;-0.347434;788.544708;1 out of 5
788.544434;788.544434;"PS(20:0/16:1(9Z))";[M-H];C42H80NO10P;-2.73967e-4;-0.347434;788.544708;1 out of 5
788.544434;788.544434;"PS(20:1(11Z)/16:0)";[M-H];C42H80NO10P;-2.73967e-4;-0.347434;788.544708;1 out of 5
788.544434;788.544434;"PS(22:0/14:1(9Z))";[M-H];C42H80NO10P;-2.73967e-4;-0.347434;788.544708;1 out of 5
788.544434;788.544434;"PS(22:1(13Z)/14:0)";[M-H];C42H80NO10P;-2.73967e-4;-0.347434;788.544708;1 out of 5
788.544434;788.544434;"PC(16:1(9Z)/18:1(12Z)-2OH(9,10))";[M-H];C42H80NO10P;-2.73967e-4;-0.347434;788.544708;1 out of 5
788.544434;788.544434;"PC(18:1(12Z)-2OH(9,10)/16:1(9Z))";[M-H];C42H80NO10P;-2.73967e-4;-0.347434;788.544708;1 out of 5
809.518863;809.518863;"PI(16:0/16:0)";[M-H];C41H79O13P;3.10860e-4;0.384005;809.518552;1 out of 5
833.518299;833.518299;"PI(16:1(9Z)/18:1(11Z))";[M-H];C43H79O13P;-2.52969e-4;-0.303496;833.518552;1 out of 5
833.518299;833.518299;"PI(16:1(9Z)/18:1(9Z))";[M-H];C43H79O13P;-2.52969e-4;-0.303496;833.518552;1 out of 5
833.518299;833.518299;"PI(16:2(9Z,12Z)/18:0)";[M-H];C43H79O13P;-2.52969e-4;-0.303496;833.518552;1 out of 5
833.518299;833.518299;"PI(18:0/16:2(9Z,12Z))";[M-H];C43H79O13P;-2.52969e-4;-0.303496;833.518552;1 out of 5
833.518299;833.518299;"PI(18:1(11Z)/16:1(9Z))";[M-H];C43H79O13P;-2.52969e-4;-0.303496;833.518552;1 out of 5
833.518299;833.518299;"PI(18:1(9Z)/16:1(9Z))";[M-H];C43H79O13P;-2.52969e-4;-0.303496;833.518552;1 out of 5
833.518299;833.518299;"PI(18:2(9Z,12Z)/16:0)";[M-H];C43H79O13P;-2.52969e-4;-0.303496;833.518552;1 out of 5
833.518299;833.518299;"PI(16:0/18:2(9Z,12Z))";[M-H];C43H79O13P;-2.53445e-4;-0.304067;833.518553;1 out of 5
833.518299;833.518299;"PG(a-17:0/PGF2alpha)";[M-H];C43H79O13P;-2.53445e-4;-0.304067;833.518553;1 out of 5
833.518299;833.518299;"PG(PGF2alpha/a-17:0)";[M-H];C43H79O13P;-2.53445e-4;-0.304067;833.518553;1 out of 5
833.518299;833.518299;"PG(a-17:0/PGE1)";[M-H];C43H79O13P;-2.53445e-4;-0.304067;833.518553;1 out of 5
833.518299;833.518299;"PG(PGE1/a-17:0)";[M-H];C43H79O13P;-2.53445e-4;-0.304067;833.518553;1 out of 5
833.518299;833.518299;"PG(a-17:0/PGD1)";[M-H];C43H79O13P;-2.53445e-4;-0.304067;833.518553;1 out of 5
833.518299;833.518299;"PG(PGD1/a-17:0)";[M-H];C43H79O13P;-2.53445e-4;-0.304067;833.518553;1 out of 5
833.518299;833.518299;"PG(i-17:0/PGF2alpha)";[M-H];C43H79O13P;-2.53445e-4;-0.304067;833.518553;1 out of 5
833.518299;833.518299;"PG(PGF2alpha/i-17:0)";[M-H];C43H79O13P;-2.53445e-4;-0.304067;833.518553;1 out of 5
833.518299;833.518299;"PG(i-17:0/PGE1)";[M-H];C43H79O13P;-2.53445e-4;-0.304067;833.518553;1 out of 5
833.518299;833.518299;"PG(PGE1/i-17:0)";[M-H];C43H79O13P;-2.53445e-4;-0.304067;833.518553;1 out of 5
833.518299;833.518299;"PG(i-17:0/PGD1)";[M-H];C43H79O13P;-2.53445e-4;-0.304067;833.518553;1 out of 5
833.518299;833.518299;"PG(PGD1/i-17:0)";[M-H];C43H79O13P;-2.53445e-4;-0.304067;833.518553;1 out of 5
833.518299;833.518299;"PG(i-19:0/5-iso PGF2VI)";[M-H];C43H79O13P;-2.53445e-4;-0.304067;833.518553;1 out of 5
833.518299;833.518299;"PG(5-iso PGF2VI/i-19:0)";[M-H];C43H79O13P;-2.53445e-4;-0.304067;833.518553;1 out of 5
835.534333;835.534333;"PI(16:0/18:1(11Z))";[M-H];C43H81O13P;1.30349e-4;0.156006;835.534202;1 out of 5
835.534333;835.534333;"PI(16:0/18:1(9Z))";[M-H];C43H81O13P;1.30349e-4;0.156006;835.534202;1 out of 5
835.534333;835.534333;"PI(16:1(9Z)/18:0)";[M-H];C43H81O13P;1.30349e-4;0.156006;835.534202;1 out of 5
835.534333;835.534333;"PI(18:0/16:1(9Z))";[M-H];C43H81O13P;1.30349e-4;0.156006;835.534202;1 out of 5
835.534333;835.534333;"PI(18:1(11Z)/16:0)";[M-H];C43H81O13P;1.30349e-4;0.156006;835.534202;1 out of 5
835.534333;835.534333;"PI(18:1(9Z)/16:0)";[M-H];C43H81O13P;1.30349e-4;0.156006;835.534202;1 out of 5
835.534333;835.534333;"PG(a-17:0/PGF1alpha)";[M-H];C43H81O13P;1.29873e-4;0.155437;835.534203;1 out of 5
835.534333;835.534333;"PG(PGF1alpha/a-17:0)";[M-H];C43H81O13P;1.29873e-4;0.155437;835.534203;1 out of 5
835.534333;835.534333;"PG(i-17:0/PGF1alpha)";[M-H];C43H81O13P;1.29873e-4;0.155437;835.534203;1 out of 5
835.534333;835.534333;"PG(PGF1alpha/i-17:0)";[M-H];C43H81O13P;1.29873e-4;0.155437;835.534203;1 out of 5
837.550254;837.550254;"PI(18:0/16:0)";[M-H];C43H83O13P;4.01373e-4;0.479222;837.549852;1 out of 5
837.550254;837.550254;"PI(16:0/18:0)";[M-H];C43H83O13P;4.00896e-4;0.478653;837.549853;1 out of 5
857.518320;857.518320;"PI(16:0/20:4(8Z,11Z,14Z,17Z))";[M-H];C45H79O13P;-2.32571e-4;-0.271214;857.518552;1 out of 5
857.518320;857.518320;"PI(18:1(11Z)/18:3(6Z,9Z,12Z))";[M-H];C45H79O13P;-2.32571e-4;-0.271214;857.518552;1 out of 5
857.518320;857.518320;"PI(18:1(11Z)/18:3(9Z,12Z,15Z))";[M-H];C45H79O13P;-2.32571e-4;-0.271214;857.518552;1 out of 5
857.518320;857.518320;"PI(18:1(9Z)/18:3(6Z,9Z,12Z))";[M-H];C45H79O13P;-2.32571e-4;-0.271214;857.518552;1 out of 5
857.518320;857.518320;"PI(18:1(9Z)/18:3(9Z,12Z,15Z))";[M-H];C45H79O13P;-2.32571e-4;-0.271214;857.518552;1 out of 5
857.518320;857.518320;"PI(18:3(6Z,9Z,12Z)/18:1(11Z))";[M-H];C45H79O13P;-2.32571e-4;-0.271214;857.518552;1 out of 5
857.518320;857.518320;"PI(18:3(6Z,9Z,12Z)/18:1(9Z))";[M-H];C45H79O13P;-2.32571e-4;-0.271214;857.518552;1 out of 5
857.518320;857.518320;"PI(18:3(9Z,12Z,15Z)/18:1(11Z))";[M-H];C45H79O13P;-2.32571e-4;-0.271214;857.518552;1 out of 5
857.518320;857.518320;"PI(18:3(9Z,12Z,15Z)/18:1(9Z))";[M-H];C45H79O13P;-2.32571e-4;-0.271214;857.518552;1 out of 5
857.518320;857.518320;"PI(20:4(5Z,8Z,11Z,14Z)/16:0)";[M-H];C45H79O13P;-2.32571e-4;-0.271214;857.518552;1 out of 5
857.518320;857.518320;"PI(20:4(8Z,11Z,14Z,17Z)/16:0)";[M-H];C45H79O13P;-2.32571e-4;-0.271214;857.518552;1 out of 5
857.518320;857.518320;"PI(16:0/20:4(5Z,8Z,11Z,14Z))";[M-H];C45H79O13P;-2.33047e-4;-0.271769;857.518553;1 out of 5
857.518320;857.518320;"PI(18:2(9Z,12Z)/18:2(9Z,12Z))";[M-H];C45H79O13P;-2.33047e-4;-0.271769;857.518553;1 out of 5
857.518320;857.518320;Phosphatidylinositol(36:4);[M-H];C45H79O13P;-2.33047e-4;-0.271769;857.518553;1 out of 5
857.518320;857.518320;"PG(i-19:0/20:5(7Z,9Z,11E,13E,17Z)-3OH(5,6,15))";[M-H];C45H79O13P;-2.33047e-4;-0.271769;857.518553;1 out of 5
857.518320;857.518320;"PG(20:5(7Z,9Z,11E,13E,17Z)-3OH(5,6,15)/i-19:0)";[M-H];C45H79O13P;-2.33047e-4;-0.271769;857.518553;1 out of 5
857.518320;857.518320;"PI(16:0/20:3(6,8,11)-OH(5))";[M-H2O-H];C45H81O14P;-2.33731e-4;-0.272567;857.518553;1 out of 5
857.518320;857.518320;"PI(20:3(6,8,11)-OH(5)/16:0)";[M-H2O-H];C45H81O14P;-2.33731e-4;-0.272567;857.518553;1 out of 5
857.518320;857.518320;"PI(18:0/18:2(10E,12Z)+=O(9))";[M-H2O-H];C45H81O14P;-2.33731e-4;-0.272567;857.518553;1 out of 5
857.518320;857.518320;"PI(18:2(10E,12Z)+=O(9)/18:0)";[M-H2O-H];C45H81O14P;-2.33731e-4;-0.272567;857.518553;1 out of 5
857.518320;857.518320;"PI(18:0/18:2(9Z,11E)+=O(13))";[M-H2O-H];C45H81O14P;-2.33731e-4;-0.272567;857.518553;1 out of 5
857.518320;857.518320;"PI(18:2(9Z,11E)+=O(13)/18:0)";[M-H2O-H];C45H81O14P;-2.33731e-4;-0.272567;857.518553;1 out of 5
857.518320;857.518320;"PI(18:0/18:3(10,12,15)-OH(9))";[M-H2O-H];C45H81O14P;-2.33731e-4;-0.272567;857.518553;1 out of 5
857.518320;857.518320;"PI(18:3(10,12,15)-OH(9)/18:0)";[M-H2O-H];C45H81O14P;-2.33731e-4;-0.272567;857.518553;1 out of 5
857.518320;857.518320;"PI(18:0/18:3(9,11,15)-OH(13))";[M-H2O-H];C45H81O14P;-2.33731e-4;-0.272567;857.518553;1 out of 5
857.518320;857.518320;"PI(18:3(9,11,15)-OH(13)/18:0)";[M-H2O-H];C45H81O14P;-2.33731e-4;-0.272567;857.518553;1 out of 5
857.518320;857.518320;"PI(18:1(11Z)/18:1(12Z)-O(9S,10R))";[M-H2O-H];C45H81O14P;-2.33731e-4;-0.272567;857.518553;1 out of 5
857.518320;857.518320;"PI(18:1(12Z)-O(9S,10R)/18:1(11Z))";[M-H2O-H];C45H81O14P;-2.33731e-4;-0.272567;857.518553;1 out of 5
857.518320;857.518320;"PI(18:1(11Z)/18:1(9Z)-O(12,13))";[M-H2O-H];C45H81O14P;-2.33731e-4;-0.272567;857.518553;1 out of 5
857.518320;857.518320;"PI(18:1(9Z)-O(12,13)/18:1(11Z))";[M-H2O-H];C45H81O14P;-2.33731e-4;-0.272567;857.518553;1 out of 5
857.518320;857.518320;"PI(18:1(9Z)/18:1(12Z)-O(9S,10R))";[M-H2O-H];C45H81O14P;-2.33731e-4;-0.272567;857.518553;1 out of 5
857.518320;857.518320;"PI(18:1(12Z)-O(9S,10R)/18:1(9Z))";[M-H2O-H];C45H81O14P;-2.33731e-4;-0.272567;857.518553;1 out of 5
857.518320;857.518320;"PI(18:1(9Z)/18:1(9Z)-O(12,13))";[M-H2O-H];C45H81O14P;-2.33731e-4;-0.272567;857.518553;1 out of 5
857.518320;857.518320;"PI(18:1(9Z)-O(12,13)/18:1(9Z))";[M-H2O-H];C45H81O14P;-2.33731e-4;-0.272567;857.518553;1 out of 5
859.534859;859.534859;"PI(16:0/20:3(5Z,8Z,11Z))";[M-H];C45H81O13P;6.57304e-4;0.764721;859.534202;1 out of 5
859.534859;859.534859;"PI(16:0/20:3(8Z,11Z,14Z))";[M-H];C45H81O13P;6.57304e-4;0.764721;859.534202;1 out of 5
859.534859;859.534859;"PI(18:0/18:3(6Z,9Z,12Z))";[M-H];C45H81O13P;6.57304e-4;0.764721;859.534202;1 out of 5
859.534859;859.534859;"PI(18:0/18:3(9Z,12Z,15Z))";[M-H];C45H81O13P;6.57304e-4;0.764721;859.534202;1 out of 5
859.534859;859.534859;"PI(18:1(11Z)/18:2(9Z,12Z))";[M-H];C45H81O13P;6.57304e-4;0.764721;859.534202;1 out of 5
859.534859;859.534859;"PI(18:1(9Z)/18:2(9Z,12Z))";[M-H];C45H81O13P;6.57304e-4;0.764721;859.534202;1 out of 5
859.534859;859.534859;"PI(18:2(9Z,12Z)/18:1(11Z))";[M-H];C45H81O13P;6.57304e-4;0.764721;859.534202;1 out of 5
859.534859;859.534859;"PI(18:2(9Z,12Z)/18:1(9Z))";[M-H];C45H81O13P;6.57304e-4;0.764721;859.534202;1 out of 5
859.534859;859.534859;"PI(18:3(6Z,9Z,12Z)/18:0)";[M-H];C45H81O13P;6.57304e-4;0.764721;859.534202;1 out of 5
859.534859;859.534859;"PI(18:3(9Z,12Z,15Z)/18:0)";[M-H];C45H81O13P;6.57304e-4;0.764721;859.534202;1 out of 5
859.534859;859.534859;"PI(20:3(5Z,8Z,11Z)/16:0)";[M-H];C45H81O13P;6.57304e-4;0.764721;859.534202;1 out of 5
859.534859;859.534859;"PI(20:3(8Z,11Z,14Z)/16:0)";[M-H];C45H81O13P;6.57304e-4;0.764721;859.534202;1 out of 5
859.534859;859.534859;"PG(i-19:0/PGE2)";[M-H];C45H81O13P;6.56828e-4;0.764168;859.534203;1 out of 5
859.534859;859.534859;"PG(PGE2/i-19:0)";[M-H];C45H81O13P;6.56828e-4;0.764168;859.534203;1 out of 5
859.534859;859.534859;"PG(i-19:0/PGD2)";[M-H];C45H81O13P;6.56828e-4;0.764168;859.534203;1 out of 5
859.534859;859.534859;"PG(PGD2/i-19:0)";[M-H];C45H81O13P;6.56828e-4;0.764168;859.534203;1 out of 5
859.534859;859.534859;"PG(i-19:0/20:4(7E,9E,11Z,13E)-3OH(5S,6R,15S))";[M-H];C45H81O13P;6.56828e-4;0.764168;859.534203;1 out of 5
859.534859;859.534859;"PG(20:4(7E,9E,11Z,13E)-3OH(5S,6R,15S)/i-19:0)";[M-H];C45H81O13P;6.56828e-4;0.764168;859.534203;1 out of 5
859.534859;859.534859;"PG(i-19:0/6 keto-PGF1alpha)";[M-H2O-H];C45H83O14P;6.56143e-4;0.763371;859.534203;1 out of 5
859.534859;859.534859;"PG(6 keto-PGF1alpha/i-19:0)";[M-H2O-H];C45H83O14P;6.56143e-4;0.763371;859.534203;1 out of 5
859.534859;859.534859;"PG(i-19:0/TXB2)";[M-H2O-H];C45H83O14P;6.56143e-4;0.763371;859.534203;1 out of 5
859.534859;859.534859;"PG(TXB2/i-19:0)";[M-H2O-H];C45H83O14P;6.56143e-4;0.763371;859.534203;1 out of 5
859.534859;859.534859;"PI(18:0/18:1(12Z)-O(9S,10R))";[M-H2O-H];C45H83O14P;6.56143e-4;0.763371;859.534203;1 out of 5
859.534859;859.534859;"PI(18:1(12Z)-O(9S,10R)/18:0)";[M-H2O-H];C45H83O14P;6.56143e-4;0.763371;859.534203;1 out of 5
859.534859;859.534859;"PI(18:0/18:1(9Z)-O(12,13))";[M-H2O-H];C45H83O14P;6.56143e-4;0.763371;859.534203;1 out of 5
859.534859;859.534859;"PI(18:1(9Z)-O(12,13)/18:0)";[M-H2O-H];C45H83O14P;6.56143e-4;0.763371;859.534203;1 out of 5
859.534859;859.534859;"PC(DiMe(11,3)/DiMe(9,3))";[M+Na-H2];C46H81NO10P;3.83165e-4;0.445782;859.534476;1 out of 5
859.534859;859.534859;"PC(DiMe(9,3)/DiMe(11,3))";[M+Na-H2];C46H81NO10P;3.83165e-4;0.445782;859.534476;1 out of 5
859.534859;859.534859;"PC(DiMe(9,3)/DiMe(9,5))";[M+Na-H2];C46H81NO10P;3.83165e-4;0.445782;859.534476;1 out of 5
859.534859;859.534859;"PC(DiMe(9,5)/DiMe(9,3))";[M+Na-H2];C46H81NO10P;3.83165e-4;0.445782;859.534476;1 out of 5
859.534859;859.534859;"PC(MonoMe(11,3)/MonoMe(11,3))";[M+Na-H2];C46H81NO10P;3.83165e-4;0.445782;859.534476;1 out of 5
859.534859;859.534859;"PC(MonoMe(11,3)/MonoMe(9,5))";[M+Na-H2];C46H81NO10P;3.83165e-4;0.445782;859.534476;1 out of 5
859.534859;859.534859;"PC(MonoMe(9,5)/MonoMe(11,3))";[M+Na-H2];C46H81NO10P;3.83165e-4;0.445782;859.534476;1 out of 5
859.534859;859.534859;"PC(MonoMe(9,5)/MonoMe(9,5))";[M+Na-H2];C46H81NO10P;3.83165e-4;0.445782;859.534476;1 out of 5
861.550443;861.550443;"PI(16:0/20:2(11Z,14Z))";[M-H];C45H83O13P;5.90605e-4;0.685515;861.549852;1 out of 5
861.550443;861.550443;"PI(18:0/18:2(9Z,12Z))";[M-H];C45H83O13P;5.90605e-4;0.685515;861.549852;1 out of 5
861.550443;861.550443;"PI(18:1(11Z)/18:1(11Z))";[M-H];C45H83O13P;5.90605e-4;0.685515;861.549852;1 out of 5
861.550443;861.550443;"PI(18:1(11Z)/18:1(9Z))";[M-H];C45H83O13P;5.90605e-4;0.685515;861.549852;1 out of 5
861.550443;861.550443;"PI(18:1(9Z)/18:1(11Z))";[M-H];C45H83O13P;5.90605e-4;0.685515;861.549852;1 out of 5
861.550443;861.550443;"PI(18:1(9Z)/18:1(9Z))";[M-H];C45H83O13P;5.90605e-4;0.685515;861.549852;1 out of 5
861.550443;861.550443;"PI(18:2(9Z,12Z)/18:0)";[M-H];C45H83O13P;5.90605e-4;0.685515;861.549852;1 out of 5
861.550443;861.550443;"PI(20:2(11Z,14Z)/16:0)";[M-H];C45H83O13P;5.90605e-4;0.685515;861.549852;1 out of 5
861.550443;861.550443;"PG(a-21:0/5-iso PGF2VI)";[M-H];C45H83O13P;5.90128e-4;0.684961;861.549853;1 out of 5
861.550443;861.550443;"PG(5-iso PGF2VI/a-21:0)";[M-H];C45H83O13P;5.90128e-4;0.684961;861.549853;1 out of 5
861.550443;861.550443;"PG(i-19:0/PGF2alpha)";[M-H];C45H83O13P;5.90128e-4;0.684961;861.549853;1 out of 5
861.550443;861.550443;"PG(PGF2alpha/i-19:0)";[M-H];C45H83O13P;5.90128e-4;0.684961;861.549853;1 out of 5
861.550443;861.550443;"PG(i-19:0/PGE1)";[M-H];C45H83O13P;5.90128e-4;0.684961;861.549853;1 out of 5
861.550443;861.550443;"PG(PGE1/i-19:0)";[M-H];C45H83O13P;5.90128e-4;0.684961;861.549853;1 out of 5
861.550443;861.550443;"PG(i-19:0/PGD1)";[M-H];C45H83O13P;5.90128e-4;0.684961;861.549853;1 out of 5
861.550443;861.550443;"PG(PGD1/i-19:0)";[M-H];C45H83O13P;5.90128e-4;0.684961;861.549853;1 out of 5
861.550443;861.550443;"PG(i-21:0/5-iso PGF2VI)";[M-H];C45H83O13P;5.90128e-4;0.684961;861.549853;1 out of 5
861.550443;861.550443;"PG(5-iso PGF2VI/i-21:0)";[M-H];C45H83O13P;5.90128e-4;0.684961;861.549853;1 out of 5
862.554156;862.554156;Sodium aluminium phosphate;[M-H];Al3NaO32P8;-3.11695e-4;-0.361362;862.554468;2 out of 5
863.565945;863.565945;"PI(18:0/18:1(9Z))";[M-H];C45H85O13P;4.42611e-4;0.512540;863.565502;1 out of 5
863.565945;863.565945;"PG(i-19:0/PGF1alpha)";[M-H];C45H85O13P;4.42134e-4;0.511987;863.565503;1 out of 5
863.565945;863.565945;"PG(PGF1alpha/i-19:0)";[M-H];C45H85O13P;4.42134e-4;0.511987;863.565503;1 out of 5
879.378425;879.378425;Ginseng;[M+K-H2];C42H66O17;-1.80309e-4;-0.205042;879.378606;1 out of 5
879.378425;879.378425;"26-(2-Glucosyl-6-acetylglucosyl]-1,3,11,22-tetrahydroxyergosta-5,24-dien-26-oate";[M+K-H2];C42H66O17;-1.80330e-4;-0.205066;879.378606;1 out of 5
881.627684;881.627684;"PG(i-24:0/20:3(6,8,11)-OH(5))";[M-H2O-H];C50H93O11P;-2.53134e-5;-0.028712;881.627710;1 out of 5
881.627684;881.627684;"PG(20:3(6,8,11)-OH(5)/i-24:0)";[M-H2O-H];C50H93O11P;-2.53134e-5;-0.028712;881.627710;1 out of 5
884.536695;884.536695;Sodium aluminium phosphate;[M+Na-H2];Al3NaO32P8;2.83259e-4;0.320234;884.536412;2 out of 5
887.564895;887.564895;"PI(16:0/22:3(10Z,13Z,16Z))";[M-H];C47H85O13P;-6.07337e-4;-0.684273;887.565502;1 out of 5
887.564895;887.564895;"PI(18:0/20:3(5Z,8Z,11Z))";[M-H];C47H85O13P;-6.07337e-4;-0.684273;887.565502;1 out of 5
887.564895;887.564895;"PI(18:0/20:3(8Z,11Z,14Z))";[M-H];C47H85O13P;-6.07337e-4;-0.684273;887.565502;1 out of 5
887.564895;887.564895;"PI(18:2(9Z,12Z)/20:1(11Z))";[M-H];C47H85O13P;-6.07337e-4;-0.684273;887.565502;1 out of 5
887.564895;887.564895;"PI(20:1(11Z)/18:2(9Z,12Z))";[M-H];C47H85O13P;-6.07337e-4;-0.684273;887.565502;1 out of 5
887.564895;887.564895;"PI(20:3(5Z,8Z,11Z)/18:0)";[M-H];C47H85O13P;-6.07337e-4;-0.684273;887.565502;1 out of 5
887.564895;887.564895;"PI(20:3(8Z,11Z,14Z)/18:0)";[M-H];C47H85O13P;-6.07337e-4;-0.684273;887.565502;1 out of 5
887.564895;887.564895;"PI(22:3(10Z,13Z,16Z)/16:0)";[M-H];C47H85O13P;-6.07337e-4;-0.684273;887.565502;1 out of 5
887.564895;887.564895;"PG(a-21:0/PGE2)";[M-H];C47H85O13P;-6.07814e-4;-0.684810;887.565503;1 out of 5
887.564895;887.564895;"PG(PGE2/a-21:0)";[M-H];C47H85O13P;-6.07814e-4;-0.684810;887.565503;1 out of 5
887.564895;887.564895;"PG(a-21:0/PGD2)";[M-H];C47H85O13P;-6.07814e-4;-0.684810;887.565503;1 out of 5
887.564895;887.564895;"PG(PGD2/a-21:0)";[M-H];C47H85O13P;-6.07814e-4;-0.684810;887.565503;1 out of 5
887.564895;887.564895;"PG(a-21:0/20:4(7E,9E,11Z,13E)-3OH(5S,6R,15S))";[M-H];C47H85O13P;-6.07814e-4;-0.684810;887.565503;1 out of 5
887.564895;887.564895;"PG(20:4(7E,9E,11Z,13E)-3OH(5S,6R,15S)/a-21:0)";[M-H];C47H85O13P;-6.07814e-4;-0.684810;887.565503;1 out of 5
887.564895;887.564895;"PG(i-21:0/PGE2)";[M-H];C47H85O13P;-6.07814e-4;-0.684810;887.565503;1 out of 5
887.564895;887.564895;"PG(PGE2/i-21:0)";[M-H];C47H85O13P;-6.07814e-4;-0.684810;887.565503;1 out of 5
887.564895;887.564895;"PG(i-21:0/PGD2)";[M-H];C47H85O13P;-6.07814e-4;-0.684810;887.565503;1 out of 5
887.564895;887.564895;"PG(PGD2/i-21:0)";[M-H];C47H85O13P;-6.07814e-4;-0.684810;887.565503;1 out of 5
887.564895;887.564895;"PG(i-21:0/20:4(7E,9E,11Z,13E)-3OH(5S,6R,15S))";[M-H];C47H85O13P;-6.07814e-4;-0.684810;887.565503;1 out of 5
887.564895;887.564895;"PG(20:4(7E,9E,11Z,13E)-3OH(5S,6R,15S)/i-21:0)";[M-H];C47H85O13P;-6.07814e-4;-0.684810;887.565503;1 out of 5
887.564895;887.564895;"PG(a-21:0/6 keto-PGF1alpha)";[M-H2O-H];C47H87O14P;-6.08498e-4;-0.685581;887.565503;1 out of 5
887.564895;887.564895;"PG(6 keto-PGF1alpha/a-21:0)";[M-H2O-H];C47H87O14P;-6.08498e-4;-0.685581;887.565503;1 out of 5
887.564895;887.564895;"PG(a-21:0/TXB2)";[M-H2O-H];C47H87O14P;-6.08498e-4;-0.685581;887.565503;1 out of 5
887.564895;887.564895;"PG(TXB2/a-21:0)";[M-H2O-H];C47H87O14P;-6.08498e-4;-0.685581;887.565503;1 out of 5
887.564895;887.564895;"PG(i-21:0/6 keto-PGF1alpha)";[M-H2O-H];C47H87O14P;-6.08498e-4;-0.685581;887.565503;1 out of 5
887.564895;887.564895;"PG(6 keto-PGF1alpha/i-21:0)";[M-H2O-H];C47H87O14P;-6.08498e-4;-0.685581;887.565503;1 out of 5
887.564895;887.564895;"PG(i-21:0/TXB2)";[M-H2O-H];C47H87O14P;-6.08498e-4;-0.685581;887.565503;1 out of 5
887.564895;887.564895;"PG(TXB2/i-21:0)";[M-H2O-H];C47H87O14P;-6.08498e-4;-0.685581;887.565503;1 out of 5
887.564895;887.564895;"PI(20:0/18:1(12Z)-O(9S,10R))";[M-H2O-H];C47H87O14P;-6.08498e-4;-0.685581;887.565503;1 out of 5
887.564895;887.564895;"PI(18:1(12Z)-O(9S,10R)/20:0)";[M-H2O-H];C47H87O14P;-6.08498e-4;-0.685581;887.565503;1 out of 5
887.564895;887.564895;"PI(20:0/18:1(9Z)-O(12,13))";[M-H2O-H];C47H87O14P;-6.08498e-4;-0.685581;887.565503;1 out of 5
887.564895;887.564895;"PI(18:1(9Z)-O(12,13)/20:0)";[M-H2O-H];C47H87O14P;-6.08498e-4;-0.685581;887.565503;1 out of 5
887.564895;887.564895;"PC(DiMe(11,3)/DiMe(11,3))";[M+Na-H2];C48H85NO10P;-8.81476e-4;-0.993139;887.565776;1 out of 5
887.564895;887.564895;"PC(DiMe(11,3)/DiMe(9,5))";[M+Na-H2];C48H85NO10P;-8.81476e-4;-0.993139;887.565776;1 out of 5
887.564895;887.564895;"PC(DiMe(11,5)/DiMe(9,3))";[M+Na-H2];C48H85NO10P;-8.81476e-4;-0.993139;887.565776;1 out of 5
887.564895;887.564895;"PC(DiMe(9,3)/DiMe(11,5))";[M+Na-H2];C48H85NO10P;-8.81476e-4;-0.993139;887.565776;1 out of 5
887.564895;887.564895;"PC(DiMe(9,5)/DiMe(11,3))";[M+Na-H2];C48H85NO10P;-8.81476e-4;-0.993139;887.565776;1 out of 5
887.564895;887.564895;"PC(DiMe(9,5)/DiMe(9,5))";[M+Na-H2];C48H85NO10P;-8.81476e-4;-0.993139;887.565776;1 out of 5
887.564895;887.564895;"PC(MonoMe(11,3)/MonoMe(11,5))";[M+Na-H2];C48H85NO10P;-8.81476e-4;-0.993139;887.565776;1 out of 5
887.564895;887.564895;"PC(MonoMe(11,5)/MonoMe(11,3))";[M+Na-H2];C48H85NO10P;-8.81476e-4;-0.993139;887.565776;1 out of 5
887.564895;887.564895;"PC(MonoMe(11,5)/MonoMe(9,5))";[M+Na-H2];C48H85NO10P;-8.81476e-4;-0.993139;887.565776;1 out of 5
887.564895;887.564895;"PC(MonoMe(9,5)/MonoMe(11,5))";[M+Na-H2];C48H85NO10P;-8.81476e-4;-0.993139;887.565776;1 out of 5
