"Observed m/z";"Adjusted m/z";Matched name;Adduct;Formula;Matched delta mass (Da);Matched difference (ppm);Matched theoretical mass;Coverage
140.068638;140.068638;4R-aminopentanoic acid;[M+Na];C5H11NO2;4.39408e-4;3.137100;140.068199;3 out of 4
140.068638;140.068638;4S-aminopentanoic acid;[M+Na];C5H11NO2;4.39408e-4;3.137100;140.068199;3 out of 4
140.068638;140.068638;4-amino-pentanoic acid;[M+Na];C5H11NO2;4.39408e-4;3.137100;140.068199;3 out of 4
140.068638;140.068638;5-amino-pentanoic acid;[M+Na];C5H11NO2;4.39408e-4;3.137100;140.068199;3 out of 4
140.068638;140.068638;2S-amino-pentanoic acid;[M+Na];C5H11NO2;4.39408e-4;3.137100;140.068199;3 out of 4
140.068638;140.068638;2-Amino-3-methylbutanoic acid;[M+Na];C5H11NO2;4.39408e-4;3.137100;140.068199;3 out of 4
142.026821;142.026821;2S-amino-butanoic acid;[M+K];C4H9NO2;3.35472e-4;2.362038;142.026486;1 out of 4
142.026821;142.026821;4-amino-butanoic acid;[M+K];C4H9NO2;3.35472e-4;2.362038;142.026486;1 out of 4
142.026821;142.026821;2R-amino-butanoic acid;[M+K];C4H9NO2;3.35472e-4;2.362038;142.026486;1 out of 4
142.026821;142.026821;(R)-b-amino-isobutyric acid;[M+K];C4H9NO2;3.35472e-4;2.362038;142.026486;1 out of 4
142.026821;142.026821;(S)-b-amino-isobutyric acid;[M+K];C4H9NO2;3.35472e-4;2.362038;142.026486;1 out of 4
142.026821;142.026821;2-amino-isobutyric acid;[M+K];C4H9NO2;3.35472e-4;2.362038;142.026486;1 out of 4
142.026821;142.026821;3-amino-isobutanoic acid;[M+K];C4H9NO2;3.35472e-4;2.362038;142.026486;1 out of 4
146.117963;146.117963;2R-aminoheptanoic acid;[M+H];C7H15NO2;4.08280e-4;2.794189;146.117555;2 out of 4
146.117963;146.117963;2S-aminoheptanoic acid;[M+H];C7H15NO2;4.08280e-4;2.794189;146.117555;2 out of 4
146.117963;146.117963;2-amino-heptanoic acid;[M+H];C7H15NO2;4.08280e-4;2.794189;146.117555;2 out of 4
156.042121;156.042121;4R-aminopentanoic acid;[M+K];C5H11NO2;-1.45920e-5;-0.093513;156.042136;2 out of 4
156.042121;156.042121;4S-aminopentanoic acid;[M+K];C5H11NO2;-1.45920e-5;-0.093513;156.042136;2 out of 4
156.042121;156.042121;4-amino-pentanoic acid;[M+K];C5H11NO2;-1.45920e-5;-0.093513;156.042136;2 out of 4
156.042121;156.042121;5-amino-pentanoic acid;[M+K];C5H11NO2;-1.45920e-5;-0.093513;156.042136;2 out of 4
156.042121;156.042121;2S-amino-pentanoic acid;[M+K];C5H11NO2;-1.45920e-5;-0.093513;156.042136;2 out of 4
156.042121;156.042121;2-Amino-3-methylbutanoic acid;[M+K];C5H11NO2;-1.45920e-5;-0.093513;156.042136;2 out of 4
156.042562;156.042562;4R-aminopentanoic acid;[M+K];C5H11NO2;4.26408e-4;2.732647;156.042136;2 out of 4
156.042562;156.042562;4S-aminopentanoic acid;[M+K];C5H11NO2;4.26408e-4;2.732647;156.042136;2 out of 4
156.042562;156.042562;4-amino-pentanoic acid;[M+K];C5H11NO2;4.26408e-4;2.732647;156.042136;2 out of 4
156.042562;156.042562;5-amino-pentanoic acid;[M+K];C5H11NO2;4.26408e-4;2.732647;156.042136;2 out of 4
156.042562;156.042562;2S-amino-pentanoic acid;[M+K];C5H11NO2;4.26408e-4;2.732647;156.042136;2 out of 4
156.042562;156.042562;2-Amino-3-methylbutanoic acid;[M+K];C5H11NO2;4.26408e-4;2.732647;156.042136;2 out of 4
159.005636;159.005636;"3S,4-dihydroxy-butyric acid";[M+K];C4H8O4;2.20264e-4;1.385261;159.005416;1 out of 4
159.005636;159.005636;"2,4-dihydroxy-butanoic acid";[M+K];C4H8O4;2.20264e-4;1.385261;159.005416;1 out of 4
159.005636;159.005636;4-deoxy-erythronic acid;[M+K];C4H8O4;2.20264e-4;1.385261;159.005416;1 out of 4
159.005636;159.005636;"a,b-dihydroxy-isobutyric acid";[M+K];C4H8O4;2.20264e-4;1.385261;159.005416;1 out of 4
159.005636;159.005636;"(S)-3,4-Dihydroxybutyric acid";[M+K];C4H8O4;2.20264e-4;1.385261;159.005416;1 out of 4
160.133581;160.133581;3-amino-octanoic acid;[M+H];C8H17NO2;3.76216e-4;2.349394;160.133205;1 out of 4
160.133581;160.133581;DL-2-amino-octanoic acid;[M+H];C8H17NO2;3.76216e-4;2.349394;160.133205;1 out of 4
160.133581;160.133581;8-aminocaprylic acid;[M+H];C8H17NO2;3.76216e-4;2.349394;160.133205;1 out of 4
160.920086;160.920086;2-bromoacetic acid;[M+Na];C2H3BrO2;-7.75436e-4;-4.818741;160.920861;1 out of 4
184.073618;184.073618;2R-aminoheptanoic acid;[M+K];C7H15NO2;1.82280e-4;0.990257;184.073436;2 out of 4
184.073618;184.073618;2S-aminoheptanoic acid;[M+K];C7H15NO2;1.82280e-4;0.990257;184.073436;2 out of 4
184.073618;184.073618;2-amino-heptanoic acid;[M+K];C7H15NO2;1.82280e-4;0.990257;184.073436;2 out of 4
186.076365;186.076365;N-(3-oxo-butanoyl)-homoserine lactone;[M+H];C8H11NO4;2.81168e-4;1.511038;186.076084;1 out of 4
203.052903;203.052903;Fuconic acid;[M+Na];C6H12O6;2.94896e-4;1.452313;203.052608;2 out of 4
204.123322;204.123322;Acetyl-D-carnitine;[M+H];C9H17NO4;2.87976e-4;1.410796;204.123034;3 out of 4
204.123322;204.123322;Acetyl-L-carnitine;[M+H];C9H17NO4;2.87976e-4;1.410796;204.123034;3 out of 4
204.123322;204.123322;DL-Acetylcarnitine;[M+H];C9H17NO4;2.87976e-4;1.410796;204.123034;3 out of 4
205.126667;205.126667;Hexyl 3-mercaptobutanoate;[M+H];C10H20O2S;9.90120e-4;4.826894;205.125677;1 out of 4
218.138903;218.138903;O-propanoyl-carnitine;[M+H];C10H19NO4;2.18912e-4;1.003545;218.138684;1 out of 4
218.138903;218.138903;O-propanoyl-D-carnitine;[M+H];C10H19NO4;2.18912e-4;1.003545;218.138684;1 out of 4
218.138903;218.138903;Propionylcarnitine;[M+H];C10H19NO4;2.18912e-4;1.003545;218.138684;1 out of 4
219.026782;219.026782;Fuconic acid;[M+K];C6H12O6;2.36896e-4;1.081586;219.026545;2 out of 4
226.105184;226.105184;Acetyl-D-carnitine;[M+Na];C9H17NO4;2.05976e-4;0.910975;226.104978;3 out of 4
226.105184;226.105184;Acetyl-L-carnitine;[M+Na];C9H17NO4;2.05976e-4;0.910975;226.104978;3 out of 4
226.105184;226.105184;DL-Acetylcarnitine;[M+Na];C9H17NO4;2.05976e-4;0.910975;226.104978;3 out of 4
232.154502;232.154502;Butyrylcarnitine;[M+H];C11H21NO4;1.67848e-4;0.723002;232.154334;1 out of 4
232.154502;232.154502;O-butanoyl-carnitine;[M+H];C11H21NO4;1.67848e-4;0.723002;232.154334;1 out of 4
232.154502;232.154502;Isobutyryl-L-carnitine;[M+H];C11H21NO4;1.67848e-4;0.723002;232.154334;1 out of 4
242.079023;242.079023;Acetyl-D-carnitine;[M+K];C9H17NO4;1.07976e-4;0.446036;242.078915;3 out of 4
242.079023;242.079023;Acetyl-L-carnitine;[M+K];C9H17NO4;1.07976e-4;0.446036;242.078915;3 out of 4
242.079023;242.079023;DL-Acetylcarnitine;[M+K];C9H17NO4;1.07976e-4;0.446036;242.078915;3 out of 4
248.068054;248.068054;(E)-4-Nitrostilbene;[M+Na];C14H11NO2;-1.44592e-4;-0.582872;248.068199;1 out of 4
248.149400;248.149400;3-hydroxybutyrylcarnitine;[M+H];C11H21NO5;1.51228e-4;0.609424;248.149249;1 out of 4
248.149400;248.149400;Hydroxybutyrylcarnitine;[M+H];C11H21NO5;1.51228e-4;0.609424;248.149249;1 out of 4
250.093585;250.093585;S-Acetyldihydrolipoamide;[M+H];C10H19NO2S2;5.88152e-4;2.351733;250.092997;1 out of 4
250.093585;250.093585;S-Acetyldihydrolipoamide-E;[M+H];C10H19NO2S2;5.88152e-4;2.351733;250.092997;1 out of 4
260.185701;260.185701;O-hexanoyl-R-carnitine;[M+H];C13H25NO4;6.67200e-5;0.256432;260.185634;1 out of 4
260.185701;260.185701;Hexanoylcarnitine;[M+H];C13H25NO4;6.67200e-5;0.256432;260.185634;1 out of 4
263.237010;263.237010;6-[3]-ladderane-1-hexanol;[M+H];C18H30O;6.84200e-5;0.259918;263.236942;1 out of 4
263.237010;263.237010;"9,12,15-octadecatrienal";[M+H];C18H30O;6.84200e-5;0.259918;263.236942;1 out of 4
263.237010;263.237010;"9Z,12Z,15Z-Octadecatrienal";[M+H];C18H30O;6.84200e-5;0.259918;263.236942;1 out of 4
263.237010;263.237010;5-(1-hydroxypropan-2-yl)isolongifol-5-ene;[M+H];C18H30O;6.84200e-5;0.259918;263.236942;1 out of 4
263.237010;263.237010;5-(1-hydroxypropan-2-yl)isolongifol-4-ene;[M+H];C18H30O;6.84200e-5;0.259918;263.236942;1 out of 4
263.237010;263.237010;5-(2-methoxyethyl)isolongifol-5-ene;[M+H];C18H30O;6.84200e-5;0.259918;263.236942;1 out of 4
264.062873;264.062873;trans-2-(4-nitrophenyl)-3-phenyloxirane;[M+Na];C14H11NO3;-2.40212e-4;-0.909676;264.063113;1 out of 4
265.252618;265.252618;"9,12,15-Octadecatrien-1-ol";[M+H];C18H32O;2.63560e-5;0.099362;265.252592;1 out of 4
265.252618;265.252618;"9,12-octadecadienal";[M+H];C18H32O;2.63560e-5;0.099362;265.252592;1 out of 4
265.252618;265.252618;"11E,14E-Octadecadienal";[M+H];C18H32O;2.63560e-5;0.099362;265.252592;1 out of 4
265.252618;265.252618;"2E,13Z-Octadecadienal";[M+H];C18H32O;2.63560e-5;0.099362;265.252592;1 out of 4
265.252618;265.252618;"3E,13Z-Octadecadienal";[M+H];C18H32O;2.63560e-5;0.099362;265.252592;1 out of 4
265.252618;265.252618;"11Z,13Z-Octadecadienal";[M+H];C18H32O;2.63560e-5;0.099362;265.252592;1 out of 4
265.252618;265.252618;"13Z,15Z-Octadecadienal";[M+H];C18H32O;2.63560e-5;0.099362;265.252592;1 out of 4
265.252618;265.252618;"3Z,13Z-Octadecadienal";[M+H];C18H32O;2.63560e-5;0.099362;265.252592;1 out of 4
265.252618;265.252618;"9Z,12Z-Octadecadienal";[M+H];C18H32O;2.63560e-5;0.099362;265.252592;1 out of 4
265.252618;265.252618;"6E,11Z-octadecadienal";[M+H];C18H32O;2.63560e-5;0.099362;265.252592;1 out of 4
265.252618;265.252618;"4-Methyl-7,11-heptadecadienal";[M+H];C18H32O;2.63560e-5;0.099362;265.252592;1 out of 4
265.252618;265.252618;"9S,10R-Epoxy-6Z-octadecene";[M+H];C18H32O;2.63560e-5;0.099362;265.252592;1 out of 4
265.252618;265.252618;"6S,7R-Epoxy-3Z,9Z-octadecadiene";[M+H];C18H32O;2.63560e-5;0.099362;265.252592;1 out of 4
265.252618;265.252618;"3,4-Epoxy-6,9-octadecadiene";[M+H];C18H32O;2.63560e-5;0.099362;265.252592;1 out of 4
265.252618;265.252618;5-(1-hydroxypropan-2-yl)isolongifolane;[M+H];C18H32O;2.63560e-5;0.099362;265.252592;1 out of 4
271.057723;271.057723;"methyl 10-acetoxy-8,9-epoxy-2Z-decen-4,6-diynoate";[M+Na];C13H12O5;2.95160e-5;0.108892;271.057693;1 out of 4
275.046052;275.046052;4'-Chloro-2-hydroxyaurone;[M+H];C15H11ClO3;-8.95892e-4;-3.257233;275.046948;1 out of 4
279.229461;279.229461;Palmitic acid;[M+Na];C16H32O2;1.07360e-5;0.038449;279.229450;2 out of 4
279.229461;279.229461;Isopalmitic acid;[M+Na];C16H32O2;1.07360e-5;0.038449;279.229450;2 out of 4
279.229461;279.229461;"2,6-dimethyl-tetradecanoic acid";[M+Na];C16H32O2;1.07360e-5;0.038449;279.229450;2 out of 4
279.229461;279.229461;"2,8-dimethyl-tetradecanoic acid";[M+Na];C16H32O2;1.07360e-5;0.038449;279.229450;2 out of 4
279.229461;279.229461;3-methyl-pentadecanoic acid;[M+Na];C16H32O2;1.07360e-5;0.038449;279.229450;2 out of 4
279.229461;279.229461;2-propyl-tridecanoic acid;[M+Na];C16H32O2;1.07360e-5;0.038449;279.229450;2 out of 4
279.229461;279.229461;2-hexyl-decanoic acid;[M+Na];C16H32O2;1.07360e-5;0.038449;279.229450;2 out of 4
279.229461;279.229461;3-ethyl-3-methyl-tridecanoic acid;[M+Na];C16H32O2;1.07360e-5;0.038449;279.229450;2 out of 4
279.229461;279.229461;2-heptyl-nonanoic acid;[M+Na];C16H32O2;1.07360e-5;0.038449;279.229450;2 out of 4
279.229461;279.229461;6-ethyl-tetradecanoic acid;[M+Na];C16H32O2;1.07360e-5;0.038449;279.229450;2 out of 4
279.229461;279.229461;"2,4-dimethyl-tetradecanoic acid";[M+Na];C16H32O2;1.07360e-5;0.038449;279.229450;2 out of 4
279.229461;279.229461;"3,5-dimethyl-tetradecanoic acid";[M+Na];C16H32O2;1.07360e-5;0.038449;279.229450;2 out of 4
279.229461;279.229461;4-hexyl-decanoic acid;[M+Na];C16H32O2;1.07360e-5;0.038449;279.229450;2 out of 4
279.229461;279.229461;2-ethyl-2-butyl-decanoic acid;[M+Na];C16H32O2;1.07360e-5;0.038449;279.229450;2 out of 4
279.229461;279.229461;Anteisohexa­decanoic acid;[M+Na];C16H32O2;1.07360e-5;0.038449;279.229450;2 out of 4
279.229461;279.229461;"4,8,12-trimethyl-tridecanoic acid";[M+Na];C16H32O2;1.07360e-5;0.038449;279.229450;2 out of 4
279.229461;279.229461;Neopalmitic acid;[M+Na];C16H32O2;1.07360e-5;0.038449;279.229450;2 out of 4
279.229461;279.229461;"14:0(10Me,13Me)";[M+Na];C16H32O2;1.07360e-5;0.038449;279.229450;2 out of 4
279.229461;279.229461;"2,13-dimethyltetradecanoic acid";[M+Na];C16H32O2;1.07360e-5;0.038449;279.229450;2 out of 4
279.229461;279.229461;"4,13-dimethyltetradecanoic acid";[M+Na];C16H32O2;1.07360e-5;0.038449;279.229450;2 out of 4
279.229461;279.229461;"4,12-dimethyltetradecanoic acid";[M+Na];C16H32O2;1.07360e-5;0.038449;279.229450;2 out of 4
279.229461;279.229461;"2,12-dimethyltetradecanoic acid";[M+Na];C16H32O2;1.07360e-5;0.038449;279.229450;2 out of 4
279.229461;279.229461;2-hydroxyhexadecanal;[M+Na];C16H32O2;1.07360e-5;0.038449;279.229450;2 out of 4
279.229461;279.229461;Tetradecyl acetate;[M+Na];C16H32O2;1.07360e-5;0.038449;279.229450;2 out of 4
279.229461;279.229461;dodecyl butyrate;[M+Na];C16H32O2;1.07360e-5;0.038449;279.229450;2 out of 4
279.229461;279.229461;decyl hexanoate;[M+Na];C16H32O2;1.07360e-5;0.038449;279.229450;2 out of 4
279.229461;279.229461;octyl octanoate;[M+Na];C16H32O2;1.07360e-5;0.038449;279.229450;2 out of 4
279.229461;279.229461;hexyl decanoate;[M+Na];C16H32O2;1.07360e-5;0.038449;279.229450;2 out of 4
279.229461;279.229461;ethyl tetradecanoate;[M+Na];C16H32O2;1.07360e-5;0.038449;279.229450;2 out of 4
279.229461;279.229461;"Methyl 2,6,10-trimethyl-dodecanoate";[M+Na];C16H32O2;1.07360e-5;0.038449;279.229450;2 out of 4
279.229461;279.229461;7-Methyloctyl 5-methylhexanoate;[M+Na];C16H32O2;1.07360e-5;0.038449;279.229450;2 out of 4
279.229461;279.229461;Butyl dodecanoate;[M+Na];C16H32O2;1.07360e-5;0.038449;279.229450;2 out of 4
279.229461;279.229461;Dodecyl 2-methylpropanoate;[M+Na];C16H32O2;1.07360e-5;0.038449;279.229450;2 out of 4
287.054978;287.054978;Baptigenin;[M+H];C15H10O6;-3.60400e-5;-0.125551;287.055014;3 out of 4
287.054978;287.054978;Unknown Name;[M+H];C15H10O6;-3.60400e-5;-0.125551;287.055014;206 out of 4
287.054978;287.054978;Orobol;[M+H];C15H10O6;-3.60400e-5;-0.125551;287.055014;3 out of 4
287.054978;287.054978;2'-Hydroxygenistein;[M+H];C15H10O6;-3.60400e-5;-0.125551;287.055014;3 out of 4
287.054978;287.054978;6-Hydroxygenistein;[M+H];C15H10O6;-3.60400e-5;-0.125551;287.055014;3 out of 4
287.054978;287.054978;Kaempferol;[M+H];C15H10O6;-3.60400e-5;-0.125551;287.055014;3 out of 4
287.054978;287.054978;Luteolin;[M+H];C15H10O6;-3.60400e-5;-0.125551;287.055014;3 out of 4
287.054978;287.054978;Unknown Name;[M+H];C15H10O6;-3.60400e-5;-0.125551;287.055014;206 out of 4
287.054978;287.054978;Unknown Name;[M+H];C15H10O6;-3.60400e-5;-0.125551;287.055014;206 out of 4
287.054978;287.054978;Unknown Name;[M+H];C15H10O6;-3.60400e-5;-0.125551;287.055014;206 out of 4
287.054978;287.054978;Unknown Name;[M+H];C15H10O6;-3.60400e-5;-0.125551;287.055014;206 out of 4
287.054978;287.054978;Norartocarpetin;[M+H];C15H10O6;-3.60400e-5;-0.125551;287.055014;3 out of 4
287.054978;287.054978;Scutellarein;[M+H];C15H10O6;-3.60400e-5;-0.125551;287.055014;3 out of 4
287.054978;287.054978;Isoscutellarein;[M+H];C15H10O6;-3.60400e-5;-0.125551;287.055014;3 out of 4
287.054978;287.054978;Fisetin;[M+H];C15H10O6;-3.60400e-5;-0.125551;287.055014;3 out of 4
287.054978;287.054978;Unknown Name;[M+H];C15H10O6;-3.60400e-5;-0.125551;287.055014;206 out of 4
287.054978;287.054978;Datiscetin;[M+H];C15H10O6;-3.60400e-5;-0.125551;287.055014;3 out of 4
287.054978;287.054978;6-Hydroxygalangin;[M+H];C15H10O6;-3.60400e-5;-0.125551;287.055014;3 out of 4
287.054978;287.054978;8-Hydroxygalangin;[M+H];C15H10O6;-3.60400e-5;-0.125551;287.055014;3 out of 4
287.054978;287.054978;Maritimetin;[M+H];C15H10O6;-3.60400e-5;-0.125551;287.055014;3 out of 4
287.054978;287.054978;Aureusidin;[M+H];C15H10O6;-3.60400e-5;-0.125551;287.055014;3 out of 4
287.054978;287.054978;Helmon;[M+H];C15H10O6;-3.60400e-5;-0.125551;287.055014;3 out of 4
287.054978;287.054978;omega-Hydroxyemodin;[M+H];C15H10O6;-3.60400e-5;-0.125551;287.055014;3 out of 4
288.216789;288.216789;O-octanoyl-R-carnitine;[M+H];C15H29NO4;-1.45408e-4;-0.504509;288.216934;1 out of 4
288.216789;288.216789;O-octanoylcarnitine;[M+H];C15H29NO4;-1.45408e-4;-0.504509;288.216934;1 out of 4
289.034244;289.034244;"(5'-(but-3-en-1-yn-1-yl)-[2,2'-bithiophen]-5-yl)methyl acetate";[M+H];C15H12O2S2;-9.03624e-4;-3.126346;289.035148;3 out of 4
293.054169;293.054169;"4,4'-dinitrostilbene";[M+Na];C14H10N2O4;8.92200e-4;3.044498;293.053277;1 out of 4
293.056501;293.056501;(R)-4-Methoxydalbergione;[M+K];C16H14O3;-9.50308e-4;-3.242736;293.057451;1 out of 4
293.056501;293.056501;Dalbergichromene;[M+K];C16H14O3;-9.50308e-4;-3.242736;293.057451;1 out of 4
293.056501;293.056501;Unknown Name;[M+K];C16H14O3;-9.50308e-4;-3.242736;293.057451;292 out of 4
293.056501;293.056501;Unknown Name;[M+K];C16H14O3;-9.50308e-4;-3.242736;293.057451;292 out of 4
293.056501;293.056501;Parvifuran;[M+K];C16H14O3;-9.50308e-4;-3.242736;293.057451;1 out of 4
301.010788;301.010788;"5-(hexa-5-en-1,3-diyn-1-yl)-5'-(prop-1-yn-1-yl)-2,2'-bithiophene";[M+Na];C17H10S2;-8.24320e-4;-2.738499;301.011612;1 out of 4
303.049866;303.049866;Unknown Name;[M+H];C15H10O7;-6.26600e-5;-0.206765;303.049929;206 out of 4
303.049866;303.049866;Quercetin;[M+H];C15H10O7;-6.26600e-5;-0.206765;303.049929;1 out of 4
303.049866;303.049866;Tricetin;[M+H];C15H10O7;-6.26600e-5;-0.206765;303.049929;1 out of 4
303.049866;303.049866;Isoetin;[M+H];C15H10O7;-6.26600e-5;-0.206765;303.049929;1 out of 4
303.049866;303.049866;6-Hydroxyluteolin;[M+H];C15H10O7;-6.26600e-5;-0.206765;303.049929;1 out of 4
303.049866;303.049866;Hypolaetin;[M+H];C15H10O7;-6.26600e-5;-0.206765;303.049929;1 out of 4
303.049866;303.049866;Robinetin;[M+H];C15H10O7;-6.26600e-5;-0.206765;303.049929;1 out of 4
303.049866;303.049866;Rhynchosin;[M+H];C15H10O7;-6.26600e-5;-0.206765;303.049929;1 out of 4
303.049866;303.049866;Melanoxetin;[M+H];C15H10O7;-6.26600e-5;-0.206765;303.049929;1 out of 4
303.049866;303.049866;Unknown Name;[M+H];C15H10O7;-6.26600e-5;-0.206765;303.049929;206 out of 4
303.049866;303.049866;Viscidulin I;[M+H];C15H10O7;-6.26600e-5;-0.206765;303.049929;1 out of 4
303.049866;303.049866;Morin;[M+H];C15H10O7;-6.26600e-5;-0.206765;303.049929;1 out of 4
303.049866;303.049866;6-Hydroxykaempferol;[M+H];C15H10O7;-6.26600e-5;-0.206765;303.049929;1 out of 4
303.049866;303.049866;Herbacetin;[M+H];C15H10O7;-6.26600e-5;-0.206765;303.049929;1 out of 4
303.049866;303.049866;Bracteatin;[M+H];C15H10O7;-6.26600e-5;-0.206765;303.049929;1 out of 4
305.245032;305.245032;2-methyl-16-heptadecenoic acid;[M+Na];C18H34O2;-6.83280e-5;-0.223846;305.245100;1 out of 4
305.245032;305.245032;17:1(4)(16Me);[M+Na];C18H34O2;-6.83280e-5;-0.223846;305.245100;1 out of 4
305.245032;305.245032;17:1(6)(9Me);[M+Na];C18H34O2;-6.83280e-5;-0.223846;305.245100;1 out of 4
305.245032;305.245032;17:1(12)(7Me);[M+Na];C18H34O2;-6.83280e-5;-0.223846;305.245100;1 out of 4
305.245032;305.245032;Isooctadecenoic acid;[M+Na];C18H34O2;-6.83280e-5;-0.223846;305.245100;1 out of 4
305.245032;305.245032;Isooctadecenoic acid;[M+Na];C18H34O2;-6.83280e-5;-0.223846;305.245100;1 out of 4
305.245032;305.245032;Oleic acid;[M+Na];C18H34O2;-6.83280e-5;-0.223846;305.245100;1 out of 4
305.245032;305.245032;2Z-octadecenoic acid;[M+Na];C18H34O2;-6.83280e-5;-0.223846;305.245100;1 out of 4
305.245032;305.245032;trans-2-oleic acid;[M+Na];C18H34O2;-6.83280e-5;-0.223846;305.245100;1 out of 4
305.245032;305.245032;3-octadecylenic acid;[M+Na];C18H34O2;-6.83280e-5;-0.223846;305.245100;1 out of 4
305.245032;305.245032;4-octadecylenic acid;[M+Na];C18H34O2;-6.83280e-5;-0.223846;305.245100;1 out of 4
305.245032;305.245032;Thalictric acid;[M+Na];C18H34O2;-6.83280e-5;-0.223846;305.245100;1 out of 4
305.245032;305.245032;Petroselinic acid;[M+Na];C18H34O2;-6.83280e-5;-0.223846;305.245100;1 out of 4
305.245032;305.245032;Petroselaidic acid;[M+Na];C18H34O2;-6.83280e-5;-0.223846;305.245100;1 out of 4
305.245032;305.245032;7Z-octadecenoic acid;[M+Na];C18H34O2;-6.83280e-5;-0.223846;305.245100;1 out of 4
305.245032;305.245032;7E-octadecenoic acid;[M+Na];C18H34O2;-6.83280e-5;-0.223846;305.245100;1 out of 4
305.245032;305.245032;cis-8-oleic acid;[M+Na];C18H34O2;-6.83280e-5;-0.223846;305.245100;1 out of 4
305.245032;305.245032;trans-8-elaidic acid;[M+Na];C18H34O2;-6.83280e-5;-0.223846;305.245100;1 out of 4
305.245032;305.245032;9-elaidic acid;[M+Na];C18H34O2;-6.83280e-5;-0.223846;305.245100;1 out of 4
305.245032;305.245032;cis-10-oleic acid;[M+Na];C18H34O2;-6.83280e-5;-0.223846;305.245100;1 out of 4
305.245032;305.245032;10E-octadecenoic acid;[M+Na];C18H34O2;-6.83280e-5;-0.223846;305.245100;1 out of 4
305.245032;305.245032;cis-vaccenic acid;[M+Na];C18H34O2;-6.83280e-5;-0.223846;305.245100;1 out of 4
305.245032;305.245032;trans-vaccenic acid;[M+Na];C18H34O2;-6.83280e-5;-0.223846;305.245100;1 out of 4
305.245032;305.245032;cis-12-oleic acid;[M+Na];C18H34O2;-6.83280e-5;-0.223846;305.245100;1 out of 4
305.245032;305.245032;trans-12-elaidic acid;[M+Na];C18H34O2;-6.83280e-5;-0.223846;305.245100;1 out of 4
305.245032;305.245032;15E-octadecenoic acid;[M+Na];C18H34O2;-6.83280e-5;-0.223846;305.245100;1 out of 4
305.245032;305.245032;16E-octadecenoic acid;[M+Na];C18H34O2;-6.83280e-5;-0.223846;305.245100;1 out of 4
305.245032;305.245032;13Z-octadecenoic acid;[M+Na];C18H34O2;-6.83280e-5;-0.223846;305.245100;1 out of 4
305.245032;305.245032;15Z-octadecenoic acid;[M+Na];C18H34O2;-6.83280e-5;-0.223846;305.245100;1 out of 4
305.245032;305.245032;16Z-octadecenoic acid;[M+Na];C18H34O2;-6.83280e-5;-0.223846;305.245100;1 out of 4
305.245032;305.245032;17-octadecenoic acid;[M+Na];C18H34O2;-6.83280e-5;-0.223846;305.245100;1 out of 4
305.245032;305.245032;3Z-octadecenoic acid;[M+Na];C18H34O2;-6.83280e-5;-0.223846;305.245100;1 out of 4
305.245032;305.245032;4Z-octadecenoic acid;[M+Na];C18H34O2;-6.83280e-5;-0.223846;305.245100;1 out of 4
305.245032;305.245032;5Z-octadecenoic acid;[M+Na];C18H34O2;-6.83280e-5;-0.223846;305.245100;1 out of 4
305.245032;305.245032;18:1(13E);[M+Na];C18H34O2;-6.83280e-5;-0.223846;305.245100;1 out of 4
305.245032;305.245032;18:1(14E);[M+Na];C18H34O2;-6.83280e-5;-0.223846;305.245100;1 out of 4
305.245032;305.245032;18:1(14Z);[M+Na];C18H34O2;-6.83280e-5;-0.223846;305.245100;1 out of 4
305.245032;305.245032;17:1(4)(15Me);[M+Na];C18H34O2;-6.83280e-5;-0.223846;305.245100;1 out of 4
305.245032;305.245032;10-Octadecenoic acid;[M+Na];C18H34O2;-6.83280e-5;-0.223846;305.245100;1 out of 4
305.245032;305.245032;11-Cycloheptylundecanoic acid;[M+Na];C18H34O2;-6.83280e-5;-0.223846;305.245100;1 out of 4
305.245032;305.245032;Dihydromalvalic acid;[M+Na];C18H34O2;-6.83280e-5;-0.223846;305.245100;1 out of 4
305.245032;305.245032;Cyclopentanetridecanoic acid;[M+Na];C18H34O2;-6.83280e-5;-0.223846;305.245100;1 out of 4
305.245032;305.245032;11E-Hexadecenyl acetate;[M+Na];C18H34O2;-6.83280e-5;-0.223846;305.245100;1 out of 4
305.245032;305.245032;5E-Hexadecenyl acetate;[M+Na];C18H34O2;-6.83280e-5;-0.223846;305.245100;1 out of 4
305.245032;305.245032;6E-Hexadecenyl acetate;[M+Na];C18H34O2;-6.83280e-5;-0.223846;305.245100;1 out of 4
305.245032;305.245032;8E-Hexadecenyl acetate;[M+Na];C18H34O2;-6.83280e-5;-0.223846;305.245100;1 out of 4
305.245032;305.245032;9E-Hexadecenyl acetate;[M+Na];C18H34O2;-6.83280e-5;-0.223846;305.245100;1 out of 4
305.245032;305.245032;10Z-Hexadecenyl acetate;[M+Na];C18H34O2;-6.83280e-5;-0.223846;305.245100;1 out of 4
305.245032;305.245032;11Z-Hexadecenyl acetate;[M+Na];C18H34O2;-6.83280e-5;-0.223846;305.245100;1 out of 4
305.245032;305.245032;12Z-Hexadecenyl acetate;[M+Na];C18H34O2;-6.83280e-5;-0.223846;305.245100;1 out of 4
305.245032;305.245032;3Z-Hexadecenyl acetate;[M+Na];C18H34O2;-6.83280e-5;-0.223846;305.245100;1 out of 4
305.245032;305.245032;5Z-Hexadecenyl acetate;[M+Na];C18H34O2;-6.83280e-5;-0.223846;305.245100;1 out of 4
305.245032;305.245032;7Z-Hexadecenyl acetate;[M+Na];C18H34O2;-6.83280e-5;-0.223846;305.245100;1 out of 4
305.245032;305.245032;9Z-Hexadecenyl acetate;[M+Na];C18H34O2;-6.83280e-5;-0.223846;305.245100;1 out of 4
305.245032;305.245032;7-Hexadecenyl acetate;[M+Na];C18H34O2;-6.83280e-5;-0.223846;305.245100;1 out of 4
305.245032;305.245032;ethyl 7Z-hexadecenoate;[M+Na];C18H34O2;-6.83280e-5;-0.223846;305.245100;1 out of 4
305.245032;305.245032;Methyl 14-methyl-8E-hexadecenoate;[M+Na];C18H34O2;-6.83280e-5;-0.223846;305.245100;1 out of 4
305.245032;305.245032;Methyl 14-methyl-8Z-hexadecenoate;[M+Na];C18H34O2;-6.83280e-5;-0.223846;305.245100;1 out of 4
305.245032;305.245032;ethyl 9Z-hexadecenoate;[M+Na];C18H34O2;-6.83280e-5;-0.223846;305.245100;1 out of 4
305.245032;305.245032;Ethyl 9-hexadecenoate;[M+Na];C18H34O2;-6.83280e-5;-0.223846;305.245100;1 out of 4
305.245032;305.245032;18-Octadecanolide;[M+Na];C18H34O2;-6.83280e-5;-0.223846;305.245100;1 out of 4
309.036776;309.036776;Baptigenin;[M+Na];C15H10O6;-1.82040e-4;-0.589056;309.036958;3 out of 4
309.036776;309.036776;Unknown Name;[M+Na];C15H10O6;-1.82040e-4;-0.589056;309.036958;221 out of 4
309.036776;309.036776;Orobol;[M+Na];C15H10O6;-1.82040e-4;-0.589056;309.036958;3 out of 4
309.036776;309.036776;2'-Hydroxygenistein;[M+Na];C15H10O6;-1.82040e-4;-0.589056;309.036958;3 out of 4
309.036776;309.036776;6-Hydroxygenistein;[M+Na];C15H10O6;-1.82040e-4;-0.589056;309.036958;3 out of 4
309.036776;309.036776;Kaempferol;[M+Na];C15H10O6;-1.82040e-4;-0.589056;309.036958;3 out of 4
309.036776;309.036776;Luteolin;[M+Na];C15H10O6;-1.82040e-4;-0.589056;309.036958;3 out of 4
309.036776;309.036776;Unknown Name;[M+Na];C15H10O6;-1.82040e-4;-0.589056;309.036958;221 out of 4
309.036776;309.036776;Unknown Name;[M+Na];C15H10O6;-1.82040e-4;-0.589056;309.036958;221 out of 4
309.036776;309.036776;Unknown Name;[M+Na];C15H10O6;-1.82040e-4;-0.589056;309.036958;221 out of 4
309.036776;309.036776;Unknown Name;[M+Na];C15H10O6;-1.82040e-4;-0.589056;309.036958;221 out of 4
309.036776;309.036776;Norartocarpetin;[M+Na];C15H10O6;-1.82040e-4;-0.589056;309.036958;3 out of 4
309.036776;309.036776;Scutellarein;[M+Na];C15H10O6;-1.82040e-4;-0.589056;309.036958;3 out of 4
309.036776;309.036776;Isoscutellarein;[M+Na];C15H10O6;-1.82040e-4;-0.589056;309.036958;3 out of 4
309.036776;309.036776;Fisetin;[M+Na];C15H10O6;-1.82040e-4;-0.589056;309.036958;3 out of 4
309.036776;309.036776;Unknown Name;[M+Na];C15H10O6;-1.82040e-4;-0.589056;309.036958;221 out of 4
309.036776;309.036776;Datiscetin;[M+Na];C15H10O6;-1.82040e-4;-0.589056;309.036958;3 out of 4
309.036776;309.036776;6-Hydroxygalangin;[M+Na];C15H10O6;-1.82040e-4;-0.589056;309.036958;3 out of 4
309.036776;309.036776;8-Hydroxygalangin;[M+Na];C15H10O6;-1.82040e-4;-0.589056;309.036958;3 out of 4
309.036776;309.036776;Maritimetin;[M+Na];C15H10O6;-1.82040e-4;-0.589056;309.036958;3 out of 4
309.036776;309.036776;Aureusidin;[M+Na];C15H10O6;-1.82040e-4;-0.589056;309.036958;3 out of 4
309.036776;309.036776;Helmon;[M+Na];C15H10O6;-1.82040e-4;-0.589056;309.036958;3 out of 4
309.036776;309.036776;omega-Hydroxyemodin;[M+Na];C15H10O6;-1.82040e-4;-0.589056;309.036958;3 out of 4
311.016048;311.016048;"(5'-(but-3-en-1-yn-1-yl)-[2,2'-bithiophen]-5-yl)methyl acetate";[M+Na];C15H12O2S2;-1.04362e-3;-3.355520;311.017092;3 out of 4
313.273496;313.273496;10-oxo-nonadecanoic acid;[M+H];C19H36O3;-2.25012e-4;-0.718260;313.273721;1 out of 4
313.273496;313.273496;18-oxo-nonadecanoic acid;[M+H];C19H36O3;-2.25012e-4;-0.718260;313.273721;1 out of 4
313.273496;313.273496;2-oxo-nonadecanoic acid;[M+H];C19H36O3;-2.25012e-4;-0.718260;313.273721;1 out of 4
313.273496;313.273496;3-oxo-nonadecanoic acid;[M+H];C19H36O3;-2.25012e-4;-0.718260;313.273721;1 out of 4
316.248176;316.248176;O-decanoyl-R-carnitine;[M+H];C17H33NO4;-5.85360e-5;-0.185095;316.248235;1 out of 4
316.248176;316.248176;Decanoylcarnitine;[M+H];C17H33NO4;-5.85360e-5;-0.185095;316.248235;1 out of 4
317.251469;317.251469;2-mercapto-octadecanoic acid;[M+H];C18H36O2S;5.91608e-4;1.864795;317.250877;1 out of 4
324.058863;324.058863;Peonidin;[M+Na];C16H13O6;-1.02156e-3;-3.152368;324.059885;1 out of 4
324.214819;324.214819;"2,6 dimethylheptanoyl carnitine";[M+Na];C16H31NO4;2.90528e-4;0.896098;324.214528;1 out of 4
324.214819;324.214819;Nonanoylcarnitine;[M+Na];C16H31NO4;2.90528e-4;0.896098;324.214528;1 out of 4
324.214819;324.214819;Unknown Name;[M+Na];C16H31NO4;2.90528e-4;0.896098;324.214528;221 out of 4
325.010715;325.010715;Baptigenin;[M+K];C15H10O6;-1.80040e-4;-0.553951;325.010895;3 out of 4
325.010715;325.010715;Unknown Name;[M+K];C15H10O6;-1.80040e-4;-0.553951;325.010895;292 out of 4
325.010715;325.010715;Orobol;[M+K];C15H10O6;-1.80040e-4;-0.553951;325.010895;3 out of 4
325.010715;325.010715;2'-Hydroxygenistein;[M+K];C15H10O6;-1.80040e-4;-0.553951;325.010895;3 out of 4
325.010715;325.010715;6-Hydroxygenistein;[M+K];C15H10O6;-1.80040e-4;-0.553951;325.010895;3 out of 4
325.010715;325.010715;Kaempferol;[M+K];C15H10O6;-1.80040e-4;-0.553951;325.010895;3 out of 4
325.010715;325.010715;Luteolin;[M+K];C15H10O6;-1.80040e-4;-0.553951;325.010895;3 out of 4
325.010715;325.010715;Unknown Name;[M+K];C15H10O6;-1.80040e-4;-0.553951;325.010895;292 out of 4
325.010715;325.010715;Unknown Name;[M+K];C15H10O6;-1.80040e-4;-0.553951;325.010895;292 out of 4
325.010715;325.010715;Unknown Name;[M+K];C15H10O6;-1.80040e-4;-0.553951;325.010895;292 out of 4
325.010715;325.010715;Unknown Name;[M+K];C15H10O6;-1.80040e-4;-0.553951;325.010895;292 out of 4
325.010715;325.010715;Norartocarpetin;[M+K];C15H10O6;-1.80040e-4;-0.553951;325.010895;3 out of 4
325.010715;325.010715;Scutellarein;[M+K];C15H10O6;-1.80040e-4;-0.553951;325.010895;3 out of 4
325.010715;325.010715;Isoscutellarein;[M+K];C15H10O6;-1.80040e-4;-0.553951;325.010895;3 out of 4
325.010715;325.010715;Fisetin;[M+K];C15H10O6;-1.80040e-4;-0.553951;325.010895;3 out of 4
325.010715;325.010715;Unknown Name;[M+K];C15H10O6;-1.80040e-4;-0.553951;325.010895;292 out of 4
325.010715;325.010715;Datiscetin;[M+K];C15H10O6;-1.80040e-4;-0.553951;325.010895;3 out of 4
325.010715;325.010715;6-Hydroxygalangin;[M+K];C15H10O6;-1.80040e-4;-0.553951;325.010895;3 out of 4
325.010715;325.010715;8-Hydroxygalangin;[M+K];C15H10O6;-1.80040e-4;-0.553951;325.010895;3 out of 4
325.010715;325.010715;Maritimetin;[M+K];C15H10O6;-1.80040e-4;-0.553951;325.010895;3 out of 4
325.010715;325.010715;Aureusidin;[M+K];C15H10O6;-1.80040e-4;-0.553951;325.010895;3 out of 4
325.010715;325.010715;Helmon;[M+K];C15H10O6;-1.80040e-4;-0.553951;325.010895;3 out of 4
325.010715;325.010715;omega-Hydroxyemodin;[M+K];C15H10O6;-1.80040e-4;-0.553951;325.010895;3 out of 4
325.227252;325.227252;2-chlorostearaldehyde;[M+Na];C18H35OCl;3.88580e-4;1.194797;325.226863;1 out of 4
325.227252;325.227252;7-methyl-6E-nonen-3-ol;[M+NORHARMANE+H];C10H20O;-1.08826e-3;-3.346141;325.228340;1 out of 4
325.227252;325.227252;5-decen-1-ol;[M+NORHARMANE+H];C10H20O;-1.08826e-3;-3.346141;325.228340;1 out of 4
325.227252;325.227252;7E-decen-1-ol;[M+NORHARMANE+H];C10H20O;-1.08826e-3;-3.346141;325.228340;1 out of 4
325.227252;325.227252;3Z-Decen-1-ol;[M+NORHARMANE+H];C10H20O;-1.08826e-3;-3.346141;325.228340;1 out of 4
325.227252;325.227252;5Z-Decen-1-ol;[M+NORHARMANE+H];C10H20O;-1.08826e-3;-3.346141;325.228340;1 out of 4
325.227252;325.227252;2-Decen-1-ol;[M+NORHARMANE+H];C10H20O;-1.08826e-3;-3.346141;325.228340;1 out of 4
325.227252;325.227252;E-subaeneol;[M+NORHARMANE+H];C10H20O;-1.08826e-3;-3.346141;325.228340;1 out of 4
325.227252;325.227252;1-Decen-3-ol;[M+NORHARMANE+H];C10H20O;-1.08826e-3;-3.346141;325.228340;1 out of 4
325.227252;325.227252;alpha-Citronellol;[M+NORHARMANE+H];C10H20O;-1.08826e-3;-3.346141;325.228340;1 out of 4
325.227252;325.227252;cis-4-Decenol;[M+NORHARMANE+H];C10H20O;-1.08826e-3;-3.346141;325.228340;1 out of 4
325.227252;325.227252;Capraldehyde;[M+NORHARMANE+H];C10H20O;-1.08826e-3;-3.346141;325.228340;1 out of 4
325.227252;325.227252;Decan-2-one;[M+NORHARMANE+H];C10H20O;-1.08826e-3;-3.346141;325.228340;1 out of 4
325.227252;325.227252;Decan-4-one;[M+NORHARMANE+H];C10H20O;-1.08826e-3;-3.346141;325.228340;1 out of 4
325.227252;325.227252;"4,6-Dimethyloctan-3-one";[M+NORHARMANE+H];C10H20O;-1.08826e-3;-3.346141;325.228340;1 out of 4
325.227252;325.227252;4-Methylnonan-3-one;[M+NORHARMANE+H];C10H20O;-1.08826e-3;-3.346141;325.228340;1 out of 4
325.227252;325.227252;4-Methylnonan-5-one;[M+NORHARMANE+H];C10H20O;-1.08826e-3;-3.346141;325.228340;1 out of 4
325.227252;325.227252;6-Methylnonan-3-one;[M+NORHARMANE+H];C10H20O;-1.08826e-3;-3.346141;325.228340;1 out of 4
325.227252;325.227252;8-Methylnonan-2-one;[M+NORHARMANE+H];C10H20O;-1.08826e-3;-3.346141;325.228340;1 out of 4
325.227252;325.227252;Decan-3-one;[M+NORHARMANE+H];C10H20O;-1.08826e-3;-3.346141;325.228340;1 out of 4
325.227252;325.227252;beta-Citronellol;[M+NORHARMANE+H];C10H20O;-1.08826e-3;-3.346141;325.228340;1 out of 4
325.227252;325.227252;(-)-Citronellol;[M+NORHARMANE+H];C10H20O;-1.08826e-3;-3.346141;325.228340;1 out of 4
325.227252;325.227252;(-)-Menthol;[M+NORHARMANE+H];C10H20O;-1.08826e-3;-3.346141;325.228340;1 out of 4
325.227252;325.227252;(+)-Neomenthol;[M+NORHARMANE+H];C10H20O;-1.08826e-3;-3.346141;325.228340;1 out of 4
325.227252;325.227252;neoisomenthol;[M+NORHARMANE+H];C10H20O;-1.08826e-3;-3.346141;325.228340;1 out of 4
326.989992;326.989992;"(5'-(but-3-en-1-yn-1-yl)-[2,2'-bithiophen]-5-yl)methyl acetate";[M+K];C15H12O2S2;-1.03662e-3;-3.170191;326.991029;3 out of 4
333.057754;333.057754;Unknown Name;[M+K];C11H18O9;-4.85156e-4;-1.456670;333.058239;292 out of 4
333.057754;333.057754;Tuliposide B;[M+K];C11H18O9;-4.85156e-4;-1.456670;333.058239;1 out of 4
337.273412;337.273412;"methyl 5R,6R-epoxy-7-eicosynoate";[M+H];C21H36O3;-3.09012e-4;-0.916205;337.273721;1 out of 4
337.273412;337.273412;"methyl 5S,6R-epoxy-7-eicosynoate";[M+H];C21H36O3;-3.09012e-4;-0.916205;337.273721;1 out of 4
337.273412;337.273412;11-(3-methyl-5-pentylfuran-2-yl)-undecanoic acid;[M+H];C21H36O3;-3.09012e-4;-0.916205;337.273721;1 out of 4
337.273412;337.273412;"11-(3,4-dimethyl-5-butylfuran-2-yl)-undecanoic acid";[M+H];C21H36O3;-3.09012e-4;-0.916205;337.273721;1 out of 4
337.273412;337.273412;"10-(3,4-dimethyl-5-pentylfuran-2-yl)-decanoic acid";[M+H];C21H36O3;-3.09012e-4;-0.916205;337.273721;1 out of 4
337.273412;337.273412;Isolinderanolide E;[M+H];C21H36O3;-3.09012e-4;-0.916205;337.273721;1 out of 4
337.273412;337.273412;5-(2R-hydroxy-pentadecyl)resorcinol;[M+H];C21H36O3;-3.09012e-4;-0.916205;337.273721;1 out of 4
341.065331;341.065331;Unknown Name;[M+H];C18H12O7;-2.47724e-4;-0.726324;341.065579;206 out of 4
341.065331;341.065331;Pulcherrimin;[M+H];C18H12O7;-2.47724e-4;-0.726324;341.065579;1 out of 4
341.065331;341.065331;Versicolorin B;[M+H];C18H12O7;-2.47724e-4;-0.726324;341.065579;1 out of 4
341.304852;341.304852;2-oxo-heneicosanoic acid;[M+H];C21H40O3;-1.69140e-4;-0.495568;341.305021;1 out of 4
341.304852;341.304852;20-oxo-heneicosanoic acid;[M+H];C21H40O3;-1.69140e-4;-0.495568;341.305021;1 out of 4
341.304852;341.304852;3-oxo-heneicosanoic acid;[M+H];C21H40O3;-1.69140e-4;-0.495568;341.305021;1 out of 4
341.304852;341.304852;5-oxo-heneicosanoic acid;[M+H];C21H40O3;-1.69140e-4;-0.495568;341.305021;1 out of 4
344.279211;344.279211;Dodecanoylcarnitine;[M+H];C19H37NO4;-3.23664e-4;-0.940120;344.279535;1 out of 4
344.279211;344.279211;O-dodecanoylcarnitine;[M+H];C19H37NO4;-3.23664e-4;-0.940120;344.279535;1 out of 4
344.279211;344.279211;N-palmitoyl serine;[M+H];C19H37NO4;-3.23664e-4;-0.940120;344.279535;1 out of 4
349.031726;349.031726;2-Hydroxyflemichapparin C;[M+Na];C17H10O7;-1.46660e-4;-0.420191;349.031873;1 out of 4
349.031726;349.031726;Tephrosol;[M+Na];C17H10O7;-1.46660e-4;-0.420191;349.031873;1 out of 4
349.031726;349.031726;Sophoracoumestan B;[M+Na];C17H10O7;-1.46660e-4;-0.420191;349.031873;1 out of 4
349.067014;349.067014;Cuneatin methyl ether;[M+Na];C18H14O6;-1.24417e-3;-3.564254;349.068258;1 out of 4
349.067014;349.067014;Fujikinetin methyl ether;[M+Na];C18H14O6;-1.24417e-3;-3.564254;349.068258;1 out of 4
349.067014;349.067014;Unknown Name;[M+Na];C18H14O6;-1.24417e-3;-3.564254;349.068258;221 out of 4
349.067014;349.067014;Maximaisoflavone D;[M+Na];C18H14O6;-1.24417e-3;-3.564254;349.068258;1 out of 4
349.067014;349.067014;Unknown Name;[M+Na];C18H14O6;-1.24417e-3;-3.564254;349.068258;221 out of 4
349.067014;349.067014;Derrustone;[M+Na];C18H14O6;-1.24417e-3;-3.564254;349.068258;1 out of 4
349.067014;349.067014;Tlatlancuayin;[M+Na];C18H14O6;-1.24417e-3;-3.564254;349.068258;1 out of 4
349.067014;349.067014;Irisolone methyl ether;[M+Na];C18H14O6;-1.24417e-3;-3.564254;349.068258;1 out of 4
349.067014;349.067014;Boeravinone A;[M+Na];C18H14O6;-1.24417e-3;-3.564254;349.068258;1 out of 4
349.067014;349.067014;Unknown Name;[M+Na];C18H14O6;-1.24417e-3;-3.564254;349.068258;221 out of 4
349.067014;349.067014;Millettocalyxin A;[M+Na];C18H14O6;-1.24417e-3;-3.564254;349.068258;1 out of 4
349.067014;349.067014;Milletenin C;[M+Na];C18H14O6;-1.24417e-3;-3.564254;349.068258;1 out of 4
349.067014;349.067014;Unknown Name;[M+Na];C18H14O6;-1.24417e-3;-3.564254;349.068258;221 out of 4
349.067014;349.067014;Unknown Name;[M+Na];C18H14O6;-1.24417e-3;-3.564254;349.068258;221 out of 4
349.067014;349.067014;Demethoxykanugin;[M+Na];C18H14O6;-1.24417e-3;-3.564254;349.068258;1 out of 4
349.067014;349.067014;Unknown Name;[M+Na];C18H14O6;-1.24417e-3;-3.564254;349.068258;221 out of 4
349.067014;349.067014;Elephantopinolide K;[M+K];C15H18O7;-1.39592e-3;-3.998975;349.068410;1 out of 4
349.190577;349.190577;"Methyl 2E,4E,6Z-decatrienoate";[M+NORHARMANE+H];C11H16O2;-1.37775e-3;-3.945543;349.191955;1 out of 4
349.190577;349.190577;"Methyl 2E,4Z,6Z-decatrienoate";[M+NORHARMANE+H];C11H16O2;-1.37775e-3;-3.945543;349.191955;1 out of 4
349.190577;349.190577;"Methyl 2Z,4E,6Z-decatrienoate";[M+NORHARMANE+H];C11H16O2;-1.37775e-3;-3.945543;349.191955;1 out of 4
349.190577;349.190577;"7E,10-undecadien-4-olide";[M+NORHARMANE+H];C11H16O2;-1.37775e-3;-3.945543;349.191955;1 out of 4
349.190577;349.190577;5-pentylresorcinol;[M+NORHARMANE+H];C11H16O2;-1.37775e-3;-3.945543;349.191955;1 out of 4
351.123748;351.123748;Leiocarpin;[M+H];C21H18O5;1.04832e-3;2.985634;351.122700;1 out of 4
351.123748;351.123748;Semiglabrinol;[M+H];C21H18O5;1.04832e-3;2.985634;351.122700;1 out of 4
351.123748;351.123748;Pseudosemiglabrinol;[M+H];C21H18O5;1.04832e-3;2.985634;351.122700;1 out of 4
351.123748;351.123748;Glabrachromene II;[M+H];C21H18O5;1.04832e-3;2.985634;351.122700;1 out of 4
351.123748;351.123748;Maximaisoflavone B;[M+H];C21H18O5;1.04832e-3;2.985634;351.122700;1 out of 4
351.123748;351.123748;4'-O-methylalpinumisoflavone;[M+H];C21H18O5;1.04832e-3;2.985634;351.122700;1 out of 4
351.123748;351.123748;4'-O-Methylderrone;[M+H];C21H18O5;1.04832e-3;2.985634;351.122700;1 out of 4
351.123748;351.123748;Neorautenane;[M+H];C21H18O5;1.04832e-3;2.985634;351.122700;1 out of 4
351.123748;351.123748;Ovalichromene B;[M+H];C21H18O5;1.04832e-3;2.985634;351.122700;1 out of 4
353.139384;353.139384;Unknown Name;[M+H];C21H20O5;1.03426e-3;2.928767;353.138350;206 out of 4
353.139384;353.139384;Gancaonin A;[M+H];C21H20O5;1.03426e-3;2.928767;353.138350;1 out of 4
353.139384;353.139384;Gancaonin G;[M+H];C21H20O5;1.03426e-3;2.928767;353.138350;1 out of 4
353.139384;353.139384;Edulenanol;[M+H];C21H20O5;1.03426e-3;2.928767;353.138350;1 out of 4
353.139384;353.139384;Leiocin;[M+H];C21H20O5;1.03426e-3;2.928767;353.138350;1 out of 4
353.139384;353.139384;Brandisianone F;[M+H];C21H20O5;1.03426e-3;2.928767;353.138350;1 out of 4
353.139384;353.139384;Gancanin M;[M+H];C21H20O5;1.03426e-3;2.928767;353.138350;1 out of 4
353.139384;353.139384;5-O-Methyllupiwighteone;[M+H];C21H20O5;1.03426e-3;2.928767;353.138350;1 out of 4
353.139384;353.139384;Edunol;[M+H];C21H20O5;1.03426e-3;2.928767;353.138350;1 out of 4
353.139384;353.139384;Neorautane;[M+H];C21H20O5;1.03426e-3;2.928767;353.138350;1 out of 4
353.139384;353.139384;Neorauflavene;[M+H];C21H20O5;1.03426e-3;2.928767;353.138350;1 out of 4
353.139384;353.139384;Artonin U;[M+H];C21H20O5;1.03426e-3;2.928767;353.138350;1 out of 4
353.139384;353.139384;Pongachalcone II;[M+H];C21H20O5;1.03426e-3;2.928767;353.138350;1 out of 4
353.139384;353.139384;(+)-Tephrosone;[M+H];C21H20O5;1.03426e-3;2.928767;353.138350;1 out of 4
353.139384;353.139384;Epoxyobovatachalcone;[M+H];C21H20O5;1.03426e-3;2.928767;353.138350;1 out of 4
353.139384;353.139384;Xanthohumol C;[M+H];C21H20O5;1.03426e-3;2.928767;353.138350;1 out of 4
353.139384;353.139384;Citrunobin;[M+H];C21H20O5;1.03426e-3;2.928767;353.138350;1 out of 4
353.139384;353.139384;Demethylpraecanson B;[M+H];C21H20O5;1.03426e-3;2.928767;353.138350;1 out of 4
353.139384;353.139384;Ovaliflavanone C;[M+H];C21H20O5;1.03426e-3;2.928767;353.138350;1 out of 4
353.139384;353.139384;Unknown Name;[M+H];C21H20O5;1.03426e-3;2.928767;353.138350;206 out of 4
355.155081;355.155081;Quercetol A;[M+H];C21H22O5;1.08120e-3;3.044302;355.154000;1 out of 4
355.155081;355.155081;Edudiol;[M+H];C21H22O5;1.08120e-3;3.044302;355.154000;1 out of 4
355.155081;355.155081;3'-Methoxyglabridin;[M+H];C21H22O5;1.08120e-3;3.044302;355.154000;1 out of 4
355.155081;355.155081;Neorauflavane;[M+H];C21H22O5;1.08120e-3;3.044302;355.154000;1 out of 4
355.155081;355.155081;Xanthoangelol H;[M+H];C21H22O5;1.08120e-3;3.044302;355.154000;1 out of 4
355.155081;355.155081;Helichromanochalcone;[M+H];C21H22O5;1.08120e-3;3.044302;355.154000;1 out of 4
355.155081;355.155081;2'-Methoxyhelikrausichalcone;[M+H];C21H22O5;1.08120e-3;3.044302;355.154000;1 out of 4
355.155081;355.155081;Unknown Name;[M+H];C21H22O5;1.08120e-3;3.044302;355.154000;206 out of 4
355.155081;355.155081;Licochalcone D;[M+H];C21H22O5;1.08120e-3;3.044302;355.154000;1 out of 4
355.155081;355.155081;Flemistrictin D;[M+H];C21H22O5;1.08120e-3;3.044302;355.154000;1 out of 4
355.155081;355.155081;Tephroleocarpin A;[M+H];C21H22O5;1.08120e-3;3.044302;355.154000;1 out of 4
355.155081;355.155081;Unknown Name;[M+H];C21H22O5;1.08120e-3;3.044302;355.154000;206 out of 4
355.155081;355.155081;Unknown Name;[M+H];C21H22O5;1.08120e-3;3.044302;355.154000;206 out of 4
355.155081;355.155081;Agrandol;[M+H];C21H22O5;1.08120e-3;3.044302;355.154000;1 out of 4
355.155081;355.155081;Ambofuranol;[M+H];C21H22O5;1.08120e-3;3.044302;355.154000;1 out of 4
355.155081;355.155081;Gancaonin I;[M+H];C21H22O5;1.08120e-3;3.044302;355.154000;1 out of 4
355.155081;355.155081;Unknown Name;[M+H];C21H22O5;1.08120e-3;3.044302;355.154000;206 out of 4
355.155081;355.155081;1-Methoxyphaseollidin;[M+H];C21H22O5;1.08120e-3;3.044302;355.154000;1 out of 4
355.155081;355.155081;Cristacarpin;[M+H];C21H22O5;1.08120e-3;3.044302;355.154000;1 out of 4
355.155081;355.155081;Glyceollin IV;[M+H];C21H22O5;1.08120e-3;3.044302;355.154000;1 out of 4
355.155081;355.155081;Xanthoangelol D;[M+H];C21H22O5;1.08120e-3;3.044302;355.154000;1 out of 4
355.155081;355.155081;Xanthohumol;[M+H];C21H22O5;1.08120e-3;3.044302;355.154000;1 out of 4
355.155081;355.155081;Isodehydrocycloxanthohumol hydrate;[M+H];C21H22O5;1.08120e-3;3.044302;355.154000;1 out of 4
355.155081;355.155081;Xanthogalenol;[M+H];C21H22O5;1.08120e-3;3.044302;355.154000;1 out of 4
355.155081;355.155081;Unknown Name;[M+H];C21H22O5;1.08120e-3;3.044302;355.154000;206 out of 4
355.155081;355.155081;Licoagrochalcone D;[M+H];C21H22O5;1.08120e-3;3.044302;355.154000;1 out of 4
355.155081;355.155081;Licoagrochalcone C;[M+H];C21H22O5;1.08120e-3;3.044302;355.154000;1 out of 4
355.155081;355.155081;Unknown Name;[M+H];C21H22O5;1.08120e-3;3.044302;355.154000;206 out of 4
355.155081;355.155081;Isoxanthohumol(Sophora);[M+H];C21H22O5;1.08120e-3;3.044302;355.154000;1 out of 4
355.155081;355.155081;Unknown Name;[M+H];C21H22O5;1.08120e-3;3.044302;355.154000;206 out of 4
355.155081;355.155081;Unknown Name;[M+H];C21H22O5;1.08120e-3;3.044302;355.154000;206 out of 4
355.155081;355.155081;Mundulea flavanone B;[M+H];C21H22O5;1.08120e-3;3.044302;355.154000;1 out of 4
355.155081;355.155081;8-Methoxypinocembrin 7-O-prenyl ether;[M+H];C21H22O5;1.08120e-3;3.044302;355.154000;1 out of 4
355.155081;355.155081;Microfolione;[M+H];C21H22O5;1.08120e-3;3.044302;355.154000;1 out of 4
355.155081;355.155081;Epoxybergamottin;[M+H];C21H22O5;1.08120e-3;3.044302;355.154000;1 out of 4
359.075716;359.075716;Unknown Name;[M+H];C18H14O8;-4.27408e-4;-1.190299;359.076143;206 out of 4
359.075716;359.075716;Dalpalatin;[M+H];C18H14O8;-4.27408e-4;-1.190299;359.076143;1 out of 4
359.075716;359.075716;Luteolin 7-lactate;[M+H];C18H14O8;-4.27408e-4;-1.190299;359.076143;1 out of 4
359.075716;359.075716;Linderoflavone A;[M+H];C18H14O8;-4.27408e-4;-1.190299;359.076143;1 out of 4
359.075716;359.075716;Unknown Name;[M+H];C18H14O8;-4.27408e-4;-1.190299;359.076143;206 out of 4
359.075716;359.075716;Unknown Name;[M+H];C18H14O8;-4.27408e-4;-1.190299;359.076143;206 out of 4
359.075716;359.075716;Unknown Name;[M+H];C18H14O8;-4.27408e-4;-1.190299;359.076143;206 out of 4
359.075716;359.075716;Unknown Name;[M+H];C18H14O8;-4.27408e-4;-1.190299;359.076143;206 out of 4
359.075716;359.075716;Pollenitin 8-acetate;[M+H];C18H14O8;-4.27408e-4;-1.190299;359.076143;1 out of 4
359.075716;359.075716;Unknown Name;[M+H];C18H14O8;-4.27408e-4;-1.190299;359.076143;206 out of 4
361.273322;361.273322;"methyl 9,10-Epoxy-11,13-docosadiynoate";[M+H];C23H36O3;-3.99012e-4;-1.104459;361.273721;1 out of 4
361.273322;361.273322;"1alpha,23-dihydroxy-24,25,26,27-tetranorvitamin D3 / 1alpha,23-dihydroxy-24,25,26,27-tetranorcholecalciferol";[M+H];C23H36O3;-3.99012e-4;-1.104459;361.273721;1 out of 4
361.273322;361.273322;Unknown Name;[M+H];C23H36O3;-3.99012e-4;-1.104459;361.273721;206 out of 4
363.289027;363.289027;Unknown Name;[M+H];C23H38O3;-3.44076e-4;-0.947113;363.289371;206 out of 4
363.289027;363.289027;Norlithocholic acid;[M+H];C23H38O3;-3.44076e-4;-0.947113;363.289371;2 out of 4
363.289027;363.289027;2-(8-[5]-ladderane-octanyl)-sn-glycerol;[M+H];C23H38O3;-3.44076e-4;-0.947113;363.289371;2 out of 4
363.289027;363.289027;"1-O-(1E,3E,5E,7E,9E-eicosapentenyl)-sn-glycerol";[M+H];C23H38O3;-3.44076e-4;-0.947113;363.289371;2 out of 4
363.289027;363.289027;5-(2-oxo-heptadecyl)resorcinol;[M+H];C23H38O3;-3.44076e-4;-0.947113;363.289371;2 out of 4
363.289027;363.289027;Unknown Name;[M+H];C23H38O3;-3.44076e-4;-0.947113;363.289371;206 out of 4
365.268168;365.268168;Dinordeoxycholic acid;[M+H];C22H36O4;-4.67632e-4;-1.280241;365.268636;1 out of 4
365.268168;365.268168;Dinorchenodeoxycholic acid;[M+H];C22H36O4;-4.67632e-4;-1.280241;365.268636;1 out of 4
365.268168;365.268168;Dinorursodeoxycholic acid;[M+H];C22H36O4;-4.67632e-4;-1.280241;365.268636;1 out of 4
365.268168;365.268168;Dinorhyodeoxycholic acid;[M+H];C22H36O4;-4.67632e-4;-1.280241;365.268636;1 out of 4
365.268168;365.268168;Dinormurideoxycholic acid;[M+H];C22H36O4;-4.67632e-4;-1.280241;365.268636;1 out of 4
365.268168;365.268168;"11-deoxy-16,16-dimethyl-PGE2";[M+H];C22H36O4;-4.67632e-4;-1.280241;365.268636;1 out of 4
365.268168;365.268168;"16,16-dimethyl-PGA1";[M+H];C22H36O4;-4.67632e-4;-1.280241;365.268636;1 out of 4
369.351115;369.351115;3-Deoxyvitamin D3;[M+H];C27H44;-4.62408e-4;-1.251945;369.351577;1 out of 4
370.294809;370.294809;N-oleoyl L-serine;[M+H];C21H39NO4;-3.75728e-4;-1.014672;370.295185;1 out of 4
370.294809;370.294809;cis-5-Tetradecenoylcarnitine;[M+H];C21H39NO4;-3.75728e-4;-1.014672;370.295185;1 out of 4
371.315080;371.315080;3-Acetoxy-eicosanoic acid;[M+H];C22H42O4;-5.05824e-4;-1.362248;371.315586;3 out of 4
371.315080;371.315080;Phellogenic acid;[M+H];C22H42O4;-5.05824e-4;-1.362248;371.315586;3 out of 4
371.315080;371.315080;"hexanedioic acid,1,6-bis[(2R)-ethylhexyl] ester";[M+H];C22H42O4;-5.05824e-4;-1.362248;371.315586;3 out of 4
371.315080;371.315080;"FAHFA(2:0/2-O-20:0)";[M+H];C22H42O4;-5.05824e-4;-1.362248;371.315586;3 out of 4
371.315080;371.315080;"FAHFA(10:0/3-O-12:0)";[M+H];C22H42O4;-5.05824e-4;-1.362248;371.315586;3 out of 4
371.315080;371.315080;"FAHFA(12:0/3-O-10:0)";[M+H];C22H42O4;-5.05824e-4;-1.362248;371.315586;3 out of 4
371.315080;371.315080;"FAHFA(8:0/3-O-14:0)";[M+H];C22H42O4;-5.05824e-4;-1.362248;371.315586;3 out of 4
371.315080;371.315080;"FAHFA(14:0/3-O-8:0)";[M+H];C22H42O4;-5.05824e-4;-1.362248;371.315586;3 out of 4
372.310456;372.310456;O-tetradecanoylcarnitine;[M+H];C21H41NO4;-3.78792e-4;-1.017408;372.310835;1 out of 4
372.310456;372.310456;Tetradecanoylcarnitine;[M+H];C21H41NO4;-3.78792e-4;-1.017408;372.310835;1 out of 4
372.310456;372.310456;N-stearoyl serine;[M+H];C21H41NO4;-3.78792e-4;-1.017408;372.310835;1 out of 4
383.066763;383.066763;Sanaganone;[M+K];C22H16O4;-1.25299e-3;-3.270939;383.068016;1 out of 4
383.075618;383.075618;Irigenin;[M+Na];C18H16O8;1.88053e-3;4.909050;383.073737;1 out of 4
383.075618;383.075618;Unknown Name;[M+Na];C18H16O8;1.88053e-3;4.909050;383.073737;221 out of 4
383.075618;383.075618;Unknown Name;[M+Na];C18H16O8;1.88053e-3;4.909050;383.073737;221 out of 4
383.075618;383.075618;Unknown Name;[M+Na];C18H16O8;1.88053e-3;4.909050;383.073737;221 out of 4
383.075618;383.075618;Unknown Name;[M+Na];C18H16O8;1.88053e-3;4.909050;383.073737;221 out of 4
383.075618;383.075618;Unknown Name;[M+Na];C18H16O8;1.88053e-3;4.909050;383.073737;221 out of 4
383.075618;383.075618;Unknown Name;[M+Na];C18H16O8;1.88053e-3;4.909050;383.073737;221 out of 4
383.075618;383.075618;Arcapillin;[M+Na];C18H16O8;1.88053e-3;4.909050;383.073737;1 out of 4
383.075618;383.075618;Unknown Name;[M+Na];C18H16O8;1.88053e-3;4.909050;383.073737;221 out of 4
383.075618;383.075618;Unknown Name;[M+Na];C18H16O8;1.88053e-3;4.909050;383.073737;221 out of 4
383.075618;383.075618;Unknown Name;[M+Na];C18H16O8;1.88053e-3;4.909050;383.073737;221 out of 4
383.075618;383.075618;Sideritiflavone;[M+Na];C18H16O8;1.88053e-3;4.909050;383.073737;1 out of 4
383.075618;383.075618;Sudachitin;[M+Na];C18H16O8;1.88053e-3;4.909050;383.073737;1 out of 4
383.075618;383.075618;Acerosin;[M+Na];C18H16O8;1.88053e-3;4.909050;383.073737;1 out of 4
383.075618;383.075618;Thymonin;[M+Na];C18H16O8;1.88053e-3;4.909050;383.073737;1 out of 4
383.075618;383.075618;Isothymonin;[M+Na];C18H16O8;1.88053e-3;4.909050;383.073737;1 out of 4
383.075618;383.075618;Tamadone;[M+Na];C18H16O8;1.88053e-3;4.909050;383.073737;1 out of 4
383.075618;383.075618;"6,8-Di-C-methylmyricetin 4'-methyl ether";[M+Na];C18H16O8;1.88053e-3;4.909050;383.073737;1 out of 4
383.075618;383.075618;Oxyayanin A;[M+Na];C18H16O8;1.88053e-3;4.909050;383.073737;1 out of 4
383.075618;383.075618;Apuleidin;[M+Na];C18H16O8;1.88053e-3;4.909050;383.073737;1 out of 4
383.075618;383.075618;Chrysosplenol F;[M+Na];C18H16O8;1.88053e-3;4.909050;383.073737;1 out of 4
383.075618;383.075618;Unknown Name;[M+Na];C18H16O8;1.88053e-3;4.909050;383.073737;221 out of 4
383.075618;383.075618;"Myricetin 7,3',4'-trimethyl ether";[M+Na];C18H16O8;1.88053e-3;4.909050;383.073737;1 out of 4
383.075618;383.075618;"6,8-Di-C-methylmyricetin 3-methyl ether";[M+Na];C18H16O8;1.88053e-3;4.909050;383.073737;1 out of 4
383.075618;383.075618;"Myricetin 3,7,3'-trimethyl ether";[M+Na];C18H16O8;1.88053e-3;4.909050;383.073737;1 out of 4
383.075618;383.075618;Unknown Name;[M+Na];C18H16O8;1.88053e-3;4.909050;383.073737;221 out of 4
383.075618;383.075618;"Myricetin 3,3',5'-trimethyl ether";[M+Na];C18H16O8;1.88053e-3;4.909050;383.073737;1 out of 4
383.075618;383.075618;"6-C-Methylmyricetin 3,4'-dimethyl ether";[M+Na];C18H16O8;1.88053e-3;4.909050;383.073737;1 out of 4
383.075618;383.075618;"Myricetin 3,7,4'-trimethyl ether";[M+Na];C18H16O8;1.88053e-3;4.909050;383.073737;1 out of 4
383.075618;383.075618;"Myricetin 3,3',4'-trimethyl ether";[M+Na];C18H16O8;1.88053e-3;4.909050;383.073737;1 out of 4
383.075618;383.075618;Unknown Name;[M+Na];C18H16O8;1.88053e-3;4.909050;383.073737;221 out of 4
383.075618;383.075618;Chrysosplenol C;[M+Na];C18H16O8;1.88053e-3;4.909050;383.073737;1 out of 4
383.075618;383.075618;"Quercetagetin 3,5,7-trimethyl ether";[M+Na];C18H16O8;1.88053e-3;4.909050;383.073737;1 out of 4
383.075618;383.075618;Chrysosplenol D;[M+Na];C18H16O8;1.88053e-3;4.909050;383.073737;1 out of 4
383.075618;383.075618;Jaceidin;[M+Na];C18H16O8;1.88053e-3;4.909050;383.073737;1 out of 4
383.075618;383.075618;Centaureidin;[M+Na];C18H16O8;1.88053e-3;4.909050;383.073737;1 out of 4
383.075618;383.075618;Oxyayanin-B;[M+Na];C18H16O8;1.88053e-3;4.909050;383.073737;1 out of 4
383.075618;383.075618;Veronicafolin;[M+Na];C18H16O8;1.88053e-3;4.909050;383.073737;1 out of 4
383.075618;383.075618;Eupatin;[M+Na];C18H16O8;1.88053e-3;4.909050;383.073737;1 out of 4
383.075618;383.075618;"Quercetagetin 6,3',4'-trimethyl ether";[M+Na];C18H16O8;1.88053e-3;4.909050;383.073737;1 out of 4
383.075618;383.075618;"Quercetagetin 7,3',4'-trimethyl ether";[M+Na];C18H16O8;1.88053e-3;4.909050;383.073737;1 out of 4
383.075618;383.075618;Unknown Name;[M+Na];C18H16O8;1.88053e-3;4.909050;383.073737;221 out of 4
383.075618;383.075618;Unknown Name;[M+Na];C18H16O8;1.88053e-3;4.909050;383.073737;221 out of 4
383.075618;383.075618;Unknown Name;[M+Na];C18H16O8;1.88053e-3;4.909050;383.073737;221 out of 4
383.075618;383.075618;"Gossypetin 3,7,8-trimethyl ether";[M+Na];C18H16O8;1.88053e-3;4.909050;383.073737;1 out of 4
383.075618;383.075618;"Gossypetin 3,7,3'-trimethyl ether";[M+Na];C18H16O8;1.88053e-3;4.909050;383.073737;1 out of 4
383.075618;383.075618;"Gossypetin 3,8,3'-trimethyl ether";[M+Na];C18H16O8;1.88053e-3;4.909050;383.073737;1 out of 4
383.075618;383.075618;"Gossypetin 8,3',4'-trimethyl ether";[M+Na];C18H16O8;1.88053e-3;4.909050;383.073737;1 out of 4
383.075618;383.075618;Unknown Name;[M+Na];C18H16O8;1.88053e-3;4.909050;383.073737;221 out of 4
383.075618;383.075618;Unknown Name;[M+Na];C18H16O8;1.88053e-3;4.909050;383.073737;221 out of 4
383.075618;383.075618;Sarothrin;[M+Na];C18H16O8;1.88053e-3;4.909050;383.073737;1 out of 4
383.075618;383.075618;Unknown Name;[M+Na];C18H16O8;1.88053e-3;4.909050;383.073737;221 out of 4
383.075618;383.075618;Agamanone;[M+Na];C18H16O8;1.88053e-3;4.909050;383.073737;1 out of 4
383.075618;383.075618;12a-Hydroxypachyrrhizone;[M+H];C20H14O8;-5.25408e-4;-1.371550;383.076143;1 out of 4
385.128470;385.128470;Gancaonin D;[M+H];C21H20O7;2.91020e-4;0.755645;385.128179;1 out of 4
385.128470;385.128470;Piscerythrone;[M+H];C21H20O7;2.91020e-4;0.755645;385.128179;1 out of 4
385.128470;385.128470;Piscidone;[M+H];C21H20O7;2.91020e-4;0.755645;385.128179;1 out of 4
385.128470;385.128470;Sophoronol;[M+H];C21H20O7;2.91020e-4;0.755645;385.128179;1 out of 4
385.128470;385.128470;Mirificoumestan hydrate;[M+H];C21H20O7;2.91020e-4;0.755645;385.128179;1 out of 4
385.128470;385.128470;"7,4',5'-trihydroxy-5-methoxy-2-[3-methyl-2-butenyl]-coumestan";[M+H];C21H20O7;2.91020e-4;0.755645;385.128179;1 out of 4
385.128470;385.128470;Oxyisocyclointegrin;[M+H];C21H20O7;2.91020e-4;0.755645;385.128179;1 out of 4
385.128470;385.128470;Uralene;[M+H];C21H20O7;2.91020e-4;0.755645;385.128179;1 out of 4
385.128470;385.128470;Unknown Name;[M+H];C21H20O7;2.91020e-4;0.755645;385.128179;206 out of 4
385.128470;385.128470;Gancaonin P 3'methyl ether;[M+H];C21H20O7;2.91020e-4;0.755645;385.128179;1 out of 4
385.128470;385.128470;Unknown Name;[M+H];C21H20O7;2.91020e-4;0.755645;385.128179;206 out of 4
385.128470;385.128470;Unknown Name;[M+H];C21H20O7;2.91020e-4;0.755645;385.128179;206 out of 4
385.128470;385.128470;Unknown Name;[M+H];C21H20O7;2.91020e-4;0.755645;385.128179;206 out of 4
385.128470;385.128470;8-Hydroxygalangin 3-methyl ether 8-methylbutyrate;[M+H];C21H20O7;2.91020e-4;0.755645;385.128179;1 out of 4
385.128470;385.128470;Isognaphalin 8-butyrate;[M+H];C21H20O7;2.91020e-4;0.755645;385.128179;1 out of 4
385.128470;385.128470;Unknown Name;[M+H];C21H20O7;2.91020e-4;0.755645;385.128179;206 out of 4
385.128470;385.128470;Licopyranocoumarin;[M+H];C21H20O7;2.91020e-4;0.755645;385.128179;1 out of 4
385.273065;385.273065;Unknown Name;[M+Na];C23H38O3;1.74992e-3;4.542056;385.271315;221 out of 4
385.273065;385.273065;Norlithocholic acid;[M+Na];C23H38O3;1.74992e-3;4.542056;385.271315;2 out of 4
385.273065;385.273065;2-(8-[5]-ladderane-octanyl)-sn-glycerol;[M+Na];C23H38O3;1.74992e-3;4.542056;385.271315;2 out of 4
385.273065;385.273065;"1-O-(1E,3E,5E,7E,9E-eicosapentenyl)-sn-glycerol";[M+Na];C23H38O3;1.74992e-3;4.542056;385.271315;2 out of 4
385.273065;385.273065;5-(2-oxo-heptadecyl)resorcinol;[M+Na];C23H38O3;1.74992e-3;4.542056;385.271315;2 out of 4
385.273065;385.273065;Unknown Name;[M+Na];C23H38O3;1.74992e-3;4.542056;385.271315;221 out of 4
385.273065;385.273065;1-O-(2-methoxy-hexadecyl)-sn-glycerol;[M+K];C20H42O4;1.59818e-3;4.148182;385.271467;1 out of 4
385.273065;385.273065;1-O-(2R-methoxy-hexadecyl)-sn-glycerol;[M+K];C20H42O4;1.59818e-3;4.148182;385.271467;1 out of 4
388.305054;388.305054;2-Hydroxymyristoylcarnitine;[M+H];C21H41NO5;-6.95412e-4;-1.790888;388.305749;1 out of 4
388.305054;388.305054;3-hydroxytetradecanoylcarnitine;[M+H];C21H41NO5;-6.95412e-4;-1.790888;388.305749;1 out of 4
389.268204;389.268204;Unknown Name;[M+H];C24H36O4;-4.31632e-4;-1.108828;389.268636;206 out of 4
389.268204;389.268204;Unknown Name;[M+H];C24H36O4;-4.31632e-4;-1.108828;389.268636;206 out of 4
389.268204;389.268204;Unknown Name;[M+H];C24H36O4;-4.31632e-4;-1.108828;389.268636;206 out of 4
389.268204;389.268204;Unknown Name;[M+H];C24H36O4;-4.31632e-4;-1.108828;389.268636;206 out of 4
389.268204;389.268204;Unknown Name;[M+H];C24H36O4;-4.31632e-4;-1.108828;389.268636;206 out of 4
389.268204;389.268204;Unknown Name;[M+H];C24H36O4;-4.31632e-4;-1.108828;389.268636;206 out of 4
389.268204;389.268204;Unknown Name;[M+H];C24H36O4;-4.31632e-4;-1.108828;389.268636;206 out of 4
389.268204;389.268204;Unknown Name;[M+H];C24H36O4;-4.31632e-4;-1.108828;389.268636;206 out of 4
389.268204;389.268204;Unknown Name;[M+H];C24H36O4;-4.31632e-4;-1.108828;389.268636;206 out of 4
389.268204;389.268204;Unknown Name;[M+H];C24H36O4;-4.31632e-4;-1.108828;389.268636;206 out of 4
389.268204;389.268204;Unknown Name;[M+H];C24H36O4;-4.31632e-4;-1.108828;389.268636;206 out of 4
389.268204;389.268204;Unknown Name;[M+H];C24H36O4;-4.31632e-4;-1.108828;389.268636;206 out of 4
389.268204;389.268204;Unknown Name;[M+H];C24H36O4;-4.31632e-4;-1.108828;389.268636;206 out of 4
389.268204;389.268204;Unknown Name;[M+H];C24H36O4;-4.31632e-4;-1.108828;389.268636;206 out of 4
389.268204;389.268204;Unknown Name;[M+H];C24H36O4;-4.31632e-4;-1.108828;389.268636;206 out of 4
389.268204;389.268204;Unknown Name;[M+H];C24H36O4;-4.31632e-4;-1.108828;389.268636;206 out of 4
389.268204;389.268204;Unknown Name;[M+H];C24H36O4;-4.31632e-4;-1.108828;389.268636;206 out of 4
389.268204;389.268204;Unknown Name;[M+H];C24H36O4;-4.31632e-4;-1.108828;389.268636;206 out of 4
389.268204;389.268204;Unknown Name;[M+H];C24H36O4;-4.31632e-4;-1.108828;389.268636;206 out of 4
389.268204;389.268204;Unknown Name;[M+H];C24H36O4;-4.31632e-4;-1.108828;389.268636;206 out of 4
389.268204;389.268204;Unknown Name;[M+H];C24H36O4;-4.31632e-4;-1.108828;389.268636;206 out of 4
389.268204;389.268204;Unknown Name;[M+H];C24H36O4;-4.31632e-4;-1.108828;389.268636;206 out of 4
389.268204;389.268204;Unknown Name;[M+H];C24H36O4;-4.31632e-4;-1.108828;389.268636;206 out of 4
389.268204;389.268204;Unknown Name;[M+H];C24H36O4;-4.31632e-4;-1.108828;389.268636;206 out of 4
389.268204;389.268204;Unknown Name;[M+H];C24H36O4;-4.31632e-4;-1.108828;389.268636;206 out of 4
389.268204;389.268204;Unknown Name;[M+H];C24H36O4;-4.31632e-4;-1.108828;389.268636;206 out of 4
389.268204;389.268204;Unknown Name;[M+H];C24H36O4;-4.31632e-4;-1.108828;389.268636;206 out of 4
389.268204;389.268204;Unknown Name;[M+H];C24H36O4;-4.31632e-4;-1.108828;389.268636;206 out of 4
389.268204;389.268204;Unknown Name;[M+H];C24H36O4;-4.31632e-4;-1.108828;389.268636;206 out of 4
389.268204;389.268204;Unknown Name;[M+H];C24H36O4;-4.31632e-4;-1.108828;389.268636;206 out of 4
389.268204;389.268204;Unknown Name;[M+H];C24H36O4;-4.31632e-4;-1.108828;389.268636;206 out of 4
389.268204;389.268204;sarmentogenin;[M+H];C24H36O4;-4.31632e-4;-1.108828;389.268636;1 out of 4
389.268204;389.268204;"1alpha-hydroxy-25,26,27-trinorvitamin D3 24-carboxylic acid";[M+H];C24H36O4;-4.31632e-4;-1.108828;389.268636;1 out of 4
389.268204;389.268204;Jambone C;[M+H];C24H36O4;-4.31632e-4;-1.108828;389.268636;1 out of 4
389.304324;389.304324;(+)-Desoxyscalarin;[M+H];C25H40O3;-6.97140e-4;-1.790730;389.305021;1 out of 4
389.304324;389.304324;"1alpha-hydroxy-21-nor-20-oxavitamin D3 / 1alpha-hydroxy-21-nor-20-oxacholecalciferol";[M+H];C25H40O3;-6.97140e-4;-1.790730;389.305021;1 out of 4
389.304324;389.304324;"1alpha,25-dihydroxy-23,24-dinorvitamin D3 / 1alpha,25-dihydroxy-23,24-dinorcholecalciferol";[M+H];C25H40O3;-6.97140e-4;-1.790730;389.305021;1 out of 4
389.304324;389.304324;"1alpha,25-dihydroxy-26,27-dinorvitamin D3 / 1alpha,25-dihydroxy-26,27-dinorcholecalciferol";[M+H];C25H40O3;-6.97140e-4;-1.790730;389.305021;1 out of 4
391.283726;391.283726;"FAHFA(14:1(7Z)/3-O-8:0)";[M+Na];C22H40O4;1.84624e-3;4.718440;391.281880;1 out of 4
391.283726;391.283726;Octadecyl fumarate;[M+Na];C22H40O4;1.84624e-3;4.718440;391.281880;1 out of 4
391.283726;391.283726;"FAHFA(8:0/3-O-14:1(7Z))";[M+Na];C22H40O4;1.84624e-3;4.718440;391.281880;1 out of 4
391.283726;391.283726;"FAHFA(12:1(5Z)/3-O-10:0)";[M+Na];C22H40O4;1.84624e-3;4.718440;391.281880;1 out of 4
391.283726;391.283726;"FAHFA(10:0/3-O-12:1(5Z)";[M+Na];C22H40O4;1.84624e-3;4.718440;391.281880;1 out of 4
391.283726;391.283726;Unknown Name;[M+H];C24H38O4;-5.59696e-4;-1.430408;391.284286;206 out of 4
391.283726;391.283726;Unknown Name;[M+H];C24H38O4;-5.59696e-4;-1.430408;391.284286;206 out of 4
391.283726;391.283726;Unknown Name;[M+H];C24H38O4;-5.59696e-4;-1.430408;391.284286;206 out of 4
391.283726;391.283726;Unknown Name;[M+H];C24H38O4;-5.59696e-4;-1.430408;391.284286;206 out of 4
391.283726;391.283726;7-oxolithocholic acid;[M+H];C24H38O4;-5.59696e-4;-1.430408;391.284286;2 out of 4
391.283726;391.283726;Unknown Name;[M+H];C24H38O4;-5.59696e-4;-1.430408;391.284286;206 out of 4
391.283726;391.283726;Unknown Name;[M+H];C24H38O4;-5.59696e-4;-1.430408;391.284286;206 out of 4
391.283726;391.283726;Unknown Name;[M+H];C24H38O4;-5.59696e-4;-1.430408;391.284286;206 out of 4
391.283726;391.283726;Unknown Name;[M+H];C24H38O4;-5.59696e-4;-1.430408;391.284286;206 out of 4
391.283726;391.283726;Unknown Name;[M+H];C24H38O4;-5.59696e-4;-1.430408;391.284286;206 out of 4
391.283726;391.283726;Unknown Name;[M+H];C24H38O4;-5.59696e-4;-1.430408;391.284286;206 out of 4
391.283726;391.283726;Unknown Name;[M+H];C24H38O4;-5.59696e-4;-1.430408;391.284286;206 out of 4
391.283726;391.283726;Unknown Name;[M+H];C24H38O4;-5.59696e-4;-1.430408;391.284286;206 out of 4
391.283726;391.283726;Unknown Name;[M+H];C24H38O4;-5.59696e-4;-1.430408;391.284286;206 out of 4
391.283726;391.283726;Unknown Name;[M+H];C24H38O4;-5.59696e-4;-1.430408;391.284286;206 out of 4
391.283726;391.283726;Unknown Name;[M+H];C24H38O4;-5.59696e-4;-1.430408;391.284286;206 out of 4
391.283726;391.283726;Unknown Name;[M+H];C24H38O4;-5.59696e-4;-1.430408;391.284286;206 out of 4
391.283726;391.283726;Unknown Name;[M+H];C24H38O4;-5.59696e-4;-1.430408;391.284286;206 out of 4
391.283726;391.283726;Unknown Name;[M+H];C24H38O4;-5.59696e-4;-1.430408;391.284286;206 out of 4
391.283726;391.283726;Unknown Name;[M+H];C24H38O4;-5.59696e-4;-1.430408;391.284286;206 out of 4
391.283726;391.283726;Unknown Name;[M+H];C24H38O4;-5.59696e-4;-1.430408;391.284286;206 out of 4
391.283726;391.283726;Unknown Name;[M+H];C24H38O4;-5.59696e-4;-1.430408;391.284286;206 out of 4
391.283726;391.283726;Unknown Name;[M+H];C24H38O4;-5.59696e-4;-1.430408;391.284286;206 out of 4
391.283726;391.283726;Unknown Name;[M+H];C24H38O4;-5.59696e-4;-1.430408;391.284286;206 out of 4
391.283726;391.283726;Unknown Name;[M+H];C24H38O4;-5.59696e-4;-1.430408;391.284286;206 out of 4
391.283726;391.283726;Unknown Name;[M+H];C24H38O4;-5.59696e-4;-1.430408;391.284286;206 out of 4
391.283726;391.283726;Unknown Name;[M+H];C24H38O4;-5.59696e-4;-1.430408;391.284286;206 out of 4
391.283726;391.283726;Unknown Name;[M+H];C24H38O4;-5.59696e-4;-1.430408;391.284286;206 out of 4
391.283726;391.283726;Unknown Name;[M+H];C24H38O4;-5.59696e-4;-1.430408;391.284286;206 out of 4
391.283726;391.283726;Unknown Name;[M+H];C24H38O4;-5.59696e-4;-1.430408;391.284286;206 out of 4
391.283726;391.283726;Unknown Name;[M+H];C24H38O4;-5.59696e-4;-1.430408;391.284286;206 out of 4
391.283726;391.283726;Unknown Name;[M+H];C24H38O4;-5.59696e-4;-1.430408;391.284286;206 out of 4
391.283726;391.283726;Unknown Name;[M+H];C24H38O4;-5.59696e-4;-1.430408;391.284286;206 out of 4
391.283726;391.283726;Unknown Name;[M+H];C24H38O4;-5.59696e-4;-1.430408;391.284286;206 out of 4
391.283726;391.283726;Unknown Name;[M+H];C24H38O4;-5.59696e-4;-1.430408;391.284286;206 out of 4
391.283726;391.283726;Unknown Name;[M+H];C24H38O4;-5.59696e-4;-1.430408;391.284286;206 out of 4
391.283726;391.283726;Unknown Name;[M+H];C24H38O4;-5.59696e-4;-1.430408;391.284286;206 out of 4
391.283726;391.283726;Unknown Name;[M+H];C24H38O4;-5.59696e-4;-1.430408;391.284286;206 out of 4
391.283726;391.283726;Unknown Name;[M+H];C24H38O4;-5.59696e-4;-1.430408;391.284286;206 out of 4
391.283726;391.283726;Unknown Name;[M+H];C24H38O4;-5.59696e-4;-1.430408;391.284286;206 out of 4
391.283726;391.283726;Unknown Name;[M+H];C24H38O4;-5.59696e-4;-1.430408;391.284286;206 out of 4
391.283726;391.283726;Unknown Name;[M+H];C24H38O4;-5.59696e-4;-1.430408;391.284286;206 out of 4
391.283726;391.283726;Unknown Name;[M+H];C24H38O4;-5.59696e-4;-1.430408;391.284286;206 out of 4
391.283726;391.283726;Unknown Name;[M+H];C24H38O4;-5.59696e-4;-1.430408;391.284286;206 out of 4
391.283726;391.283726;Unknown Name;[M+H];C24H38O4;-5.59696e-4;-1.430408;391.284286;206 out of 4
391.283726;391.283726;Unknown Name;[M+H];C24H38O4;-5.59696e-4;-1.430408;391.284286;206 out of 4
391.283726;391.283726;Unknown Name;[M+H];C24H38O4;-5.59696e-4;-1.430408;391.284286;206 out of 4
391.283726;391.283726;Unknown Name;[M+H];C24H38O4;-5.59696e-4;-1.430408;391.284286;206 out of 4
391.283726;391.283726;Unknown Name;[M+H];C24H38O4;-5.59696e-4;-1.430408;391.284286;206 out of 4
391.283726;391.283726;Unknown Name;[M+H];C24H38O4;-5.59696e-4;-1.430408;391.284286;206 out of 4
391.283726;391.283726;Unknown Name;[M+H];C24H38O4;-5.59696e-4;-1.430408;391.284286;206 out of 4
391.283726;391.283726;Unknown Name;[M+H];C24H38O4;-5.59696e-4;-1.430408;391.284286;206 out of 4
391.283726;391.283726;Unknown Name;[M+H];C24H38O4;-5.59696e-4;-1.430408;391.284286;206 out of 4
391.283726;391.283726;alpha-carboxydimethyloctylhydroxychroman;[M+H];C24H38O4;-5.59696e-4;-1.430408;391.284286;2 out of 4
393.037124;393.037124;Erosenone;[M+K];C19H14O7;1.42120e-5;0.036159;393.037110;1 out of 4
393.037124;393.037124;Unknown Name;[M+K];C19H14O7;1.42120e-5;0.036159;393.037110;292 out of 4
393.059963;393.059963;Stemonone;[M+Na];C19H14O8;1.87559e-3;4.771793;393.058087;1 out of 4
393.059963;393.059963;Torosaflavone D;[M+Na];C19H14O8;1.87559e-3;4.771793;393.058087;1 out of 4
393.059963;393.059963;Meliternatin;[M+Na];C19H14O8;1.87559e-3;4.771793;393.058087;1 out of 4
393.059963;393.059963;6-Methoxypulcherrimin;[M+Na];C19H14O8;1.87559e-3;4.771793;393.058087;1 out of 4
393.129426;393.129426;Unknown Name;[M+Na];C21H22O6;-1.43242e-3;-3.643632;393.130858;221 out of 4
393.129426;393.129426;Diplotropin;[M+Na];C21H22O6;-1.43242e-3;-3.643632;393.130858;1 out of 4
393.129426;393.129426;4'-O-Methylkievitone;[M+Na];C21H22O6;-1.43242e-3;-3.643632;393.130858;1 out of 4
393.129426;393.129426;4beta-Hydroxyobovatachromene;[M+Na];C21H22O6;-1.43242e-3;-3.643632;393.130858;1 out of 4
393.129426;393.129426;Unknown Name;[M+Na];C21H22O6;-1.43242e-3;-3.643632;393.130858;221 out of 4
393.129426;393.129426;Sophoraisoflavanone A;[M+Na];C21H22O6;-1.43242e-3;-3.643632;393.130858;1 out of 4
393.129426;393.129426;Diphysolidone;[M+Na];C21H22O6;-1.43242e-3;-3.643632;393.130858;1 out of 4
393.129426;393.129426;Orientanol B;[M+Na];C21H22O6;-1.43242e-3;-3.643632;393.130858;1 out of 4
393.129426;393.129426;Sphenostylin B;[M+Na];C21H22O6;-1.43242e-3;-3.643632;393.130858;1 out of 4
393.129426;393.129426;Xanthoangelol E;[M+Na];C21H22O6;-1.43242e-3;-3.643632;393.130858;1 out of 4
393.129426;393.129426;Xanthohumol D;[M+Na];C21H22O6;-1.43242e-3;-3.643632;393.130858;1 out of 4
393.129426;393.129426;Dehydrocycloxanthohumol hydrate;[M+Na];C21H22O6;-1.43242e-3;-3.643632;393.130858;1 out of 4
393.129426;393.129426;Unknown Name;[M+Na];C21H22O6;-1.43242e-3;-3.643632;393.130858;221 out of 4
393.129426;393.129426;Unknown Name;[M+Na];C21H22O6;-1.43242e-3;-3.643632;393.130858;221 out of 4
393.129426;393.129426;Unknown Name;[M+Na];C21H22O6;-1.43242e-3;-3.643632;393.130858;221 out of 4
393.129426;393.129426;4'-Methylsigmoidin B;[M+Na];C21H22O6;-1.43242e-3;-3.643632;393.130858;1 out of 4
393.129426;393.129426;5'-Prenylhomoeriodictyol;[M+Na];C21H22O6;-1.43242e-3;-3.643632;393.130858;1 out of 4
393.129426;393.129426;Exiguaflavanone K;[M+Na];C21H22O6;-1.43242e-3;-3.643632;393.130858;1 out of 4
393.129426;393.129426;Unknown Name;[M+Na];C21H22O6;-1.43242e-3;-3.643632;393.130858;221 out of 4
393.129426;393.129426;Kenusanone I;[M+Na];C21H22O6;-1.43242e-3;-3.643632;393.130858;1 out of 4
393.129426;393.129426;Unknown Name;[M+Na];C21H22O6;-1.43242e-3;-3.643632;393.130858;221 out of 4
393.129426;393.129426;Dioflorin;[M+Na];C21H22O6;-1.43242e-3;-3.643632;393.130858;1 out of 4
393.297127;393.297127;3-Acetoxy-eicosanoic acid;[M+Na];C22H42O4;-4.02824e-4;-1.024222;393.297530;3 out of 4
393.297127;393.297127;Phellogenic acid;[M+Na];C22H42O4;-4.02824e-4;-1.024222;393.297530;3 out of 4
393.297127;393.297127;"hexanedioic acid,1,6-bis[(2R)-ethylhexyl] ester";[M+Na];C22H42O4;-4.02824e-4;-1.024222;393.297530;3 out of 4
393.297127;393.297127;"FAHFA(2:0/2-O-20:0)";[M+Na];C22H42O4;-4.02824e-4;-1.024222;393.297530;3 out of 4
393.297127;393.297127;"FAHFA(10:0/3-O-12:0)";[M+Na];C22H42O4;-4.02824e-4;-1.024222;393.297530;3 out of 4
393.297127;393.297127;"FAHFA(12:0/3-O-10:0)";[M+Na];C22H42O4;-4.02824e-4;-1.024222;393.297530;3 out of 4
393.297127;393.297127;"FAHFA(8:0/3-O-14:0)";[M+Na];C22H42O4;-4.02824e-4;-1.024222;393.297530;3 out of 4
393.297127;393.297127;"FAHFA(14:0/3-O-8:0)";[M+Na];C22H42O4;-4.02824e-4;-1.024222;393.297530;3 out of 4
395.075720;395.075720;Gentiopicrin;[M+K];C16H20O9;1.83078e-3;4.634019;395.073889;1 out of 4
395.075720;395.075720;Demethyltorosaflavone C;[M+H];C21H14O8;-4.23408e-4;-1.071712;395.076143;1 out of 4
398.325861;398.325861;O-palmitoleoylcarnitine;[M+H];C23H43NO4;-6.23856e-4;-1.566193;398.326485;1 out of 4
398.325861;398.325861;trans-Hexadec-2-enoyl carnitine;[M+H];C23H43NO4;-6.23856e-4;-1.566193;398.326485;1 out of 4
399.143945;399.143945;Isorhynchospermin;[M+H];C22H22O7;1.15956e-4;0.290512;399.143829;1 out of 4
399.143945;399.143945;Viridiflorin;[M+H];C22H22O7;1.15956e-4;0.290512;399.143829;1 out of 4
399.143945;399.143945;2'-Hydroxypiscerythrinetin;[M+H];C22H22O7;1.15956e-4;0.290512;399.143829;1 out of 4
399.143945;399.143945;Campylohirtin A;[M+H];C22H22O7;1.15956e-4;0.290512;399.143829;1 out of 4
399.143945;399.143945;Baohuosu;[M+H];C22H22O7;1.15956e-4;0.290512;399.143829;1 out of 4
399.143945;399.143945;Artoindonesianin Q;[M+H];C22H22O7;1.15956e-4;0.290512;399.143829;1 out of 4
399.143945;399.143945;Artoindonesianin R;[M+H];C22H22O7;1.15956e-4;0.290512;399.143829;1 out of 4
399.143945;399.143945;Rhynchospermin;[M+H];C22H22O7;1.15956e-4;0.290512;399.143829;1 out of 4
399.143945;399.143945;Unknown Name;[M+H];C22H22O7;1.15956e-4;0.290512;399.143829;206 out of 4
399.143945;399.143945;Unknown Name;[M+H];C22H22O7;1.15956e-4;0.290512;399.143829;206 out of 4
399.143945;399.143945;Unknown Name;[M+H];C22H22O7;1.15956e-4;0.290512;399.143829;206 out of 4
399.143945;399.143945;5-Hydroxy-2-(3-hydroxy-4-methoxyphenyl)-3-methoxy-7-[(3-methyl-2-butenyl)oxy]-4H-1-benzopyran-4-one;[M+H];C22H22O7;1.15956e-4;0.290512;399.143829;1 out of 4
399.143945;399.143945;Unknown Name;[M+H];C22H22O7;1.15956e-4;0.290512;399.143829;206 out of 4
399.143945;399.143945;Gnaphaliin 7-epoxymethylbutyl ether;[M+H];C22H22O7;1.15956e-4;0.290512;399.143829;1 out of 4
399.143945;399.143945;Unknown Name;[M+H];C22H22O7;1.15956e-4;0.290512;399.143829;206 out of 4
399.143945;399.143945;"6-Prenylherbacetin 3,8-dimethyl ether";[M+H];C22H22O7;1.15956e-4;0.290512;399.143829;1 out of 4
399.143945;399.143945;Unknown Name;[M+H];C22H22O7;1.15956e-4;0.290512;399.143829;206 out of 4
399.143945;399.143945;Hoslunddiol;[M+H];C22H22O7;1.15956e-4;0.290512;399.143829;1 out of 4
400.341485;400.341485;Palmitoylcarnitine;[M+H];C23H45NO4;-6.49920e-4;-1.623411;400.342135;3 out of 4
400.341485;400.341485;L-palmitoylcarnitine;[M+H];C23H45NO4;-6.49920e-4;-1.623411;400.342135;3 out of 4
400.341485;400.341485;O-palmitoylcarnitine;[M+H];C23H45NO4;-6.49920e-4;-1.623411;400.342135;3 out of 4
401.267926;401.267926;Unknown Name;[M+Na];C23H38O4;1.69630e-3;4.227378;401.266230;221 out of 4
401.267926;401.267926;Norchenodeoxycholic acid;[M+Na];C23H38O4;1.69630e-3;4.227378;401.266230;2 out of 4
401.267926;401.267926;Nordeoxycholic acid;[M+Na];C23H38O4;1.69630e-3;4.227378;401.266230;2 out of 4
401.267926;401.267926;Norursodeoxycholic acid;[M+Na];C23H38O4;1.69630e-3;4.227378;401.266230;2 out of 4
401.267926;401.267926;Norhyodeoxycholic acid;[M+Na];C23H38O4;1.69630e-3;4.227378;401.266230;2 out of 4
401.267926;401.267926;Normurideoxycholic acid;[M+Na];C23H38O4;1.69630e-3;4.227378;401.266230;2 out of 4
401.267926;401.267926;"9-deoxy-9-methylene-16,16-dimethyl -PGE2";[M+Na];C23H38O4;1.69630e-3;4.227378;401.266230;2 out of 4
401.267926;401.267926;"1-Acetoxy-2-hydroxy-5,12,15-heneicosatrien-4-one";[M+Na];C23H38O4;1.69630e-3;4.227378;401.266230;2 out of 4
401.267926;401.267926;Persenone A;[M+Na];C23H38O4;1.69630e-3;4.227378;401.266230;3 out of 4
401.267926;401.267926;Persenone A;[M+Na];C23H38O4;1.69630e-3;4.227378;401.266230;3 out of 4
401.267926;401.267926;1-Juniperoyl glycerol;[M+Na];C23H38O4;1.69630e-3;4.227378;401.266230;2 out of 4
401.267926;401.267926;2-Juniperoyl glycerol;[M+Na];C23H38O4;1.69630e-3;4.227378;401.266230;2 out of 4
401.267926;401.267926;"MG(0:0/20:4(5Z,8Z,11Z,14Z)/0:0)";[M+Na];C23H38O4;1.69630e-3;4.227378;401.266230;2 out of 4
401.267926;401.267926;1-arachidonoyl-sn-glycerol;[M+Na];C23H38O4;1.69630e-3;4.227378;401.266230;2 out of 4
401.267926;401.267926;Ximaosteroid C;[M+H];C25H36O4;-7.09632e-4;-1.768471;401.268636;1 out of 4
401.267926;401.267926;Ophiobolin A;[M+H];C25H36O4;-7.09632e-4;-1.768471;401.268636;1 out of 4
401.267926;401.267926;Ophiobolin P;[M+H];C25H36O4;-7.09632e-4;-1.768471;401.268636;1 out of 4
401.267926;401.267926;Ophiobolin Q;[M+H];C25H36O4;-7.09632e-4;-1.768471;401.268636;1 out of 4
401.267926;401.267926;Jambone B;[M+H];C25H36O4;-7.09632e-4;-1.768471;401.268636;1 out of 4
406.089295;406.089295;Lilaline;[M+Na];C20H17NO7;-4.26884e-4;-1.051206;406.089722;2 out of 4
409.270870;409.270870;3-Acetoxy-eicosanoic acid;[M+K];C22H42O4;-5.96824e-4;-1.458259;409.271467;3 out of 4
409.270870;409.270870;Phellogenic acid;[M+K];C22H42O4;-5.96824e-4;-1.458259;409.271467;3 out of 4
409.270870;409.270870;"hexanedioic acid,1,6-bis[(2R)-ethylhexyl] ester";[M+K];C22H42O4;-5.96824e-4;-1.458259;409.271467;3 out of 4
409.270870;409.270870;"FAHFA(2:0/2-O-20:0)";[M+K];C22H42O4;-5.96824e-4;-1.458259;409.271467;3 out of 4
409.270870;409.270870;"FAHFA(10:0/3-O-12:0)";[M+K];C22H42O4;-5.96824e-4;-1.458259;409.271467;3 out of 4
409.270870;409.270870;"FAHFA(12:0/3-O-10:0)";[M+K];C22H42O4;-5.96824e-4;-1.458259;409.271467;3 out of 4
409.270870;409.270870;"FAHFA(8:0/3-O-14:0)";[M+K];C22H42O4;-5.96824e-4;-1.458259;409.271467;3 out of 4
409.270870;409.270870;"FAHFA(14:0/3-O-8:0)";[M+K];C22H42O4;-5.96824e-4;-1.458259;409.271467;3 out of 4
411.034050;411.034050;Repenol;[M+Na];C18H12O10;1.78342e-3;4.338871;411.032267;1 out of 4
411.070498;411.070498;Unknown Name;[M+Na];C19H16O9;1.84591e-3;4.490510;411.068652;221 out of 4
411.070498;411.070498;"Gossypetin 7,4'-dimethyl ether 8-acetate";[M+Na];C19H16O9;1.84591e-3;4.490510;411.068652;1 out of 4
411.070498;411.070498;Unknown Name;[M+Na];C19H16O9;1.84591e-3;4.490510;411.068652;221 out of 4
413.268006;413.268006;Unknown Name;[M+Na];C24H38O4;1.77630e-3;4.298207;413.266230;221 out of 4
413.268006;413.268006;Unknown Name;[M+Na];C24H38O4;1.77630e-3;4.298207;413.266230;221 out of 4
413.268006;413.268006;Unknown Name;[M+Na];C24H38O4;1.77630e-3;4.298207;413.266230;221 out of 4
413.268006;413.268006;Unknown Name;[M+Na];C24H38O4;1.77630e-3;4.298207;413.266230;221 out of 4
413.268006;413.268006;7-oxolithocholic acid;[M+Na];C24H38O4;1.77630e-3;4.298207;413.266230;2 out of 4
413.268006;413.268006;Unknown Name;[M+Na];C24H38O4;1.77630e-3;4.298207;413.266230;221 out of 4
413.268006;413.268006;Unknown Name;[M+Na];C24H38O4;1.77630e-3;4.298207;413.266230;221 out of 4
413.268006;413.268006;Unknown Name;[M+Na];C24H38O4;1.77630e-3;4.298207;413.266230;221 out of 4
413.268006;413.268006;Unknown Name;[M+Na];C24H38O4;1.77630e-3;4.298207;413.266230;221 out of 4
413.268006;413.268006;Unknown Name;[M+Na];C24H38O4;1.77630e-3;4.298207;413.266230;221 out of 4
413.268006;413.268006;Unknown Name;[M+Na];C24H38O4;1.77630e-3;4.298207;413.266230;221 out of 4
413.268006;413.268006;Unknown Name;[M+Na];C24H38O4;1.77630e-3;4.298207;413.266230;221 out of 4
413.268006;413.268006;Unknown Name;[M+Na];C24H38O4;1.77630e-3;4.298207;413.266230;221 out of 4
413.268006;413.268006;Unknown Name;[M+Na];C24H38O4;1.77630e-3;4.298207;413.266230;221 out of 4
413.268006;413.268006;Unknown Name;[M+Na];C24H38O4;1.77630e-3;4.298207;413.266230;221 out of 4
413.268006;413.268006;Unknown Name;[M+Na];C24H38O4;1.77630e-3;4.298207;413.266230;221 out of 4
413.268006;413.268006;Unknown Name;[M+Na];C24H38O4;1.77630e-3;4.298207;413.266230;221 out of 4
413.268006;413.268006;Unknown Name;[M+Na];C24H38O4;1.77630e-3;4.298207;413.266230;221 out of 4
413.268006;413.268006;Unknown Name;[M+Na];C24H38O4;1.77630e-3;4.298207;413.266230;221 out of 4
413.268006;413.268006;Unknown Name;[M+Na];C24H38O4;1.77630e-3;4.298207;413.266230;221 out of 4
413.268006;413.268006;Unknown Name;[M+Na];C24H38O4;1.77630e-3;4.298207;413.266230;221 out of 4
413.268006;413.268006;Unknown Name;[M+Na];C24H38O4;1.77630e-3;4.298207;413.266230;221 out of 4
413.268006;413.268006;Unknown Name;[M+Na];C24H38O4;1.77630e-3;4.298207;413.266230;221 out of 4
413.268006;413.268006;Unknown Name;[M+Na];C24H38O4;1.77630e-3;4.298207;413.266230;221 out of 4
413.268006;413.268006;Unknown Name;[M+Na];C24H38O4;1.77630e-3;4.298207;413.266230;221 out of 4
413.268006;413.268006;Unknown Name;[M+Na];C24H38O4;1.77630e-3;4.298207;413.266230;221 out of 4
413.268006;413.268006;Unknown Name;[M+Na];C24H38O4;1.77630e-3;4.298207;413.266230;221 out of 4
413.268006;413.268006;Unknown Name;[M+Na];C24H38O4;1.77630e-3;4.298207;413.266230;221 out of 4
413.268006;413.268006;Unknown Name;[M+Na];C24H38O4;1.77630e-3;4.298207;413.266230;221 out of 4
413.268006;413.268006;Unknown Name;[M+Na];C24H38O4;1.77630e-3;4.298207;413.266230;221 out of 4
413.268006;413.268006;Unknown Name;[M+Na];C24H38O4;1.77630e-3;4.298207;413.266230;221 out of 4
413.268006;413.268006;Unknown Name;[M+Na];C24H38O4;1.77630e-3;4.298207;413.266230;221 out of 4
413.268006;413.268006;Unknown Name;[M+Na];C24H38O4;1.77630e-3;4.298207;413.266230;221 out of 4
413.268006;413.268006;Unknown Name;[M+Na];C24H38O4;1.77630e-3;4.298207;413.266230;221 out of 4
413.268006;413.268006;Unknown Name;[M+Na];C24H38O4;1.77630e-3;4.298207;413.266230;221 out of 4
413.268006;413.268006;Unknown Name;[M+Na];C24H38O4;1.77630e-3;4.298207;413.266230;221 out of 4
413.268006;413.268006;Unknown Name;[M+Na];C24H38O4;1.77630e-3;4.298207;413.266230;221 out of 4
413.268006;413.268006;Unknown Name;[M+Na];C24H38O4;1.77630e-3;4.298207;413.266230;221 out of 4
413.268006;413.268006;Unknown Name;[M+Na];C24H38O4;1.77630e-3;4.298207;413.266230;221 out of 4
413.268006;413.268006;Unknown Name;[M+Na];C24H38O4;1.77630e-3;4.298207;413.266230;221 out of 4
413.268006;413.268006;Unknown Name;[M+Na];C24H38O4;1.77630e-3;4.298207;413.266230;221 out of 4
413.268006;413.268006;Unknown Name;[M+Na];C24H38O4;1.77630e-3;4.298207;413.266230;221 out of 4
413.268006;413.268006;Unknown Name;[M+Na];C24H38O4;1.77630e-3;4.298207;413.266230;221 out of 4
413.268006;413.268006;Unknown Name;[M+Na];C24H38O4;1.77630e-3;4.298207;413.266230;221 out of 4
413.268006;413.268006;Unknown Name;[M+Na];C24H38O4;1.77630e-3;4.298207;413.266230;221 out of 4
413.268006;413.268006;Unknown Name;[M+Na];C24H38O4;1.77630e-3;4.298207;413.266230;221 out of 4
413.268006;413.268006;Unknown Name;[M+Na];C24H38O4;1.77630e-3;4.298207;413.266230;221 out of 4
413.268006;413.268006;Unknown Name;[M+Na];C24H38O4;1.77630e-3;4.298207;413.266230;221 out of 4
413.268006;413.268006;Unknown Name;[M+Na];C24H38O4;1.77630e-3;4.298207;413.266230;221 out of 4
413.268006;413.268006;Unknown Name;[M+Na];C24H38O4;1.77630e-3;4.298207;413.266230;221 out of 4
413.268006;413.268006;Unknown Name;[M+Na];C24H38O4;1.77630e-3;4.298207;413.266230;221 out of 4
413.268006;413.268006;Unknown Name;[M+Na];C24H38O4;1.77630e-3;4.298207;413.266230;221 out of 4
413.268006;413.268006;Unknown Name;[M+Na];C24H38O4;1.77630e-3;4.298207;413.266230;221 out of 4
413.268006;413.268006;alpha-carboxydimethyloctylhydroxychroman;[M+Na];C24H38O4;1.77630e-3;4.298207;413.266230;2 out of 4
413.268006;413.268006;Jambone G;[M+H];C26H36O4;-6.29632e-4;-1.523542;413.268636;1 out of 4
413.268006;413.268006;Moniliferone B;[M+H];C26H36O4;-6.29632e-4;-1.523542;413.268636;1 out of 4
414.357075;414.357075;Heptadecanoyl carnitine;[M+H];C24H47NO4;-7.09984e-4;-1.713456;414.357785;1 out of 4
415.041962;415.041962;Unknown Name;[M+K];C18H16O9;-6.27092e-4;-1.510910;415.042589;292 out of 4
415.041962;415.041962;Unknown Name;[M+K];C18H16O9;-6.27092e-4;-1.510910;415.042589;292 out of 4
415.041962;415.041962;Unknown Name;[M+K];C18H16O9;-6.27092e-4;-1.510910;415.042589;292 out of 4
415.041962;415.041962;Unknown Name;[M+K];C18H16O9;-6.27092e-4;-1.510910;415.042589;292 out of 4
415.041962;415.041962;Unknown Name;[M+K];C18H16O9;-6.27092e-4;-1.510910;415.042589;292 out of 4
415.041962;415.041962;Unknown Name;[M+K];C18H16O9;-6.27092e-4;-1.510910;415.042589;292 out of 4
415.041962;415.041962;Unknown Name;[M+K];C18H16O9;-6.27092e-4;-1.510910;415.042589;292 out of 4
415.041962;415.041962;Apuleisin;[M+K];C18H16O9;-6.27092e-4;-1.510910;415.042589;1 out of 4
415.041962;415.041962;Unknown Name;[M+K];C18H16O9;-6.27092e-4;-1.510910;415.042589;292 out of 4
415.041962;415.041962;Unknown Name;[M+K];C18H16O9;-6.27092e-4;-1.510910;415.042589;292 out of 4
415.041962;415.041962;Unknown Name;[M+K];C18H16O9;-6.27092e-4;-1.510910;415.042589;292 out of 4
415.041962;415.041962;"Hibiscetin 3,7,4'-trimethyl ether";[M+K];C18H16O9;-6.27092e-4;-1.510910;415.042589;1 out of 4
415.041962;415.041962;"Hibiscetin 3,8,4'-trimethyl ether";[M+K];C18H16O9;-6.27092e-4;-1.510910;415.042589;1 out of 4
415.041962;415.041962;Unknown Name;[M+K];C18H16O9;-6.27092e-4;-1.510910;415.042589;292 out of 4
415.041962;415.041962;Unknown Name;[M+K];C18H16O9;-6.27092e-4;-1.510910;415.042589;292 out of 4
415.041962;415.041962;Unknown Name;[M+K];C18H16O9;-6.27092e-4;-1.510910;415.042589;292 out of 4
415.041962;415.041962;Unknown Name;[M+K];C18H16O9;-6.27092e-4;-1.510910;415.042589;292 out of 4
415.041962;415.041962;Limocitrol;[M+K];C18H16O9;-6.27092e-4;-1.510910;415.042589;1 out of 4
416.336169;416.336169;2-Hydroxyhexadecanoylcarnitine;[M+H];C23H45NO5;-8.80540e-4;-2.114969;416.337050;1 out of 4
422.062590;422.062590;Lilaline;[M+K];C20H17NO7;-1.06888e-3;-2.532518;422.063659;2 out of 4
422.323411;422.323411;Palmitoylcarnitine;[M+Na];C23H45NO4;-6.67920e-4;-1.581534;422.324079;3 out of 4
422.323411;422.323411;L-palmitoylcarnitine;[M+Na];C23H45NO4;-6.67920e-4;-1.581534;422.324079;3 out of 4
422.323411;422.323411;O-palmitoylcarnitine;[M+Na];C23H45NO4;-6.67920e-4;-1.581534;422.324079;3 out of 4
423.070276;423.070276;Unknown Name;[M+Na];C20H16O9;1.62391e-3;3.838403;423.068652;221 out of 4
423.070276;423.070276;Unknown Name;[M+Na];C20H16O9;1.62391e-3;3.838403;423.068652;221 out of 4
423.070276;423.070276;Unknown Name;[M+Na];C20H16O9;1.62391e-3;3.838403;423.068652;221 out of 4
424.341492;424.341492;"9,12-Octadecadienoyl carnitine";[M+H];C25H45NO4;-6.42920e-4;-1.515098;424.342135;1 out of 4
424.341492;424.341492;Linoelaidyl carnitine;[M+H];C25H45NO4;-6.42920e-4;-1.515098;424.342135;1 out of 4
424.341492;424.341492;O-linoleoylcarnitine;[M+H];C25H45NO4;-6.42920e-4;-1.515098;424.342135;1 out of 4
425.317256;425.317256;Palmitic acid;[M+NORHARMANE+H];C16H32O2;1.00736e-4;0.236849;425.317155;2 out of 4
425.317256;425.317256;Isopalmitic acid;[M+NORHARMANE+H];C16H32O2;1.00736e-4;0.236849;425.317155;2 out of 4
425.317256;425.317256;"2,6-dimethyl-tetradecanoic acid";[M+NORHARMANE+H];C16H32O2;1.00736e-4;0.236849;425.317155;2 out of 4
425.317256;425.317256;"2,8-dimethyl-tetradecanoic acid";[M+NORHARMANE+H];C16H32O2;1.00736e-4;0.236849;425.317155;2 out of 4
425.317256;425.317256;3-methyl-pentadecanoic acid;[M+NORHARMANE+H];C16H32O2;1.00736e-4;0.236849;425.317155;2 out of 4
425.317256;425.317256;2-propyl-tridecanoic acid;[M+NORHARMANE+H];C16H32O2;1.00736e-4;0.236849;425.317155;2 out of 4
425.317256;425.317256;2-hexyl-decanoic acid;[M+NORHARMANE+H];C16H32O2;1.00736e-4;0.236849;425.317155;2 out of 4
425.317256;425.317256;3-ethyl-3-methyl-tridecanoic acid;[M+NORHARMANE+H];C16H32O2;1.00736e-4;0.236849;425.317155;2 out of 4
425.317256;425.317256;2-heptyl-nonanoic acid;[M+NORHARMANE+H];C16H32O2;1.00736e-4;0.236849;425.317155;2 out of 4
425.317256;425.317256;6-ethyl-tetradecanoic acid;[M+NORHARMANE+H];C16H32O2;1.00736e-4;0.236849;425.317155;2 out of 4
425.317256;425.317256;"2,4-dimethyl-tetradecanoic acid";[M+NORHARMANE+H];C16H32O2;1.00736e-4;0.236849;425.317155;2 out of 4
425.317256;425.317256;"3,5-dimethyl-tetradecanoic acid";[M+NORHARMANE+H];C16H32O2;1.00736e-4;0.236849;425.317155;2 out of 4
425.317256;425.317256;4-hexyl-decanoic acid;[M+NORHARMANE+H];C16H32O2;1.00736e-4;0.236849;425.317155;2 out of 4
425.317256;425.317256;2-ethyl-2-butyl-decanoic acid;[M+NORHARMANE+H];C16H32O2;1.00736e-4;0.236849;425.317155;2 out of 4
425.317256;425.317256;Anteisohexa­decanoic acid;[M+NORHARMANE+H];C16H32O2;1.00736e-4;0.236849;425.317155;2 out of 4
425.317256;425.317256;"4,8,12-trimethyl-tridecanoic acid";[M+NORHARMANE+H];C16H32O2;1.00736e-4;0.236849;425.317155;2 out of 4
425.317256;425.317256;Neopalmitic acid;[M+NORHARMANE+H];C16H32O2;1.00736e-4;0.236849;425.317155;2 out of 4
425.317256;425.317256;"14:0(10Me,13Me)";[M+NORHARMANE+H];C16H32O2;1.00736e-4;0.236849;425.317155;2 out of 4
425.317256;425.317256;"2,13-dimethyltetradecanoic acid";[M+NORHARMANE+H];C16H32O2;1.00736e-4;0.236849;425.317155;2 out of 4
425.317256;425.317256;"4,13-dimethyltetradecanoic acid";[M+NORHARMANE+H];C16H32O2;1.00736e-4;0.236849;425.317155;2 out of 4
425.317256;425.317256;"4,12-dimethyltetradecanoic acid";[M+NORHARMANE+H];C16H32O2;1.00736e-4;0.236849;425.317155;2 out of 4
425.317256;425.317256;"2,12-dimethyltetradecanoic acid";[M+NORHARMANE+H];C16H32O2;1.00736e-4;0.236849;425.317155;2 out of 4
425.317256;425.317256;2-hydroxyhexadecanal;[M+NORHARMANE+H];C16H32O2;1.00736e-4;0.236849;425.317155;2 out of 4
425.317256;425.317256;Tetradecyl acetate;[M+NORHARMANE+H];C16H32O2;1.00736e-4;0.236849;425.317155;2 out of 4
425.317256;425.317256;dodecyl butyrate;[M+NORHARMANE+H];C16H32O2;1.00736e-4;0.236849;425.317155;2 out of 4
425.317256;425.317256;decyl hexanoate;[M+NORHARMANE+H];C16H32O2;1.00736e-4;0.236849;425.317155;2 out of 4
425.317256;425.317256;octyl octanoate;[M+NORHARMANE+H];C16H32O2;1.00736e-4;0.236849;425.317155;2 out of 4
425.317256;425.317256;hexyl decanoate;[M+NORHARMANE+H];C16H32O2;1.00736e-4;0.236849;425.317155;2 out of 4
425.317256;425.317256;ethyl tetradecanoate;[M+NORHARMANE+H];C16H32O2;1.00736e-4;0.236849;425.317155;2 out of 4
425.317256;425.317256;"Methyl 2,6,10-trimethyl-dodecanoate";[M+NORHARMANE+H];C16H32O2;1.00736e-4;0.236849;425.317155;2 out of 4
425.317256;425.317256;7-Methyloctyl 5-methylhexanoate;[M+NORHARMANE+H];C16H32O2;1.00736e-4;0.236849;425.317155;2 out of 4
425.317256;425.317256;Butyl dodecanoate;[M+NORHARMANE+H];C16H32O2;1.00736e-4;0.236849;425.317155;2 out of 4
425.317256;425.317256;Dodecyl 2-methylpropanoate;[M+NORHARMANE+H];C16H32O2;1.00736e-4;0.236849;425.317155;2 out of 4
425.317256;425.317256;"4,4'-Diaponeurosporene";[M+Na];C30H42;-6.15344e-4;-1.446786;425.317871;1 out of 4
425.317256;425.317256;Cholesterol;[M+K];C27H46O;-7.67092e-4;-1.803573;425.318023;1 out of 4
425.317256;425.317256;Epicholesterol;[M+K];C27H46O;-7.67092e-4;-1.803573;425.318023;1 out of 4
425.317256;425.317256;Lathosterol;[M+K];C27H46O;-7.67092e-4;-1.803573;425.318023;1 out of 4
425.317256;425.317256;Zymostenol;[M+K];C27H46O;-7.67092e-4;-1.803573;425.318023;1 out of 4
425.317256;425.317256;Unknown Name;[M+K];C27H46O;-7.67092e-4;-1.803573;425.318023;292 out of 4
425.317256;425.317256;Unknown Name;[M+K];C27H46O;-7.67092e-4;-1.803573;425.318023;292 out of 4
425.317256;425.317256;5alpha-cholestanone;[M+K];C27H46O;-7.67092e-4;-1.803573;425.318023;1 out of 4
425.317256;425.317256;5beta-cholestanone;[M+K];C27H46O;-7.67092e-4;-1.803573;425.318023;1 out of 4
425.317256;425.317256;15-dehydro-A-norcholestanol;[M+K];C27H46O;-7.67092e-4;-1.803573;425.318023;1 out of 4
425.317256;425.317256;Patinosterol;[M+K];C27H46O;-7.67092e-4;-1.803573;425.318023;1 out of 4
425.317256;425.317256;4-cholestenol;[M+K];C27H46O;-7.67092e-4;-1.803573;425.318023;1 out of 4
425.317256;425.317256;"dihydrotachysterol3 / (5E)-(10S)-10,19-dihydrovitamin D3 / (5E)-(10S)-10,19-dihydrocholecalciferol";[M+K];C27H46O;-7.67092e-4;-1.803573;425.318023;1 out of 4
425.317256;425.317256;"toxisterol3 R1 / 6,19-dihydrovitamin D3 / 6,19-dihydrocholecalciferol";[M+K];C27H46O;-7.67092e-4;-1.803573;425.318023;1 out of 4
425.317256;425.317256;Unknown Name;[M+K];C27H46O;-7.67092e-4;-1.803573;425.318023;292 out of 4
425.317256;425.317256;Unknown Name;[M+K];C27H46O;-7.67092e-4;-1.803573;425.318023;292 out of 4
425.317256;425.317256;Unknown Name;[M+K];C27H46O;-7.67092e-4;-1.803573;425.318023;292 out of 4
425.317256;425.317256;(Z)-3-(henicos-14-en-1-yl)phenol;[M+K];C27H46O;-7.67092e-4;-1.803573;425.318023;1 out of 4
425.317256;425.317256;"6-fluorovitamin D3 / 6-fluorocholecalciferol";[M+Na];C27H43FO;-1.75822e-3;-4.133876;425.319014;1 out of 4
425.317256;425.317256;"(10Z)-19-fluorovitamin D3 / (10Z)-19-fluorocholecalciferol";[M+Na];C27H43FO;-1.75822e-3;-4.133876;425.319014;1 out of 4
425.317256;425.317256;"(10E)-19-fluorovitamin D3 / (10E)-19-fluorocholecalciferol";[M+Na];C27H43FO;-1.75822e-3;-4.133876;425.319014;1 out of 4
425.317256;425.317256;"(5E,10Z)-19-fluorovitamin D3 / (5E,10Z)-19-fluorocholecalciferol";[M+Na];C27H43FO;-1.75822e-3;-4.133876;425.319014;1 out of 4
425.317256;425.317256;"(5E,10E)-19-fluorovitamin D3 / (5E,10E)-19-fluorocholecalciferol";[M+Na];C27H43FO;-1.75822e-3;-4.133876;425.319014;1 out of 4
425.317256;425.317256;"22-fluorovitamin D3 / 22-fluorocholecalciferol";[M+Na];C27H43FO;-1.75822e-3;-4.133876;425.319014;1 out of 4
425.317256;425.317256;25-Fluorovitamin D3;[M+Na];C27H43FO;-1.75822e-3;-4.133876;425.319014;1 out of 4
426.357014;426.357014;Elaidic carnitine;[M+H];C25H47NO4;-7.70984e-4;-1.808303;426.357785;1 out of 4
426.357014;426.357014;O-oleoylcarnitine;[M+H];C25H47NO4;-7.70984e-4;-1.808303;426.357785;1 out of 4
427.061819;427.061819;Ixoside;[M+K];C16H20O11;-1.89946e-3;-4.447720;427.063718;1 out of 4
427.065396;427.065396;Ixoside;[M+K];C16H20O11;1.67754e-3;3.928079;427.063718;1 out of 4
428.372673;428.372673;Stearoylcarnitine;[M+H];C25H49NO4;-7.62048e-4;-1.778934;428.373435;3 out of 4
428.372673;428.372673;Acylcarnitine C18:0;[M+H];C25H49NO4;-7.62048e-4;-1.778934;428.373435;3 out of 4
429.080831;429.080831;Unknown Name;[M+Na];C19H18O10;1.61422e-3;3.762065;429.079217;221 out of 4
429.080831;429.080831;Unknown Name;[M+Na];C19H18O10;1.61422e-3;3.762065;429.079217;221 out of 4
429.080831;429.080831;Unknown Name;[M+Na];C19H18O10;1.61422e-3;3.762065;429.079217;221 out of 4
429.080831;429.080831;Unknown Name;[M+Na];C19H18O10;1.61422e-3;3.762065;429.079217;221 out of 4
429.080831;429.080831;Unknown Name;[M+Na];C19H18O10;1.61422e-3;3.762065;429.079217;221 out of 4
429.080831;429.080831;Unknown Name;[M+Na];C19H18O10;1.61422e-3;3.762065;429.079217;221 out of 4
429.080831;429.080831;Monotropein;[M+K];C16H22O11;1.46248e-3;3.408404;429.079369;1 out of 4
429.372092;429.372092;"26:2(5Z,9Z)(25Me)";[M+Na];C27H50O2;1.79116e-3;4.171597;429.370301;1 out of 4
429.372092;429.372092;"26:2(5Z,9Z)(24Me)";[M+Na];C27H50O2;1.79116e-3;4.171597;429.370301;1 out of 4
429.372092;429.372092;"27:2(5Z,9Z)";[M+Na];C27H50O2;1.79116e-3;4.171597;429.370301;1 out of 4
429.372092;429.372092;"2,4,6-trimethyl-2,15-tetracosadienoic acid";[M+Na];C27H50O2;1.79116e-3;4.171597;429.370301;1 out of 4
429.372092;429.372092;3beta-hydroxy-4beta-methyl-5alpha-cholest-7-ene-4alpha-carbaldehyde;[M+H];C29H48O2;-6.14776e-4;-1.431800;429.372707;1 out of 4
429.372092;429.372092;Unknown Name;[M+H];C29H48O2;-6.14776e-4;-1.431800;429.372707;206 out of 4
429.372092;429.372092;Unknown Name;[M+H];C29H48O2;-6.14776e-4;-1.431800;429.372707;206 out of 4
429.372092;429.372092;"(3beta,24R,24'R)-fucosterol epoxide";[M+H];C29H48O2;-6.14776e-4;-1.431800;429.372707;1 out of 4
429.372092;429.372092;Saringosterol;[M+H];C29H48O2;-6.14776e-4;-1.431800;429.372707;1 out of 4
429.372092;429.372092;"(3beta,24S,24'S)-fucosterol epoxide";[M+H];C29H48O2;-6.14776e-4;-1.431800;429.372707;1 out of 4
429.372092;429.372092;Unknown Name;[M+H];C29H48O2;-6.14776e-4;-1.431800;429.372707;206 out of 4
429.372092;429.372092;22S-hydroxyisofucosterol;[M+H];C29H48O2;-6.14776e-4;-1.431800;429.372707;1 out of 4
429.372092;429.372092;"Stigmastane-3,6-dione";[M+H];C29H48O2;-6.14776e-4;-1.431800;429.372707;1 out of 4
429.372092;429.372092;Unknown Name;[M+H];C29H48O2;-6.14776e-4;-1.431800;429.372707;206 out of 4
429.372092;429.372092;"1alpha-hydroxy-26,27-dimethylvitamin D3 / 1alpha-hydroxy-26,27-dimethylcholecalciferol";[M+H];C29H48O2;-6.14776e-4;-1.431800;429.372707;1 out of 4
429.372092;429.372092;"25-hydroxy-26,27-dimethylvitamin D3 / 25-hydroxy-26,27-dimethylcholecalciferol";[M+H];C29H48O2;-6.14776e-4;-1.431800;429.372707;1 out of 4
429.372092;429.372092;"(6S)-6,19-ethano-25-hydroxy-6,19-dihydrovitamin D3 / (6S)-6,19-ethano-25-hydroxy-6,19-dihydrocholecalciferol";[M+H];C29H48O2;-6.14776e-4;-1.431800;429.372707;1 out of 4
429.372092;429.372092;"(6R)-6,19-ethano-25-hydroxy-6,19-dihydrovitamin D3 / (6R)-6,19-ethano-25-hydroxy-6,19-dihydrocholecalciferol";[M+H];C29H48O2;-6.14776e-4;-1.431800;429.372707;1 out of 4
429.372092;429.372092;1-Hydroxyvitamin D5;[M+H];C29H48O2;-6.14776e-4;-1.431800;429.372707;1 out of 4
429.372092;429.372092;Cholesteryl acetate;[M+H];C29H48O2;-6.14776e-4;-1.431800;429.372707;1 out of 4
429.372092;429.372092;halosterol A;[M+H];C29H48O2;-6.14776e-4;-1.431800;429.372707;1 out of 4
429.372092;429.372092;halosterol B;[M+H];C29H48O2;-6.14776e-4;-1.431800;429.372707;1 out of 4
429.372092;429.372092;leucisterol;[M+H];C29H48O2;-6.14776e-4;-1.431800;429.372707;1 out of 4
429.372092;429.372092;"25-Hydroxy-6,19-dihydro-6,19-ethanovitamin D3";[M+H];C29H48O2;-6.14776e-4;-1.431800;429.372707;1 out of 4
431.387512;431.387512;(+)-C27-Phthienoic acid;[M+Na];C27H52O2;1.56110e-3;3.618792;431.385951;1 out of 4
431.387512;431.387512;"2,4-dimethyl-2-pentacosenoic acid";[M+Na];C27H52O2;1.56110e-3;3.618792;431.385951;1 out of 4
431.387512;431.387512;2-methyl-2-hexacosenoic acid;[M+Na];C27H52O2;1.56110e-3;3.618792;431.385951;1 out of 4
431.387512;431.387512;Mycolipenic acid (C27);[M+Na];C27H52O2;1.56110e-3;3.618792;431.385951;1 out of 4
431.387512;431.387512;20Z-heptacosenoic acid;[M+Na];C27H52O2;1.56110e-3;3.618792;431.385951;1 out of 4
431.387512;431.387512;18Z-heptacosenoic acid;[M+Na];C27H52O2;1.56110e-3;3.618792;431.385951;1 out of 4
431.387512;431.387512;26:0(19Cp);[M+Na];C27H52O2;1.56110e-3;3.618792;431.385951;1 out of 4
431.387512;431.387512;3-Methyl-3-butenyl docosanoate;[M+Na];C27H52O2;1.56110e-3;3.618792;431.385951;1 out of 4
431.387512;431.387512;delta-heptacosanalactone;[M+Na];C27H52O2;1.56110e-3;3.618792;431.385951;1 out of 4
431.387512;431.387512;4beta-(hydroxymethyl)-4alpha-methyl-5alpha-cholest-7-en-3beta-ol;[M+H];C29H50O2;-8.44840e-4;-1.958421;431.388357;1 out of 4
431.387512;431.387512;Unknown Name;[M+H];C29H50O2;-8.44840e-4;-1.958421;431.388357;206 out of 4
431.387512;431.387512;22S-hydroxysitosterol;[M+H];C29H50O2;-8.44840e-4;-1.958421;431.388357;1 out of 4
431.387512;431.387512;Ikshusterol;[M+H];C29H50O2;-8.44840e-4;-1.958421;431.388357;1 out of 4
431.387512;431.387512;12alpha-hydroxy Sitosterol;[M+H];C29H50O2;-8.44840e-4;-1.958421;431.388357;1 out of 4
431.387512;431.387512;"toxisterol3 B1/ (5E)-(10R)-10-ethoxy-10,19-dihydrovitamin D3 / (5E)-(10R)-10-ethoxy-10,19-dihydrocholecalciferol";[M+H];C29H50O2;-8.44840e-4;-1.958421;431.388357;1 out of 4
431.387512;431.387512;"toxisterol3 B2 / (5E)-(10S)-10-ethoxy-10,19-dihydrovitamin D3 / (5E)-(10S)-10-ethoxy-10,19-dihydrocholecalciferol";[M+H];C29H50O2;-8.44840e-4;-1.958421;431.388357;1 out of 4
431.387512;431.387512;"toxisterol3 B3 / (10R)-10-ethoxy-10,19-dihydrovitamin D3 / (10R)-10-ethoxy-10,19-dihydrocholecalciferol";[M+H];C29H50O2;-8.44840e-4;-1.958421;431.388357;1 out of 4
431.387512;431.387512;23-phenyl tricosanoic acid;[M+H];C29H50O2;-8.44840e-4;-1.958421;431.388357;1 out of 4
431.387512;431.387512;Unknown Name;[M+H];C29H50O2;-8.44840e-4;-1.958421;431.388357;206 out of 4
431.387512;431.387512;alpha-tocopherol;[M+H];C29H50O2;-8.44840e-4;-1.958421;431.388357;1 out of 4
436.041664;436.041664;4-Dedimethylamino-4-oxo-anhydrotetracycline;[M+K];C20H15NO8;-1.25944e-3;-2.888340;436.042923;1 out of 4
438.297325;438.297325;N-linoleoyl dopamine;[M+Na];C26H41NO3;-5.39172e-4;-1.230150;438.297864;1 out of 4
438.297325;438.297325;"PE(P-16:0/0:0)";[M+H];C21H44NO6P;-5.75758e-4;-1.313623;438.297901;1 out of 4
438.297325;438.297325;Palmitoylcarnitine;[M+K];C23H45NO4;-6.90920e-4;-1.576370;438.298016;3 out of 4
438.297325;438.297325;L-palmitoylcarnitine;[M+K];C23H45NO4;-6.90920e-4;-1.576370;438.298016;3 out of 4
438.297325;438.297325;O-palmitoylcarnitine;[M+K];C23H45NO4;-6.90920e-4;-1.576370;438.298016;3 out of 4
441.071856;441.071856;Unknown Name;[M+K];C24H18O6;-1.63930e-3;-3.716605;441.073495;292 out of 4
441.071856;441.071856;Calomelanol I;[M+K];C24H18O6;-1.63930e-3;-3.716605;441.073495;1 out of 4
441.071856;441.071856;Calomelanol H;[M+K];C24H18O6;-1.63930e-3;-3.716605;441.073495;1 out of 4
443.154141;443.154141;Lamioside;[M+Na];C18H28O11;1.75928e-3;3.969930;443.152382;1 out of 4
444.367634;444.367634;12-Hydroxy-12-octadecanoylcarnitine;[M+H];C25H49NO5;-7.15668e-4;-1.610529;444.368350;2 out of 4
444.367634;444.367634;3-hydroxyoctadecanoylcarnitine;[M+H];C25H49NO5;-7.15668e-4;-1.610529;444.368350;2 out of 4
447.066886;447.066886;Unknown Name;[M+Na];C22H16O9;-1.76609e-3;-3.950382;447.068652;221 out of 4
449.359156;449.359156;Hexacosanedioic acid;[M+Na];C26H50O4;-9.74080e-4;-2.167705;449.360130;2 out of 4
449.359156;449.359156;"FAHFA(3:0/2-O-23:0)";[M+Na];C26H50O4;-9.74080e-4;-2.167705;449.360130;2 out of 4
449.359156;449.359156;"FAHFA(2:0/2-O-25:0)";[M+Na];C26H50O4;-9.74080e-4;-2.167705;449.360130;2 out of 4
450.357117;450.357117;Stearoylcarnitine;[M+Na];C25H49NO4;1.73795e-3;3.859068;450.355379;3 out of 4
450.357117;450.357117;Acylcarnitine C18:0;[M+Na];C25H49NO4;1.73795e-3;3.859068;450.355379;3 out of 4
454.388081;454.388081;(11Z)-eicoseneoylcarnitine;[M+H];C27H51NO4;-1.00411e-3;-2.209807;454.389085;1 out of 4
456.104140;456.104140;Fragarin;[M+Na];C21H21O10;1.99671e-3;4.377765;456.102143;1 out of 4
456.104140;456.104140;Callistephin;[M+Na];C21H21O10;1.99671e-3;4.377765;456.102143;1 out of 4
456.104140;456.104140;Unknown Name;[M+Na];C21H21O10;1.99671e-3;4.377765;456.102143;221 out of 4
456.104140;456.104140;Unknown Name;[M+Na];C21H21O10;1.99671e-3;4.377765;456.102143;221 out of 4
456.403718;456.403718;Arachidyl carnitine;[M+H];C27H53NO4;-1.01718e-3;-2.228671;456.404735;1 out of 4
465.332943;465.332943;Unknown Name;[M+Na];C29H46O3;-9.72332e-4;-2.089536;465.333915;221 out of 4
465.332943;465.332943;Nebrosteroid I;[M+Na];C29H46O3;-9.72332e-4;-2.089536;465.333915;1 out of 4
465.332943;465.332943;"18-acetoxy-vitamin D3 / 18-acetoxy-cholecalciferol";[M+Na];C29H46O3;-9.72332e-4;-2.089536;465.333915;1 out of 4
465.332943;465.332943;"1alpha,25-dihydroxy-11alpha-vinylvitamin D3 / 1alpha,25-dihydroxy-11alpha-vinylcholecalciferol";[M+Na];C29H46O3;-9.72332e-4;-2.089536;465.333915;1 out of 4
465.332943;465.332943;"(22E)-1alpha,25-dihydroxy-26,27-dimethyl-22,23-didehydrovitamin D3 / (22E)-1alpha,25-dihydroxy-26,27-dimethyl-22,23-didehydrocholecalciferol";[M+Na];C29H46O3;-9.72332e-4;-2.089536;465.333915;1 out of 4
465.332943;465.332943;"1alpha,25-dihydroxy-22,23-didehydro-24a,24b-dihomovitamin D3 /1alpha,25-dihydroxy-22,23-didehydro-24a,24b-dihomocholecalciferol";[M+Na];C29H46O3;-9.72332e-4;-2.089536;465.333915;1 out of 4
465.332943;465.332943;"1alpha,25-dihydroxy-26,27-ethanovitamin D3 / 1alpha,25-dihydroxy-26,27-ethanocholecalciferol";[M+Na];C29H46O3;-9.72332e-4;-2.089536;465.333915;1 out of 4
465.332943;465.332943;"(24E)-1alpha,25-dihydroxy-24,24a-didehydro-24a,24b-dihomovitamin D3 /(24E)-1alpha,25-dihydroxy-24,24a-didehydro-24a,24b-dihomocholecalciferol";[M+Na];C29H46O3;-9.72332e-4;-2.089536;465.333915;1 out of 4
465.332943;465.332943;"(24aE)-1alpha,25-dihydroxy-24a,24b-didehydro-24a,24b-dihomovitamin D3 /(24aE)-1alpha,25-dihydroxy-24a,24b-didehydro-24a,24b-dihomocholecalciferol";[M+Na];C29H46O3;-9.72332e-4;-2.089536;465.333915;1 out of 4
465.332943;465.332943;"25-Hydroxy[26,27-methyl]vitamin D3 3beta-(1,2-epoxypropyl)ether";[M+Na];C29H46O3;-9.72332e-4;-2.089536;465.333915;1 out of 4
465.332943;465.332943;4beta-methyl-zymosterol-4alpha-carboxylic acid;[M+Na];C29H46O3;-9.72332e-4;-2.089536;465.333915;1 out of 4
465.332943;465.332943;Unknown Name;[M+Na];C29H46O3;-9.72332e-4;-2.089536;465.333915;221 out of 4
465.332943;465.332943;"1alpha,25-dihydroxy-24-methylvitamin D2 / 1alpha,25-dihydroxy-24-methylergocalciferol";[M+Na];C29H46O3;-9.72332e-4;-2.089536;465.333915;1 out of 4
465.332943;465.332943;Hexacosanedioic acid;[M+K];C26H50O4;-1.12408e-3;-2.415641;465.334067;2 out of 4
465.332943;465.332943;"FAHFA(3:0/2-O-23:0)";[M+K];C26H50O4;-1.12408e-3;-2.415641;465.334067;2 out of 4
465.332943;465.332943;"FAHFA(2:0/2-O-25:0)";[M+K];C26H50O4;-1.12408e-3;-2.415641;465.334067;2 out of 4
465.344049;465.344049;Stearoyl Serotonin;[M+Na];C28H46N2O2;-1.09971e-3;-2.363218;465.345149;1 out of 4
465.344049;465.344049;Sphingosine-1-phosphocholine;[M+H];C23H49N2O5P;-1.13630e-3;-2.441839;465.345185;1 out of 4
466.328067;466.328067;"PC(P-15:0/0:0)";[M+H];C23H48NO6P;-1.13389e-3;-2.431514;466.329201;1 out of 4
466.328067;466.328067;"PE(O-18:1(9Z)/0:0)";[M+H];C23H48NO6P;-1.13389e-3;-2.431514;466.329201;1 out of 4
466.328067;466.328067;"PE(P-18:0/0:0)";[M+H];C23H48NO6P;-1.13389e-3;-2.431514;466.329201;1 out of 4
466.328067;466.328067;Stearoylcarnitine;[M+K];C25H49NO4;-1.24905e-3;-2.678468;466.329316;3 out of 4
466.328067;466.328067;Acylcarnitine C18:0;[M+K];C25H49NO4;-1.24905e-3;-2.678468;466.329316;3 out of 4
467.372265;467.372265;6alpha-Hydroxycastasterone;[M+H];C28H50O5;-8.35700e-4;-1.788079;467.373101;1 out of 4
468.307316;468.307316;N-oleoyl tyrosine;[M+Na];C27H43NO4;-1.11286e-3;-2.376331;468.308429;1 out of 4
468.307316;468.307316;"1alpha,25-dihydroxy-24-oxo-23-azavitamin D2 / 1alpha,25-dihydroxy-24-oxo-23-azaergocalciferol";[M+Na];C27H43NO4;-1.11286e-3;-2.376331;468.308429;1 out of 4
468.307316;468.307316;"PC(O-12:0/2:0)";[M+H];C22H46NO7P;-1.14944e-3;-2.454455;468.308465;1 out of 4
468.307316;468.307316;"PC(14:0/0:0)";[M+H];C22H46NO7P;-1.14944e-3;-2.454455;468.308465;1 out of 4
468.307316;468.307316;"PC(0:0/14:0)";[M+H];C22H46NO7P;-1.14944e-3;-2.454455;468.308465;1 out of 4
468.307316;468.307316;1-(2-methoxy-6Z-hexadecenyl)-sn-glycero-3-phosphoethanolamine;[M+H];C22H46NO7P;-1.14944e-3;-2.454455;468.308465;1 out of 4
468.307316;468.307316;1-(2-methoxy-5Z-hexadecenyl)-sn-glycero-3-phosphoethanolamine;[M+H];C22H46NO7P;-1.14944e-3;-2.454455;468.308465;1 out of 4
468.307316;468.307316;"PE(17:0/0:0)";[M+H];C22H46NO7P;-1.14944e-3;-2.454455;468.308465;1 out of 4
469.073124;469.073124;Unknown Name;[M+Na];C21H18O11;-1.00740e-3;-2.147626;469.074131;221 out of 4
469.073124;469.073124;Baicalein 6-glucuronide;[M+Na];C21H18O11;-1.00740e-3;-2.147626;469.074131;2 out of 4
469.073124;469.073124;Apigenin 7-glucuronide;[M+Na];C21H18O11;-1.00740e-3;-2.147626;469.074131;2 out of 4
469.073124;469.073124;Apigenin 7-galacturonide;[M+Na];C21H18O11;-1.00740e-3;-2.147626;469.074131;2 out of 4
469.073124;469.073124;Apigenin 4'-glucuronide;[M+Na];C21H18O11;-1.00740e-3;-2.147626;469.074131;2 out of 4
469.073124;469.073124;Baicalin;[M+Na];C21H18O11;-1.00740e-3;-2.147626;469.074131;2 out of 4
469.073124;469.073124;Norwogonin 7-glucuronide;[M+Na];C21H18O11;-1.00740e-3;-2.147626;469.074131;2 out of 4
469.073124;469.073124;Norwogonin 8-glucuronide;[M+Na];C21H18O11;-1.00740e-3;-2.147626;469.074131;2 out of 4
478.291548;478.291548;1-(2-methoxy-13-methyl-tetradecanyl)-sn-glycero-3-phosphoethanolamine;[M+Na];C21H46NO7P;1.13856e-3;2.380474;478.290409;1 out of 4
478.291548;478.291548;1-(2-methoxy-pentadecanyl)-sn-glycero-3-phosphoethanolamine;[M+Na];C21H46NO7P;1.13856e-3;2.380474;478.290409;1 out of 4
478.291548;478.291548;15-HETE-DA;[M+Na];C28H41NO4;-1.23079e-3;-2.573302;478.292779;1 out of 4
478.291548;478.291548;15-HETE-VA;[M+Na];C28H41NO4;-1.23079e-3;-2.573302;478.292779;1 out of 4
478.291548;478.291548;"PE(0:0/18:2(9Z,12Z))";[M+H];C23H44NO7P;-1.26738e-3;-2.649795;478.292815;3 out of 4
478.291548;478.291548;"PE(18:2(9Z,12Z)/0:0)";[M+H];C23H44NO7P;-1.26738e-3;-2.649795;478.292815;3 out of 4
478.291548;478.291548;3-hydroxylinoleoylcarnitine;[M+K];C25H45NO5;-1.38254e-3;-2.890572;478.292931;1 out of 4
478.328131;478.328131;Ecalcidene;[M+Na];C29H45NO3;-1.03330e-3;-2.160228;478.329164;1 out of 4
478.328131;478.328131;"PE(P-19:1(12Z)/0:0)";[M+H];C24H48NO6P;-1.06989e-3;-2.236715;478.329201;2 out of 4
479.295104;479.295104;"24,24-Difluoro-1,25,26-trihydroxyvitamin D3";[M+Na];C26H42F2O4;7.67736e-4;1.601805;479.294336;1 out of 4
480.307403;480.307403;Stieleriacine D;[M+Na];C28H43NO4;-1.02586e-3;-2.135828;480.308429;1 out of 4
480.307403;480.307403;"PC(15:1(9Z)/0:0)";[M+H];C23H46NO7P;-1.06244e-3;-2.211999;480.308465;4 out of 4
480.307403;480.307403;"PE(0:0/18:1(11Z))";[M+H];C23H46NO7P;-1.06244e-3;-2.211999;480.308465;4 out of 4
480.307403;480.307403;"PE(0:0/18:1(9Z))";[M+H];C23H46NO7P;-1.06244e-3;-2.211999;480.308465;4 out of 4
480.307403;480.307403;"PE(18:1(9Z)/0:0)";[M+H];C23H46NO7P;-1.06244e-3;-2.211999;480.308465;4 out of 4
480.307403;480.307403;"PE(18:1(11Z)/0:0)";[M+H];C23H46NO7P;-1.06244e-3;-2.211999;480.308465;4 out of 4
480.307403;480.307403;(9Z)-3-hydroxyoctadecenoylcarnitine;[M+K];C25H47NO5;-1.17760e-3;-2.451765;480.308581;1 out of 4
482.323126;482.323126;Stieleriacine E;[M+Na];C28H45NO4;-9.52920e-4;-1.975684;482.324079;1 out of 4
482.323126;482.323126;"PC(15:0/0:0)";[M+H];C23H48NO7P;-9.89506e-4;-2.051537;482.324116;2 out of 4
482.323126;482.323126;"PE(0:0/18:0)";[M+H];C23H48NO7P;-9.89506e-4;-2.051537;482.324116;2 out of 4
482.323126;482.323126;1-(2-methoxy-6Z-heptadecenyl)-sn-glycero-3-phosphoethanolamine;[M+H];C23H48NO7P;-9.89506e-4;-2.051537;482.324116;2 out of 4
482.323126;482.323126;"PE(18:0/0:0)";[M+H];C23H48NO7P;-9.89506e-4;-2.051537;482.324116;2 out of 4
482.323126;482.323126;12-Hydroxy-12-octadecanoylcarnitine;[M+K];C25H49NO5;-1.10467e-3;-2.290302;482.324231;2 out of 4
482.323126;482.323126;3-hydroxyoctadecanoylcarnitine;[M+K];C25H49NO5;-1.10467e-3;-2.290302;482.324231;2 out of 4
485.046924;485.046924;Unknown Name;[M+K];C21H18O11;-1.14440e-3;-2.359346;485.048068;292 out of 4
485.046924;485.046924;Baicalein 6-glucuronide;[M+K];C21H18O11;-1.14440e-3;-2.359346;485.048068;2 out of 4
485.046924;485.046924;Apigenin 7-glucuronide;[M+K];C21H18O11;-1.14440e-3;-2.359346;485.048068;2 out of 4
485.046924;485.046924;Apigenin 7-galacturonide;[M+K];C21H18O11;-1.14440e-3;-2.359346;485.048068;2 out of 4
485.046924;485.046924;Apigenin 4'-glucuronide;[M+K];C21H18O11;-1.14440e-3;-2.359346;485.048068;2 out of 4
485.046924;485.046924;Baicalin;[M+K];C21H18O11;-1.14440e-3;-2.359346;485.048068;2 out of 4
485.046924;485.046924;Norwogonin 7-glucuronide;[M+K];C21H18O11;-1.14440e-3;-2.359346;485.048068;2 out of 4
485.046924;485.046924;Norwogonin 8-glucuronide;[M+K];C21H18O11;-1.14440e-3;-2.359346;485.048068;2 out of 4
485.055442;485.055442;"1-chloro-3-(5'-(penta-1,3-diyn-1-yl)-[2,2'-bithiophen]-5-yl)prop-2-yn-1-ol";[M+NORHARMANE+H];C16H9OS2Cl;1.82412e-4;0.376064;485.055260;1 out of 4
485.067864;485.067864;Iriediol;[M+Na];C20H32Br2O2;1.73954e-3;3.586183;485.066124;2 out of 4
485.067864;485.067864;Unknown Name;[M+Na];C21H18O12;-1.18202e-3;-2.436799;485.069046;221 out of 4
485.067864;485.067864;Demethylwedelolactone 3-O-glucoside;[M+Na];C21H18O12;-1.18202e-3;-2.436799;485.069046;2 out of 4
485.067864;485.067864;Luteolin 5-glucuronide;[M+Na];C21H18O12;-1.18202e-3;-2.436799;485.069046;2 out of 4
485.067864;485.067864;Luteolin 7-glucuronide;[M+Na];C21H18O12;-1.18202e-3;-2.436799;485.069046;2 out of 4
485.067864;485.067864;Luteolin 7-galacturonide;[M+Na];C21H18O12;-1.18202e-3;-2.436799;485.069046;2 out of 4
485.067864;485.067864;Luteolin 3'-glucuronide;[M+Na];C21H18O12;-1.18202e-3;-2.436799;485.069046;2 out of 4
485.067864;485.067864;Luteolin 3'-galacturonide;[M+Na];C21H18O12;-1.18202e-3;-2.436799;485.069046;2 out of 4
485.067864;485.067864;Scutellarein 5-glucuronide;[M+Na];C21H18O12;-1.18202e-3;-2.436799;485.069046;2 out of 4
485.067864;485.067864;Scutellarein 7-glucuronide;[M+Na];C21H18O12;-1.18202e-3;-2.436799;485.069046;2 out of 4
485.067864;485.067864;Unknown Name;[M+Na];C21H18O12;-1.18202e-3;-2.436799;485.069046;221 out of 4
485.067864;485.067864;Isoscutellarein 8-glucuronide;[M+Na];C21H18O12;-1.18202e-3;-2.436799;485.069046;2 out of 4
485.067864;485.067864;Kaempferol 3-glucuronide;[M+Na];C21H18O12;-1.18202e-3;-2.436799;485.069046;2 out of 4
485.067864;485.067864;Kaempferol 7-glucuronide;[M+Na];C21H18O12;-1.18202e-3;-2.436799;485.069046;2 out of 4
485.067864;485.067864;Kaempferol 5-glucuronide;[M+Na];C21H18O12;-1.18202e-3;-2.436799;485.069046;2 out of 4
485.067864;485.067864;Aureusidin 6-glucuronide;[M+Na];C21H18O12;-1.18202e-3;-2.436799;485.069046;2 out of 4
485.088806;485.088806;farnesyl triphosphate;[M+Na];C15H29O10P3;2.22898e-3;4.595019;485.086577;1 out of 4
489.113554;489.113554;Silandrin;[M+Na];C25H22O9;-2.04828e-3;-4.187730;489.115602;1 out of 4
489.113554;489.113554;Silyhermin;[M+Na];C25H22O9;-2.04828e-3;-4.187730;489.115602;1 out of 4
489.113554;489.113554;Neosilyhermin A;[M+Na];C25H22O9;-2.04828e-3;-4.187730;489.115602;1 out of 4
489.113554;489.113554;Neosilyhermin B;[M+Na];C25H22O9;-2.04828e-3;-4.187730;489.115602;1 out of 4
489.113554;489.113554;Silymonin;[M+Na];C25H22O9;-2.04828e-3;-4.187730;489.115602;1 out of 4
489.113554;489.113554;Asebotin;[M+K];C22H26O10;-2.20003e-3;-4.497978;489.115754;1 out of 4
489.113554;489.113554;Auriculoside;[M+K];C22H26O10;-2.20003e-3;-4.497978;489.115754;1 out of 4
489.113554;489.113554;4-Methoxyphlorizin;[M+K];C22H26O10;-2.20003e-3;-4.497978;489.115754;1 out of 4
491.407212;491.407212;Argenonic acid;[M+Na];C29H56O4;1.31728e-4;0.268063;491.407080;1 out of 4
491.407212;491.407212;"Nonacosane-1,29-dioic acid";[M+Na];C29H56O4;1.31728e-4;0.268063;491.407080;1 out of 4
491.407212;491.407212;Aragusteroketal;[M+H];C31H54O4;-2.27421e-3;-4.627929;491.409486;1 out of 4
493.387719;493.387719;Unknown Name;[M+H];C30H52O5;-1.03176e-3;-2.091179;493.388751;206 out of 4
493.387719;493.387719;Xeniasterol-a;[M+H];C30H52O5;-1.03176e-3;-2.091179;493.388751;1 out of 4
494.322959;494.322959;Cervonyl carnitine;[M+Na];C29H45NO4;-1.11992e-3;-2.265558;494.324079;1 out of 4
494.322959;494.322959;"PC(16:1(9E)/0:0)";[M+H];C24H48NO7P;-1.15651e-3;-2.339570;494.324116;2 out of 4
494.322959;494.322959;"PC(16:1(9Z)/0:0)";[M+H];C24H48NO7P;-1.15651e-3;-2.339570;494.324116;2 out of 4
494.322959;494.322959;"PE(19:1(9Z)/0:0)";[M+H];C24H48NO7P;-1.15651e-3;-2.339570;494.324116;2 out of 4
496.338607;496.338607;"(7Z,10Z,13Z,16Z,19Z)-docosapentaenoylcarnitine";[M+Na];C29H47NO4;-1.12198e-3;-2.260516;496.339729;1 out of 4
496.338607;496.338607;Clupanodonyl carnitine;[M+Na];C29H47NO4;-1.12198e-3;-2.260516;496.339729;1 out of 4
496.338607;496.338607;"Docosa-4,7,10,13,16-pentaenoyl carnitine";[M+Na];C29H47NO4;-1.12198e-3;-2.260516;496.339729;1 out of 4
496.338607;496.338607;"PC(O-14:0/2:0)";[M+H];C24H50NO7P;-1.15857e-3;-2.334228;496.339766;3 out of 4
496.338607;496.338607;"PC(16:0/0:0)";[M+H];C24H50NO7P;-1.15857e-3;-2.334228;496.339766;3 out of 4
496.338607;496.338607;"PC(0:0/16:0)";[M+H];C24H50NO7P;-1.15857e-3;-2.334228;496.339766;3 out of 4
496.338607;496.338607;"PC(16:0/0:0)[rac]";[M+H];C24H50NO7P;-1.15857e-3;-2.334228;496.339766;3 out of 4
496.338607;496.338607;1-(2-methoxy-6Z-octadecenyl)-sn-glycero-3-phosphoethanolamine;[M+H];C24H50NO7P;-1.15857e-3;-2.334228;496.339766;3 out of 4
496.338607;496.338607;"PE(19:0/0:0)";[M+H];C24H50NO7P;-1.15857e-3;-2.334228;496.339766;3 out of 4
500.273472;500.273472;"PE(0:0/18:2(9Z,12Z))";[M+Na];C23H44NO7P;-1.28738e-3;-2.573342;500.274759;3 out of 4
500.273472;500.273472;"PE(18:2(9Z,12Z)/0:0)";[M+Na];C23H44NO7P;-1.28738e-3;-2.573342;500.274759;3 out of 4
500.309718;500.309718;"PE(P-19:1(12Z)/0:0)";[M+Na];C24H48NO6P;-1.42689e-3;-2.851997;500.311145;2 out of 4
501.041811;501.041811;Iriediol;[M+K];C20H32Br2O2;1.74954e-3;3.491809;501.040061;2 out of 4
501.041811;501.041811;Unknown Name;[M+K];C21H18O12;-1.17202e-3;-2.339153;501.042983;292 out of 4
501.041811;501.041811;Demethylwedelolactone 3-O-glucoside;[M+K];C21H18O12;-1.17202e-3;-2.339153;501.042983;2 out of 4
501.041811;501.041811;Luteolin 5-glucuronide;[M+K];C21H18O12;-1.17202e-3;-2.339153;501.042983;2 out of 4
501.041811;501.041811;Luteolin 7-glucuronide;[M+K];C21H18O12;-1.17202e-3;-2.339153;501.042983;2 out of 4
501.041811;501.041811;Luteolin 7-galacturonide;[M+K];C21H18O12;-1.17202e-3;-2.339153;501.042983;2 out of 4
501.041811;501.041811;Luteolin 3'-glucuronide;[M+K];C21H18O12;-1.17202e-3;-2.339153;501.042983;2 out of 4
501.041811;501.041811;Luteolin 3'-galacturonide;[M+K];C21H18O12;-1.17202e-3;-2.339153;501.042983;2 out of 4
501.041811;501.041811;Scutellarein 5-glucuronide;[M+K];C21H18O12;-1.17202e-3;-2.339153;501.042983;2 out of 4
501.041811;501.041811;Scutellarein 7-glucuronide;[M+K];C21H18O12;-1.17202e-3;-2.339153;501.042983;2 out of 4
501.041811;501.041811;Unknown Name;[M+K];C21H18O12;-1.17202e-3;-2.339153;501.042983;292 out of 4
501.041811;501.041811;Isoscutellarein 8-glucuronide;[M+K];C21H18O12;-1.17202e-3;-2.339153;501.042983;2 out of 4
501.041811;501.041811;Kaempferol 3-glucuronide;[M+K];C21H18O12;-1.17202e-3;-2.339153;501.042983;2 out of 4
501.041811;501.041811;Kaempferol 7-glucuronide;[M+K];C21H18O12;-1.17202e-3;-2.339153;501.042983;2 out of 4
501.041811;501.041811;Kaempferol 5-glucuronide;[M+K];C21H18O12;-1.17202e-3;-2.339153;501.042983;2 out of 4
501.041811;501.041811;Aureusidin 6-glucuronide;[M+K];C21H18O12;-1.17202e-3;-2.339153;501.042983;2 out of 4
501.277095;501.277095;Ptilodene;[M+NORHARMANE+H];C20H28O4;1.41062e-3;2.814068;501.275684;1 out of 4
501.277095;501.277095;PGA3;[M+NORHARMANE+H];C20H28O4;1.41062e-3;2.814068;501.275684;1 out of 4
501.277095;501.277095;PGB3;[M+NORHARMANE+H];C20H28O4;1.41062e-3;2.814068;501.275684;1 out of 4
501.277095;501.277095;PGJ3;[M+NORHARMANE+H];C20H28O4;1.41062e-3;2.814068;501.275684;1 out of 4
501.277095;501.277095;"PGE3 1,15-lactone";[M+NORHARMANE+H];C20H28O4;1.41062e-3;2.814068;501.275684;1 out of 4
501.277095;501.277095;"5S,6S-epoxy-18R-HEPE";[M+NORHARMANE+H];C20H28O4;1.41062e-3;2.814068;501.275684;1 out of 4
501.277095;501.277095;"5S,6-Ep-18S-HEPE";[M+NORHARMANE+H];C20H28O4;1.41062e-3;2.814068;501.275684;1 out of 4
501.277095;501.277095;Agardhilactone;[M+NORHARMANE+H];C20H28O4;1.41062e-3;2.814068;501.275684;1 out of 4
501.277095;501.277095;Lophachinin C;[M+NORHARMANE+H];C20H28O4;1.41062e-3;2.814068;501.275684;1 out of 4
501.277095;501.277095;Sebiferumnin L;[M+NORHARMANE+H];C20H28O4;1.41062e-3;2.814068;501.275684;1 out of 4
501.277095;501.277095;Gibberellin A14 aldehyde;[M+NORHARMANE+H];C20H28O4;1.41062e-3;2.814068;501.275684;1 out of 4
501.277095;501.277095;Gibberellin A12;[M+NORHARMANE+H];C20H28O4;1.41062e-3;2.814068;501.275684;1 out of 4
501.277095;501.277095;Gibberellin A53 aldehyde;[M+NORHARMANE+H];C20H28O4;1.41062e-3;2.814068;501.275684;1 out of 4
501.277095;501.277095;Xeniolit A;[M+NORHARMANE+H];C20H28O4;1.41062e-3;2.814068;501.275684;1 out of 4
502.288179;502.288179;"PC(15:1(9Z)/0:0)";[M+Na];C23H46NO7P;-2.23044e-3;-4.440543;502.290409;3 out of 4
502.288179;502.288179;"PE(0:0/18:1(11Z))";[M+Na];C23H46NO7P;-2.23044e-3;-4.440543;502.290409;3 out of 4
502.288179;502.288179;"PE(0:0/18:1(9Z))";[M+Na];C23H46NO7P;-2.23044e-3;-4.440543;502.290409;3 out of 4
502.288179;502.288179;"PE(18:1(9Z)/0:0)";[M+Na];C23H46NO7P;-2.23044e-3;-4.440543;502.290409;3 out of 4
502.288179;502.288179;"PE(18:1(11Z)/0:0)";[M+Na];C23H46NO7P;-2.23044e-3;-4.440543;502.290409;3 out of 4
502.291604;502.291604;"PC(15:1(9Z)/0:0)";[M+Na];C23H46NO7P;1.19456e-3;2.378222;502.290409;3 out of 4
502.291604;502.291604;"PE(0:0/18:1(11Z))";[M+Na];C23H46NO7P;1.19456e-3;2.378222;502.290409;3 out of 4
502.291604;502.291604;"PE(0:0/18:1(9Z))";[M+Na];C23H46NO7P;1.19456e-3;2.378222;502.290409;3 out of 4
502.291604;502.291604;"PE(18:1(9Z)/0:0)";[M+Na];C23H46NO7P;1.19456e-3;2.378222;502.290409;3 out of 4
502.291604;502.291604;"PE(18:1(11Z)/0:0)";[M+Na];C23H46NO7P;1.19456e-3;2.378222;502.290409;3 out of 4
502.291604;502.291604;"PE(0:0/20:4(5Z,8Z,11Z,14Z))";[M+H];C25H44NO7P;-1.21138e-3;-2.411697;502.292815;3 out of 4
502.291604;502.291604;"PE(0:0/20:4(8Z,11Z,14Z,17Z))";[M+H];C25H44NO7P;-1.21138e-3;-2.411697;502.292815;3 out of 4
502.291604;502.291604;"PE(20:4(8Z,11Z,14Z,17Z)/0:0)";[M+H];C25H44NO7P;-1.21138e-3;-2.411697;502.292815;3 out of 4
502.291604;502.291604;"PE(20:4(5Z,8Z,11Z,14Z)/0:0)";[M+H];C25H44NO7P;-1.21138e-3;-2.411697;502.292815;3 out of 4
502.291604;502.291604;3-hydroxyarachidonoylcarnitine;[M+K];C27H45NO5;-1.32654e-3;-2.640969;502.292931;1 out of 4
504.307669;504.307669;"PC(15:0/0:0)";[M+Na];C23H48NO7P;1.60949e-3;3.191502;504.306060;2 out of 4
504.307669;504.307669;"PE(0:0/18:0)";[M+Na];C23H48NO7P;1.60949e-3;3.191502;504.306060;2 out of 4
504.307669;504.307669;1-(2-methoxy-6Z-heptadecenyl)-sn-glycero-3-phosphoethanolamine;[M+Na];C23H48NO7P;1.60949e-3;3.191502;504.306060;2 out of 4
504.307669;504.307669;"PE(18:0/0:0)";[M+Na];C23H48NO7P;1.60949e-3;3.191502;504.306060;2 out of 4
504.307669;504.307669;"PE(0:0/20:3(11Z,14Z,17Z))";[M+H];C25H46NO7P;-7.96442e-4;-1.579275;504.308465;2 out of 4
504.307669;504.307669;"PE(0:0/20:3(5Z,8Z,11Z))";[M+H];C25H46NO7P;-7.96442e-4;-1.579275;504.308465;2 out of 4
504.307669;504.307669;"PE(0:0/20:3(8Z,11Z,14Z))";[M+H];C25H46NO7P;-7.96442e-4;-1.579275;504.308465;2 out of 4
504.307669;504.307669;"PE(20:3(11Z,14Z,17Z)/0:0)";[M+H];C25H46NO7P;-7.96442e-4;-1.579275;504.308465;2 out of 4
504.307669;504.307669;"PE(20:3(5Z,8Z,11Z)/0:0)";[M+H];C25H46NO7P;-7.96442e-4;-1.579275;504.308465;2 out of 4
504.307669;504.307669;"PE(20:3(8Z,11Z,14Z)/0:0)";[M+H];C25H46NO7P;-7.96442e-4;-1.579275;504.308465;2 out of 4
505.366469;505.366469;"(22E,24E)-1alpha,25-dihydroxy-26,27-diethyl-22,23,24,24a-tetradehydro-24a-homovitamin D3 / (22E,24E)-1alpha,25-dihydroxy-26,27-diethyl-22,23,24,24a-tetradehydro-24a-homocholecalciferol";[M+Na];C32H50O3;1.25354e-3;2.480464;505.365215;1 out of 4
505.366469;505.366469;"1alpha,25-dihydroxy-26,27-dimethyl-22,22,23,23-tetradehydro-24a,24b,24c-trihomo-20-epivitamin D3 / 1alpha,25-dihydroxy-26,27-dimethyl-22,22,23,23-tetradehydro-24a,24b,24c-trihomo-20-epicholecalciferol";[M+Na];C32H50O3;1.25354e-3;2.480464;505.365215;1 out of 4
506.286617;506.286617;"PS(O-16:0/0:0)";[M+Na];C22H46NO8P;1.29294e-3;2.553773;506.285324;1 out of 4
510.353939;510.353939;"PC(O-1:0/16:0)";[M+H];C25H52NO7P;-1.47663e-3;-2.893344;510.355416;1 out of 4
510.353939;510.353939;"PC(O-15:0/2:0)";[M+H];C25H52NO7P;-1.47663e-3;-2.893344;510.355416;1 out of 4
510.353939;510.353939;"PC(O-16:0/1:0)";[M+H];C25H52NO7P;-1.47663e-3;-2.893344;510.355416;1 out of 4
510.353939;510.353939;"PC(17:0/0:0)";[M+H];C25H52NO7P;-1.47663e-3;-2.893344;510.355416;1 out of 4
510.353939;510.353939;1-O-(2-methoxy-4Z-hexadecenyl)-sn-glycero-3-phosphocholine;[M+H];C25H52NO7P;-1.47663e-3;-2.893344;510.355416;1 out of 4
510.353939;510.353939;"PE(0:0/20:0)";[M+H];C25H52NO7P;-1.47663e-3;-2.893344;510.355416;1 out of 4
510.353939;510.353939;"PE(20:0/0:0)";[M+H];C25H52NO7P;-1.47663e-3;-2.893344;510.355416;1 out of 4
510.353939;510.353939;3-hydroxyeicosanoylcarnitine;[M+K];C27H53NO5;-1.59180e-3;-3.118994;510.355531;1 out of 4
516.247661;516.247661;"PE(18:2(9Z,12Z)/0:0)";[M+K];C23H44NO7P;-1.03538e-3;-2.005580;516.248696;3 out of 4
516.247661;516.247661;"PE(0:0/18:2(9Z,12Z))";[M+K];C23H44NO7P;-1.03538e-3;-2.005580;516.248696;3 out of 4
516.304756;516.304756;"PC(16:1(9E)/0:0)";[M+Na];C24H48NO7P;-1.30351e-3;-2.524677;516.306060;2 out of 4
516.304756;516.304756;"PC(16:1(9Z)/0:0)";[M+Na];C24H48NO7P;-1.30351e-3;-2.524677;516.306060;2 out of 4
516.304756;516.304756;"PE(19:1(9Z)/0:0)";[M+Na];C24H48NO7P;-1.30351e-3;-2.524677;516.306060;2 out of 4
518.263265;518.263265;"PC(15:1(9Z)/0:0)";[M+K];C23H46NO7P;-1.08144e-3;-2.086661;518.264346;4 out of 4
518.263265;518.263265;"PE(0:0/18:1(11Z))";[M+K];C23H46NO7P;-1.08144e-3;-2.086661;518.264346;4 out of 4
518.263265;518.263265;"PE(0:0/18:1(9Z))";[M+K];C23H46NO7P;-1.08144e-3;-2.086661;518.264346;4 out of 4
518.263265;518.263265;"PE(18:1(9Z)/0:0)";[M+K];C23H46NO7P;-1.08144e-3;-2.086661;518.264346;4 out of 4
518.263265;518.263265;"PE(18:1(11Z)/0:0)";[M+K];C23H46NO7P;-1.08144e-3;-2.086661;518.264346;4 out of 4
518.319997;518.319997;"PC(O-14:0/2:0)";[M+Na];C24H50NO7P;-1.71257e-3;-3.304068;518.321710;3 out of 4
518.319997;518.319997;"PC(16:0/0:0)";[M+Na];C24H50NO7P;-1.71257e-3;-3.304068;518.321710;3 out of 4
518.319997;518.319997;"PC(0:0/16:0)";[M+Na];C24H50NO7P;-1.71257e-3;-3.304068;518.321710;3 out of 4
518.319997;518.319997;"PC(16:0/0:0)[rac]";[M+Na];C24H50NO7P;-1.71257e-3;-3.304068;518.321710;3 out of 4
518.319997;518.319997;1-(2-methoxy-6Z-octadecenyl)-sn-glycero-3-phosphoethanolamine;[M+Na];C24H50NO7P;-1.71257e-3;-3.304068;518.321710;3 out of 4
518.319997;518.319997;"PE(19:0/0:0)";[M+Na];C24H50NO7P;-1.71257e-3;-3.304068;518.321710;3 out of 4
519.323764;519.323764;9-deoxy-9-methylene-PGE2;[M+NORHARMANE+H];C21H34O4;1.12943e-3;2.174818;519.322635;1 out of 4
519.323764;519.323764;11-deoxy-11-methylene-PGD2;[M+NORHARMANE+H];C21H34O4;1.12943e-3;2.174818;519.322635;1 out of 4
519.323764;519.323764;11-deoxyprostaglandin E2 methyl ester;[M+NORHARMANE+H];C21H34O4;1.12943e-3;2.174818;519.322635;1 out of 4
519.323764;519.323764;"13,14-dihydro-PGB2 methyl ester";[M+NORHARMANE+H];C21H34O4;1.12943e-3;2.174818;519.322635;1 out of 4
519.323764;519.323764;"Methyl-(10R)-hydroxy-(11S,12S)-epoxy-(5Z,8Z,14Z)-eicosatrienoate";[M+NORHARMANE+H];C21H34O4;1.12943e-3;2.174818;519.322635;1 out of 4
519.323764;519.323764;"Methyl-(10S)-hydroxy-(11S,12S)-epoxy-(5Z,8Z,14Z)-eicosatrienoate";[M+NORHARMANE+H];C21H34O4;1.12943e-3;2.174818;519.322635;1 out of 4
519.323764;519.323764;Tetrahydrocorticosterone;[M+NORHARMANE+H];C21H34O4;1.12943e-3;2.174818;519.322635;1 out of 4
519.323764;519.323764;5alpha-Tetrahydrocorticosterone;[M+NORHARMANE+H];C21H34O4;1.12943e-3;2.174818;519.322635;1 out of 4
519.323764;519.323764;Tetrahydrodeoxycortisol;[M+NORHARMANE+H];C21H34O4;1.12943e-3;2.174818;519.322635;1 out of 4
519.323764;519.323764;"13,14-dihydroxy-11-mulinen-20-oic acid";[M+NORHARMANE+H];C21H34O4;1.12943e-3;2.174818;519.322635;1 out of 4
519.323764;519.323764;Topsentolide C2;[M+NORHARMANE+H];C21H34O4;1.12943e-3;2.174818;519.322635;1 out of 4
519.323764;519.323764;Suberonone;[M+NORHARMANE+H];C21H34O4;1.12943e-3;2.174818;519.322635;1 out of 4
519.323764;519.323764;"(22E,24E,24bE)-1alpha,25-dihydroxy-26,27-dimethyl-22,23,24,24a,24b,24c-hexadehydro-24a,24b,24c-trihomovitamin D3 / (22E,24E,24bE)-1alpha,25-dihydroxy-26,27-dimethyl-22,23,24,24a,24b,24c-hexadehydro-24a,24b,24c-trihomocholecalciferol";[M+K];C32H48O3;2.61604e-4;0.503740;519.323502;1 out of 4
520.338369;520.338369;1-(2-methoxy-octadecanyl)-sn-glycero-3-phosphoethanolamine;[M+Na];C24H52NO7P;1.00937e-3;1.939830;520.337360;1 out of 4
520.338369;520.338369;"PC(18:2(2E,4E)/0:0)";[M+H];C26H50NO7P;-1.39657e-3;-2.683958;520.339766;3 out of 4
520.338369;520.338369;"PC(18:2(9Z,12Z)/0:0)";[M+H];C26H50NO7P;-1.39657e-3;-2.683958;520.339766;3 out of 4
522.353999;522.353999;"PC(O-16:1(11Z)/2:0)";[M+H];C26H52NO7P;-1.41663e-3;-2.712012;522.355416;3 out of 4
522.353999;522.353999;"PC(P-16:0/2:0)";[M+H];C26H52NO7P;-1.41663e-3;-2.712012;522.355416;3 out of 4
522.353999;522.353999;"PC(18:1(6Z)/0:0)";[M+H];C26H52NO7P;-1.41663e-3;-2.712012;522.355416;3 out of 4
522.353999;522.353999;"PC(18:1(9E)/0:0)";[M+H];C26H52NO7P;-1.41663e-3;-2.712012;522.355416;3 out of 4
522.353999;522.353999;"PC(18:1(9Z)/0:0)";[M+H];C26H52NO7P;-1.41663e-3;-2.712012;522.355416;3 out of 4
522.353999;522.353999;"PC(0:0/18:1(6Z))";[M+H];C26H52NO7P;-1.41663e-3;-2.712012;522.355416;3 out of 4
522.353999;522.353999;"PC(0:0/18:1(9E))";[M+H];C26H52NO7P;-1.41663e-3;-2.712012;522.355416;3 out of 4
522.353999;522.353999;"PC(0:0/18:1(9Z))";[M+H];C26H52NO7P;-1.41663e-3;-2.712012;522.355416;3 out of 4
522.353999;522.353999;"PC(18:1(9Z)/0:0)[rac]";[M+H];C26H52NO7P;-1.41663e-3;-2.712012;522.355416;3 out of 4
522.353999;522.353999;"PC(18:1(11Z)/0:0)";[M+H];C26H52NO7P;-1.41663e-3;-2.712012;522.355416;3 out of 4
523.357352;523.357352;Aztequynol A;[M+K];C32H52O3;2.54948e-3;4.871410;523.354803;1 out of 4
524.273746;524.273746;"PE(20:4(5Z,8Z,11Z,14Z)/0:0)";[M+Na];C25H44NO7P;-1.01338e-3;-1.932914;524.274759;3 out of 4
524.273746;524.273746;"PE(0:0/20:4(5Z,8Z,11Z,14Z))";[M+Na];C25H44NO7P;-1.01338e-3;-1.932914;524.274759;3 out of 4
524.273746;524.273746;"PE(0:0/20:4(8Z,11Z,14Z,17Z))";[M+Na];C25H44NO7P;-1.01338e-3;-1.932914;524.274759;3 out of 4
524.273746;524.273746;"PE(20:4(8Z,11Z,14Z,17Z)/0:0)";[M+Na];C25H44NO7P;-1.01338e-3;-1.932914;524.274759;3 out of 4
524.333460;524.333460;"PE(10:0/10:0)";[M+H];C25H50NO8P;-1.22019e-3;-2.327121;524.334680;3 out of 4
524.369959;524.369959;"PC(O-16:0/2:0)";[M+H];C26H54NO7P;-1.10670e-3;-2.110525;524.371066;4 out of 4
524.369959;524.369959;"PC(18:0/0:0)";[M+H];C26H54NO7P;-1.10670e-3;-2.110525;524.371066;4 out of 4
524.369959;524.369959;"PC(0:0/18:0)";[M+H];C26H54NO7P;-1.10670e-3;-2.110525;524.371066;4 out of 4
524.369959;524.369959;"PE(21:0/0:0)";[M+H];C26H54NO7P;-1.10670e-3;-2.110525;524.371066;4 out of 4
525.276586;525.276586;Nitenin;[M+NORHARMANE+H];C22H28O4;9.01624e-4;1.716478;525.275684;1 out of 4
525.336529;525.336529;Triangulyne F;[M+Na];C34H46O3;2.61367e-3;4.975251;525.333915;1 out of 4
525.336529;525.336529;"26,27-diethyl-1alpha,25-dihydroxy-20,21-methano-23-oxavitamin D3 / 26,27-diethyl-1alpha,25-dihydroxy-20,21-methano-23-oxacholecalciferol";[M+K];C31H50O4;2.46192e-3;4.686389;525.334067;1 out of 4
526.291626;526.291626;"PE(0:0/20:3(11Z,14Z,17Z))";[M+Na];C25H46NO7P;1.21656e-3;2.311572;526.290409;2 out of 4
526.291626;526.291626;"PE(0:0/20:3(5Z,8Z,11Z))";[M+Na];C25H46NO7P;1.21656e-3;2.311572;526.290409;2 out of 4
526.291626;526.291626;"PE(0:0/20:3(8Z,11Z,14Z))";[M+Na];C25H46NO7P;1.21656e-3;2.311572;526.290409;2 out of 4
526.291626;526.291626;"PE(20:3(11Z,14Z,17Z)/0:0)";[M+Na];C25H46NO7P;1.21656e-3;2.311572;526.290409;2 out of 4
526.291626;526.291626;"PE(20:3(5Z,8Z,11Z)/0:0)";[M+Na];C25H46NO7P;1.21656e-3;2.311572;526.290409;2 out of 4
526.291626;526.291626;"PE(20:3(8Z,11Z,14Z)/0:0)";[M+Na];C25H46NO7P;1.21656e-3;2.311572;526.290409;2 out of 4
526.291626;526.291626;"PE(0:0/22:6(4Z,7Z,10Z,13Z,16Z,19Z))";[M+H];C27H44NO7P;-1.18938e-3;-2.259917;526.292815;3 out of 4
526.291626;526.291626;"PE(22:6(4Z,7Z,10Z,13Z,16Z,19Z)/0:0)";[M+H];C27H44NO7P;-1.18938e-3;-2.259917;526.292815;3 out of 4
526.312519;526.312519;"PS(18:0/0:0)";[M+H];C24H48NO9P;-1.42575e-3;-2.708927;526.313945;1 out of 4
526.312519;526.312519;1-(2-methoxy-6Z-heptadecenyl)-sn-glycero-3-phosphoserine;[M+H];C24H48NO9P;-1.42575e-3;-2.708927;526.313945;1 out of 4
528.306994;528.306994;"PC(17:2(9Z,12Z)/0:0)";[M+Na];C25H48NO7P;9.34494e-4;1.768850;528.306060;1 out of 4
528.306994;528.306994;"PE(20:2(11Z,14Z)/0:0)";[M+Na];C25H48NO7P;9.34494e-4;1.768850;528.306060;1 out of 4
528.306994;528.306994;"PE(0:0/20:2(11Z,14Z))";[M+Na];C25H48NO7P;9.34494e-4;1.768850;528.306060;1 out of 4
528.306994;528.306994;"PE(0:0/22:5(4Z,7Z,10Z,13Z,16Z))";[M+H];C27H46NO7P;-1.47144e-3;-2.785195;528.308465;2 out of 4
528.306994;528.306994;"PE(0:0/22:5(7Z,10Z,13Z,16Z,19Z))";[M+H];C27H46NO7P;-1.47144e-3;-2.785195;528.308465;2 out of 4
528.306994;528.306994;"PE(22:5(4Z,7Z,10Z,13Z,16Z)/0:0)";[M+H];C27H46NO7P;-1.47144e-3;-2.785195;528.308465;2 out of 4
528.306994;528.306994;"PE(22:5(7Z,10Z,13Z,16Z,19Z)/0:0)";[M+H];C27H46NO7P;-1.47144e-3;-2.785195;528.308465;2 out of 4
529.271666;529.271666;"PA(22:2(13Z,16Z)/0:0)";[M+K];C25H47O7P;2.56853e-3;4.852968;529.269097;1 out of 4
529.271666;529.271666;Chaetoglobosin A;[M+H];C32H36N2O5;1.96775e-3;3.717855;529.269698;1 out of 4
529.271666;529.271666;Chaetoglobosin B;[M+H];C32H36N2O5;1.96775e-3;3.717855;529.269698;1 out of 4
529.271666;529.271666;Aldosterone;[M+NORHARMANE+H];C21H28O5;1.06700e-3;2.015990;529.270599;1 out of 4
529.271666;529.271666;Cortisone;[M+NORHARMANE+H];C21H28O5;1.06700e-3;2.015990;529.270599;1 out of 4
529.271666;529.271666;Aldosterone hemiacetal;[M+NORHARMANE+H];C21H28O5;1.06700e-3;2.015990;529.270599;1 out of 4
529.271666;529.271666;prednisolone;[M+NORHARMANE+H];C21H28O5;1.06700e-3;2.015990;529.270599;1 out of 4
529.271666;529.271666;HDOPA;[M+NORHARMANE+H];C21H28O5;1.06700e-3;2.015990;529.270599;1 out of 4
529.271666;529.271666;Bathoristerone;[M+NORHARMANE+H];C21H28O5;1.06700e-3;2.015990;529.270599;1 out of 4
529.310123;529.310123;"26,27-diethyl-1alpha,25-dihydroxy-22-thiavitamin D3 / 26,27-diethyl-1alpha,25-dihydroxy-22-thiacholecalciferol";[M+K];C30H50O3S;-1.10046e-3;-2.079041;529.311223;1 out of 4
529.310123;529.310123;"26,27-diethyl-1alpha,25-dihydroxy-22-thia-20-epivitamin D3 / 26,27-diethyl-1alpha,25-dihydroxy-22-thia-20-epicholecalciferol";[M+K];C30H50O3S;-1.10046e-3;-2.079041;529.311223;1 out of 4
529.398469;529.398469;1-O-(2R-hydroxy-octadecyl)-sn-glycerol;[M+NORHARMANE+H];C21H44O4;-2.41589e-3;-4.563438;529.400885;1 out of 4
530.286949;530.286949;Cytochalasin H1;[M+Na];C31H41NO5;-7.44412e-4;-1.403789;530.287693;1 out of 4
530.322584;530.322584;"PC(17:1(10Z)/0:0)";[M+Na];C25H50NO7P;8.74430e-4;1.648867;530.321710;1 out of 4
530.322584;530.322584;"PC(17:1(9Z)/0:0)";[M+Na];C25H50NO7P;8.74430e-4;1.648867;530.321710;1 out of 4
530.322584;530.322584;"PE(0:0/20:1(11Z))";[M+Na];C25H50NO7P;8.74430e-4;1.648867;530.321710;1 out of 4
530.322584;530.322584;"PE(20:1(11Z)/0:0)";[M+Na];C25H50NO7P;8.74430e-4;1.648867;530.321710;1 out of 4
530.322584;530.322584;"PE(0:0/22:4(7Z,10Z,13Z,16Z))";[M+H];C27H48NO7P;-1.53151e-3;-2.887868;530.324116;2 out of 4
530.322584;530.322584;"PE(22:4(7Z,10Z,13Z,16Z)/0:0)";[M+H];C27H48NO7P;-1.53151e-3;-2.887868;530.324116;2 out of 4
530.322584;530.322584;Lipstatin;[M+K];C29H49NO5;-1.64667e-3;-3.105021;530.324231;1 out of 4
531.286121;531.286121;"PA(22:1(11Z)/0:0)";[M+K];C25H49O7P;1.37346e-3;2.585171;531.284748;1 out of 4
531.286121;531.286121;Cortisol;[M+NORHARMANE+H];C21H30O5;-1.28060e-4;-0.241038;531.286249;1 out of 4
531.286121;531.286121;18-Hydroxycorticosterone;[M+NORHARMANE+H];C21H30O5;-1.28060e-4;-0.241038;531.286249;1 out of 4
531.286121;531.286121;"4,5beta-Dihydrocortisone";[M+NORHARMANE+H];C21H30O5;-1.28060e-4;-0.241038;531.286249;1 out of 4
531.286121;531.286121;"4,5alpha-Dihydrocortisone";[M+NORHARMANE+H];C21H30O5;-1.28060e-4;-0.241038;531.286249;1 out of 4
531.286121;531.286121;poststerone;[M+NORHARMANE+H];C21H30O5;-1.28060e-4;-0.241038;531.286249;1 out of 4
531.286121;531.286121;Unknown Name;[M+NORHARMANE+H];C21H30O5;-1.28060e-4;-0.241038;531.286249;302 out of 4
531.286121;531.286121;"11beta,20-Dihydroxy-3-oxopregn-4-en-21-oic acid";[M+NORHARMANE+H];C21H30O5;-1.28060e-4;-0.241038;531.286249;1 out of 4
531.286121;531.286121;20alpha-DHOPA;[M+NORHARMANE+H];C21H30O5;-1.28060e-4;-0.241038;531.286249;1 out of 4
531.286121;531.286121;"1alpha,17alpha,21-trihydroxy-20-oxo-22,23,24,25,26,27-hexanorvitamin D3 / 1alpha,17alpha,21-trihydroxy-20-oxo-22,23,24,25,26,27-hexanorcholecalciferol";[M+NORHARMANE+H];C21H30O5;-1.28060e-4;-0.241038;531.286249;1 out of 4
531.286121;531.286121;Lophachinin B;[M+NORHARMANE+H];C21H30O5;-1.28060e-4;-0.241038;531.286249;1 out of 4
532.301887;532.301887;"PC(14:0/2:0)";[M+Na];C24H48NO8P;9.12874e-4;1.714958;532.300974;2 out of 4
532.301887;532.301887;"PC(8:0/8:0)";[M+Na];C24H48NO8P;9.12874e-4;1.714958;532.300974;2 out of 4
532.301887;532.301887;"PS(P-18:0/0:0)";[M+Na];C24H48NO8P;9.12874e-4;1.714958;532.300974;2 out of 4
534.294299;534.294299;"PC(O-14:0/2:0)";[M+K];C24H50NO7P;-1.34757e-3;-2.522143;534.295647;3 out of 4
534.294299;534.294299;"PC(16:0/0:0)";[M+K];C24H50NO7P;-1.34757e-3;-2.522143;534.295647;3 out of 4
534.294299;534.294299;"PC(0:0/16:0)";[M+K];C24H50NO7P;-1.34757e-3;-2.522143;534.295647;3 out of 4
534.294299;534.294299;"PC(16:0/0:0)[rac]";[M+K];C24H50NO7P;-1.34757e-3;-2.522143;534.295647;3 out of 4
534.294299;534.294299;1-(2-methoxy-6Z-octadecenyl)-sn-glycero-3-phosphoethanolamine;[M+K];C24H50NO7P;-1.34757e-3;-2.522143;534.295647;3 out of 4
534.294299;534.294299;"PE(19:0/0:0)";[M+K];C24H50NO7P;-1.34757e-3;-2.522143;534.295647;3 out of 4
535.297405;535.297405;Carduusyne C;[M+NORHARMANE+H];C24H30O3;9.85180e-4;1.840438;535.296420;1 out of 4
537.341091;537.341091;Turkesterone 22-acetonide;[M+H];C30H48O8;-1.10350e-3;-2.053619;537.342194;1 out of 4
538.348686;538.348686;"PC(16:0/2:0)";[M+H];C26H52NO8P;-1.64425e-3;-3.054245;538.350330;2 out of 4
538.348686;538.348686;"PC(2:0/16:0)";[M+H];C26H52NO8P;-1.64425e-3;-3.054245;538.350330;2 out of 4
538.348686;538.348686;"PC(9:0/9:0)";[M+H];C26H52NO8P;-1.64425e-3;-3.054245;538.350330;2 out of 4
538.348686;538.348686;"PS(P-20:0/0:0)";[M+H];C26H52NO8P;-1.64425e-3;-3.054245;538.350330;2 out of 4
540.247542;540.247542;"PE(20:4(5Z,8Z,11Z,14Z)/0:0)";[M+K];C25H44NO7P;-1.15438e-3;-2.136753;540.248696;3 out of 4
540.247542;540.247542;"PE(0:0/20:4(5Z,8Z,11Z,14Z))";[M+K];C25H44NO7P;-1.15438e-3;-2.136753;540.248696;3 out of 4
540.247542;540.247542;"PE(0:0/20:4(8Z,11Z,14Z,17Z))";[M+K];C25H44NO7P;-1.15438e-3;-2.136753;540.248696;3 out of 4
540.247542;540.247542;"PE(20:4(8Z,11Z,14Z,17Z)/0:0)";[M+K];C25H44NO7P;-1.15438e-3;-2.136753;540.248696;3 out of 4
542.319957;542.319957;"PC(18:2(2E,4E)/0:0)";[M+Na];C26H50NO7P;-1.75257e-3;-3.231606;542.321710;3 out of 4
542.319957;542.319957;"PC(18:2(9Z,12Z)/0:0)";[M+Na];C26H50NO7P;-1.75257e-3;-3.231606;542.321710;3 out of 4
543.070351;543.070351;Pseudohypericin;[M+Na];C30H16O9;1.69891e-3;3.128348;543.068652;1 out of 4
543.323616;543.323616;Digitoxigenin;[M+NORHARMANE+H];C23H34O4;9.81432e-4;1.806352;543.322635;1 out of 4
543.323616;543.323616;"1alpha-hydroxy-24,25,26,27-tetranorvitamin D3 23-carboxylic acid / calcitroic acid";[M+NORHARMANE+H];C23H34O4;9.81432e-4;1.806352;543.322635;1 out of 4
544.334573;544.334573;17-trimethylarsenylheptadecan-1-ol;[M+NORHARMANE+H];C20H44OAs;-2.61595e-3;-4.805749;544.337189;1 out of 4
544.339043;544.339043;17-trimethylarsenylheptadecan-1-ol;[M+NORHARMANE+H];C20H44OAs;1.85405e-3;3.406072;544.337189;1 out of 4
544.339043;544.339043;"PC(O-16:1(11Z)/2:0)";[M+Na];C26H52NO7P;1.68337e-3;3.092505;544.337360;3 out of 4
544.339043;544.339043;"PC(P-16:0/2:0)";[M+Na];C26H52NO7P;1.68337e-3;3.092505;544.337360;3 out of 4
544.339043;544.339043;"PC(18:1(6Z)/0:0)";[M+Na];C26H52NO7P;1.68337e-3;3.092505;544.337360;3 out of 4
544.339043;544.339043;"PC(18:1(9E)/0:0)";[M+Na];C26H52NO7P;1.68337e-3;3.092505;544.337360;3 out of 4
544.339043;544.339043;"PC(18:1(9Z)/0:0)";[M+Na];C26H52NO7P;1.68337e-3;3.092505;544.337360;3 out of 4
544.339043;544.339043;"PC(0:0/18:1(6Z))";[M+Na];C26H52NO7P;1.68337e-3;3.092505;544.337360;3 out of 4
544.339043;544.339043;"PC(0:0/18:1(9E))";[M+Na];C26H52NO7P;1.68337e-3;3.092505;544.337360;3 out of 4
544.339043;544.339043;"PC(0:0/18:1(9Z))";[M+Na];C26H52NO7P;1.68337e-3;3.092505;544.337360;3 out of 4
544.339043;544.339043;"PC(18:1(9Z)/0:0)[rac]";[M+Na];C26H52NO7P;1.68337e-3;3.092505;544.337360;3 out of 4
544.339043;544.339043;"PC(18:1(11Z)/0:0)";[M+Na];C26H52NO7P;1.68337e-3;3.092505;544.337360;3 out of 4
544.339043;544.339043;"PC(20:4(5Z,8Z,11Z,14Z)/0:0)";[M+H];C28H50NO7P;-7.22570e-4;-1.327425;544.339766;4 out of 4
544.339043;544.339043;"PC(0:0/20:4(5Z,8Z,11Z,14Z))";[M+H];C28H50NO7P;-7.22570e-4;-1.327425;544.339766;4 out of 4
544.339043;544.339043;"PC(20:4(8Z,11Z,14Z,17Z)/0:0)";[M+H];C28H50NO7P;-7.22570e-4;-1.327425;544.339766;4 out of 4
545.069940;545.069940;Quercetin 7-(6''-acetylglucoside);[M+K];C23H22O13;7.42236e-4;1.361728;545.069198;1 out of 4
545.069940;545.069940;Tricin 7-glucuronide;[M+K];C23H22O13;7.42236e-4;1.361728;545.069198;1 out of 4
545.069940;545.069940;"Tricetin 3',4'-dimethyl ether 7-glucuronide";[M+K];C23H22O13;7.42236e-4;1.361728;545.069198;1 out of 4
545.069940;545.069940;6-Methoxyluteolin 7-glucuronide methyl ester;[M+K];C23H22O13;7.42236e-4;1.361728;545.069198;1 out of 4
545.069940;545.069940;Unknown Name;[M+K];C23H22O13;7.42236e-4;1.361728;545.069198;292 out of 4
545.069940;545.069940;Quercetin 3- (3''-acetylgalactoside);[M+K];C23H22O13;7.42236e-4;1.361728;545.069198;1 out of 4
545.069940;545.069940;Quercetin 3-(6''-acetylgalactoside);[M+K];C23H22O13;7.42236e-4;1.361728;545.069198;1 out of 4
545.069940;545.069940;Quercetin 3-(6''-acetylglucoside);[M+K];C23H22O13;7.42236e-4;1.361728;545.069198;1 out of 4
545.069940;545.069940;Quercetin 3-(6''-ethylglucuronide);[M+K];C23H22O13;7.42236e-4;1.361728;545.069198;1 out of 4
545.069940;545.069940;Quercetin 3'-glucoside-7-acetate;[M+K];C23H22O13;7.42236e-4;1.361728;545.069198;1 out of 4
545.069940;545.069940;Quercetin 3-(2''-acetylgalactoside);[M+K];C23H22O13;7.42236e-4;1.361728;545.069198;1 out of 4
545.069940;545.069940;Myricetin 3-acetylrhamnoside;[M+K];C23H22O13;7.42236e-4;1.361728;545.069198;1 out of 4
545.069940;545.069940;Myricetin 3-(2''-acetylrhamnoside);[M+K];C23H22O13;7.42236e-4;1.361728;545.069198;1 out of 4
545.338084;545.338084;"MG(0:0/20:5(5Z,8Z,11Z,14Z,17Z)/0:0)";[M+NORHARMANE+H];C23H36O4;-2.00632e-4;-0.367904;545.338285;1 out of 4
545.338084;545.338084;Austroyunone A;[M+NORHARMANE+H];C23H36O4;-2.00632e-4;-0.367904;545.338285;1 out of 4
546.315134;546.315134;"PE(10:0/10:0)";[M+Na];C25H50NO8P;-1.49019e-3;-2.727704;546.316624;3 out of 4
546.351154;546.351154;"PC(O-16:0/2:0)";[M+Na];C26H54NO7P;-1.85570e-3;-3.396518;546.353010;3 out of 4
546.351154;546.351154;"PC(18:0/0:0)";[M+Na];C26H54NO7P;-1.85570e-3;-3.396518;546.353010;3 out of 4
546.351154;546.351154;"PC(0:0/18:0)";[M+Na];C26H54NO7P;-1.85570e-3;-3.396518;546.353010;3 out of 4
546.351154;546.351154;"PE(21:0/0:0)";[M+Na];C26H54NO7P;-1.85570e-3;-3.396518;546.353010;3 out of 4
546.355207;546.355207;"PC(O-16:0/2:0)";[M+Na];C26H54NO7P;2.19730e-3;4.021762;546.353010;3 out of 4
546.355207;546.355207;"PC(18:0/0:0)";[M+Na];C26H54NO7P;2.19730e-3;4.021762;546.353010;3 out of 4
546.355207;546.355207;"PC(0:0/18:0)";[M+Na];C26H54NO7P;2.19730e-3;4.021762;546.353010;3 out of 4
546.355207;546.355207;"PE(21:0/0:0)";[M+Na];C26H54NO7P;2.19730e-3;4.021762;546.353010;3 out of 4
546.355207;546.355207;"PC(20:3(8Z,11Z,14Z)/0:0)";[M+H];C28H52NO7P;-2.08634e-4;-0.381865;546.355416;3 out of 4
546.355207;546.355207;"PC(20:3(5Z,8Z,11Z)/0:0)";[M+H];C28H52NO7P;-2.08634e-4;-0.381865;546.355416;3 out of 4
547.085211;547.085211;Unknown Name;[M+K];C23H24O13;3.63172e-4;0.663831;547.084848;292 out of 4
547.085211;547.085211;Unknown Name;[M+K];C23H24O13;3.63172e-4;0.663831;547.084848;292 out of 4
547.085211;547.085211;Unknown Name;[M+K];C23H24O13;3.63172e-4;0.663831;547.084848;292 out of 4
547.085211;547.085211;Pleurostimin 7-methyl ether 6-glucoside;[M+K];C23H24O13;3.63172e-4;0.663831;547.084848;1 out of 4
547.085211;547.085211;Moghanin A;[M+K];C23H24O13;3.63172e-4;0.663831;547.084848;1 out of 4
547.085211;547.085211;Syringetin 3-glucoside;[M+K];C23H24O13;3.63172e-4;0.663831;547.084848;1 out of 4
547.085211;547.085211;"Myricetin 3',4'-dimethyl ether 3-glucoside";[M+K];C23H24O13;3.63172e-4;0.663831;547.084848;1 out of 4
547.085211;547.085211;"Myricetin 7,4'-dimethyl ether 3-galactoside";[M+K];C23H24O13;3.63172e-4;0.663831;547.084848;1 out of 4
547.085211;547.085211;Eupatolitin 3-galactoside;[M+K];C23H24O13;3.63172e-4;0.663831;547.084848;1 out of 4
547.085211;547.085211;Eupatolitin 3-glucoside;[M+K];C23H24O13;3.63172e-4;0.663831;547.084848;1 out of 4
547.085211;547.085211;Spinacetin 3-glucoside;[M+K];C23H24O13;3.63172e-4;0.663831;547.084848;1 out of 4
547.085211;547.085211;Axillaroside;[M+K];C23H24O13;3.63172e-4;0.663831;547.084848;1 out of 4
547.085211;547.085211;Tomentin 6-galactoside;[M+K];C23H24O13;3.63172e-4;0.663831;547.084848;1 out of 4
547.085211;547.085211;Tomentin 6-glucoside;[M+K];C23H24O13;3.63172e-4;0.663831;547.084848;1 out of 4
547.085211;547.085211;Tomentin 4'-glucoside;[M+K];C23H24O13;3.63172e-4;0.663831;547.084848;1 out of 4
547.085211;547.085211;"Quercetagetin 3,3'-dimethyl ether 7-glucoside";[M+K];C23H24O13;3.63172e-4;0.663831;547.084848;1 out of 4
547.085211;547.085211;Spinacetin 7-glucoside;[M+K];C23H24O13;3.63172e-4;0.663831;547.084848;1 out of 4
547.085211;547.085211;"Quercetagetin 7,3'-dimethyl ether 6-glucoside";[M+K];C23H24O13;3.63172e-4;0.663831;547.084848;1 out of 4
547.085211;547.085211;Limocitrin 3-galactoside;[M+K];C23H24O13;3.63172e-4;0.663831;547.084848;1 out of 4
547.085211;547.085211;"Gossypetin 7,8-dimethyl ether 3-glucoside";[M+K];C23H24O13;3.63172e-4;0.663831;547.084848;1 out of 4
547.085211;547.085211;Limocitrin 3-glucoside;[M+K];C23H24O13;3.63172e-4;0.663831;547.084848;1 out of 4
547.085211;547.085211;"Gossypetin 7,8-dimethyl ether 4'-glucoside";[M+K];C23H24O13;3.63172e-4;0.663831;547.084848;1 out of 4
547.085211;547.085211;"Gossypetin 7,4'-dimethyl ether 8-glucoside";[M+K];C23H24O13;3.63172e-4;0.663831;547.084848;1 out of 4
547.085211;547.085211;Limocitrin 7-glucoside;[M+K];C23H24O13;3.63172e-4;0.663831;547.084848;1 out of 4
547.085211;547.085211;"Gossypetin 3,8-dimethyl ether 5-glucoside";[M+K];C23H24O13;3.63172e-4;0.663831;547.084848;1 out of 4
547.085211;547.085211;"Hibiscetin 8,3'-dimethyl ether 3-rhamnoside";[M+K];C23H24O13;3.63172e-4;0.663831;547.084848;1 out of 4
547.085211;547.085211;Tarenninoside B;[M+K];C23H24O13;3.63172e-4;0.663831;547.084848;1 out of 4
547.318284;547.318284;"1,9-dideoxyforskolin";[M+NORHARMANE+H];C22H34O5;7.34812e-4;1.342570;547.317549;1 out of 4
547.318284;547.318284;Resolvin T1;[M+NORHARMANE+H];C22H34O5;7.34812e-4;1.342570;547.317549;1 out of 4
547.318284;547.318284;Resolvin T2;[M+NORHARMANE+H];C22H34O5;7.34812e-4;1.342570;547.317549;1 out of 4
547.318284;547.318284;Resolvin T3;[M+NORHARMANE+H];C22H34O5;7.34812e-4;1.342570;547.317549;1 out of 4
547.318284;547.318284;20-F4-NeuroP;[M+NORHARMANE+H];C22H34O5;7.34812e-4;1.342570;547.317549;1 out of 4
547.318284;547.318284;17-F4-NeuroP;[M+NORHARMANE+H];C22H34O5;7.34812e-4;1.342570;547.317549;1 out of 4
547.318284;547.318284;13-F4-NeuroP;[M+NORHARMANE+H];C22H34O5;7.34812e-4;1.342570;547.317549;1 out of 4
547.318284;547.318284;14-F4-NeuroP;[M+NORHARMANE+H];C22H34O5;7.34812e-4;1.342570;547.317549;1 out of 4
547.318284;547.318284;10-F4-NeuroP;[M+NORHARMANE+H];C22H34O5;7.34812e-4;1.342570;547.317549;1 out of 4
547.318284;547.318284;11-F4-NeuroP;[M+NORHARMANE+H];C22H34O5;7.34812e-4;1.342570;547.317549;1 out of 4
547.318284;547.318284;7-F4-NeuroP;[M+NORHARMANE+H];C22H34O5;7.34812e-4;1.342570;547.317549;1 out of 4
547.318284;547.318284;4-F4-NeuroP;[M+NORHARMANE+H];C22H34O5;7.34812e-4;1.342570;547.317549;1 out of 4
547.318284;547.318284;7-epi-14-F4t-NeuroP;[M+NORHARMANE+H];C22H34O5;7.34812e-4;1.342570;547.317549;1 out of 4
547.318284;547.318284;ent-4-F4t-NeuroP;[M+NORHARMANE+H];C22H34O5;7.34812e-4;1.342570;547.317549;1 out of 4
547.318284;547.318284;ent-7-epi-4-F4c-NeuroP;[M+NORHARMANE+H];C22H34O5;7.34812e-4;1.342570;547.317549;1 out of 4
547.318284;547.318284;ent-7-epi-4-F4t-NeuroP;[M+NORHARMANE+H];C22H34O5;7.34812e-4;1.342570;547.317549;1 out of 4
547.318284;547.318284;ent-4-F4c-NeuroP;[M+NORHARMANE+H];C22H34O5;7.34812e-4;1.342570;547.317549;1 out of 4
547.318284;547.318284;4-epi-4-F4c-NeuroP;[M+NORHARMANE+H];C22H34O5;7.34812e-4;1.342570;547.317549;1 out of 4
547.318284;547.318284;"4,7-diepi-4-F4t-NeuroP";[M+NORHARMANE+H];C22H34O5;7.34812e-4;1.342570;547.317549;1 out of 4
547.318284;547.318284;"4,7-diepi-4-F4c-NeuroP";[M+NORHARMANE+H];C22H34O5;7.34812e-4;1.342570;547.317549;1 out of 4
547.318284;547.318284;4-epi-4-F4t-NeuroP;[M+NORHARMANE+H];C22H34O5;7.34812e-4;1.342570;547.317549;1 out of 4
547.318284;547.318284;ent-4-epi-4-Ft-NeuroP;[M+NORHARMANE+H];C22H34O5;7.34812e-4;1.342570;547.317549;1 out of 4
547.318284;547.318284;"ent-4,7-diepi-4-Fc-NeuroP";[M+NORHARMANE+H];C22H34O5;7.34812e-4;1.342570;547.317549;1 out of 4
547.318284;547.318284;"ent-4,7-diepi-4-Ft-NeuroP";[M+NORHARMANE+H];C22H34O5;7.34812e-4;1.342570;547.317549;1 out of 4
547.318284;547.318284;ent-4-epi-4-Fc-NeuroP;[M+NORHARMANE+H];C22H34O5;7.34812e-4;1.342570;547.317549;1 out of 4
547.318284;547.318284;4-F4c-NeuroP;[M+NORHARMANE+H];C22H34O5;7.34812e-4;1.342570;547.317549;1 out of 4
547.318284;547.318284;7-epi-4-F4t-NeuroP;[M+NORHARMANE+H];C22H34O5;7.34812e-4;1.342570;547.317549;1 out of 4
547.318284;547.318284;7-epi-4-F4c-NeuroP;[M+NORHARMANE+H];C22H34O5;7.34812e-4;1.342570;547.317549;1 out of 4
547.318284;547.318284;4-F4t-NeuroP;[M+NORHARMANE+H];C22H34O5;7.34812e-4;1.342570;547.317549;1 out of 4
547.318284;547.318284;ent-7-F4t-NeuroP;[M+NORHARMANE+H];C22H34O5;7.34812e-4;1.342570;547.317549;1 out of 4
547.318284;547.318284;ent-10-epi-7-F4c-NeuroP;[M+NORHARMANE+H];C22H34O5;7.34812e-4;1.342570;547.317549;1 out of 4
547.318284;547.318284;ent-10-epi-7-F4t-NeuroP;[M+NORHARMANE+H];C22H34O5;7.34812e-4;1.342570;547.317549;1 out of 4
547.318284;547.318284;ent-7-F4c-NeuroP;[M+NORHARMANE+H];C22H34O5;7.34812e-4;1.342570;547.317549;1 out of 4
547.318284;547.318284;7-epi-7-F4c-NeuroP;[M+NORHARMANE+H];C22H34O5;7.34812e-4;1.342570;547.317549;1 out of 4
547.318284;547.318284;"7,10-diepi-7-F4t-NeuroP";[M+NORHARMANE+H];C22H34O5;7.34812e-4;1.342570;547.317549;1 out of 4
547.318284;547.318284;"7,10-diepi-7-F4c-NeuroP";[M+NORHARMANE+H];C22H34O5;7.34812e-4;1.342570;547.317549;1 out of 4
547.318284;547.318284;7-epi-7-F4t-NeuroP;[M+NORHARMANE+H];C22H34O5;7.34812e-4;1.342570;547.317549;1 out of 4
547.318284;547.318284;ent-7-epi-4-Ft-NeuroP;[M+NORHARMANE+H];C22H34O5;7.34812e-4;1.342570;547.317549;1 out of 4
547.318284;547.318284;"ent-7,10-diepi-4-Fc-NeuroP";[M+NORHARMANE+H];C22H34O5;7.34812e-4;1.342570;547.317549;1 out of 4
547.318284;547.318284;"ent-7,10-diepi-4-Ft-NeuroP";[M+NORHARMANE+H];C22H34O5;7.34812e-4;1.342570;547.317549;1 out of 4
547.318284;547.318284;ent-7-epi-4-Fc-NeuroP;[M+NORHARMANE+H];C22H34O5;7.34812e-4;1.342570;547.317549;1 out of 4
547.318284;547.318284;7-F4c-NeuroP;[M+NORHARMANE+H];C22H34O5;7.34812e-4;1.342570;547.317549;1 out of 4
547.318284;547.318284;10-epi-7-F4t-NeuroP;[M+NORHARMANE+H];C22H34O5;7.34812e-4;1.342570;547.317549;1 out of 4
547.318284;547.318284;10-epi-7-F4c-NeuroP;[M+NORHARMANE+H];C22H34O5;7.34812e-4;1.342570;547.317549;1 out of 4
547.318284;547.318284;7-F4t-NeuroP;[M+NORHARMANE+H];C22H34O5;7.34812e-4;1.342570;547.317549;1 out of 4
547.318284;547.318284;ent-10-F4t-NeuroP;[M+NORHARMANE+H];C22H34O5;7.34812e-4;1.342570;547.317549;1 out of 4
547.318284;547.318284;ent-13-epi-10-F4c-NeuroP;[M+NORHARMANE+H];C22H34O5;7.34812e-4;1.342570;547.317549;1 out of 4
547.318284;547.318284;ent-13-epi-10-F4t-NeuroP;[M+NORHARMANE+H];C22H34O5;7.34812e-4;1.342570;547.317549;1 out of 4
547.318284;547.318284;ent-10-F4c-NeuroP;[M+NORHARMANE+H];C22H34O5;7.34812e-4;1.342570;547.317549;1 out of 4
547.318284;547.318284;10-epi-10-F4c-NeuroP;[M+NORHARMANE+H];C22H34O5;7.34812e-4;1.342570;547.317549;1 out of 4
547.318284;547.318284;"10,13-diepi-10-F4t-NeuroP";[M+NORHARMANE+H];C22H34O5;7.34812e-4;1.342570;547.317549;1 out of 4
547.318284;547.318284;"10,13-diepi-10-F4c-NeuroP";[M+NORHARMANE+H];C22H34O5;7.34812e-4;1.342570;547.317549;1 out of 4
547.318284;547.318284;10-epi-10-F4t-NeuroP;[M+NORHARMANE+H];C22H34O5;7.34812e-4;1.342570;547.317549;1 out of 4
547.318284;547.318284;ent-10-epi-4-Ft-NeuroP;[M+NORHARMANE+H];C22H34O5;7.34812e-4;1.342570;547.317549;1 out of 4
547.318284;547.318284;"ent-10,13-diepi-4-Fc-NeuroP";[M+NORHARMANE+H];C22H34O5;7.34812e-4;1.342570;547.317549;1 out of 4
547.318284;547.318284;"ent-10,13-diepi-4-Ft-NeuroP";[M+NORHARMANE+H];C22H34O5;7.34812e-4;1.342570;547.317549;1 out of 4
547.318284;547.318284;ent-10-epi-4-Fc-NeuroP;[M+NORHARMANE+H];C22H34O5;7.34812e-4;1.342570;547.317549;1 out of 4
547.318284;547.318284;10-F4c-NeuroP;[M+NORHARMANE+H];C22H34O5;7.34812e-4;1.342570;547.317549;1 out of 4
547.318284;547.318284;13-epi-10-F4t-NeuroP;[M+NORHARMANE+H];C22H34O5;7.34812e-4;1.342570;547.317549;1 out of 4
547.318284;547.318284;13-epi-10-F4c-NeuroP;[M+NORHARMANE+H];C22H34O5;7.34812e-4;1.342570;547.317549;1 out of 4
547.318284;547.318284;10-F4t-NeuroP;[M+NORHARMANE+H];C22H34O5;7.34812e-4;1.342570;547.317549;1 out of 4
547.318284;547.318284;ent-11-F4t-NeuroP;[M+NORHARMANE+H];C22H34O5;7.34812e-4;1.342570;547.317549;1 out of 4
547.318284;547.318284;ent-4-epi-11-F4c-NeuroP;[M+NORHARMANE+H];C22H34O5;7.34812e-4;1.342570;547.317549;1 out of 4
547.318284;547.318284;ent-4-epi-11-F4t-NeuroP;[M+NORHARMANE+H];C22H34O5;7.34812e-4;1.342570;547.317549;1 out of 4
547.318284;547.318284;ent-11-F4c-NeuroP;[M+NORHARMANE+H];C22H34O5;7.34812e-4;1.342570;547.317549;1 out of 4
547.318284;547.318284;11-epi-11-F4c-NeuroP;[M+NORHARMANE+H];C22H34O5;7.34812e-4;1.342570;547.317549;1 out of 4
547.318284;547.318284;"4,11-diepi-11-F4t-NeuroP";[M+NORHARMANE+H];C22H34O5;7.34812e-4;1.342570;547.317549;1 out of 4
547.318284;547.318284;"4,11-diepi-11-F4c-NeuroP";[M+NORHARMANE+H];C22H34O5;7.34812e-4;1.342570;547.317549;1 out of 4
547.318284;547.318284;11-epi-11-F4t-NeuroP;[M+NORHARMANE+H];C22H34O5;7.34812e-4;1.342570;547.317549;1 out of 4
547.318284;547.318284;ent-11-epi-4-Ft-NeuroP;[M+NORHARMANE+H];C22H34O5;7.34812e-4;1.342570;547.317549;1 out of 4
547.318284;547.318284;"ent-4,11-diepi-4-Fc-NeuroP";[M+NORHARMANE+H];C22H34O5;7.34812e-4;1.342570;547.317549;1 out of 4
547.318284;547.318284;"ent-4,11-diepi-4-Ft-NeuroP";[M+NORHARMANE+H];C22H34O5;7.34812e-4;1.342570;547.317549;1 out of 4
547.318284;547.318284;ent-11-epi-4-Fc-NeuroP;[M+NORHARMANE+H];C22H34O5;7.34812e-4;1.342570;547.317549;1 out of 4
547.318284;547.318284;11-F4c-NeuroP;[M+NORHARMANE+H];C22H34O5;7.34812e-4;1.342570;547.317549;1 out of 4
547.318284;547.318284;4-epi-11-F4t-NeuroP;[M+NORHARMANE+H];C22H34O5;7.34812e-4;1.342570;547.317549;1 out of 4
547.318284;547.318284;4-epi-11-F4c-NeuroP;[M+NORHARMANE+H];C22H34O5;7.34812e-4;1.342570;547.317549;1 out of 4
547.318284;547.318284;11-F4t-NeuroP;[M+NORHARMANE+H];C22H34O5;7.34812e-4;1.342570;547.317549;1 out of 4
547.318284;547.318284;ent-13-F4t-NeuroP;[M+NORHARMANE+H];C22H34O5;7.34812e-4;1.342570;547.317549;1 out of 4
547.318284;547.318284;ent-16-epi-13-F4c-NeuroP;[M+NORHARMANE+H];C22H34O5;7.34812e-4;1.342570;547.317549;1 out of 4
547.318284;547.318284;ent-16-epi-13-F4t-NeuroP;[M+NORHARMANE+H];C22H34O5;7.34812e-4;1.342570;547.317549;1 out of 4
547.318284;547.318284;ent-13-F4c-NeuroP;[M+NORHARMANE+H];C22H34O5;7.34812e-4;1.342570;547.317549;1 out of 4
547.318284;547.318284;13-epi-13-F4c-NeuroP;[M+NORHARMANE+H];C22H34O5;7.34812e-4;1.342570;547.317549;1 out of 4
547.318284;547.318284;"13,16-diepi-13-F4t-NeuroP";[M+NORHARMANE+H];C22H34O5;7.34812e-4;1.342570;547.317549;1 out of 4
547.318284;547.318284;"13,16-diepi-13-F4c-NeuroP";[M+NORHARMANE+H];C22H34O5;7.34812e-4;1.342570;547.317549;1 out of 4
547.318284;547.318284;13-epi-13-F4t-NeuroP;[M+NORHARMANE+H];C22H34O5;7.34812e-4;1.342570;547.317549;1 out of 4
547.318284;547.318284;ent-13-epi-13-F4t-NeuroP;[M+NORHARMANE+H];C22H34O5;7.34812e-4;1.342570;547.317549;1 out of 4
547.318284;547.318284;"ent-13,16-diepi-13-F4c-NeuroP";[M+NORHARMANE+H];C22H34O5;7.34812e-4;1.342570;547.317549;1 out of 4
547.318284;547.318284;"ent-13,16-diepi-13-F4t-NeuroP";[M+NORHARMANE+H];C22H34O5;7.34812e-4;1.342570;547.317549;1 out of 4
547.318284;547.318284;ent-13-epi-13-F4t-NeuroP;[M+NORHARMANE+H];C22H34O5;7.34812e-4;1.342570;547.317549;1 out of 4
547.318284;547.318284;13-F4c-NeuroP;[M+NORHARMANE+H];C22H34O5;7.34812e-4;1.342570;547.317549;1 out of 4
547.318284;547.318284;16-epi-13-F4t-NeuroP;[M+NORHARMANE+H];C22H34O5;7.34812e-4;1.342570;547.317549;1 out of 4
547.318284;547.318284;16-epi-13-F4c-NeuroP;[M+NORHARMANE+H];C22H34O5;7.34812e-4;1.342570;547.317549;1 out of 4
547.318284;547.318284;13-F4t-NeuroP;[M+NORHARMANE+H];C22H34O5;7.34812e-4;1.342570;547.317549;1 out of 4
547.318284;547.318284;ent-14-F4t-NeuroP;[M+NORHARMANE+H];C22H34O5;7.34812e-4;1.342570;547.317549;1 out of 4
547.318284;547.318284;ent-7-epi-14-F4c-NeuroP;[M+NORHARMANE+H];C22H34O5;7.34812e-4;1.342570;547.317549;1 out of 4
547.318284;547.318284;ent-7-epi-14-F4t-NeuroP;[M+NORHARMANE+H];C22H34O5;7.34812e-4;1.342570;547.317549;1 out of 4
547.318284;547.318284;ent-14-F4c-NeuroP;[M+NORHARMANE+H];C22H34O5;7.34812e-4;1.342570;547.317549;1 out of 4
547.318284;547.318284;ent-14-epi-14-F4t-NeuroP;[M+NORHARMANE+H];C22H34O5;7.34812e-4;1.342570;547.317549;1 out of 4
547.318284;547.318284;"ent-7,14-diepi-14-F4c-NeuroP";[M+NORHARMANE+H];C22H34O5;7.34812e-4;1.342570;547.317549;1 out of 4
547.318284;547.318284;"ent-7,14-diepi-14-F4t-NeuroP";[M+NORHARMANE+H];C22H34O5;7.34812e-4;1.342570;547.317549;1 out of 4
547.318284;547.318284;ent-14-epi-14-F4t-NeuroP;[M+NORHARMANE+H];C22H34O5;7.34812e-4;1.342570;547.317549;1 out of 4
547.318284;547.318284;14-epi-14-F4c-NeuroP;[M+NORHARMANE+H];C22H34O5;7.34812e-4;1.342570;547.317549;1 out of 4
547.318284;547.318284;"7,14-diepi-14-F4t-NeuroP";[M+NORHARMANE+H];C22H34O5;7.34812e-4;1.342570;547.317549;1 out of 4
547.318284;547.318284;"7,14-diepi-14-F4c-NeuroP";[M+NORHARMANE+H];C22H34O5;7.34812e-4;1.342570;547.317549;1 out of 4
547.318284;547.318284;14-epi-14-F4t-NeuroP;[M+NORHARMANE+H];C22H34O5;7.34812e-4;1.342570;547.317549;1 out of 4
547.318284;547.318284;14-F4c-NeuroP;[M+NORHARMANE+H];C22H34O5;7.34812e-4;1.342570;547.317549;1 out of 4
547.318284;547.318284;7-epi-14-F4c-NeuroP;[M+NORHARMANE+H];C22H34O5;7.34812e-4;1.342570;547.317549;1 out of 4
547.318284;547.318284;14-F4t-NeuroP;[M+NORHARMANE+H];C22H34O5;7.34812e-4;1.342570;547.317549;1 out of 4
547.318284;547.318284;ent-17-F4t-NeuroP;[M+NORHARMANE+H];C22H34O5;7.34812e-4;1.342570;547.317549;1 out of 4
547.318284;547.318284;ent-10-epi-17-F4c-NeuroP;[M+NORHARMANE+H];C22H34O5;7.34812e-4;1.342570;547.317549;1 out of 4
547.318284;547.318284;ent-10-epi-17-F4t-NeuroP;[M+NORHARMANE+H];C22H34O5;7.34812e-4;1.342570;547.317549;1 out of 4
547.318284;547.318284;ent-17-F4c-NeuroP;[M+NORHARMANE+H];C22H34O5;7.34812e-4;1.342570;547.317549;1 out of 4
547.318284;547.318284;ent-17-epi-17-F4t-NeuroP;[M+NORHARMANE+H];C22H34O5;7.34812e-4;1.342570;547.317549;1 out of 4
547.318284;547.318284;"ent-10,17-diepi-17-F4c-NeuroP";[M+NORHARMANE+H];C22H34O5;7.34812e-4;1.342570;547.317549;1 out of 4
547.318284;547.318284;"ent-10,17-diepi-17-F4t-NeuroP";[M+NORHARMANE+H];C22H34O5;7.34812e-4;1.342570;547.317549;1 out of 4
547.318284;547.318284;ent-17-epi-17-F4t-NeuroP;[M+NORHARMANE+H];C22H34O5;7.34812e-4;1.342570;547.317549;1 out of 4
547.318284;547.318284;17-epi-17-F4c-NeuroP;[M+NORHARMANE+H];C22H34O5;7.34812e-4;1.342570;547.317549;1 out of 4
547.318284;547.318284;"10,17-diepi-17-F4t-NeuroP";[M+NORHARMANE+H];C22H34O5;7.34812e-4;1.342570;547.317549;1 out of 4
547.318284;547.318284;"10,17-diepi-17-F4c-NeuroP";[M+NORHARMANE+H];C22H34O5;7.34812e-4;1.342570;547.317549;1 out of 4
547.318284;547.318284;17-epi-17-F4t-NeuroP;[M+NORHARMANE+H];C22H34O5;7.34812e-4;1.342570;547.317549;1 out of 4
547.318284;547.318284;17-F4c-NeuroP;[M+NORHARMANE+H];C22H34O5;7.34812e-4;1.342570;547.317549;1 out of 4
547.318284;547.318284;10-epi-17-F4t-NeuroP;[M+NORHARMANE+H];C22H34O5;7.34812e-4;1.342570;547.317549;1 out of 4
547.318284;547.318284;10-epi-17-F4c-NeuroP;[M+NORHARMANE+H];C22H34O5;7.34812e-4;1.342570;547.317549;1 out of 4
547.318284;547.318284;17-F4t-NeuroP;[M+NORHARMANE+H];C22H34O5;7.34812e-4;1.342570;547.317549;1 out of 4
547.318284;547.318284;ent-20-F4t-NeuroP;[M+NORHARMANE+H];C22H34O5;7.34812e-4;1.342570;547.317549;1 out of 4
547.318284;547.318284;ent-13-epi-20-F4c-NeuroP;[M+NORHARMANE+H];C22H34O5;7.34812e-4;1.342570;547.317549;1 out of 4
547.318284;547.318284;ent-13-epi-20-F4t-NeuroP;[M+NORHARMANE+H];C22H34O5;7.34812e-4;1.342570;547.317549;1 out of 4
547.318284;547.318284;ent-20-F4c-NeuroP;[M+NORHARMANE+H];C22H34O5;7.34812e-4;1.342570;547.317549;1 out of 4
547.318284;547.318284;ent-20-epi-20-F4t-NeuroP;[M+NORHARMANE+H];C22H34O5;7.34812e-4;1.342570;547.317549;1 out of 4
547.318284;547.318284;"ent-13,20-diepi-20-F4c-NeuroP";[M+NORHARMANE+H];C22H34O5;7.34812e-4;1.342570;547.317549;1 out of 4
547.318284;547.318284;"ent-13,20-diepi-20-F4t-NeuroP";[M+NORHARMANE+H];C22H34O5;7.34812e-4;1.342570;547.317549;1 out of 4
547.318284;547.318284;ent-20-epi-20-F4t-NeuroP;[M+NORHARMANE+H];C22H34O5;7.34812e-4;1.342570;547.317549;1 out of 4
547.318284;547.318284;20-epi-20-F4c-NeuroP;[M+NORHARMANE+H];C22H34O5;7.34812e-4;1.342570;547.317549;1 out of 4
547.318284;547.318284;"13,20-diepi-20-F4t-NeuroP";[M+NORHARMANE+H];C22H34O5;7.34812e-4;1.342570;547.317549;1 out of 4
547.318284;547.318284;"13,20-diepi-20-F4c-NeuroP";[M+NORHARMANE+H];C22H34O5;7.34812e-4;1.342570;547.317549;1 out of 4
547.318284;547.318284;20-epi-20-F4t-NeuroP;[M+NORHARMANE+H];C22H34O5;7.34812e-4;1.342570;547.317549;1 out of 4
547.318284;547.318284;20-F4c-NeuroP;[M+NORHARMANE+H];C22H34O5;7.34812e-4;1.342570;547.317549;1 out of 4
547.318284;547.318284;13-epi-20-F4t-NeuroP;[M+NORHARMANE+H];C22H34O5;7.34812e-4;1.342570;547.317549;1 out of 4
547.318284;547.318284;13-epi-20-F4c-NeuroP;[M+NORHARMANE+H];C22H34O5;7.34812e-4;1.342570;547.317549;1 out of 4
547.318284;547.318284;20-F4t-NeuroP;[M+NORHARMANE+H];C22H34O5;7.34812e-4;1.342570;547.317549;1 out of 4
547.318284;547.318284;Cornudentanone;[M+NORHARMANE+H];C22H34O5;7.34812e-4;1.342570;547.317549;1 out of 4
547.318284;547.318284;"5-methoxy-3-(2R-acetoxy-tridecyl)-1,4-benzoquinone";[M+NORHARMANE+H];C22H34O5;7.34812e-4;1.342570;547.317549;1 out of 4
547.354438;547.354438;"9-deoxy-9-methylene-16,16-dimethyl -PGE2";[M+NORHARMANE+H];C23H38O4;5.03304e-4;0.919522;547.353935;2 out of 4
547.354438;547.354438;"1-Acetoxy-2-hydroxy-5,12,15-heneicosatrien-4-one";[M+NORHARMANE+H];C23H38O4;5.03304e-4;0.919522;547.353935;2 out of 4
547.354438;547.354438;Persenone A;[M+NORHARMANE+H];C23H38O4;5.03304e-4;0.919522;547.353935;3 out of 4
547.354438;547.354438;Persenone A;[M+NORHARMANE+H];C23H38O4;5.03304e-4;0.919522;547.353935;3 out of 4
547.354438;547.354438;1-Juniperoyl glycerol;[M+NORHARMANE+H];C23H38O4;5.03304e-4;0.919522;547.353935;2 out of 4
547.354438;547.354438;2-Juniperoyl glycerol;[M+NORHARMANE+H];C23H38O4;5.03304e-4;0.919522;547.353935;2 out of 4
547.354438;547.354438;Unknown Name;[M+NORHARMANE+H];C23H38O4;5.03304e-4;0.919522;547.353935;302 out of 4
547.354438;547.354438;Norchenodeoxycholic acid;[M+NORHARMANE+H];C23H38O4;5.03304e-4;0.919522;547.353935;2 out of 4
547.354438;547.354438;Nordeoxycholic acid;[M+NORHARMANE+H];C23H38O4;5.03304e-4;0.919522;547.353935;2 out of 4
547.354438;547.354438;Norursodeoxycholic acid;[M+NORHARMANE+H];C23H38O4;5.03304e-4;0.919522;547.353935;2 out of 4
547.354438;547.354438;Norhyodeoxycholic acid;[M+NORHARMANE+H];C23H38O4;5.03304e-4;0.919522;547.353935;2 out of 4
547.354438;547.354438;Normurideoxycholic acid;[M+NORHARMANE+H];C23H38O4;5.03304e-4;0.919522;547.353935;2 out of 4
547.354438;547.354438;"MG(0:0/20:4(5Z,8Z,11Z,14Z)/0:0)";[M+NORHARMANE+H];C23H38O4;5.03304e-4;0.919522;547.353935;2 out of 4
547.354438;547.354438;1-arachidonoyl-sn-glycerol;[M+NORHARMANE+H];C23H38O4;5.03304e-4;0.919522;547.353935;2 out of 4
547.470612;547.470612;"FAHFA(15:0/6-O-18:0)";[M+Na];C33H64O4;9.31472e-4;1.701413;547.469681;1 out of 4
547.470612;547.470612;"FAHFA(15:0/5-O-18:0)";[M+Na];C33H64O4;9.31472e-4;1.701413;547.469681;1 out of 4
547.470612;547.470612;"FAHFA(15:0/7-O-18:0)";[M+Na];C33H64O4;9.31472e-4;1.701413;547.469681;1 out of 4
547.470612;547.470612;"FAHFA(15:0/8-O-18:0)";[M+Na];C33H64O4;9.31472e-4;1.701413;547.469681;1 out of 4
547.470612;547.470612;"FAHFA(15:0/9-O-18:0)";[M+Na];C33H64O4;9.31472e-4;1.701413;547.469681;1 out of 4
547.470612;547.470612;"FAHFA(15:0/10-O-18:0)";[M+Na];C33H64O4;9.31472e-4;1.701413;547.469681;1 out of 4
547.470612;547.470612;"FAHFA(15:0/11-O-18:0)";[M+Na];C33H64O4;9.31472e-4;1.701413;547.469681;1 out of 4
547.470612;547.470612;"FAHFA(15:0/12-O-18:0)";[M+Na];C33H64O4;9.31472e-4;1.701413;547.469681;1 out of 4
547.470612;547.470612;"FAHFA(15:0/13-O-18:0)";[M+Na];C33H64O4;9.31472e-4;1.701413;547.469681;1 out of 4
547.470612;547.470612;"FAHFA(15:0/14-O-18:0)";[M+Na];C33H64O4;9.31472e-4;1.701413;547.469681;1 out of 4
547.470612;547.470612;"FAHFA(15:0/15-O-18:0)";[M+Na];C33H64O4;9.31472e-4;1.701413;547.469681;1 out of 4
547.470612;547.470612;Mayolene-17;[M+H];C35H62O4;-1.47446e-3;-2.693222;547.472086;1 out of 4
547.470612;547.470612;"bacteriohopane-32,33,34,35-tetrol";[M+H];C35H62O4;-1.47446e-3;-2.693222;547.472086;1 out of 4
547.470612;547.470612;Dieposabadelin;[M+H];C35H62O4;-1.47446e-3;-2.693222;547.472086;1 out of 4
548.273426;548.273426;"PE(0:0/22:6(4Z,7Z,10Z,13Z,16Z,19Z))";[M+Na];C27H44NO7P;-1.33338e-3;-2.431952;548.274759;3 out of 4
548.273426;548.273426;"PE(22:6(4Z,7Z,10Z,13Z,16Z,19Z)/0:0)";[M+Na];C27H44NO7P;-1.33338e-3;-2.431952;548.274759;3 out of 4
548.273426;548.273426;"PC(14:0/2:0)";[M+K];C24H48NO8P;-1.48513e-3;-2.708725;548.274911;2 out of 4
548.273426;548.273426;"PC(8:0/8:0)";[M+K];C24H48NO8P;-1.48513e-3;-2.708725;548.274911;2 out of 4
548.273426;548.273426;"PS(P-18:0/0:0)";[M+K];C24H48NO8P;-1.48513e-3;-2.708725;548.274911;2 out of 4
549.276506;549.276506;Norbixin;[M+NORHARMANE+H];C24H28O4;8.21624e-4;1.495832;549.275684;1 out of 4
549.276506;549.276506;Chlorophorin;[M+NORHARMANE+H];C24H28O4;8.21624e-4;1.495832;549.275684;1 out of 4
549.276506;549.276506;Fludrocortisone;[M+NORHARMANE+H];C21H29FO5;-3.21248e-4;-0.584856;549.276827;1 out of 4
549.336589;549.336589;"2alpha-(benzyloxy)-1alpha,25-dihydroxy-19-norvitamin D3 / 2alpha-(benzyloxy)-1alpha,25-dihydroxy-19-norcholecalciferol";[M+K];C33H50O4;2.52192e-3;4.590868;549.334067;1 out of 4
550.288744;550.288744;"PE(0:0/22:5(4Z,7Z,10Z,13Z,16Z))";[M+Na];C27H46NO7P;-1.66544e-3;-3.026478;550.290409;2 out of 4
550.288744;550.288744;"PE(0:0/22:5(7Z,10Z,13Z,16Z,19Z))";[M+Na];C27H46NO7P;-1.66544e-3;-3.026478;550.290409;2 out of 4
550.288744;550.288744;"PE(22:5(4Z,7Z,10Z,13Z,16Z)/0:0)";[M+Na];C27H46NO7P;-1.66544e-3;-3.026478;550.290409;2 out of 4
550.288744;550.288744;"PE(22:5(7Z,10Z,13Z,16Z,19Z)/0:0)";[M+Na];C27H46NO7P;-1.66544e-3;-3.026478;550.290409;2 out of 4
550.288744;550.288744;"PS(O-18:0/0:0)";[M+K];C24H50NO8P;-1.81719e-3;-3.302237;550.290561;1 out of 4
550.348592;550.348592;"PC(16:0/3:1(2E))";[M+H];C27H52NO8P;-1.73825e-3;-3.158450;550.350330;3 out of 4
550.372352;550.372352;MDN-0104;[M+Na];C29H53NO7;9.28964e-4;1.687886;550.371423;1 out of 4
551.352408;551.352408;Unknown Name;[M+K];C33H52O4;2.69086e-3;4.880489;551.349717;292 out of 4
551.352408;551.352408;(-)-Petrosynoic acid D;[M+K];C33H52O4;2.69086e-3;4.880489;551.349717;1 out of 4
551.501943;551.501943;"DG(P-14:0/18:1(9Z))";[M+H];C35H66O4;-1.44359e-3;-2.617558;551.503387;3 out of 4
552.268318;552.268318;1-(2-methoxy-13-methyl-pentadecanyl)-sn-glycero-3-phosphoserine;[M+K];C23H48NO9P;-1.50775e-3;-2.730089;552.269826;1 out of 4
552.268318;552.268318;1-(2-methoxy-14-methyl-pentadecanyl)-sn-glycero-3-phosphoserine;[M+K];C23H48NO9P;-1.50775e-3;-2.730089;552.269826;1 out of 4
552.268318;552.268318;1-(2-methoxy-hexadecanyl)-sn-glycero-3-phosphoserine;[M+K];C23H48NO9P;-1.50775e-3;-2.730089;552.269826;1 out of 4
552.304208;552.304208;"PE(0:0/22:4(7Z,10Z,13Z,16Z))";[M+Na];C27H48NO7P;-1.85151e-3;-3.352319;552.306060;2 out of 4
552.304208;552.304208;"PE(22:4(7Z,10Z,13Z,16Z)/0:0)";[M+Na];C27H48NO7P;-1.85151e-3;-3.352319;552.306060;2 out of 4
555.289644;555.289644;IC202C;[M+K];C23H44N6O7;-6.60748e-4;-1.189915;555.290305;1 out of 4
558.294365;558.294365;"PC(18:2(2E,4E)/0:0)";[M+K];C26H50NO7P;-1.28157e-3;-2.295504;558.295647;3 out of 4
558.294365;558.294365;"PC(18:2(9Z,12Z)/0:0)";[M+K];C26H50NO7P;-1.28157e-3;-2.295504;558.295647;3 out of 4
558.317876;558.317876;"PC(16:1(9Z)/2:0)";[M+Na];C26H50NO8P;1.25181e-3;2.242115;558.316624;1 out of 4
558.317876;558.317876;"PC(6:2(3E,5E)/14:2(11E,13E))";[M+H];C28H48NO8P;-1.15413e-3;-2.067144;558.319030;2 out of 4
560.309802;560.309802;"PC(O-16:1(11Z)/2:0)";[M+K];C26H52NO7P;-1.49463e-3;-2.667506;560.311297;3 out of 4
560.309802;560.309802;"PC(P-16:0/2:0)";[M+K];C26H52NO7P;-1.49463e-3;-2.667506;560.311297;3 out of 4
560.309802;560.309802;"PC(18:1(6Z)/0:0)";[M+K];C26H52NO7P;-1.49463e-3;-2.667506;560.311297;3 out of 4
560.309802;560.309802;"PC(18:1(9E)/0:0)";[M+K];C26H52NO7P;-1.49463e-3;-2.667506;560.311297;3 out of 4
560.309802;560.309802;"PC(18:1(9Z)/0:0)";[M+K];C26H52NO7P;-1.49463e-3;-2.667506;560.311297;3 out of 4
560.309802;560.309802;"PC(0:0/18:1(6Z))";[M+K];C26H52NO7P;-1.49463e-3;-2.667506;560.311297;3 out of 4
560.309802;560.309802;"PC(0:0/18:1(9E))";[M+K];C26H52NO7P;-1.49463e-3;-2.667506;560.311297;3 out of 4
560.309802;560.309802;"PC(0:0/18:1(9Z))";[M+K];C26H52NO7P;-1.49463e-3;-2.667506;560.311297;3 out of 4
560.309802;560.309802;"PC(18:1(9Z)/0:0)[rac]";[M+K];C26H52NO7P;-1.49463e-3;-2.667506;560.311297;3 out of 4
560.309802;560.309802;"PC(18:1(11Z)/0:0)";[M+K];C26H52NO7P;-1.49463e-3;-2.667506;560.311297;3 out of 4
560.330641;560.330641;"PC(16:0/2:0)";[M+Na];C26H52NO8P;-1.63325e-3;-2.914796;560.332274;2 out of 4
560.330641;560.330641;"PC(2:0/16:0)";[M+Na];C26H52NO8P;-1.63325e-3;-2.914796;560.332274;2 out of 4
560.330641;560.330641;"PC(9:0/9:0)";[M+Na];C26H52NO8P;-1.63325e-3;-2.914796;560.332274;2 out of 4
560.330641;560.330641;"PS(P-20:0/0:0)";[M+Na];C26H52NO8P;-1.63325e-3;-2.914796;560.332274;2 out of 4
560.499777;560.499777;"Cer(d18:1/16:0)";[M+Na];C34H67NO3;-1.53800e-3;-2.743979;560.501315;2 out of 4
560.499777;560.499777;"Cer(d14:1/20:0)";[M+Na];C34H67NO3;-1.53800e-3;-2.743979;560.501315;2 out of 4
560.499777;560.499777;"Cer(d16:1/18:0)";[M+Na];C34H67NO3;-1.53800e-3;-2.743979;560.501315;2 out of 4
561.080448;561.080448;Hinokiflavone;[M+Na];C30H18O10;1.23122e-3;2.194385;561.079217;1 out of 4
561.080448;561.080448;Robustaflavone;[M+Na];C30H18O10;1.23122e-3;2.194385;561.079217;1 out of 4
561.080448;561.080448;Agathisflavone;[M+Na];C30H18O10;1.23122e-3;2.194385;561.079217;1 out of 4
561.080448;561.080448;Amentoflavone;[M+Na];C30H18O10;1.23122e-3;2.194385;561.079217;1 out of 4
561.080448;561.080448;Cupressuflavone;[M+Na];C30H18O10;1.23122e-3;2.194385;561.079217;1 out of 4
561.080448;561.080448;Skyrin;[M+Na];C30H18O10;1.23122e-3;2.194385;561.079217;1 out of 4
562.288806;562.288806;"PE(10:0/10:0)";[M+K];C25H50NO8P;-1.75519e-3;-3.121500;562.290561;3 out of 4
562.325056;562.325056;"PC(O-16:0/2:0)";[M+K];C26H54NO7P;-1.89070e-3;-3.362275;562.326947;4 out of 4
562.325056;562.325056;"PC(18:0/0:0)";[M+K];C26H54NO7P;-1.89070e-3;-3.362275;562.326947;4 out of 4
562.325056;562.325056;"PC(0:0/18:0)";[M+K];C26H54NO7P;-1.89070e-3;-3.362275;562.326947;4 out of 4
562.325056;562.325056;"PE(21:0/0:0)";[M+K];C26H54NO7P;-1.89070e-3;-3.362275;562.326947;4 out of 4
563.080214;563.080214;Unknown Name;[M+K];C23H24O14;4.51552e-4;0.801933;563.079762;292 out of 4
563.368769;563.368769;"PA(12:0/14:1(9Z))";[M+H];C29H55O8P;-1.96235e-3;-3.483230;563.370731;1 out of 4
563.368769;563.368769;"PA(14:1(9Z)/12:0)";[M+H];C29H55O8P;-1.96235e-3;-3.483230;563.370731;1 out of 4
564.246777;564.246777;"PE(0:0/22:6(4Z,7Z,10Z,13Z,16Z,19Z))";[M+K];C27H44NO7P;-1.91938e-3;-3.401653;564.248696;3 out of 4
564.246777;564.246777;"PE(22:6(4Z,7Z,10Z,13Z,16Z,19Z)/0:0)";[M+K];C27H44NO7P;-1.91938e-3;-3.401653;564.248696;3 out of 4
566.320012;566.320012;"PC(20:4(5Z,8Z,11Z,14Z)/0:0)";[M+Na];C28H50NO7P;-1.69757e-3;-2.997537;566.321710;4 out of 4
566.320012;566.320012;"PC(0:0/20:4(5Z,8Z,11Z,14Z))";[M+Na];C28H50NO7P;-1.69757e-3;-2.997537;566.321710;4 out of 4
566.320012;566.320012;"PC(20:4(8Z,11Z,14Z,17Z)/0:0)";[M+Na];C28H50NO7P;-1.69757e-3;-2.997537;566.321710;4 out of 4
566.380011;566.380011;"PC(10:0/10:0)";[M+H];C28H56NO8P;-1.61938e-3;-2.859171;566.381630;2 out of 4
566.380011;566.380011;"PC(16:0/4:0)";[M+H];C28H56NO8P;-1.61938e-3;-2.859171;566.381630;2 out of 4
566.380011;566.380011;"PC(18:0/2:0)";[M+H];C28H56NO8P;-1.61938e-3;-2.859171;566.381630;2 out of 4
566.380011;566.380011;"PC(2:0/18:0)";[M+H];C28H56NO8P;-1.61938e-3;-2.859171;566.381630;2 out of 4
566.380011;566.380011;"PE-NMe(11:0/11:0)";[M+H];C28H56NO8P;-1.61938e-3;-2.859171;566.381630;2 out of 4
567.323752;567.323752;Drophiobiolin B;[M+NORHARMANE+H];C25H34O4;1.11743e-3;1.969659;567.322635;1 out of 4
567.323752;567.323752;Unknown Name;[M+NORHARMANE+H];C25H34O4;1.11743e-3;1.969659;567.322635;302 out of 4
568.338365;568.338365;"PC(20:3(8Z,11Z,14Z)/0:0)";[M+Na];C28H52NO7P;1.00537e-3;1.768960;568.337360;3 out of 4
568.338365;568.338365;"PC(20:3(5Z,8Z,11Z)/0:0)";[M+Na];C28H52NO7P;1.00537e-3;1.768960;568.337360;3 out of 4
568.338365;568.338365;(5Z)-13-carboxytridec-5-enoylcarnitine;[M+NORHARMANE+H];C21H37NO6;-6.47904e-4;-1.139996;568.339013;1 out of 4
568.338365;568.338365;"PC(22:6(4Z,7Z,10Z,13Z,16Z,19Z)/0:0)";[M+H];C30H50NO7P;-1.40057e-3;-2.464318;568.339766;2 out of 4
570.353981;570.353981;"PC(O-18:2(9Z,12Z)/2:0)";[M+Na];C28H54NO7P;9.71302e-4;1.702984;570.353010;1 out of 4
570.353981;570.353981;"PC(20:2(11Z,14Z)/0:0)";[M+Na];C28H54NO7P;9.71302e-4;1.702984;570.353010;1 out of 4
570.353981;570.353981;Myriocin;[M+NORHARMANE+H];C21H39NO6;-6.81968e-4;-1.195691;570.354663;1 out of 4
570.353981;570.353981;Sphingofungin F;[M+NORHARMANE+H];C21H39NO6;-6.81968e-4;-1.195691;570.354663;1 out of 4
570.353981;570.353981;myriocin;[M+NORHARMANE+H];C21H39NO6;-6.81968e-4;-1.195691;570.354663;1 out of 4
570.353981;570.353981;O-(13-carboxytridecanoyl)carnitine;[M+NORHARMANE+H];C21H39NO6;-6.81968e-4;-1.195691;570.354663;1 out of 4
570.353981;570.353981;"PC(22:5(4Z,7Z,10Z,13Z,16Z)/0:0)";[M+H];C30H52NO7P;-1.43463e-3;-2.515333;570.355416;1 out of 4
570.353981;570.353981;"PC(22:5(7Z,10Z,13Z,16Z,19Z)/0:0)";[M+H];C30H52NO7P;-1.43463e-3;-2.515333;570.355416;1 out of 4
571.317916;571.317916;Hexanorisocucurbitacin D;[M+NORHARMANE+H];C24H34O5;3.66812e-4;0.642046;571.317549;1 out of 4
571.317916;571.317916;Dehydrocholic acid;[M+NORHARMANE+H];C24H34O5;3.66812e-4;0.642046;571.317549;1 out of 4
571.317916;571.317916;Bendigole F;[M+NORHARMANE+H];C24H34O5;3.66812e-4;0.642046;571.317549;1 out of 4
571.317916;571.317916;Unknown Name;[M+NORHARMANE+H];C24H34O5;3.66812e-4;0.642046;571.317549;302 out of 4
571.317916;571.317916;Unknown Name;[M+NORHARMANE+H];C24H34O5;3.66812e-4;0.642046;571.317549;302 out of 4
571.317916;571.317916;Unknown Name;[M+NORHARMANE+H];C24H34O5;3.66812e-4;0.642046;571.317549;302 out of 4
571.317916;571.317916;Unknown Name;[M+NORHARMANE+H];C24H34O5;3.66812e-4;0.642046;571.317549;302 out of 4
571.317916;571.317916;Unknown Name;[M+NORHARMANE+H];C24H34O5;3.66812e-4;0.642046;571.317549;302 out of 4
571.317916;571.317916;Unknown Name;[M+NORHARMANE+H];C24H34O5;3.66812e-4;0.642046;571.317549;302 out of 4
571.317916;571.317916;Unknown Name;[M+NORHARMANE+H];C24H34O5;3.66812e-4;0.642046;571.317549;302 out of 4
571.317916;571.317916;Bendigole C;[M+NORHARMANE+H];C24H34O5;3.66812e-4;0.642046;571.317549;1 out of 4
571.317916;571.317916;1beta-hydroxybufalin;[M+NORHARMANE+H];C24H34O5;3.66812e-4;0.642046;571.317549;1 out of 4
571.317916;571.317916;Desacetylbufotalin;[M+NORHARMANE+H];C24H34O5;3.66812e-4;0.642046;571.317549;1 out of 4
571.317916;571.317916;Telocinobufagin;[M+NORHARMANE+H];C24H34O5;3.66812e-4;0.642046;571.317549;1 out of 4
571.317916;571.317916;Gamabufotalin;[M+NORHARMANE+H];C24H34O5;3.66812e-4;0.642046;571.317549;1 out of 4
572.333537;572.333537;"PC(16:0/3:1(2E))";[M+Na];C27H52NO8P;1.26275e-3;2.206316;572.332274;3 out of 4
573.064308;573.064308;Orobol 7-O-(6''-malonylglucoside);[M+K];C24H22O14;1.95616e-4;0.341351;573.064112;1 out of 4
573.064308;573.064308;Luteolin 7-O-(6''-malonylglucoside);[M+K];C24H22O14;1.95616e-4;0.341351;573.064112;1 out of 4
573.064308;573.064308;Luteolin 5-(6''-malonylglucoside);[M+K];C24H22O14;1.95616e-4;0.341351;573.064112;1 out of 4
573.064308;573.064308;Luteolin 7-(2''-glucuronosyllactate);[M+K];C24H22O14;1.95616e-4;0.341351;573.064112;1 out of 4
573.064308;573.064308;Scutellarein 7-(6''-malonylglucoside);[M+K];C24H22O14;1.95616e-4;0.341351;573.064112;1 out of 4
573.064308;573.064308;Kaempferol 3-(6''-malonylgalactoside);[M+K];C24H22O14;1.95616e-4;0.341351;573.064112;1 out of 4
573.064308;573.064308;Kaempferol 3-(6''-malonylglucoside);[M+K];C24H22O14;1.95616e-4;0.341351;573.064112;1 out of 4
573.064308;573.064308;Quercetin 3-(4''-malonylrhamnoside);[M+K];C24H22O14;1.95616e-4;0.341351;573.064112;1 out of 4
573.064308;573.064308;Unknown Name;[M+K];C24H22O14;1.95616e-4;0.341351;573.064112;292 out of 4
573.303190;573.303190;"PI(16:0/0:0)";[M+H];C25H49O12P;-2.49638e-4;-0.435438;573.303440;1 out of 4
573.486203;573.486203;"DG(P-14:0/18:1(9Z))";[M+Na];C35H66O4;8.72408e-4;1.521239;573.485331;3 out of 4
573.486203;573.486203;Annopurpuricin E;[M+H];C37H64O4;-1.53353e-3;-2.674038;573.487737;1 out of 4
574.348280;574.348280;"PC(16:0/3:0)";[M+Na];C27H54NO8P;3.55682e-4;0.619280;574.347924;2 out of 4
574.348280;574.348280;"PC(17:0/2:0)";[M+Na];C27H54NO8P;3.55682e-4;0.619280;574.347924;2 out of 4
575.080217;575.080217;Laricitrin 3-(6''-acetylglucoside);[M+K];C24H24O14;4.54552e-4;0.790416;575.079762;1 out of 4
575.080217;575.080217;Patuletin 3-(6''-acetylglucoside);[M+K];C24H24O14;4.54552e-4;0.790416;575.079762;1 out of 4
575.080217;575.080217;Jaceidin 4'-glucuronide;[M+K];C24H24O14;4.54552e-4;0.790416;575.079762;1 out of 4
575.080217;575.080217;Haploside A;[M+K];C24H24O14;4.54552e-4;0.790416;575.079762;1 out of 4
575.253384;575.253384;Lupalbigenin;[M+NORHARMANE+H];C25H26O5;-1.56493e-3;-2.720415;575.254949;1 out of 4
575.253384;575.253384;"6,8-Diprenylgenistein";[M+NORHARMANE+H];C25H26O5;-1.56493e-3;-2.720415;575.254949;1 out of 4
575.253384;575.253384;"3',5'-Diprenylgenistein";[M+NORHARMANE+H];C25H26O5;-1.56493e-3;-2.720415;575.254949;1 out of 4
575.253384;575.253384;Mammeisin;[M+NORHARMANE+H];C25H26O5;-1.56493e-3;-2.720415;575.254949;1 out of 4
575.253384;575.253384;Unknown Name;[M+NORHARMANE+H];C25H26O5;-1.56493e-3;-2.720415;575.254949;302 out of 4
575.253384;575.253384;"Mammea A/BA";[M+NORHARMANE+H];C25H26O5;-1.56493e-3;-2.720415;575.254949;1 out of 4
575.253384;575.253384;"Mammea A/BB";[M+NORHARMANE+H];C25H26O5;-1.56493e-3;-2.720415;575.254949;1 out of 4
575.253384;575.253384;Rubraflavone A;[M+NORHARMANE+H];C25H26O5;-1.56493e-3;-2.720415;575.254949;1 out of 4
575.253384;575.253384;Gancaonin Q;[M+NORHARMANE+H];C25H26O5;-1.56493e-3;-2.720415;575.254949;1 out of 4
575.253384;575.253384;Honyucitrin;[M+NORHARMANE+H];C25H26O5;-1.56493e-3;-2.720415;575.254949;1 out of 4
575.253384;575.253384;Kuwanone S;[M+NORHARMANE+H];C25H26O5;-1.56493e-3;-2.720415;575.254949;1 out of 4
575.253384;575.253384;Flemiwallichin D;[M+NORHARMANE+H];C25H26O5;-1.56493e-3;-2.720415;575.254949;1 out of 4
575.253384;575.253384;Paratocarpin F;[M+NORHARMANE+H];C25H26O5;-1.56493e-3;-2.720415;575.254949;1 out of 4
575.253384;575.253384;Unknown Name;[M+NORHARMANE+H];C25H26O5;-1.56493e-3;-2.720415;575.254949;302 out of 4
575.253384;575.253384;Angusticornin A;[M+NORHARMANE+H];C25H26O5;-1.56493e-3;-2.720415;575.254949;1 out of 4
575.253384;575.253384;Unknown Name;[M+NORHARMANE+H];C25H26O5;-1.56493e-3;-2.720415;575.254949;302 out of 4
575.253384;575.253384;Flemingin A;[M+NORHARMANE+H];C25H26O5;-1.56493e-3;-2.720415;575.254949;1 out of 4
575.253384;575.253384;Flemiwallichin F;[M+NORHARMANE+H];C25H26O5;-1.56493e-3;-2.720415;575.254949;1 out of 4
575.253384;575.253384;Flemingin D;[M+NORHARMANE+H];C25H26O5;-1.56493e-3;-2.720415;575.254949;1 out of 4
575.253384;575.253384;Sericone;[M+NORHARMANE+H];C25H26O5;-1.56493e-3;-2.720415;575.254949;1 out of 4
575.253384;575.253384;Xanthohumol E;[M+NORHARMANE+H];C25H26O5;-1.56493e-3;-2.720415;575.254949;1 out of 4
575.253384;575.253384;Glyinflanin C;[M+NORHARMANE+H];C25H26O5;-1.56493e-3;-2.720415;575.254949;1 out of 4
575.253384;575.253384;Glycyrdione B;[M+NORHARMANE+H];C25H26O5;-1.56493e-3;-2.720415;575.254949;1 out of 4
575.253384;575.253384;Minimiflorin;[M+NORHARMANE+H];C25H26O5;-1.56493e-3;-2.720415;575.254949;1 out of 4
575.253384;575.253384;Cajaflavanone;[M+NORHARMANE+H];C25H26O5;-1.56493e-3;-2.720415;575.254949;1 out of 4
575.253384;575.253384;Lupinifolin;[M+NORHARMANE+H];C25H26O5;-1.56493e-3;-2.720415;575.254949;1 out of 4
575.253384;575.253384;Euchrenone a2;[M+NORHARMANE+H];C25H26O5;-1.56493e-3;-2.720415;575.254949;1 out of 4
575.253384;575.253384;Paratocarpin H;[M+NORHARMANE+H];C25H26O5;-1.56493e-3;-2.720415;575.254949;1 out of 4
575.253384;575.253384;Paratocarpin I;[M+NORHARMANE+H];C25H26O5;-1.56493e-3;-2.720415;575.254949;1 out of 4
575.253384;575.253384;Cycloaltilisin 7;[M+NORHARMANE+H];C25H26O5;-1.56493e-3;-2.720415;575.254949;1 out of 4
575.501589;575.501589;"FAHFA(17:0/10-O-18:0)";[M+Na];C35H68O4;6.08344e-4;1.057069;575.500981;2 out of 4
575.501589;575.501589;"FAHFA(17:0/9-O-18:0)";[M+Na];C35H68O4;6.08344e-4;1.057069;575.500981;2 out of 4
575.501589;575.501589;"FAHFA(17:0/8-O-18:0)";[M+Na];C35H68O4;6.08344e-4;1.057069;575.500981;2 out of 4
575.501589;575.501589;"FAHFA(17:0/7-O-18:0)";[M+Na];C35H68O4;6.08344e-4;1.057069;575.500981;2 out of 4
575.501589;575.501589;"FAHFA(17:0/5-O-18:0)";[M+Na];C35H68O4;6.08344e-4;1.057069;575.500981;2 out of 4
575.501589;575.501589;Mayolene-19;[M+H];C37H66O4;-1.79759e-3;-3.123512;575.503387;2 out of 4
576.268029;576.268029;"PS(19:1(9Z)/0:0)";[M+K];C25H48NO9P;-1.79675e-3;-3.117890;576.269826;1 out of 4
576.268029;576.268029;POB-PE;[M+K];C25H48NO9P;-1.79675e-3;-3.117890;576.269826;1 out of 4
577.517102;577.517102;phenolic phthiocerol;[M+H];C37H68O4;-1.93466e-3;-3.349943;577.519037;3 out of 4
578.283879;578.283879;"PS(19:0/0:0)";[M+K];C25H50NO9P;-1.59681e-3;-2.761283;578.285476;1 out of 4
578.283879;578.283879;1-(2-methoxy-6Z-octadecenyl)-sn-glycero-3-phosphoserine;[M+K];C25H50NO9P;-1.59681e-3;-2.761283;578.285476;1 out of 4
578.379743;578.379743;"PC(16:0/5:1(4E))";[M+H];C29H56NO8P;-1.88738e-3;-3.263212;578.381630;1 out of 4
578.379743;578.379743;"PC(18:0/3:1(2E))";[M+H];C29H56NO8P;-1.88738e-3;-3.263212;578.381630;1 out of 4
579.523983;579.523983;Montanyl alcohol;[M+NORHARMANE+H];C28H58O;-1.70848e-3;-2.948059;579.525691;1 out of 4
580.299149;580.299149;"PC(6:2(3E,5E)/14:2(11E,13E))";[M+Na];C28H48NO8P;-1.82513e-3;-3.145137;580.300974;2 out of 4
580.299149;580.299149;1-(2-methoxy-octadecanyl)-sn-glycero-3-phosphoserine;[M+K];C25H52NO9P;-1.97687e-3;-3.406635;580.301126;1 out of 4
580.358590;580.358590;POB-PC;[M+H];C28H54NO9P;-2.30494e-3;-3.971560;580.360895;3 out of 4
580.358590;580.358590;"PS(22:1(11Z)/0:0)";[M+H];C28H54NO9P;-2.30494e-3;-3.971560;580.360895;3 out of 4
582.293732;582.293732;"PC(20:4(5Z,8Z,11Z,14Z)/0:0)";[M+K];C28H50NO7P;-1.91457e-3;-3.287969;582.295647;4 out of 4
582.293732;582.293732;"PC(0:0/20:4(5Z,8Z,11Z,14Z))";[M+K];C28H50NO7P;-1.91457e-3;-3.287969;582.295647;4 out of 4
582.293732;582.293732;"PC(20:4(8Z,11Z,14Z,17Z)/0:0)";[M+K];C28H50NO7P;-1.91457e-3;-3.287969;582.295647;4 out of 4
588.304215;588.304215;"PC(16:0/3:1(2E))";[M+K];C27H52NO8P;-1.99625e-3;-3.393223;588.306211;3 out of 4
588.361651;588.361651;"PC(10:0/10:0)";[M+Na];C28H56NO8P;-1.92338e-3;-3.269037;588.363574;2 out of 4
588.361651;588.361651;"PC(16:0/4:0)";[M+Na];C28H56NO8P;-1.92338e-3;-3.269037;588.363574;2 out of 4
588.361651;588.361651;"PC(18:0/2:0)";[M+Na];C28H56NO8P;-1.92338e-3;-3.269037;588.363574;2 out of 4
588.361651;588.361651;"PC(2:0/18:0)";[M+Na];C28H56NO8P;-1.92338e-3;-3.269037;588.363574;2 out of 4
588.361651;588.361651;"PE-NMe(11:0/11:0)";[M+Na];C28H56NO8P;-1.92338e-3;-3.269037;588.363574;2 out of 4
590.319607;590.319607;"PC(22:6(4Z,7Z,10Z,13Z,16Z,19Z)/0:0)";[M+Na];C30H50NO7P;-2.10257e-3;-3.561736;590.321710;2 out of 4
590.319607;590.319607;"PC(16:0/3:0)";[M+K];C27H54NO8P;-2.25432e-3;-3.818795;590.321861;2 out of 4
590.319607;590.319607;"PC(17:0/2:0)";[M+K];C27H54NO8P;-2.25432e-3;-3.818795;590.321861;2 out of 4
592.395438;592.395438;"PC(18:1(9Z)/4:0)";[M+H];C30H58NO8P;-1.84245e-3;-3.110153;592.397280;1 out of 4
592.395438;592.395438;"PC(4:0/18:1(9Z))";[M+H];C30H58NO8P;-1.84245e-3;-3.110153;592.397280;1 out of 4
594.314834;594.314834;1-(2-methoxy-nonadecanyl)-sn-glycero-3-phosphoserine;[M+K];C26H54NO9P;-1.94194e-3;-3.267513;594.316776;1 out of 4
594.374516;594.374516;"PC(16:0/5:0(CHO))";[M+H];C29H56NO9P;-2.02900e-3;-3.413664;594.376545;3 out of 4
595.317694;595.317694;"2'-eicosa-15S-hydroxy-5Z,8Z,11Z,13E,17Z-pentaenoylphloroglucinol";[M+NORHARMANE+H];C26H34O5;1.44812e-4;0.243252;595.317549;1 out of 4
595.377577;595.377577;"7,8-Didehydroastaxanthin";[M+H];C40H50O4;-6.09080e-4;-1.023014;595.378186;2 out of 4
595.377577;595.377577;4-Keto-4'-hydroxyalloxanthin;[M+H];C40H50O4;-6.09080e-4;-1.023014;595.378186;2 out of 4
595.377577;595.377577;IC202A;[M+Na];C27H52N6O7;-1.39100e-3;-2.336334;595.378968;1 out of 4
596.918901;596.918901;"9,10,12,13-tetrabromo-stearic acid";[M+H];C18H32Br4O2;-1.95366e-3;-3.272903;596.920855;1 out of 4
599.501429;599.501429;phenolic phthiocerol;[M+Na];C37H68O4;4.48344e-4;0.747862;599.500981;3 out of 4
600.504476;600.504476;"(E)-15-methyl-N,N-bis(4-pentanamidobutyl)hexadec-6-enamide";[M+Na];C35H67N3O3;-2.98700e-3;-4.974133;600.507463;1 out of 4
602.340556;602.340556;Cytochalasin J3;[M+NORHARMANE+H];C28H35NO3;1.93702e-3;3.215832;602.338619;1 out of 4
602.340556;602.340556;Cytochalasin J2;[M+NORHARMANE+H];C28H35NO3;1.93702e-3;3.215832;602.338619;1 out of 4
602.340556;602.340556;POB-PC;[M+Na];C28H54NO9P;-2.28294e-3;-3.790097;602.342839;3 out of 4
602.340556;602.340556;"PS(22:1(11Z)/0:0)";[M+Na];C28H54NO9P;-2.28294e-3;-3.790097;602.342839;3 out of 4
603.072650;603.072650;Isorhamnetin 3-(6''-malonylglucoside);[M+K];C25H24O15;-2.02707e-3;-3.361222;603.074677;1 out of 4
603.072650;603.072650;Larycitrin 3-(4''-malonylrhamnoside);[M+K];C25H24O15;-2.02707e-3;-3.361222;603.074677;1 out of 4
603.532761;603.532761;"DG(O-16:0/18:1(9Z))";[M+Na];C37H72O4;4.80216e-4;0.795676;603.532281;1 out of 4
603.532761;603.532761;Unknown Name;[M+H];C39H70O4;-1.92572e-3;-3.190736;603.534687;206 out of 4
603.532761;603.532761;1-(hexadecanoyl)-2-(8-[3]-ladderane-octanyl)-sn-glycerol;[M+H];C39H70O4;-1.92572e-3;-3.190736;603.534687;3 out of 4
603.532761;603.532761;1-(14-methyl-pentadecanoyl)-2-(8-[1]-ladderane-octanyl)-sn-glycerol;[M+H];C39H70O4;-1.92572e-3;-3.190736;603.534687;3 out of 4
603.532761;603.532761;1-(hexadecanoyl)-2-(8-[1]-ladderane-octanyl)-sn-glycerol;[M+H];C39H70O4;-1.92572e-3;-3.190736;603.534687;3 out of 4
605.541169;605.541169;Triacontanal;[M+NORHARMANE+H];C30H60O;-1.72540e-4;-0.284935;605.541342;1 out of 4
605.541169;605.541169;2-Triacontanone;[M+NORHARMANE+H];C30H60O;-1.72540e-4;-0.284935;605.541342;1 out of 4
606.410847;606.410847;"PE(12:0/14:1(9Z))";[M+H];C31H60NO8P;-2.08351e-3;-3.435794;606.412931;2 out of 4
606.410847;606.410847;"PE(14:1(9Z)/12:0)";[M+H];C31H60NO8P;-2.08351e-3;-3.435794;606.412931;2 out of 4
607.555192;607.555192;Melissyl alcohol;[M+NORHARMANE+H];C30H62O;-1.79960e-3;-2.962033;607.556992;1 out of 4
608.389907;608.389907;PON-PE;[M+H];C30H58NO9P;-2.28807e-3;-3.760840;608.392195;2 out of 4
610.288645;610.288645;"PS(12:0/0:0)";[M+NORHARMANE+H];C18H36NO9P;-1.04836e-3;-1.717810;610.289693;1 out of 4
610.369562;610.369562;"PC(16:0/5:0(COOH))";[M+H];C29H56NO10P;-1.89762e-3;-3.108963;610.371460;2 out of 4
615.074624;615.074624;"Myricetin 3-(2'',3'',4''-triacetylxyloside)";[M+K];C26H24O15;-5.30680e-5;-0.086279;615.074677;1 out of 4
616.356216;616.356216;"PC(16:0/5:0(CHO))";[M+Na];C29H56NO9P;-2.27300e-3;-3.687792;616.358489;3 out of 4
617.182551;617.182551;Poncirin;[M+Na];C28H34O14;-1.52477e-3;-2.470524;617.184076;1 out of 4
617.182551;617.182551;Unknown Name;[M+Na];C28H34O14;-1.52477e-3;-2.470524;617.184076;221 out of 4
617.182551;617.182551;Miconioside B;[M+Na];C28H34O14;-1.52477e-3;-2.470524;617.184076;1 out of 4
617.182551;617.182551;Fumotonaringin;[M+Na];C28H34O14;-1.52477e-3;-2.470524;617.184076;1 out of 4
617.182551;617.182551;Didymin;[M+Na];C28H34O14;-1.52477e-3;-2.470524;617.184076;1 out of 4
617.182551;617.182551;Acinoside;[M+Na];C28H34O14;-1.52477e-3;-2.470524;617.184076;1 out of 4
617.359583;617.359583;"PA(12:0/15:0)";[M+K];C30H59O8P;1.67052e-3;2.705921;617.357912;1 out of 4
617.359583;617.359583;"PA(13:0/14:0)";[M+K];C30H59O8P;1.67052e-3;2.705921;617.357912;1 out of 4
617.359583;617.359583;"PA(14:0/13:0)";[M+K];C30H59O8P;1.67052e-3;2.705921;617.357912;1 out of 4
617.359583;617.359583;"PA(15:0/12:0)";[M+K];C30H59O8P;1.67052e-3;2.705921;617.357912;1 out of 4
617.359583;617.359583;"Ethyl-(5R,12S)-diacetoxy-(6E,8E,10E,14Z)-eicosatetraenoate";[M+NORHARMANE+H];C26H40O6;1.69000e-4;0.273747;617.359414;1 out of 4
617.359583;617.359583;"Ethyl-(5S,12S)-diacetoxy-(6E,8E,10E,14Z)-eicosatetraenoate";[M+NORHARMANE+H];C26H40O6;1.69000e-4;0.273747;617.359414;1 out of 4
617.359583;617.359583;"7,8-Didehydroastaxanthin";[M+Na];C40H50O4;-5.47080e-4;-0.886160;617.360130;2 out of 4
617.359583;617.359583;4-Keto-4'-hydroxyalloxanthin;[M+Na];C40H50O4;-5.47080e-4;-0.886160;617.360130;2 out of 4
617.509104;617.509104;"DG(18:1(11E)/16:0/0:0)";[M+Na];C37H70O5;-2.44134e-3;-3.953513;617.511545;2 out of 4
617.509104;617.509104;"DG(18:1(9Z)/16:0/0:0)";[M+Na];C37H70O5;-2.44134e-3;-3.953513;617.511545;2 out of 4
617.509104;617.509104;"DG(16:0/18:1(9Z)/0:0)";[M+Na];C37H70O5;-2.44134e-3;-3.953513;617.511545;2 out of 4
617.509104;617.509104;"DG(17:0/17:1(9Z)/0:0)[iso2]";[M+Na];C37H70O5;-2.44134e-3;-3.953513;617.511545;2 out of 4
617.509104;617.509104;"DG(16:1(9Z)/18:0/0:0)[iso2]";[M+Na];C37H70O5;-2.44134e-3;-3.953513;617.511545;2 out of 4
617.509104;617.509104;"DG(16:0/18:1(11Z)/0:0)";[M+Na];C37H70O5;-2.44134e-3;-3.953513;617.511545;2 out of 4
617.509104;617.509104;"DG(12:0/22:1(11Z)/0:0)[iso2]";[M+Na];C37H70O5;-2.44134e-3;-3.953513;617.511545;2 out of 4
617.509104;617.509104;"DG(14:0/20:1(11Z)/0:0)[iso2]";[M+Na];C37H70O5;-2.44134e-3;-3.953513;617.511545;2 out of 4
617.509104;617.509104;"DG(14:1(9Z)/20:0/0:0)[iso2]";[M+Na];C37H70O5;-2.44134e-3;-3.953513;617.511545;2 out of 4
617.509104;617.509104;"DG(15:1(9Z)/19:0/0:0)[iso2]";[M+Na];C37H70O5;-2.44134e-3;-3.953513;617.511545;2 out of 4
618.314889;618.314889;POB-PC;[M+K];C28H54NO9P;-1.88694e-3;-3.051733;618.316776;3 out of 4
618.314889;618.314889;"PS(22:1(11Z)/0:0)";[M+K];C28H54NO9P;-1.88694e-3;-3.051733;618.316776;3 out of 4
620.389960;620.389960;1-(2-methoxy-docosanyl)-sn-glycero-3-phosphoserine;[M+Na];C29H60NO9P;1.70870e-4;0.275424;620.389789;1 out of 4
620.389960;620.389960;OOV-PC;[M+H];C31H58NO9P;-2.23507e-3;-3.602666;620.392195;2 out of 4
620.426540;620.426540;"PE(12:0/15:1(9Z))";[M+H];C32H62NO8P;-2.04057e-3;-3.288975;620.428581;2 out of 4
620.426540;620.426540;"PE(13:0/14:1(9Z))";[M+H];C32H62NO8P;-2.04057e-3;-3.288975;620.428581;2 out of 4
620.426540;620.426540;"PE(14:1(9Z)/13:0)";[M+H];C32H62NO8P;-2.04057e-3;-3.288975;620.428581;2 out of 4
620.426540;620.426540;"PE(15:1(9Z)/12:0)";[M+H];C32H62NO8P;-2.04057e-3;-3.288975;620.428581;2 out of 4
622.442183;622.442183;"PC(12:0/12:0)";[M+H];C32H64NO8P;-2.04764e-3;-3.289673;622.444231;3 out of 4
622.442183;622.442183;"PC(6:0/18:0)";[M+H];C32H64NO8P;-2.04764e-3;-3.289673;622.444231;3 out of 4
622.442183;622.442183;"PC(10:0/14:0)";[M+H];C32H64NO8P;-2.04764e-3;-3.289673;622.444231;3 out of 4
622.442183;622.442183;"PE(12:0/15:0)";[M+H];C32H64NO8P;-2.04764e-3;-3.289673;622.444231;3 out of 4
622.442183;622.442183;"PE(13:0/14:0)";[M+H];C32H64NO8P;-2.04764e-3;-3.289673;622.444231;3 out of 4
622.442183;622.442183;"PE(14:0/13:0)";[M+H];C32H64NO8P;-2.04764e-3;-3.289673;622.444231;3 out of 4
622.442183;622.442183;"PE(15:0/12:0)";[M+H];C32H64NO8P;-2.04764e-3;-3.289673;622.444231;3 out of 4
623.408606;623.408606;27-Norcholestanehexol;[M+NORHARMANE+H];C26H46O6;2.24181e-3;3.596062;623.406364;1 out of 4
623.408606;623.408606;Capsorubin;[M+Na];C40H56O4;1.52573e-3;2.447402;623.407080;1 out of 4
623.408606;623.408606;"Capsanthin 3,6-epoxide";[M+Na];C40H56O4;1.52573e-3;2.447402;623.407080;1 out of 4
623.408606;623.408606;Cycloviolaxanthin;[M+Na];C40H56O4;1.52573e-3;2.447402;623.407080;1 out of 4
623.408606;623.408606;Cucurbitaxanthin B;[M+Na];C40H56O4;1.52573e-3;2.447402;623.407080;1 out of 4
623.408606;623.408606;Nostoxanthin;[M+Na];C40H56O4;1.52573e-3;2.447402;623.407080;1 out of 4
623.408606;623.408606;Siphonaxanthin;[M+Na];C40H56O4;1.52573e-3;2.447402;623.407080;1 out of 4
623.408606;623.408606;Oscillol;[M+Na];C40H56O4;1.52573e-3;2.447402;623.407080;1 out of 4
623.408606;623.408606;"4-Hydroxymyxol/ 4-OH-myxol/ (Aphanizophyll)";[M+Na];C40H56O4;1.52573e-3;2.447402;623.407080;1 out of 4
623.408606;623.408606;Salmoxanthin;[M+Na];C40H56O4;1.52573e-3;2.447402;623.407080;1 out of 4
623.408606;623.408606;Prasinoxanthin;[M+Na];C40H56O4;1.52573e-3;2.447402;623.407080;1 out of 4
623.408606;623.408606;Preprasinoxanthin;[M+Na];C40H56O4;1.52573e-3;2.447402;623.407080;1 out of 4
623.408606;623.408606;Violaxanthin;[M+Na];C40H56O4;1.52573e-3;2.447402;623.407080;1 out of 4
623.408606;623.408606;9-cis-Violaxanthin;[M+Na];C40H56O4;1.52573e-3;2.447402;623.407080;1 out of 4
623.408606;623.408606;all-trans-neoxanthin;[M+Na];C40H56O4;1.52573e-3;2.447402;623.407080;1 out of 4
623.408606;623.408606;9'-cis-neoxanthin;[M+Na];C40H56O4;1.52573e-3;2.447402;623.407080;1 out of 4
623.408606;623.408606;Luteoxanthin;[M+Na];C40H56O4;1.52573e-3;2.447402;623.407080;1 out of 4
623.408606;623.408606;"DG(12:0/22:6(4Z,7Z,10Z,13Z,16Z,19Z)/0:0)[iso2]";[M+K];C37H60O5;1.37398e-3;2.203985;623.407232;2 out of 4
623.408606;623.408606;"DG(14:1(9Z)/20:5(5Z,8Z,11Z,14Z,17Z)/0:0)[iso2]";[M+K];C37H60O5;1.37398e-3;2.203985;623.407232;2 out of 4
623.445543;623.445543;OH-Spheroidenone;[M+Na];C41H60O3;2.07722e-3;3.331850;623.443466;1 out of 4
625.418331;625.418331;"PA(P-16:0/14:1(9Z))";[M+Na];C33H63O7P;-2.02999e-3;-3.245795;625.420361;2 out of 4
625.516885;625.516885;Unknown Name;[M+Na];C39H70O4;2.54280e-4;0.406512;625.516631;221 out of 4
625.516885;625.516885;1-(hexadecanoyl)-2-(8-[3]-ladderane-octanyl)-sn-glycerol;[M+Na];C39H70O4;2.54280e-4;0.406512;625.516631;3 out of 4
625.516885;625.516885;1-(14-methyl-pentadecanoyl)-2-(8-[1]-ladderane-octanyl)-sn-glycerol;[M+Na];C39H70O4;2.54280e-4;0.406512;625.516631;3 out of 4
625.516885;625.516885;1-(hexadecanoyl)-2-(8-[1]-ladderane-octanyl)-sn-glycerol;[M+Na];C39H70O4;2.54280e-4;0.406512;625.516631;3 out of 4
627.384642;627.384642;3-O-alpha-L-rhamnopyranosyl-3-hydroxypalmitoyl-3-hydroxydecanoic acid;[M+K];C32H60O9;-2.24850e-3;-3.583913;627.386890;1 out of 4
628.392694;628.392694;"PE(12:0/14:1(9Z))";[M+Na];C31H60NO8P;-2.18051e-3;-3.469968;628.394875;2 out of 4
628.392694;628.392694;"PE(14:1(9Z)/12:0)";[M+Na];C31H60NO8P;-2.18051e-3;-3.469968;628.394875;2 out of 4
630.371788;630.371788;PON-PE;[M+Na];C30H58NO9P;-2.35107e-3;-3.729636;630.374139;2 out of 4
630.616452;630.616452;"Cer(m18:0/22:0)";[M+Na];C40H81NO2;5.01168e-4;0.794728;630.615951;1 out of 4
632.330212;632.330212;"PC(16:0/5:0(CHO))";[M+K];C29H56NO9P;-2.21400e-3;-3.501326;632.332426;3 out of 4
632.350720;632.350720;"PC(16:0/5:0(COOH))";[M+Na];C29H56NO10P;-2.68362e-3;-4.243864;632.353404;2 out of 4
632.631335;632.631335;"Cer(m18:1(4E)/24:1(15Z))";[M+H];C42H81NO2;-2.67183e-3;-4.223346;632.634007;1 out of 4
634.405252;634.405252;1-(2-methoxy-tricosanyl)-sn-glycero-3-phosphoserine;[M+Na];C30H62NO9P;-1.87194e-4;-0.295070;634.405439;2 out of 4
634.405252;634.405252;OON-PE;[M+H];C32H60NO9P;-2.59313e-3;-4.087481;634.407845;3 out of 4
635.138905;635.138905;"Chalconaringenin 2',4'-di-O-glucoside";[M+K];C27H32O15;1.62768e-3;2.562715;635.137277;1 out of 4
635.138905;635.138905;Hovetrichoside D;[M+K];C27H32O15;1.62768e-3;2.562715;635.137277;1 out of 4
635.138905;635.138905;Unknown Name;[M+K];C27H32O15;1.62768e-3;2.562715;635.137277;292 out of 4
635.138905;635.138905;Neoeriocitrin;[M+K];C27H32O15;1.62768e-3;2.562715;635.137277;1 out of 4
635.138905;635.138905;Isobutrin;[M+K];C27H32O15;1.62768e-3;2.562715;635.137277;1 out of 4
635.138905;635.138905;Butrin;[M+K];C27H32O15;1.62768e-3;2.562715;635.137277;1 out of 4
635.138905;635.138905;"Butein 3,2'-diglucoside";[M+K];C27H32O15;1.62768e-3;2.562715;635.137277;1 out of 4
635.138905;635.138905;Okanin 4-methyl ether 4'-primveroside;[M+K];C27H32O15;1.62768e-3;2.562715;635.137277;1 out of 4
635.138905;635.138905;"6,8-Di-C-glucopyranosylnaringenin";[M+K];C27H32O15;1.62768e-3;2.562715;635.137277;1 out of 4
635.138905;635.138905;"Naringenin 5,7-di-O-glucoside";[M+K];C27H32O15;1.62768e-3;2.562715;635.137277;1 out of 4
635.138905;635.138905;Unknown Name;[M+K];C27H32O15;1.62768e-3;2.562715;635.137277;292 out of 4
635.138905;635.138905;Eriocitrin;[M+K];C27H32O15;1.62768e-3;2.562715;635.137277;1 out of 4
635.138905;635.138905;Viscumneoside III;[M+K];C27H32O15;1.62768e-3;2.562715;635.137277;1 out of 4
635.138905;635.138905;Viscumneoside I;[M+K];C27H32O15;1.62768e-3;2.562715;635.137277;1 out of 4
635.408601;635.408601;Certonardosterol K;[M+NORHARMANE+H];C27H46O6;2.23681e-3;3.520280;635.406364;1 out of 4
635.408601;635.408601;Unknown Name;[M+NORHARMANE+H];C27H46O6;2.23681e-3;3.520280;635.406364;302 out of 4
635.408601;635.408601;Unknown Name;[M+NORHARMANE+H];C27H46O6;2.23681e-3;3.520280;635.406364;302 out of 4
635.408601;635.408601;Unknown Name;[M+NORHARMANE+H];C27H46O6;2.23681e-3;3.520280;635.406364;302 out of 4
635.408601;635.408601;Unknown Name;[M+NORHARMANE+H];C27H46O6;2.23681e-3;3.520280;635.406364;302 out of 4
635.408601;635.408601;Unknown Name;[M+NORHARMANE+H];C27H46O6;2.23681e-3;3.520280;635.406364;302 out of 4
635.408601;635.408601;Varanic acid;[M+NORHARMANE+H];C27H46O6;2.23681e-3;3.520280;635.406364;1 out of 4
635.408601;635.408601;Unknown Name;[M+NORHARMANE+H];C27H46O6;2.23681e-3;3.520280;635.406364;302 out of 4
635.408601;635.408601;Unknown Name;[M+NORHARMANE+H];C27H46O6;2.23681e-3;3.520280;635.406364;302 out of 4
635.408601;635.408601;"3alpha,7alpha,22S-trihydroxy-5alpha-cholestan-26-oic acid";[M+NORHARMANE+H];C27H46O6;2.23681e-3;3.520280;635.406364;1 out of 4
635.408601;635.408601;"3alpha,7alpha,12alpha,26-tetrahydroxy-5alpha-cholestan-27-oic acid";[M+NORHARMANE+H];C27H46O6;2.23681e-3;3.520280;635.406364;1 out of 4
635.408601;635.408601;"(25R)-1beta,3alpha,7alpha,12alpha-tetrahydroxy-5beta-cholestan-26-oic acid";[M+NORHARMANE+H];C27H46O6;2.23681e-3;3.520280;635.406364;1 out of 4
635.408601;635.408601;"(25S)-2beta,3alpha,7alpha,12alpha-tetrahydroxy-5beta-cholestan-26-oic acid";[M+NORHARMANE+H];C27H46O6;2.23681e-3;3.520280;635.406364;1 out of 4
635.408601;635.408601;"3alpha,7alpha,12alpha,22S-tetrahydroxy-5beta-cholestan-26-oic acid";[M+NORHARMANE+H];C27H46O6;2.23681e-3;3.520280;635.406364;1 out of 4
635.408601;635.408601;"(25S)-3alpha,7alpha,12alpha,24R-tetrahydroxy-5beta-cholestan-26-oic acid";[M+NORHARMANE+H];C27H46O6;2.23681e-3;3.520280;635.406364;1 out of 4
635.408601;635.408601;"(25R)-3alpha,7alpha,12alpha,24R-tetrahydroxy-5beta-cholestan-26-oic acid";[M+NORHARMANE+H];C27H46O6;2.23681e-3;3.520280;635.406364;1 out of 4
635.408601;635.408601;"(25S)-3alpha,7alpha,12alpha,24S-tetrahydroxy-5beta-cholestan-26-oic acid";[M+NORHARMANE+H];C27H46O6;2.23681e-3;3.520280;635.406364;1 out of 4
635.408601;635.408601;"(25R)-3alpha,7alpha,12alpha,24S-tetrahydroxy-5beta-cholestan-26-oic acid";[M+NORHARMANE+H];C27H46O6;2.23681e-3;3.520280;635.406364;1 out of 4
635.408601;635.408601;"3alpha,7alpha,12alpha,26-Tetrahydroxy-5beta-cholestan-27-oic acid";[M+NORHARMANE+H];C27H46O6;2.23681e-3;3.520280;635.406364;1 out of 4
635.408601;635.408601;"3alpha,7alpha,15alpha,22S-Tetrahydroxy-5beta-cholestan-26-oic acid";[M+NORHARMANE+H];C27H46O6;2.23681e-3;3.520280;635.406364;1 out of 4
635.408601;635.408601;"3alpha,7alpha,16alpha,22S-Tetrahydroxy-5beta-cholestan-26-oic acid";[M+NORHARMANE+H];C27H46O6;2.23681e-3;3.520280;635.406364;1 out of 4
635.408601;635.408601;"3alpha,7alpha,16alpha,24R-Tetrahydroxy-5beta-cholestan-26-oic acid";[M+NORHARMANE+H];C27H46O6;2.23681e-3;3.520280;635.406364;1 out of 4
635.408601;635.408601;"3alpha,7alpha,12alpha,16alpha-Tetrahydroxy-5beta-cholestan-26-oic acid";[M+NORHARMANE+H];C27H46O6;2.23681e-3;3.520280;635.406364;1 out of 4
636.457900;636.457900;"PC(12:0/13:0)";[M+H];C33H66NO8P;-1.98070e-3;-3.112061;636.459881;2 out of 4
636.457900;636.457900;"PC(16:0/9:0)";[M+H];C33H66NO8P;-1.98070e-3;-3.112061;636.459881;2 out of 4
636.457900;636.457900;"PC(13:0/12:0)";[M+H];C33H66NO8P;-1.98070e-3;-3.112061;636.459881;2 out of 4
636.457900;636.457900;"PC(11:0/14:0)";[M+H];C33H66NO8P;-1.98070e-3;-3.112061;636.459881;2 out of 4
636.457900;636.457900;"PE(18:0/10:0)";[M+H];C33H66NO8P;-1.98070e-3;-3.112061;636.459881;2 out of 4
636.457900;636.457900;"PE(16:0/12:0)";[M+H];C33H66NO8P;-1.98070e-3;-3.112061;636.459881;2 out of 4
636.457900;636.457900;"PE(14:0/14:0)";[M+H];C33H66NO8P;-1.98070e-3;-3.112061;636.459881;2 out of 4
636.457900;636.457900;"PE(15:0/13:0)";[M+H];C33H66NO8P;-1.98070e-3;-3.112061;636.459881;2 out of 4
636.457900;636.457900;"PE(13:0/15:0)";[M+H];C33H66NO8P;-1.98070e-3;-3.112061;636.459881;2 out of 4
636.457900;636.457900;"PE(12:0/16:0)";[M+H];C33H66NO8P;-1.98070e-3;-3.112061;636.459881;2 out of 4
636.457900;636.457900;"PE(12:0(11Me)/14:0(13Me))";[M+H];C33H66NO8P;-1.98070e-3;-3.112061;636.459881;2 out of 4
637.424850;637.424850;Arapaimol-B;[M+NORHARMANE+H];C27H48O6;2.83574e-3;4.448770;637.422014;1 out of 4
637.424850;637.424850;5alpha-Dermophol;[M+NORHARMANE+H];C27H48O6;2.83574e-3;4.448770;637.422014;1 out of 4
637.424850;637.424850;5beta-Dermophol;[M+NORHARMANE+H];C27H48O6;2.83574e-3;4.448770;637.422014;1 out of 4
637.424850;637.424850;Unknown Name;[M+NORHARMANE+H];C27H48O6;2.83574e-3;4.448770;637.422014;302 out of 4
637.424850;637.424850;Unknown Name;[M+NORHARMANE+H];C27H48O6;2.83574e-3;4.448770;637.422014;302 out of 4
637.424850;637.424850;Herbasterol;[M+NORHARMANE+H];C27H48O6;2.83574e-3;4.448770;637.422014;1 out of 4
637.424850;637.424850;Unknown Name;[M+NORHARMANE+H];C27H48O6;2.83574e-3;4.448770;637.422014;302 out of 4
637.424850;637.424850;Unknown Name;[M+NORHARMANE+H];C27H48O6;2.83574e-3;4.448770;637.422014;302 out of 4
637.424850;637.424850;5beta-scymnol;[M+NORHARMANE+H];C27H48O6;2.83574e-3;4.448770;637.422014;1 out of 4
637.424850;637.424850;"DG(13:0/22:6(4Z,7Z,10Z,13Z,16Z,19Z)/0:0)[iso2]";[M+K];C38H62O5;1.96792e-3;3.087301;637.422882;2 out of 4
637.424850;637.424850;"DG(15:1(9Z)/20:5(5Z,8Z,11Z,14Z,17Z)/0:0)[iso2]";[M+K];C38H62O5;1.96792e-3;3.087301;637.422882;2 out of 4
637.424850;637.424850;"DG(18:4(6Z,9Z,12Z,15Z)/17:2(9Z,12Z)/0:0)[iso2]";[M+K];C38H62O5;1.96792e-3;3.087301;637.422882;2 out of 4
638.400276;638.400276;"PS(13:0/12:0)";[M+H];C31H60NO10P;-2.48375e-3;-3.890569;638.402760;2 out of 4
638.400276;638.400276;"PS(12:0/13:0)";[M+H];C31H60NO10P;-2.48375e-3;-3.890569;638.402760;2 out of 4
642.371851;642.371851;OOV-PC;[M+Na];C31H58NO9P;-2.28807e-3;-3.561890;642.374139;2 out of 4
642.407956;642.407956;"PE(12:0/15:1(9Z))";[M+Na];C32H62NO8P;-2.56857e-3;-3.998337;642.410525;2 out of 4
642.407956;642.407956;"PE(13:0/14:1(9Z))";[M+Na];C32H62NO8P;-2.56857e-3;-3.998337;642.410525;2 out of 4
642.407956;642.407956;"PE(14:1(9Z)/13:0)";[M+Na];C32H62NO8P;-2.56857e-3;-3.998337;642.410525;2 out of 4
642.407956;642.407956;"PE(15:1(9Z)/12:0)";[M+Na];C32H62NO8P;-2.56857e-3;-3.998337;642.410525;2 out of 4
644.387502;644.387502;N-docosahexaenoyl phenylalanine;[M+NORHARMANE+H];C31H41NO3;1.93283e-3;2.999490;644.385569;1 out of 4
644.423834;644.423834;"PC(12:0/12:0)";[M+Na];C32H64NO8P;-2.34064e-3;-3.632127;644.426175;3 out of 4
644.423834;644.423834;"PC(6:0/18:0)";[M+Na];C32H64NO8P;-2.34064e-3;-3.632127;644.426175;3 out of 4
644.423834;644.423834;"PC(10:0/14:0)";[M+Na];C32H64NO8P;-2.34064e-3;-3.632127;644.426175;3 out of 4
644.423834;644.423834;"PE(12:0/15:0)";[M+Na];C32H64NO8P;-2.34064e-3;-3.632127;644.426175;3 out of 4
644.423834;644.423834;"PE(13:0/14:0)";[M+Na];C32H64NO8P;-2.34064e-3;-3.632127;644.426175;3 out of 4
644.423834;644.423834;"PE(14:0/13:0)";[M+Na];C32H64NO8P;-2.34064e-3;-3.632127;644.426175;3 out of 4
644.423834;644.423834;"PE(15:0/12:0)";[M+Na];C32H64NO8P;-2.34064e-3;-3.632127;644.426175;3 out of 4
645.390653;645.390653;"PA(12:0/17:0)";[M+K];C32H63O8P;1.44039e-3;2.231822;645.389213;1 out of 4
645.390653;645.390653;"PA(13:0/16:0)";[M+K];C32H63O8P;1.44039e-3;2.231822;645.389213;1 out of 4
645.390653;645.390653;"PA(15:0/14:0)";[M+K];C32H63O8P;1.44039e-3;2.231822;645.389213;1 out of 4
645.390653;645.390653;"PA(16:0/13:0)";[M+K];C32H63O8P;1.44039e-3;2.231822;645.389213;1 out of 4
645.390653;645.390653;"PA(17:0/12:0)";[M+K];C32H63O8P;1.44039e-3;2.231822;645.389213;1 out of 4
645.390653;645.390653;"PA(14:0/15:0)";[M+K];C32H63O8P;1.44039e-3;2.231822;645.389213;1 out of 4
645.390653;645.390653;(-)-Asbestinine 2;[M+NORHARMANE+H];C28H44O6;-6.11280e-5;-0.094715;645.390714;1 out of 4
645.434012;645.434012;Ginsenoside Rh2;[M+Na];C36H62O8;3.23056e-4;0.500525;645.433689;1 out of 4
645.434012;645.434012;hellebrigenol-3-(14-hydroxymyristate);[M+H];C38H60O8;-2.08288e-3;-3.227089;645.436095;1 out of 4
645.434012;645.434012;1beta-hydroxytelocinobufagin-3-(14-hydroxymyristate);[M+H];C38H60O8;-2.08288e-3;-3.227089;645.436095;1 out of 4
648.420838;648.420838;1-(2-methoxy-tetracosanyl)-sn-glycero-3-phosphoserine;[M+Na];C31H64NO9P;-2.51258e-4;-0.387492;648.421089;2 out of 4
648.457627;648.457627;"PC(12:0/14:1(9Z))";[M+H];C34H66NO8P;-2.25370e-3;-3.475469;648.459881;2 out of 4
648.457627;648.457627;"PC(14:1(9Z)/12:0)";[M+H];C34H66NO8P;-2.25370e-3;-3.475469;648.459881;2 out of 4
648.457627;648.457627;"PC(10:0/16:1(9Z))";[M+H];C34H66NO8P;-2.25370e-3;-3.475469;648.459881;2 out of 4
648.457627;648.457627;"PE(12:0/17:1(9Z))";[M+H];C34H66NO8P;-2.25370e-3;-3.475469;648.459881;2 out of 4
648.457627;648.457627;"PE(13:0/16:1(9Z))";[M+H];C34H66NO8P;-2.25370e-3;-3.475469;648.459881;2 out of 4
648.457627;648.457627;"PE(14:0/15:1(9Z))";[M+H];C34H66NO8P;-2.25370e-3;-3.475469;648.459881;2 out of 4
648.457627;648.457627;"PE(14:1(9Z)/15:0)";[M+H];C34H66NO8P;-2.25370e-3;-3.475469;648.459881;2 out of 4
648.457627;648.457627;"PE(15:0/14:1(9Z))";[M+H];C34H66NO8P;-2.25370e-3;-3.475469;648.459881;2 out of 4
648.457627;648.457627;"PE(15:1(9Z)/14:0)";[M+H];C34H66NO8P;-2.25370e-3;-3.475469;648.459881;2 out of 4
648.457627;648.457627;"PE(16:1(9Z)/13:0)";[M+H];C34H66NO8P;-2.25370e-3;-3.475469;648.459881;2 out of 4
648.457627;648.457627;"PE(17:1(9Z)/12:0)";[M+H];C34H66NO8P;-2.25370e-3;-3.475469;648.459881;2 out of 4
650.400658;650.400658;"PS(12:0/14:1(9Z))";[M+H];C32H60NO10P;-2.10175e-3;-3.231459;650.402760;2 out of 4
650.400658;650.400658;"PS(14:1(9Z)/12:0)";[M+H];C32H60NO10P;-2.10175e-3;-3.231459;650.402760;2 out of 4
650.400658;650.400658;PHOOA-PC;[M+H];C32H60NO10P;-2.10175e-3;-3.231459;650.402760;2 out of 4
650.400658;650.400658;OA-PE;[M+H];C32H60NO10P;-2.10175e-3;-3.231459;650.402760;2 out of 4
650.436395;650.436395;PON-PC;[M+H];C33H64NO9P;-2.75026e-3;-4.228309;650.439145;4 out of 4
650.436395;650.436395;"1-(2-methoxy-5Z,9Z-hexacosadienyl)-sn-glycero-3-phosphoserine";[M+H];C33H64NO9P;-2.75026e-3;-4.228309;650.439145;4 out of 4
650.436395;650.436395;"1-(2-methoxy-5Z,19Z-hexacosadienyl)-sn-glycero-3-phosphoserine";[M+H];C33H64NO9P;-2.75026e-3;-4.228309;650.439145;4 out of 4
650.473413;650.473413;"PC(10:0/16:0)";[M+H];C34H68NO8P;-2.11777e-3;-3.255720;650.475531;2 out of 4
650.473413;650.473413;"PC(12:0/14:0)";[M+H];C34H68NO8P;-2.11777e-3;-3.255720;650.475531;2 out of 4
650.473413;650.473413;"PC(13:0/13:0)";[M+H];C34H68NO8P;-2.11777e-3;-3.255720;650.475531;2 out of 4
650.473413;650.473413;"PC(14:0/12:0)";[M+H];C34H68NO8P;-2.11777e-3;-3.255720;650.475531;2 out of 4
650.473413;650.473413;"PC(17:0/9:0)";[M+H];C34H68NO8P;-2.11777e-3;-3.255720;650.475531;2 out of 4
650.473413;650.473413;"PC(8:0/18:0)";[M+H];C34H68NO8P;-2.11777e-3;-3.255720;650.475531;2 out of 4
650.473413;650.473413;"PC(16:0/10:0)";[M+H];C34H68NO8P;-2.11777e-3;-3.255720;650.475531;2 out of 4
650.473413;650.473413;"PE-NMe(14:0/14:0)";[M+H];C34H68NO8P;-2.11777e-3;-3.255720;650.475531;2 out of 4
650.473413;650.473413;"PE(12:0/17:0)";[M+H];C34H68NO8P;-2.11777e-3;-3.255720;650.475531;2 out of 4
650.473413;650.473413;"PE(13:0/16:0)";[M+H];C34H68NO8P;-2.11777e-3;-3.255720;650.475531;2 out of 4
650.473413;650.473413;"PE(15:0/14:0)";[M+H];C34H68NO8P;-2.11777e-3;-3.255720;650.475531;2 out of 4
650.473413;650.473413;"PE(16:0/13:0)";[M+H];C34H68NO8P;-2.11777e-3;-3.255720;650.475531;2 out of 4
650.473413;650.473413;"PE(17:0/12:0)";[M+H];C34H68NO8P;-2.11777e-3;-3.255720;650.475531;2 out of 4
650.473413;650.473413;"PE(14:0/15:0)";[M+H];C34H68NO8P;-2.11777e-3;-3.255720;650.475531;2 out of 4
650.473413;650.473413;"PE(14:0/14:0(13Me))";[M+H];C34H68NO8P;-2.11777e-3;-3.255720;650.475531;2 out of 4
651.439918;651.439918;Certonardosterol M;[M+NORHARMANE+H];C28H50O6;2.25368e-3;3.459548;651.437664;1 out of 4
651.439918;651.439918;"DG(18:3(9Z,12Z,15Z)/18:3(9Z,12Z,15Z)/0:0)";[M+K];C39H64O5;1.38585e-3;2.127372;651.438532;2 out of 4
651.439918;651.439918;"DG(16:1(9Z)/20:5(5Z,8Z,11Z,14Z,17Z)/0:0)[iso2]";[M+K];C39H64O5;1.38585e-3;2.127372;651.438532;2 out of 4
651.439918;651.439918;"DG(18:3(6Z,9Z,12Z)/18:3(6Z,9Z,12Z)/0:0)";[M+K];C39H64O5;1.38585e-3;2.127372;651.438532;2 out of 4
651.439918;651.439918;"DG(14:0/22:6(4Z,7Z,10Z,13Z,16Z,19Z)/0:0)[iso2]";[M+K];C39H64O5;1.38585e-3;2.127372;651.438532;2 out of 4
651.439918;651.439918;"DG(14:1(9Z)/22:5(7Z,10Z,13Z,16Z,19Z)/0:0)[iso2]";[M+K];C39H64O5;1.38585e-3;2.127372;651.438532;2 out of 4
651.439918;651.439918;"DG(18:3(6Z,9Z,12Z)/18:3(9Z,12Z,15Z)/0:0)[iso2]";[M+K];C39H64O5;1.38585e-3;2.127372;651.438532;2 out of 4
651.439918;651.439918;"DG(18:4(6Z,9Z,12Z,15Z)/18:2(9Z,12Z)/0:0)[iso2]";[M+K];C39H64O5;1.38585e-3;2.127372;651.438532;2 out of 4
651.532116;651.532116;Unknown Name;[M+H];C43H70O4;-2.57072e-3;-3.945638;651.534687;206 out of 4
651.532116;651.532116;1-(8-[1]-ladderane-octanoyl)-2-(8-[3]-ladderane-octanyl)-sn-glycerol;[M+H];C43H70O4;-2.57072e-3;-3.945638;651.534687;2 out of 4
651.532116;651.532116;1-(8-[1]-ladderane-octanoyl)-2-(8-[1]-ladderane-octanyl)-sn-glycerol;[M+H];C43H70O4;-2.57072e-3;-3.945638;651.534687;2 out of 4
651.532116;651.532116;1-(8-[3]-ladderane-octanoyl)-2-(8-[1]-ladderane-octanyl)-sn-glycerol;[M+H];C43H70O4;-2.57072e-3;-3.945638;651.534687;1 out of 4
652.415720;652.415720;"PS(14:0/12:0)";[M+H];C32H62NO10P;-2.68981e-3;-4.122836;652.418410;1 out of 4
652.415720;652.415720;"PS(13:0/13:0)";[M+H];C32H62NO10P;-2.68981e-3;-4.122836;652.418410;1 out of 4
652.415720;652.415720;"PS(12:0/14:0)";[M+H];C32H62NO10P;-2.68981e-3;-4.122836;652.418410;1 out of 4
655.198162;655.198162;Ikarisoside F;[M+Na];C31H36O14;-1.56383e-3;-2.386802;655.199726;1 out of 4
656.387331;656.387331;OON-PE;[M+Na];C32H60NO9P;-2.45813e-3;-3.744924;656.389789;3 out of 4
657.390408;657.390408;"PA(13:0/17:1(9Z))";[M+K];C33H63O8P;1.19539e-3;1.818396;657.389213;1 out of 4
657.390408;657.390408;"PA(14:1(9Z)/16:0)";[M+K];C33H63O8P;1.19539e-3;1.818396;657.389213;1 out of 4
657.390408;657.390408;"PA(15:0/15:1(9Z))";[M+K];C33H63O8P;1.19539e-3;1.818396;657.389213;1 out of 4
657.390408;657.390408;"PA(15:1(9Z)/15:0)";[M+K];C33H63O8P;1.19539e-3;1.818396;657.389213;1 out of 4
657.390408;657.390408;"PA(16:0/14:1(9Z))";[M+K];C33H63O8P;1.19539e-3;1.818396;657.389213;1 out of 4
657.390408;657.390408;"PA(16:1(9Z)/14:0)";[M+K];C33H63O8P;1.19539e-3;1.818396;657.389213;1 out of 4
657.390408;657.390408;"PA(17:1(9Z)/13:0)";[M+K];C33H63O8P;1.19539e-3;1.818396;657.389213;1 out of 4
657.390408;657.390408;"PA(18:1(9Z)/12:0)";[M+K];C33H63O8P;1.19539e-3;1.818396;657.389213;1 out of 4
657.390408;657.390408;"PA(14:0/16:1(9Z))";[M+K];C33H63O8P;1.19539e-3;1.818396;657.389213;1 out of 4
657.390408;657.390408;"PA(12:0/18:1(9Z))";[M+K];C33H63O8P;1.19539e-3;1.818396;657.389213;1 out of 4
657.390408;657.390408;Ximaosteroid D;[M+NORHARMANE+H];C29H44O6;-3.06128e-4;-0.465671;657.390714;1 out of 4
657.390408;657.390408;Acetylpinnasterol;[M+NORHARMANE+H];C29H44O6;-3.06128e-4;-0.465671;657.390714;1 out of 4
657.390408;657.390408;Norquandrangularic acid D;[M+NORHARMANE+H];C29H44O6;-3.06128e-4;-0.465671;657.390714;1 out of 4
657.390408;657.390408;lup-20(29)-en-3β-(1-(2S-hydroxypropionate)-benzoic acid;[M+K];C40H58O5;-1.17396e-3;-1.785779;657.391582;1 out of 4
658.439063;658.439063;"PC(12:0/13:0)";[M+Na];C33H66NO8P;-2.76170e-3;-4.194299;658.441825;2 out of 4
658.439063;658.439063;"PC(16:0/9:0)";[M+Na];C33H66NO8P;-2.76170e-3;-4.194299;658.441825;2 out of 4
658.439063;658.439063;"PC(13:0/12:0)";[M+Na];C33H66NO8P;-2.76170e-3;-4.194299;658.441825;2 out of 4
658.439063;658.439063;"PC(11:0/14:0)";[M+Na];C33H66NO8P;-2.76170e-3;-4.194299;658.441825;2 out of 4
658.439063;658.439063;"PE(18:0/10:0)";[M+Na];C33H66NO8P;-2.76170e-3;-4.194299;658.441825;2 out of 4
658.439063;658.439063;"PE(16:0/12:0)";[M+Na];C33H66NO8P;-2.76170e-3;-4.194299;658.441825;2 out of 4
658.439063;658.439063;"PE(14:0/14:0)";[M+Na];C33H66NO8P;-2.76170e-3;-4.194299;658.441825;2 out of 4
658.439063;658.439063;"PE(15:0/13:0)";[M+Na];C33H66NO8P;-2.76170e-3;-4.194299;658.441825;2 out of 4
658.439063;658.439063;"PE(13:0/15:0)";[M+Na];C33H66NO8P;-2.76170e-3;-4.194299;658.441825;2 out of 4
658.439063;658.439063;"PE(12:0/16:0)";[M+Na];C33H66NO8P;-2.76170e-3;-4.194299;658.441825;2 out of 4
658.439063;658.439063;"PE(12:0(11Me)/14:0(13Me))";[M+Na];C33H66NO8P;-2.76170e-3;-4.194299;658.441825;2 out of 4
659.391358;659.391358;"PG(12:0/14:1(9Z))";[M+Na];C32H61O10P;1.90322e-3;2.886334;659.389455;1 out of 4
659.391358;659.391358;"PG(14:1(9Z)/12:0)";[M+Na];C32H61O10P;1.90322e-3;2.886334;659.389455;1 out of 4
659.391358;659.391358;3-O-alpha-L-rhamnopyranosyl-3-hydroxynonanoyl-3-hydroxydecanoic acid;[M+NORHARMANE+H];C25H46O9;2.49948e-4;0.379059;659.391108;1 out of 4
660.381934;660.381934;"PS(13:0/12:0)";[M+Na];C31H60NO10P;-2.76975e-3;-4.194146;660.384704;2 out of 4
660.381934;660.381934;"PS(12:0/13:0)";[M+Na];C31H60NO10P;-2.76975e-3;-4.194146;660.384704;2 out of 4
660.397724;660.397724;"PC(12:0/12:0)";[M+K];C32H64NO8P;-2.38764e-3;-3.615442;660.400112;3 out of 4
660.397724;660.397724;"PC(6:0/18:0)";[M+K];C32H64NO8P;-2.38764e-3;-3.615442;660.400112;3 out of 4
660.397724;660.397724;"PC(10:0/14:0)";[M+K];C32H64NO8P;-2.38764e-3;-3.615442;660.400112;3 out of 4
660.397724;660.397724;"PE(12:0/15:0)";[M+K];C32H64NO8P;-2.38764e-3;-3.615442;660.400112;3 out of 4
660.397724;660.397724;"PE(13:0/14:0)";[M+K];C32H64NO8P;-2.38764e-3;-3.615442;660.400112;3 out of 4
660.397724;660.397724;"PE(14:0/13:0)";[M+K];C32H64NO8P;-2.38764e-3;-3.615442;660.400112;3 out of 4
660.397724;660.397724;"PE(15:0/12:0)";[M+K];C32H64NO8P;-2.38764e-3;-3.615442;660.400112;3 out of 4
660.420751;660.420751;1-(2-methoxy-18Z-pentacosenyl)-sn-glycero-3-phosphoserine;[M+Na];C32H64NO9P;-3.38258e-4;-0.512185;660.421089;2 out of 4
661.465243;661.465243;Squamocin-P;[M+Na];C37H66O8;2.53928e-4;0.383887;661.464989;2 out of 4
661.465243;661.465243;Annosquatin IV;[M+Na];C37H66O8;2.53928e-4;0.383887;661.464989;2 out of 4
661.465243;661.465243;Gigantecin;[M+Na];C37H66O8;2.53928e-4;0.383887;661.464989;2 out of 4
661.465243;661.465243;Annosquatin A;[M+Na];C37H66O8;2.53928e-4;0.383887;661.464989;2 out of 4
661.465243;661.465243;Annosquatin-II;[M+Na];C37H66O8;2.53928e-4;0.383887;661.464989;2 out of 4
661.465243;661.465243;Squamostanin-A;[M+Na];C37H66O8;2.53928e-4;0.383887;661.464989;2 out of 4
661.465243;661.465243;Squamostanin-B;[M+Na];C37H66O8;2.53928e-4;0.383887;661.464989;2 out of 4
661.465243;661.465243;Annosquatin-III;[M+Na];C37H66O8;2.53928e-4;0.383887;661.464989;2 out of 4
662.468685;662.468685;Unknown Name;[M+H];C35H67NO8S;2.66990e-3;4.030238;662.466015;206 out of 4
663.439984;663.439984;"DG(17:2(9Z,12Z)/20:5(5Z,8Z,11Z,14Z,17Z)/0:0)[iso2]";[M+K];C40H64O5;1.45185e-3;2.188375;663.438532;2 out of 4
663.439984;663.439984;"DG(15:1(9Z)/22:6(4Z,7Z,10Z,13Z,16Z,19Z)/0:0)[iso2]";[M+K];C40H64O5;1.45185e-3;2.188375;663.438532;2 out of 4
664.452095;664.452095;"PS(P-16:0/12:0)";[M+H];C34H66NO9P;-2.70032e-3;-4.063966;664.454795;3 out of 4
665.455275;665.455275;2-methoxy-12-methyloctadec-17-en-5-ynoyl anhydride;[M+K];C40H66O5;1.09279e-3;1.642169;665.454182;2 out of 4
665.455275;665.455275;"DG(17:2(9Z,12Z)/20:4(5Z,8Z,11Z,14Z)/0:0)[iso2]";[M+K];C40H66O5;1.09279e-3;1.642169;665.454182;2 out of 4
665.455275;665.455275;"DG(17:1(9Z)/20:5(5Z,8Z,11Z,14Z,17Z)/0:0)[iso2]";[M+K];C40H66O5;1.09279e-3;1.642169;665.454182;2 out of 4
665.455275;665.455275;"DG(15:0/22:6(4Z,7Z,10Z,13Z,16Z,19Z)/0:0)[iso2]";[M+K];C40H66O5;1.09279e-3;1.642169;665.454182;2 out of 4
665.455275;665.455275;"DG(15:1(9Z)/22:5(7Z,10Z,13Z,16Z,19Z)/0:0)[iso2]";[M+K];C40H66O5;1.09279e-3;1.642169;665.454182;2 out of 4
666.431337;666.431337;"PS(12:0/15:0)";[M+H];C33H64NO10P;-2.72288e-3;-4.085743;666.434060;3 out of 4
666.431337;666.431337;"PS(13:0/14:0)";[M+H];C33H64NO10P;-2.72288e-3;-4.085743;666.434060;3 out of 4
666.431337;666.431337;"PS(14:0/13:0)";[M+H];C33H64NO10P;-2.72288e-3;-4.085743;666.434060;3 out of 4
666.431337;666.431337;"PS(15:0/12:0)";[M+H];C33H64NO10P;-2.72288e-3;-4.085743;666.434060;3 out of 4
666.431337;666.431337;"PC(16:0/9:0(COOH))";[M+H];C33H64NO10P;-2.72288e-3;-4.085743;666.434060;3 out of 4
667.434459;667.434459;"PA(14:1(9Z)/20:4(5Z,8Z,11Z,14Z))";[M+H];C37H63O8P;1.12739e-3;1.689148;667.433332;3 out of 4
667.434459;667.434459;"PA(18:4(6Z,9Z,12Z,15Z)/16:1(9Z))";[M+H];C37H63O8P;1.12739e-3;1.689148;667.433332;3 out of 4
667.434459;667.434459;"PA(20:4(5Z,8Z,11Z,14Z)/14:1(9Z))";[M+H];C37H63O8P;1.12739e-3;1.689148;667.433332;3 out of 4
667.434459;667.434459;"PA(20:5(5Z,8Z,11Z,14Z,17Z)/14:0)";[M+H];C37H63O8P;1.12739e-3;1.689148;667.433332;3 out of 4
667.434459;667.434459;"PA(16:1(9Z)/18:4(6Z,9Z,12Z,15Z))";[M+H];C37H63O8P;1.12739e-3;1.689148;667.433332;3 out of 4
667.434459;667.434459;"PA(14:0/20:5(5Z,8Z,11Z,14Z,17Z))";[M+H];C37H63O8P;1.12739e-3;1.689148;667.433332;3 out of 4
670.438969;670.438969;"PC(12:0/14:1(9Z))";[M+Na];C34H66NO8P;-2.85570e-3;-4.259433;670.441825;2 out of 4
670.438969;670.438969;"PC(14:1(9Z)/12:0)";[M+Na];C34H66NO8P;-2.85570e-3;-4.259433;670.441825;2 out of 4
670.438969;670.438969;"PC(10:0/16:1(9Z))";[M+Na];C34H66NO8P;-2.85570e-3;-4.259433;670.441825;2 out of 4
670.438969;670.438969;"PE(12:0/17:1(9Z))";[M+Na];C34H66NO8P;-2.85570e-3;-4.259433;670.441825;2 out of 4
670.438969;670.438969;"PE(13:0/16:1(9Z))";[M+Na];C34H66NO8P;-2.85570e-3;-4.259433;670.441825;2 out of 4
670.438969;670.438969;"PE(14:0/15:1(9Z))";[M+Na];C34H66NO8P;-2.85570e-3;-4.259433;670.441825;2 out of 4
670.438969;670.438969;"PE(14:1(9Z)/15:0)";[M+Na];C34H66NO8P;-2.85570e-3;-4.259433;670.441825;2 out of 4
670.438969;670.438969;"PE(15:0/14:1(9Z))";[M+Na];C34H66NO8P;-2.85570e-3;-4.259433;670.441825;2 out of 4
670.438969;670.438969;"PE(15:1(9Z)/14:0)";[M+Na];C34H66NO8P;-2.85570e-3;-4.259433;670.441825;2 out of 4
670.438969;670.438969;"PE(16:1(9Z)/13:0)";[M+Na];C34H66NO8P;-2.85570e-3;-4.259433;670.441825;2 out of 4
670.438969;670.438969;"PE(17:1(9Z)/12:0)";[M+Na];C34H66NO8P;-2.85570e-3;-4.259433;670.441825;2 out of 4
671.571200;671.571200;18:2 Cholesterol ester;[M+Na];C45H76O2;-2.55167e-3;-3.799541;671.573752;1 out of 4
671.571200;671.571200;zymosteryl oleate;[M+Na];C45H76O2;-2.55167e-3;-3.799541;671.573752;1 out of 4
671.571200;671.571200;16:1 Stigmasterol ester;[M+Na];C45H76O2;-2.55167e-3;-3.799541;671.573752;1 out of 4
671.571200;671.571200;16:2 Sitosterol ester;[M+Na];C45H76O2;-2.55167e-3;-3.799541;671.573752;1 out of 4
672.361335;672.361335;OON-PE;[M+K];C32H60NO9P;-2.39113e-3;-3.556304;672.363726;3 out of 4
672.381794;672.381794;"PS(12:0/14:1(9Z))";[M+Na];C32H60NO10P;-2.90975e-3;-4.327508;672.384704;2 out of 4
672.381794;672.381794;"PS(14:1(9Z)/12:0)";[M+Na];C32H60NO10P;-2.90975e-3;-4.327508;672.384704;2 out of 4
672.381794;672.381794;PHOOA-PC;[M+Na];C32H60NO10P;-2.90975e-3;-4.327508;672.384704;2 out of 4
672.381794;672.381794;OA-PE;[M+Na];C32H60NO10P;-2.90975e-3;-4.327508;672.384704;2 out of 4
672.418623;672.418623;PON-PC;[M+Na];C33H64NO9P;-2.46626e-3;-3.667729;672.421089;4 out of 4
672.418623;672.418623;"1-(2-methoxy-5Z,9Z-hexacosadienyl)-sn-glycero-3-phosphoserine";[M+Na];C33H64NO9P;-2.46626e-3;-3.667729;672.421089;4 out of 4
672.418623;672.418623;"1-(2-methoxy-5Z,19Z-hexacosadienyl)-sn-glycero-3-phosphoserine";[M+Na];C33H64NO9P;-2.46626e-3;-3.667729;672.421089;4 out of 4
672.454775;672.454775;"PC(10:0/16:0)";[M+Na];C34H68NO8P;-2.69977e-3;-4.014776;672.457475;2 out of 4
672.454775;672.454775;"PC(12:0/14:0)";[M+Na];C34H68NO8P;-2.69977e-3;-4.014776;672.457475;2 out of 4
672.454775;672.454775;"PC(13:0/13:0)";[M+Na];C34H68NO8P;-2.69977e-3;-4.014776;672.457475;2 out of 4
672.454775;672.454775;"PC(14:0/12:0)";[M+Na];C34H68NO8P;-2.69977e-3;-4.014776;672.457475;2 out of 4
672.454775;672.454775;"PC(17:0/9:0)";[M+Na];C34H68NO8P;-2.69977e-3;-4.014776;672.457475;2 out of 4
672.454775;672.454775;"PC(8:0/18:0)";[M+Na];C34H68NO8P;-2.69977e-3;-4.014776;672.457475;2 out of 4
672.454775;672.454775;"PC(16:0/10:0)";[M+Na];C34H68NO8P;-2.69977e-3;-4.014776;672.457475;2 out of 4
672.454775;672.454775;"PE-NMe(14:0/14:0)";[M+Na];C34H68NO8P;-2.69977e-3;-4.014776;672.457475;2 out of 4
672.454775;672.454775;"PE(12:0/17:0)";[M+Na];C34H68NO8P;-2.69977e-3;-4.014776;672.457475;2 out of 4
672.454775;672.454775;"PE(13:0/16:0)";[M+Na];C34H68NO8P;-2.69977e-3;-4.014776;672.457475;2 out of 4
672.454775;672.454775;"PE(15:0/14:0)";[M+Na];C34H68NO8P;-2.69977e-3;-4.014776;672.457475;2 out of 4
672.454775;672.454775;"PE(16:0/13:0)";[M+Na];C34H68NO8P;-2.69977e-3;-4.014776;672.457475;2 out of 4
672.454775;672.454775;"PE(17:0/12:0)";[M+Na];C34H68NO8P;-2.69977e-3;-4.014776;672.457475;2 out of 4
672.454775;672.454775;"PE(14:0/15:0)";[M+Na];C34H68NO8P;-2.69977e-3;-4.014776;672.457475;2 out of 4
672.454775;672.454775;"PE(14:0/14:0(13Me))";[M+Na];C34H68NO8P;-2.69977e-3;-4.014776;672.457475;2 out of 4
673.421392;673.421392;"PA(12:0/19:0)";[M+K];C34H67O8P;8.79266e-4;1.305672;673.420513;2 out of 4
673.421392;673.421392;"PA(13:0/18:0)";[M+K];C34H67O8P;8.79266e-4;1.305672;673.420513;2 out of 4
673.421392;673.421392;"PA(14:0/17:0)";[M+K];C34H67O8P;8.79266e-4;1.305672;673.420513;2 out of 4
673.421392;673.421392;"PA(17:0/14:0)";[M+K];C34H67O8P;8.79266e-4;1.305672;673.420513;2 out of 4
673.421392;673.421392;"PA(18:0/13:0)";[M+K];C34H67O8P;8.79266e-4;1.305672;673.420513;2 out of 4
673.421392;673.421392;"PA(19:0/12:0)";[M+K];C34H67O8P;8.79266e-4;1.305672;673.420513;2 out of 4
673.421392;673.421392;"PA(16:0/15:0)";[M+K];C34H67O8P;8.79266e-4;1.305672;673.420513;2 out of 4
673.421392;673.421392;"PA(15:0/16:0)";[M+K];C34H67O8P;8.79266e-4;1.305672;673.420513;2 out of 4
673.421392;673.421392;Protobassic acid;[M+NORHARMANE+H];C30H48O6;-6.22256e-4;-0.924021;673.422014;1 out of 4
673.421392;673.421392;6beta-Hydroxyasiatic acid;[M+NORHARMANE+H];C30H48O6;-6.22256e-4;-0.924021;673.422014;1 out of 4
673.421392;673.421392;Brahucin B;[M+NORHARMANE+H];C30H48O6;-6.22256e-4;-0.924021;673.422014;1 out of 4
673.421392;673.421392;"DG(18:4(6Z,9Z,12Z,15Z)/20:5(5Z,8Z,11Z,14Z,17Z)/0:0)[iso2]";[M+K];C41H62O5;-1.49008e-3;-2.212702;673.422882;2 out of 4
673.465178;673.465178;"PE-Cer(d18:0(17Me)/14:0)13Me))";[M+K];C34H71N2O6P;-2.95362e-3;-4.385689;673.468132;1 out of 4
673.586986;673.586986;18:1 Cholesterol ester;[M+Na];C45H78O2;-2.41574e-3;-3.586363;673.589402;2 out of 4
673.586986;673.586986;Brassicasteryl-16:0;[M+Na];C45H78O2;-2.41574e-3;-3.586363;673.589402;2 out of 4
673.586986;673.586986;16:0 Stigmasterol ester;[M+Na];C45H78O2;-2.41574e-3;-3.586363;673.589402;2 out of 4
673.586986;673.586986;16:1 Sitosterol ester;[M+Na];C45H78O2;-2.41574e-3;-3.586363;673.589402;2 out of 4
674.436077;674.436077;"PC(O-16:0/9:0(COOH))";[M+Na];C33H66NO9P;-6.62322e-4;-0.982037;674.436739;2 out of 4
674.436077;674.436077;1-(2-methoxy-19Z-hexacosenyl)-sn-glycero-3-phosphoserine;[M+Na];C33H66NO9P;-6.62322e-4;-0.982037;674.436739;2 out of 4
675.440059;675.440059;Penicisteroid G;[M+NORHARMANE+H];C30H50O6;2.39468e-3;3.545375;675.437664;1 out of 4
675.440059;675.440059;Penicisteroid A;[M+NORHARMANE+H];C30H50O6;2.39468e-3;3.545375;675.437664;1 out of 4
675.440059;675.440059;"DG(18:3(9Z,12Z,15Z)/20:5(5Z,8Z,11Z,14Z,17Z)/0:0)[iso2]";[M+K];C41H64O5;1.52685e-3;2.260534;675.438532;2 out of 4
675.440059;675.440059;"DG(18:3(6Z,9Z,12Z)/20:5(5Z,8Z,11Z,14Z,17Z)/0:0)[iso2]";[M+K];C41H64O5;1.52685e-3;2.260534;675.438532;2 out of 4
675.440059;675.440059;"DG(18:4(6Z,9Z,12Z,15Z)/20:4(5Z,8Z,11Z,14Z)/0:0)[iso2]";[M+K];C41H64O5;1.52685e-3;2.260534;675.438532;2 out of 4
675.540553;675.540553;"1-(O-alpha-D-glucopyranosyl)-29-keto-(1,3R,31R)-dotriacontanetriol";[M+H];C38H74O9;-6.94800e-6;-0.010285;675.540560;3 out of 4
675.540553;675.540553;"1-(O-alpha-D-mannopyranosyl)-29-keto-(1,3R,31R)-dotriacontanetriol";[M+H];C38H74O9;-6.94800e-6;-0.010285;675.540560;3 out of 4
675.540553;675.540553;"SM(d18:1/14:0)";[M+H];C37H75N2O6P;-2.99775e-3;-4.437538;675.543551;3 out of 4
675.540553;675.540553;"SM(d16:1/16:0)";[M+H];C37H75N2O6P;-2.99775e-3;-4.437538;675.543551;3 out of 4
675.540553;675.540553;"PE-Cer(d14:1(4E)/21:0)";[M+H];C37H75N2O6P;-2.99775e-3;-4.437538;675.543551;3 out of 4
675.540553;675.540553;"PE-Cer(d15:1(4E)/20:0)";[M+H];C37H75N2O6P;-2.99775e-3;-4.437538;675.543551;3 out of 4
675.540553;675.540553;"PE-Cer(d16:1(4E)/19:0)";[M+H];C37H75N2O6P;-2.99775e-3;-4.437538;675.543551;3 out of 4
676.451867;676.451867;OON-PC;[M+H];C35H66NO9P;-2.92832e-3;-4.328925;676.454795;4 out of 4
676.544376;676.544376;"Cer(d18:2/14:0)";[M+NORHARMANE+H];C32H61NO3;2.30619e-3;3.408787;676.542070;1 out of 4
676.544376;676.544376;"Cer(d14:1/18:1)";[M+NORHARMANE+H];C32H61NO3;2.30619e-3;3.408787;676.542070;1 out of 4
676.544376;676.544376;"Cer(d14:2(4E,6E)/18:0)";[M+NORHARMANE+H];C32H61NO3;2.30619e-3;3.408787;676.542070;1 out of 4
676.544376;676.544376;"Cer(d18:2(4E,8E)/14:0)";[M+NORHARMANE+H];C32H61NO3;2.30619e-3;3.408787;676.542070;1 out of 4
677.455633;677.455633;Unknown Name;[M+NORHARMANE+H];C30H52O6;2.31862e-3;3.422547;677.453314;302 out of 4
677.455633;677.455633;"FAHFA(22:6/14-O-22:6)";[M+Na];C44H62O4;1.60254e-3;2.365527;677.454030;2 out of 4
677.455633;677.455633;"DG(18:3(9Z,12Z,15Z)/20:4(5Z,8Z,11Z,14Z)/0:0)[iso2]";[M+K];C41H66O5;1.45079e-3;2.141529;677.454182;2 out of 4
677.455633;677.455633;"DG(18:2(9Z,12Z)/20:5(5Z,8Z,11Z,14Z,17Z)/0:0)[iso2]";[M+K];C41H66O5;1.45079e-3;2.141529;677.454182;2 out of 4
677.455633;677.455633;"DG(16:1(9Z)/22:6(4Z,7Z,10Z,13Z,16Z,19Z)/0:0)[iso2]";[M+K];C41H66O5;1.45079e-3;2.141529;677.454182;2 out of 4
677.455633;677.455633;"DG(18:3(6Z,9Z,12Z)/20:4(5Z,8Z,11Z,14Z)/0:0)[iso2]";[M+K];C41H66O5;1.45079e-3;2.141529;677.454182;2 out of 4
677.455633;677.455633;"DG(18:4(6Z,9Z,12Z,15Z)/20:3(8Z,11Z,14Z)/0:0)[iso2]";[M+K];C41H66O5;1.45079e-3;2.141529;677.454182;2 out of 4
678.431831;678.431831;"PS(12:0/16:1(9Z))";[M+H];C34H64NO10P;-2.22888e-3;-3.285327;678.434060;2 out of 4
678.431831;678.431831;"PS(13:0/15:1(9Z))";[M+H];C34H64NO10P;-2.22888e-3;-3.285327;678.434060;2 out of 4
678.431831;678.431831;"PS(14:0/14:1(9Z))";[M+H];C34H64NO10P;-2.22888e-3;-3.285327;678.434060;2 out of 4
678.431831;678.431831;"PS(14:1(9Z)/14:0)";[M+H];C34H64NO10P;-2.22888e-3;-3.285327;678.434060;2 out of 4
678.431831;678.431831;"PS(15:1(9Z)/13:0)";[M+H];C34H64NO10P;-2.22888e-3;-3.285327;678.434060;2 out of 4
678.431831;678.431831;"PS(16:1(9Z)/12:0)";[M+H];C34H64NO10P;-2.22888e-3;-3.285327;678.434060;2 out of 4
678.467938;678.467938;"PS(P-16:0/13:0)";[M+H];C35H68NO9P;-2.50739e-3;-3.695645;678.470445;3 out of 4
678.467938;678.467938;"1-(2-methoxy-7Z,21Z-octacosadienyl)-sn-glycero-3-phosphoserine";[M+H];C35H68NO9P;-2.50739e-3;-3.695645;678.470445;3 out of 4
678.504048;678.504048;"PC(10:0/18:0)";[M+H];C36H72NO8P;-2.78289e-3;-4.101497;678.506831;3 out of 4
678.504048;678.504048;"PC(11:0/17:0)";[M+H];C36H72NO8P;-2.78289e-3;-4.101497;678.506831;3 out of 4
678.504048;678.504048;"PC(12:0/16:0)";[M+H];C36H72NO8P;-2.78289e-3;-4.101497;678.506831;3 out of 4
678.504048;678.504048;"PC(13:0/15:0)";[M+H];C36H72NO8P;-2.78289e-3;-4.101497;678.506831;3 out of 4
678.504048;678.504048;"PC(14:0/14:0)";[M+H];C36H72NO8P;-2.78289e-3;-4.101497;678.506831;3 out of 4
678.504048;678.504048;"PC(15:0/13:0)";[M+H];C36H72NO8P;-2.78289e-3;-4.101497;678.506831;3 out of 4
678.504048;678.504048;"PC(16:0/12:0)";[M+H];C36H72NO8P;-2.78289e-3;-4.101497;678.506831;3 out of 4
678.504048;678.504048;"PC(17:0/11:0)";[M+H];C36H72NO8P;-2.78289e-3;-4.101497;678.506831;3 out of 4
678.504048;678.504048;"PC(18:0/10:0)";[M+H];C36H72NO8P;-2.78289e-3;-4.101497;678.506831;3 out of 4
678.504048;678.504048;"PC(19:0/9:0)";[M+H];C36H72NO8P;-2.78289e-3;-4.101497;678.506831;3 out of 4
678.504048;678.504048;"PC(7:0/21:0)";[M+H];C36H72NO8P;-2.78289e-3;-4.101497;678.506831;3 out of 4
678.504048;678.504048;"PC(8:0/20:0)";[M+H];C36H72NO8P;-2.78289e-3;-4.101497;678.506831;3 out of 4
678.504048;678.504048;"PC(9:0/19:0)";[M+H];C36H72NO8P;-2.78289e-3;-4.101497;678.506831;3 out of 4
678.504048;678.504048;"PE(12:0/19:0)";[M+H];C36H72NO8P;-2.78289e-3;-4.101497;678.506831;3 out of 4
678.504048;678.504048;"PE(13:0/18:0)";[M+H];C36H72NO8P;-2.78289e-3;-4.101497;678.506831;3 out of 4
678.504048;678.504048;"PE(14:0/17:0)";[M+H];C36H72NO8P;-2.78289e-3;-4.101497;678.506831;3 out of 4
678.504048;678.504048;"PE(17:0/14:0)";[M+H];C36H72NO8P;-2.78289e-3;-4.101497;678.506831;3 out of 4
678.504048;678.504048;"PE(18:0/13:0)";[M+H];C36H72NO8P;-2.78289e-3;-4.101497;678.506831;3 out of 4
678.504048;678.504048;"PE(19:0/12:0)";[M+H];C36H72NO8P;-2.78289e-3;-4.101497;678.506831;3 out of 4
678.504048;678.504048;"PE(16:0/15:0)";[M+H];C36H72NO8P;-2.78289e-3;-4.101497;678.506831;3 out of 4
678.504048;678.504048;"PE(15:0/16:0)";[M+H];C36H72NO8P;-2.78289e-3;-4.101497;678.506831;3 out of 4
679.471432;679.471432;"PA(P-16:0/20:5(5Z,8Z,11Z,14Z,17Z))";[M+H];C39H67O7P;1.71489e-3;2.523859;679.469717;4 out of 4
679.471432;679.471432;"DG(18:3(9Z,12Z,15Z)/20:3(8Z,11Z,14Z)/0:0)[iso2]";[M+K];C41H68O5;1.59972e-3;2.354371;679.469832;2 out of 4
679.471432;679.471432;"DG(18:2(9Z,12Z)/20:4(5Z,8Z,11Z,14Z)/0:0)[iso2]";[M+K];C41H68O5;1.59972e-3;2.354371;679.469832;2 out of 4
679.471432;679.471432;"DG(18:1(9Z)/20:5(5Z,8Z,11Z,14Z,17Z)/0:0)[iso2]";[M+K];C41H68O5;1.59972e-3;2.354371;679.469832;2 out of 4
679.471432;679.471432;"DG(16:1(9Z)/22:5(7Z,10Z,13Z,16Z,19Z)/0:0)[iso2]";[M+K];C41H68O5;1.59972e-3;2.354371;679.469832;2 out of 4
679.471432;679.471432;"DG(16:0/22:6(4Z,7Z,10Z,13Z,16Z,19Z)/0:0)[iso2]";[M+K];C41H68O5;1.59972e-3;2.354371;679.469832;2 out of 4
679.471432;679.471432;"DG(18:3(6Z,9Z,12Z)/20:3(8Z,11Z,14Z)/0:0)[iso2]";[M+K];C41H68O5;1.59972e-3;2.354371;679.469832;2 out of 4
679.471432;679.471432;"DG(18:4(6Z,9Z,12Z,15Z)/20:2(11Z,14Z)/0:0)[iso2]";[M+K];C41H68O5;1.59972e-3;2.354371;679.469832;2 out of 4
680.447167;680.447167;"PS(14:0/14:0)";[M+H];C34H66NO10P;-2.54294e-3;-3.737149;680.449710;1 out of 4
680.447167;680.447167;"PS(15:0/13:0)";[M+H];C34H66NO10P;-2.54294e-3;-3.737149;680.449710;1 out of 4
680.447167;680.447167;"PS(13:0/15:0)";[M+H];C34H66NO10P;-2.54294e-3;-3.737149;680.449710;1 out of 4
680.447167;680.447167;"PS(12:0/16:0)";[M+H];C34H66NO10P;-2.54294e-3;-3.737149;680.449710;1 out of 4
680.447167;680.447167;"PS(16:0/12:0)";[M+H];C34H66NO10P;-2.54294e-3;-3.737149;680.449710;1 out of 4
680.447167;680.447167;"GlcCer(d14:2(4E,6E)/16:0)";[M+K];C36H67NO8;-2.65810e-3;-3.906392;680.449825;1 out of 4
685.465268;685.465268;"1-(O-alpha-D-glucopyranosyl)-3-keto-(1,27R,29R)-triacontanetriol";[M+K];C36H70O9;1.27180e-4;0.185538;685.465141;1 out of 4
685.465268;685.465268;"1-(O-alpha-D-galactopyranosyl)-3-keto-(1,27R,29R)-triacontanetriol";[M+K];C36H70O9;1.27180e-4;0.185538;685.465141;1 out of 4
685.465268;685.465268;"1-(O-alpha-D-glucopyranosyl)-27-keto-(1,3R,29R)-triacontanetriol";[M+K];C36H70O9;1.27180e-4;0.185538;685.465141;1 out of 4
685.465268;685.465268;"SM(d18:1/12:0)";[M+K];C35H71N2O6P;-2.86362e-3;-4.177615;685.468132;1 out of 4
685.465268;685.465268;"PE-Cer(d14:1(4E)/19:0)";[M+K];C35H71N2O6P;-2.86362e-3;-4.177615;685.468132;1 out of 4
685.465268;685.465268;"PE-Cer(d15:1(4E)/18:0)";[M+K];C35H71N2O6P;-2.86362e-3;-4.177615;685.468132;1 out of 4
686.433426;686.433426;"PS(P-16:0/12:0)";[M+Na];C34H66NO9P;-3.31332e-3;-4.826842;686.436739;3 out of 4
688.392268;688.392268;PON-PC;[M+K];C33H64NO9P;-2.75826e-3;-4.006795;688.395026;4 out of 4
688.392268;688.392268;"1-(2-methoxy-5Z,9Z-hexacosadienyl)-sn-glycero-3-phosphoserine";[M+K];C33H64NO9P;-2.75826e-3;-4.006795;688.395026;4 out of 4
688.392268;688.392268;"1-(2-methoxy-5Z,19Z-hexacosadienyl)-sn-glycero-3-phosphoserine";[M+K];C33H64NO9P;-2.75826e-3;-4.006795;688.395026;4 out of 4
688.413000;688.413000;"PS(12:0/15:0)";[M+Na];C33H64NO10P;-3.00388e-3;-4.363463;688.416004;3 out of 4
688.413000;688.413000;"PS(13:0/14:0)";[M+Na];C33H64NO10P;-3.00388e-3;-4.363463;688.416004;3 out of 4
688.413000;688.413000;"PS(14:0/13:0)";[M+Na];C33H64NO10P;-3.00388e-3;-4.363463;688.416004;3 out of 4
688.413000;688.413000;"PS(15:0/12:0)";[M+Na];C33H64NO10P;-3.00388e-3;-4.363463;688.416004;3 out of 4
688.413000;688.413000;"PC(16:0/9:0(COOH))";[M+Na];C33H64NO10P;-3.00388e-3;-4.363463;688.416004;3 out of 4
688.451607;688.451607;"PS(O-16:0/12:0)";[M+Na];C34H68NO9P;-7.82386e-4;-1.136442;688.452389;2 out of 4
688.451607;688.451607;1-(2-methoxy-20Z-heptacosenyl)-sn-glycero-3-phosphoserine;[M+Na];C34H68NO9P;-7.82386e-4;-1.136442;688.452389;2 out of 4
689.416753;689.416753;"PA(14:1(9Z)/20:4(5Z,8Z,11Z,14Z))";[M+Na];C37H63O8P;1.47739e-3;2.142967;689.415276;3 out of 4
689.416753;689.416753;"PA(18:4(6Z,9Z,12Z,15Z)/16:1(9Z))";[M+Na];C37H63O8P;1.47739e-3;2.142967;689.415276;3 out of 4
689.416753;689.416753;"PA(20:4(5Z,8Z,11Z,14Z)/14:1(9Z))";[M+Na];C37H63O8P;1.47739e-3;2.142967;689.415276;3 out of 4
689.416753;689.416753;"PA(20:5(5Z,8Z,11Z,14Z,17Z)/14:0)";[M+Na];C37H63O8P;1.47739e-3;2.142967;689.415276;3 out of 4
689.416753;689.416753;"PA(16:1(9Z)/18:4(6Z,9Z,12Z,15Z))";[M+Na];C37H63O8P;1.47739e-3;2.142967;689.415276;3 out of 4
689.416753;689.416753;"PA(14:0/20:5(5Z,8Z,11Z,14Z,17Z))";[M+Na];C37H63O8P;1.47739e-3;2.142967;689.415276;3 out of 4
689.416753;689.416753;"PG(P-16:0/12:0)";[M+K];C34H67O9P;1.32565e-3;1.922855;689.415427;1 out of 4
689.416753;689.416753;Cucurbitacin P;[M+NORHARMANE+H];C30H48O7;-1.75876e-4;-0.255108;689.416929;1 out of 4
689.416753;689.416753;Hippurin-1;[M+NORHARMANE+H];C30H48O7;-1.75876e-4;-0.255108;689.416929;1 out of 4
689.416753;689.416753;22-epi-Hippurin-1;[M+NORHARMANE+H];C30H48O7;-1.75876e-4;-0.255108;689.416929;1 out of 4
689.416753;689.416753;"PA(18:4(6Z,9Z,12Z,15Z)/18:4(6Z,9Z,12Z,15Z))";[M+H];C39H61O8P;-9.28542e-4;-1.346850;689.417682;1 out of 4
689.555877;689.555877;"SM(d16:1/17:0)";[M+H];C38H77N2O6P;-3.32381e-3;-4.820201;689.559201;3 out of 4
689.555877;689.555877;"SM(d18:1/15:0)";[M+H];C38H77N2O6P;-3.32381e-3;-4.820201;689.559201;3 out of 4
689.555877;689.555877;"PE-Cer(d14:1(4E)/22:0)";[M+H];C38H77N2O6P;-3.32381e-3;-4.820201;689.559201;3 out of 4
689.555877;689.555877;"PE-Cer(d16:1(4E)/20:0)";[M+H];C38H77N2O6P;-3.32381e-3;-4.820201;689.559201;3 out of 4
689.561615;689.561615;"SM(d16:1/17:0)";[M+H];C38H77N2O6P;2.41419e-3;3.501057;689.559201;3 out of 4
689.561615;689.561615;"SM(d18:1/15:0)";[M+H];C38H77N2O6P;2.41419e-3;3.501057;689.559201;3 out of 4
689.561615;689.561615;"PE-Cer(d14:1(4E)/22:0)";[M+H];C38H77N2O6P;2.41419e-3;3.501057;689.559201;3 out of 4
689.561615;689.561615;"PE-Cer(d16:1(4E)/20:0)";[M+H];C38H77N2O6P;2.41419e-3;3.501057;689.559201;3 out of 4
689.561615;689.561615;18:1 Cholesterol ester;[M+K];C45H78O2;-1.72374e-3;-2.499750;689.563339;2 out of 4
689.561615;689.561615;Brassicasteryl-16:0;[M+K];C45H78O2;-1.72374e-3;-2.499750;689.563339;2 out of 4
689.561615;689.561615;16:0 Stigmasterol ester;[M+K];C45H78O2;-1.72374e-3;-2.499750;689.563339;2 out of 4
689.561615;689.561615;16:1 Sitosterol ester;[M+K];C45H78O2;-1.72374e-3;-2.499750;689.563339;2 out of 4
690.431348;690.431348;"PS(12:0/17:2(9Z,12Z))";[M+H];C35H64NO10P;-2.71188e-3;-3.927787;690.434060;2 out of 4
690.431348;690.431348;"PS(14:1(9Z)/15:1(9Z))";[M+H];C35H64NO10P;-2.71188e-3;-3.927787;690.434060;2 out of 4
690.431348;690.431348;"PS(15:1(9Z)/14:1(9Z))";[M+H];C35H64NO10P;-2.71188e-3;-3.927787;690.434060;2 out of 4
690.431348;690.431348;"PS(17:2(9Z,12Z)/12:0)";[M+H];C35H64NO10P;-2.71188e-3;-3.927787;690.434060;2 out of 4
690.431348;690.431348;OHODA-PE;[M+H];C35H64NO10P;-2.71188e-3;-3.927787;690.434060;2 out of 4
690.467305;690.467305;"PS(P-16:0/14:1(9Z))";[M+H];C36H68NO9P;-3.14039e-3;-4.548183;690.470445;2 out of 4
690.559372;690.559372;"Cer(d18:2/15:0)";[M+NORHARMANE+H];C33H63NO3;1.65212e-3;2.392449;690.557720;1 out of 4
691.434510;691.434510;"PG(O-16:0/12:0)";[M+K];C34H69O9P;3.43258e-3;4.964460;691.431077;1 out of 4
691.434510;691.434510;Penicisteroid F;[M+NORHARMANE+H];C30H50O7;1.93106e-3;2.792839;691.432579;1 out of 4
691.434510;691.434510;"PA(14:1(9Z)/22:6(4Z,7Z,10Z,13Z,16Z,19Z))";[M+H];C39H63O8P;1.17839e-3;1.704277;691.433332;1 out of 4
691.434510;691.434510;"PA(18:3(6Z,9Z,12Z)/18:4(6Z,9Z,12Z,15Z))";[M+H];C39H63O8P;1.17839e-3;1.704277;691.433332;1 out of 4
691.434510;691.434510;"PA(18:3(9Z,12Z,15Z)/18:4(6Z,9Z,12Z,15Z))";[M+H];C39H63O8P;1.17839e-3;1.704277;691.433332;1 out of 4
691.434510;691.434510;"PA(18:4(6Z,9Z,12Z,15Z)/18:3(6Z,9Z,12Z))";[M+H];C39H63O8P;1.17839e-3;1.704277;691.433332;1 out of 4
691.434510;691.434510;"PA(18:4(6Z,9Z,12Z,15Z)/18:3(9Z,12Z,15Z))";[M+H];C39H63O8P;1.17839e-3;1.704277;691.433332;1 out of 4
691.434510;691.434510;"PA(22:6(4Z,7Z,10Z,13Z,16Z,19Z)/14:1(9Z))";[M+H];C39H63O8P;1.17839e-3;1.704277;691.433332;1 out of 4
691.471293;691.471293;"DG(17:2(9Z,12Z)/22:5(7Z,10Z,13Z,16Z,19Z)/0:0)[iso2]";[M+K];C42H68O5;1.46072e-3;2.112491;691.469832;1 out of 4
691.471293;691.471293;"DG(17:1(9Z)/22:6(4Z,7Z,10Z,13Z,16Z,19Z)/0:0)[iso2]";[M+K];C42H68O5;1.46072e-3;2.112491;691.469832;1 out of 4
692.446377;692.446377;"PS(12:0/17:1(9Z))";[M+H];C35H66NO10P;-3.33294e-3;-4.813262;692.449710;2 out of 4
692.446377;692.446377;"PS(13:0/16:1(9Z))";[M+H];C35H66NO10P;-3.33294e-3;-4.813262;692.449710;2 out of 4
692.446377;692.446377;"PS(14:0/15:1(9Z))";[M+H];C35H66NO10P;-3.33294e-3;-4.813262;692.449710;2 out of 4
692.446377;692.446377;"PS(14:1(9Z)/15:0)";[M+H];C35H66NO10P;-3.33294e-3;-4.813262;692.449710;2 out of 4
692.446377;692.446377;"PS(15:0/14:1(9Z))";[M+H];C35H66NO10P;-3.33294e-3;-4.813262;692.449710;2 out of 4
692.446377;692.446377;"PS(15:1(9Z)/14:0)";[M+H];C35H66NO10P;-3.33294e-3;-4.813262;692.449710;2 out of 4
692.446377;692.446377;"PS(16:1(9Z)/13:0)";[M+H];C35H66NO10P;-3.33294e-3;-4.813262;692.449710;2 out of 4
692.446377;692.446377;"PS(17:1(9Z)/12:0)";[M+H];C35H66NO10P;-3.33294e-3;-4.813262;692.449710;2 out of 4
692.446377;692.446377;OA-PC;[M+H];C35H66NO10P;-3.33294e-3;-4.813262;692.449710;2 out of 4
693.450329;693.450329;"PA(18:3(9Z,12Z,15Z)/18:3(9Z,12Z,15Z))";[M+H];C39H65O8P;1.34733e-3;1.942940;693.448982;1 out of 4
693.450329;693.450329;"PA(16:1(9Z)/20:5(5Z,8Z,11Z,14Z,17Z))";[M+H];C39H65O8P;1.34733e-3;1.942940;693.448982;1 out of 4
693.450329;693.450329;"PA(18:2(9Z,12Z)/18:4(6Z,9Z,12Z,15Z))";[M+H];C39H65O8P;1.34733e-3;1.942940;693.448982;1 out of 4
693.450329;693.450329;"PA(18:3(6Z,9Z,12Z)/18:3(6Z,9Z,12Z))";[M+H];C39H65O8P;1.34733e-3;1.942940;693.448982;1 out of 4
693.450329;693.450329;"PA(18:3(6Z,9Z,12Z)/18:3(9Z,12Z,15Z))";[M+H];C39H65O8P;1.34733e-3;1.942940;693.448982;1 out of 4
693.450329;693.450329;"PA(18:3(9Z,12Z,15Z)/18:3(6Z,9Z,12Z))";[M+H];C39H65O8P;1.34733e-3;1.942940;693.448982;1 out of 4
693.450329;693.450329;"PA(18:4(6Z,9Z,12Z,15Z)/18:2(9Z,12Z))";[M+H];C39H65O8P;1.34733e-3;1.942940;693.448982;1 out of 4
693.450329;693.450329;"PA(20:5(5Z,8Z,11Z,14Z,17Z)/16:1(9Z))";[M+H];C39H65O8P;1.34733e-3;1.942940;693.448982;1 out of 4
693.450329;693.450329;"PA(22:6(4Z,7Z,10Z,13Z,16Z,19Z)/14:0)";[M+H];C39H65O8P;1.34733e-3;1.942940;693.448982;1 out of 4
693.450329;693.450329;"PA(14:0/22:6(4Z,7Z,10Z,13Z,16Z,19Z))";[M+H];C39H65O8P;1.34733e-3;1.942940;693.448982;1 out of 4
694.462289;694.462289;"PS(12:0/17:0)";[M+H];C35H68NO10P;-3.07101e-3;-4.422115;694.465360;2 out of 4
694.462289;694.462289;"PS(13:0/16:0)";[M+H];C35H68NO10P;-3.07101e-3;-4.422115;694.465360;2 out of 4
694.462289;694.462289;"PS(15:0/14:0)";[M+H];C35H68NO10P;-3.07101e-3;-4.422115;694.465360;2 out of 4
694.462289;694.462289;"PS(16:0/13:0)";[M+H];C35H68NO10P;-3.07101e-3;-4.422115;694.465360;2 out of 4
694.462289;694.462289;"PS(17:0/12:0)";[M+H];C35H68NO10P;-3.07101e-3;-4.422115;694.465360;2 out of 4
694.462289;694.462289;"PS(14:0/15:0)";[M+H];C35H68NO10P;-3.07101e-3;-4.422115;694.465360;2 out of 4
695.465533;695.465533;"PA(16:0/18:2(9Z,12Z))";[M+Na];C37H69O8P;3.30720e-3;4.755401;695.462226;1 out of 4
695.465533;695.465533;"PA(12:0/22:2(13Z,16Z))";[M+Na];C37H69O8P;3.30720e-3;4.755401;695.462226;1 out of 4
695.465533;695.465533;"PA(14:0/20:2(11Z,14Z))";[M+Na];C37H69O8P;3.30720e-3;4.755401;695.462226;1 out of 4
695.465533;695.465533;"PA(14:1(9Z)/20:1(11Z))";[M+Na];C37H69O8P;3.30720e-3;4.755401;695.462226;1 out of 4
695.465533;695.465533;"PA(15:1(9Z)/19:1(9Z))";[M+Na];C37H69O8P;3.30720e-3;4.755401;695.462226;1 out of 4
695.465533;695.465533;"PA(17:0/17:2(9Z,12Z))";[M+Na];C37H69O8P;3.30720e-3;4.755401;695.462226;1 out of 4
695.465533;695.465533;"PA(17:2(9Z,12Z)/17:0)";[M+Na];C37H69O8P;3.30720e-3;4.755401;695.462226;1 out of 4
695.465533;695.465533;"PA(19:1(9Z)/15:1(9Z))";[M+Na];C37H69O8P;3.30720e-3;4.755401;695.462226;1 out of 4
695.465533;695.465533;"PA(20:1(11Z)/14:1(9Z))";[M+Na];C37H69O8P;3.30720e-3;4.755401;695.462226;1 out of 4
695.465533;695.465533;"PA(20:2(11Z,14Z)/14:0)";[M+Na];C37H69O8P;3.30720e-3;4.755401;695.462226;1 out of 4
695.465533;695.465533;"PA(22:2(13Z,16Z)/12:0)";[M+Na];C37H69O8P;3.30720e-3;4.755401;695.462226;1 out of 4
695.465533;695.465533;"PA(18:2(9Z,12Z)/16:0)";[M+Na];C37H69O8P;3.30720e-3;4.755401;695.462226;1 out of 4
695.465533;695.465533;"PA(18:1(9Z)/16:1(9Z))";[M+Na];C37H69O8P;3.30720e-3;4.755401;695.462226;1 out of 4
695.465533;695.465533;"PA(17:1(9Z)/17:1(9Z))";[M+Na];C37H69O8P;3.30720e-3;4.755401;695.462226;1 out of 4
695.465533;695.465533;"PA(16:1(9Z)/18:1(9Z))";[M+Na];C37H69O8P;3.30720e-3;4.755401;695.462226;1 out of 4
695.465533;695.465533;"PA(14:1(9Z)/22:4(7Z,10Z,13Z,16Z))";[M+H];C39H67O8P;9.01266e-4;1.295919;695.464632;2 out of 4
695.465533;695.465533;"PA(18:1(9Z)/18:4(6Z,9Z,12Z,15Z))";[M+H];C39H67O8P;9.01266e-4;1.295919;695.464632;2 out of 4
695.465533;695.465533;"PA(18:2(9Z,12Z)/18:3(6Z,9Z,12Z))";[M+H];C39H67O8P;9.01266e-4;1.295919;695.464632;2 out of 4
695.465533;695.465533;"PA(18:2(9Z,12Z)/18:3(9Z,12Z,15Z))";[M+H];C39H67O8P;9.01266e-4;1.295919;695.464632;2 out of 4
695.465533;695.465533;"PA(18:3(6Z,9Z,12Z)/18:2(9Z,12Z))";[M+H];C39H67O8P;9.01266e-4;1.295919;695.464632;2 out of 4
695.465533;695.465533;"PA(18:3(9Z,12Z,15Z)/18:2(9Z,12Z))";[M+H];C39H67O8P;9.01266e-4;1.295919;695.464632;2 out of 4
695.465533;695.465533;"PA(18:4(6Z,9Z,12Z,15Z)/18:1(9Z))";[M+H];C39H67O8P;9.01266e-4;1.295919;695.464632;2 out of 4
695.465533;695.465533;"PA(20:4(5Z,8Z,11Z,14Z)/16:1(9Z))";[M+H];C39H67O8P;9.01266e-4;1.295919;695.464632;2 out of 4
695.465533;695.465533;"PA(20:5(5Z,8Z,11Z,14Z,17Z)/16:0)";[M+H];C39H67O8P;9.01266e-4;1.295919;695.464632;2 out of 4
695.465533;695.465533;"PA(22:4(7Z,10Z,13Z,16Z)/14:1(9Z))";[M+H];C39H67O8P;9.01266e-4;1.295919;695.464632;2 out of 4
695.465533;695.465533;"PA(16:1(9Z)/20:4(5Z,8Z,11Z,14Z))";[M+H];C39H67O8P;9.01266e-4;1.295919;695.464632;2 out of 4
695.465533;695.465533;"PA(16:0/20:5(5Z,8Z,11Z,14Z,17Z))";[M+H];C39H67O8P;9.01266e-4;1.295919;695.464632;2 out of 4
697.421304;697.421304;"PA(13:0/20:2(11Z,14Z))";[M+K];C36H67O8P;7.91266e-4;1.134561;697.420513;1 out of 4
697.421304;697.421304;"PA(14:1(9Z)/19:1(9Z))";[M+K];C36H67O8P;7.91266e-4;1.134561;697.420513;1 out of 4
697.421304;697.421304;"PA(15:1(9Z)/18:1(9Z))";[M+K];C36H67O8P;7.91266e-4;1.134561;697.420513;1 out of 4
697.421304;697.421304;"PA(16:0/17:2(9Z,12Z))";[M+K];C36H67O8P;7.91266e-4;1.134561;697.420513;1 out of 4
697.421304;697.421304;"PA(16:1(9Z)/17:1(9Z))";[M+K];C36H67O8P;7.91266e-4;1.134561;697.420513;1 out of 4
697.421304;697.421304;"PA(17:1(9Z)/16:1(9Z))";[M+K];C36H67O8P;7.91266e-4;1.134561;697.420513;1 out of 4
697.421304;697.421304;"PA(17:2(9Z,12Z)/16:0)";[M+K];C36H67O8P;7.91266e-4;1.134561;697.420513;1 out of 4
697.421304;697.421304;"PA(18:1(9Z)/15:1(9Z))";[M+K];C36H67O8P;7.91266e-4;1.134561;697.420513;1 out of 4
697.421304;697.421304;"PA(18:2(9Z,12Z)/15:0)";[M+K];C36H67O8P;7.91266e-4;1.134561;697.420513;1 out of 4
697.421304;697.421304;"PA(19:1(9Z)/14:1(9Z))";[M+K];C36H67O8P;7.91266e-4;1.134561;697.420513;1 out of 4
697.421304;697.421304;"PA(20:2(11Z,14Z)/13:0)";[M+K];C36H67O8P;7.91266e-4;1.134561;697.420513;1 out of 4
697.421304;697.421304;"PA(15:0/18:2(9Z,12Z))";[M+K];C36H67O8P;7.91266e-4;1.134561;697.420513;1 out of 4
697.474870;697.474870;"PA(16:0/18:1(11Z))";[M+Na];C37H71O8P;-3.00586e-3;-4.309616;697.477876;2 out of 4
697.474870;697.474870;"PA(16:0/18:1(9Z))";[M+Na];C37H71O8P;-3.00586e-3;-4.309616;697.477876;2 out of 4
697.474870;697.474870;"PA(12:0/22:1(11Z))";[M+Na];C37H71O8P;-3.00586e-3;-4.309616;697.477876;2 out of 4
697.474870;697.474870;"PA(14:0/20:1(11Z))";[M+Na];C37H71O8P;-3.00586e-3;-4.309616;697.477876;2 out of 4
697.474870;697.474870;"PA(14:1(9Z)/20:0)";[M+Na];C37H71O8P;-3.00586e-3;-4.309616;697.477876;2 out of 4
697.474870;697.474870;"PA(15:0/19:1(9Z))";[M+Na];C37H71O8P;-3.00586e-3;-4.309616;697.477876;2 out of 4
697.474870;697.474870;"PA(15:1(9Z)/19:0)";[M+Na];C37H71O8P;-3.00586e-3;-4.309616;697.477876;2 out of 4
697.474870;697.474870;"PA(16:1(9Z)/18:0)";[M+Na];C37H71O8P;-3.00586e-3;-4.309616;697.477876;2 out of 4
697.474870;697.474870;"PA(17:0/17:1(9Z))";[M+Na];C37H71O8P;-3.00586e-3;-4.309616;697.477876;2 out of 4
697.474870;697.474870;"PA(17:1(9Z)/17:0)";[M+Na];C37H71O8P;-3.00586e-3;-4.309616;697.477876;2 out of 4
697.474870;697.474870;"PA(19:0/15:1(9Z))";[M+Na];C37H71O8P;-3.00586e-3;-4.309616;697.477876;2 out of 4
697.474870;697.474870;"PA(19:1(9Z)/15:0)";[M+Na];C37H71O8P;-3.00586e-3;-4.309616;697.477876;2 out of 4
697.474870;697.474870;"PA(20:0/14:1(9Z))";[M+Na];C37H71O8P;-3.00586e-3;-4.309616;697.477876;2 out of 4
697.474870;697.474870;"PA(20:1(11Z)/14:0)";[M+Na];C37H71O8P;-3.00586e-3;-4.309616;697.477876;2 out of 4
697.474870;697.474870;"PA(22:1(11Z)/12:0)";[M+Na];C37H71O8P;-3.00586e-3;-4.309616;697.477876;2 out of 4
697.474870;697.474870;"PA(18:0/16:1(9Z))";[M+Na];C37H71O8P;-3.00586e-3;-4.309616;697.477876;2 out of 4
697.474870;697.474870;"PA(18:1(9Z)/16:0)";[M+Na];C37H71O8P;-3.00586e-3;-4.309616;697.477876;2 out of 4
697.522574;697.522574;"1-(O-alpha-D-glucopyranosyl)-29-keto-(1,3R,31R)-dotriacontanetriol";[M+Na];C38H74O9;7.00520e-5;0.100430;697.522504;3 out of 4
697.522574;697.522574;"1-(O-alpha-D-mannopyranosyl)-29-keto-(1,3R,31R)-dotriacontanetriol";[M+Na];C38H74O9;7.00520e-5;0.100430;697.522504;3 out of 4
697.522574;697.522574;"SM(d18:1/14:0)";[M+Na];C37H75N2O6P;-2.92075e-3;-4.187302;697.525495;3 out of 4
697.522574;697.522574;"SM(d16:1/16:0)";[M+Na];C37H75N2O6P;-2.92075e-3;-4.187302;697.525495;3 out of 4
697.522574;697.522574;"PE-Cer(d14:1(4E)/21:0)";[M+Na];C37H75N2O6P;-2.92075e-3;-4.187302;697.525495;3 out of 4
697.522574;697.522574;"PE-Cer(d15:1(4E)/20:0)";[M+Na];C37H75N2O6P;-2.92075e-3;-4.187302;697.525495;3 out of 4
697.522574;697.522574;"PE-Cer(d16:1(4E)/19:0)";[M+Na];C37H75N2O6P;-2.92075e-3;-4.187302;697.525495;3 out of 4
698.433857;698.433857;OON-PC;[M+Na];C35H66NO9P;-2.88232e-3;-4.126819;698.436739;4 out of 4
698.525853;698.525853;"N-ornithinyl-35-aminobacteriohopane-32,33,34-triol";[M+K];C40H73N3O4;2.58818e-3;3.705222;698.523265;1 out of 4
699.436809;699.436809;"PA(13:0/20:1(11Z))";[M+K];C36H69O8P;6.46202e-4;0.923890;699.436163;2 out of 4
699.436809;699.436809;"PA(14:0/19:1(9Z))";[M+K];C36H69O8P;6.46202e-4;0.923890;699.436163;2 out of 4
699.436809;699.436809;"PA(14:1(9Z)/19:0)";[M+K];C36H69O8P;6.46202e-4;0.923890;699.436163;2 out of 4
699.436809;699.436809;"PA(15:0/18:1(9Z))";[M+K];C36H69O8P;6.46202e-4;0.923890;699.436163;2 out of 4
699.436809;699.436809;"PA(15:1(9Z)/18:0)";[M+K];C36H69O8P;6.46202e-4;0.923890;699.436163;2 out of 4
699.436809;699.436809;"PA(16:1(9Z)/17:0)";[M+K];C36H69O8P;6.46202e-4;0.923890;699.436163;2 out of 4
699.436809;699.436809;"PA(17:0/16:1(9Z))";[M+K];C36H69O8P;6.46202e-4;0.923890;699.436163;2 out of 4
699.436809;699.436809;"PA(17:1(9Z)/16:0)";[M+K];C36H69O8P;6.46202e-4;0.923890;699.436163;2 out of 4
699.436809;699.436809;"PA(18:0/15:1(9Z))";[M+K];C36H69O8P;6.46202e-4;0.923890;699.436163;2 out of 4
699.436809;699.436809;"PA(18:1(9Z)/15:0)";[M+K];C36H69O8P;6.46202e-4;0.923890;699.436163;2 out of 4
699.436809;699.436809;"PA(19:0/14:1(9Z))";[M+K];C36H69O8P;6.46202e-4;0.923890;699.436163;2 out of 4
699.436809;699.436809;"PA(19:1(9Z)/14:0)";[M+K];C36H69O8P;6.46202e-4;0.923890;699.436163;2 out of 4
699.436809;699.436809;"PA(20:1(11Z)/13:0)";[M+K];C36H69O8P;6.46202e-4;0.923890;699.436163;2 out of 4
699.436809;699.436809;"PA(16:0/17:1(9Z))";[M+K];C36H69O8P;6.46202e-4;0.923890;699.436163;2 out of 4
699.436809;699.436809;Acinospesigenin A;[M+NORHARMANE+H];C32H50O6;-8.55320e-4;-1.222868;699.437664;1 out of 4
699.436809;699.436809;"DG(20:5(5Z,8Z,11Z,14Z,17Z)/20:5(5Z,8Z,11Z,14Z,17Z)/0:0)";[M+K];C43H64O5;-1.72315e-3;-2.463616;699.438532;2 out of 4
699.436809;699.436809;"DG(18:4(6Z,9Z,12Z,15Z)/22:6(4Z,7Z,10Z,13Z,16Z,19Z)/0:0)[iso2]";[M+K];C43H64O5;-1.72315e-3;-2.463616;699.438532;2 out of 4
700.413043;700.413043;"PS(12:0/16:1(9Z))";[M+Na];C34H64NO10P;-2.96088e-3;-4.227313;700.416004;2 out of 4
700.413043;700.413043;"PS(13:0/15:1(9Z))";[M+Na];C34H64NO10P;-2.96088e-3;-4.227313;700.416004;2 out of 4
700.413043;700.413043;"PS(14:0/14:1(9Z))";[M+Na];C34H64NO10P;-2.96088e-3;-4.227313;700.416004;2 out of 4
700.413043;700.413043;"PS(14:1(9Z)/14:0)";[M+Na];C34H64NO10P;-2.96088e-3;-4.227313;700.416004;2 out of 4
700.413043;700.413043;"PS(15:1(9Z)/13:0)";[M+Na];C34H64NO10P;-2.96088e-3;-4.227313;700.416004;2 out of 4
700.413043;700.413043;"PS(16:1(9Z)/12:0)";[M+Na];C34H64NO10P;-2.96088e-3;-4.227313;700.416004;2 out of 4
700.449307;700.449307;"PS(P-16:0/13:0)";[M+Na];C35H68NO9P;-3.08239e-3;-4.400565;700.452389;3 out of 4
700.449307;700.449307;"1-(2-methoxy-7Z,21Z-octacosadienyl)-sn-glycero-3-phosphoserine";[M+Na];C35H68NO9P;-3.08239e-3;-4.400565;700.452389;3 out of 4
700.485574;700.485574;"PC(10:0/18:0)";[M+Na];C36H72NO8P;-3.20089e-3;-4.569515;700.488775;3 out of 4
700.485574;700.485574;"PC(11:0/17:0)";[M+Na];C36H72NO8P;-3.20089e-3;-4.569515;700.488775;3 out of 4
700.485574;700.485574;"PC(12:0/16:0)";[M+Na];C36H72NO8P;-3.20089e-3;-4.569515;700.488775;3 out of 4
700.485574;700.485574;"PC(13:0/15:0)";[M+Na];C36H72NO8P;-3.20089e-3;-4.569515;700.488775;3 out of 4
700.485574;700.485574;"PC(14:0/14:0)";[M+Na];C36H72NO8P;-3.20089e-3;-4.569515;700.488775;3 out of 4
700.485574;700.485574;"PC(15:0/13:0)";[M+Na];C36H72NO8P;-3.20089e-3;-4.569515;700.488775;3 out of 4
700.485574;700.485574;"PC(16:0/12:0)";[M+Na];C36H72NO8P;-3.20089e-3;-4.569515;700.488775;3 out of 4
700.485574;700.485574;"PC(17:0/11:0)";[M+Na];C36H72NO8P;-3.20089e-3;-4.569515;700.488775;3 out of 4
700.485574;700.485574;"PC(18:0/10:0)";[M+Na];C36H72NO8P;-3.20089e-3;-4.569515;700.488775;3 out of 4
700.485574;700.485574;"PC(19:0/9:0)";[M+Na];C36H72NO8P;-3.20089e-3;-4.569515;700.488775;3 out of 4
700.485574;700.485574;"PC(7:0/21:0)";[M+Na];C36H72NO8P;-3.20089e-3;-4.569515;700.488775;3 out of 4
700.485574;700.485574;"PC(8:0/20:0)";[M+Na];C36H72NO8P;-3.20089e-3;-4.569515;700.488775;3 out of 4
700.485574;700.485574;"PC(9:0/19:0)";[M+Na];C36H72NO8P;-3.20089e-3;-4.569515;700.488775;3 out of 4
700.485574;700.485574;"PE(12:0/19:0)";[M+Na];C36H72NO8P;-3.20089e-3;-4.569515;700.488775;3 out of 4
700.485574;700.485574;"PE(13:0/18:0)";[M+Na];C36H72NO8P;-3.20089e-3;-4.569515;700.488775;3 out of 4
700.485574;700.485574;"PE(14:0/17:0)";[M+Na];C36H72NO8P;-3.20089e-3;-4.569515;700.488775;3 out of 4
700.485574;700.485574;"PE(17:0/14:0)";[M+Na];C36H72NO8P;-3.20089e-3;-4.569515;700.488775;3 out of 4
700.485574;700.485574;"PE(18:0/13:0)";[M+Na];C36H72NO8P;-3.20089e-3;-4.569515;700.488775;3 out of 4
700.485574;700.485574;"PE(19:0/12:0)";[M+Na];C36H72NO8P;-3.20089e-3;-4.569515;700.488775;3 out of 4
700.485574;700.485574;"PE(16:0/15:0)";[M+Na];C36H72NO8P;-3.20089e-3;-4.569515;700.488775;3 out of 4
700.485574;700.485574;"PE(15:0/16:0)";[M+Na];C36H72NO8P;-3.20089e-3;-4.569515;700.488775;3 out of 4
700.524807;700.524807;"PC(O-14:0/15:0)";[M+Na];C37H76NO7P;-3.53402e-4;-0.504482;700.525160;1 out of 4
700.524807;700.524807;"PC(O-16:0/13:0)";[M+Na];C37H76NO7P;-3.53402e-4;-0.504482;700.525160;1 out of 4
700.524807;700.524807;"PE(O-18:0/14:0)";[M+Na];C37H76NO7P;-3.53402e-4;-0.504482;700.525160;1 out of 4
700.524807;700.524807;"PE(O-20:0/12:0)";[M+Na];C37H76NO7P;-3.53402e-4;-0.504482;700.525160;1 out of 4
700.524807;700.524807;"PE(O-16:0/16:0)";[M+Na];C37H76NO7P;-3.53402e-4;-0.504482;700.525160;1 out of 4
700.524807;700.524807;"PE(O-16:0/18:3(9Z,12Z,15Z))";[M+H];C39H74NO7P;-2.75934e-3;-3.938943;700.527566;3 out of 4
700.524807;700.524807;"PE(O-16:0/18:3(6Z,9Z,12Z))";[M+H];C39H74NO7P;-2.75934e-3;-3.938943;700.527566;3 out of 4
700.524807;700.524807;"PE(P-16:0/18:2(9Z,12Z))";[M+H];C39H74NO7P;-2.75934e-3;-3.938943;700.527566;3 out of 4
701.452864;701.452864;"PA(P-16:0/20:5(5Z,8Z,11Z,14Z,17Z))";[M+Na];C39H67O7P;1.20289e-3;1.714852;701.451661;4 out of 4
701.452864;701.452864;"PA(12:0/21:0)";[M+K];C36H71O8P;1.05114e-3;1.498518;701.451813;2 out of 4
701.452864;701.452864;"PA(14:0/19:0)";[M+K];C36H71O8P;1.05114e-3;1.498518;701.451813;2 out of 4
701.452864;701.452864;"PA(17:0/16:0)";[M+K];C36H71O8P;1.05114e-3;1.498518;701.451813;2 out of 4
701.452864;701.452864;"PA(18:0/15:0)";[M+K];C36H71O8P;1.05114e-3;1.498518;701.451813;2 out of 4
701.452864;701.452864;"PA(21:0/12:0)";[M+K];C36H71O8P;1.05114e-3;1.498518;701.451813;2 out of 4
701.452864;701.452864;"PA(20:0/13:0)";[M+K];C36H71O8P;1.05114e-3;1.498518;701.451813;2 out of 4
701.452864;701.452864;"PA(19:0/14:0)";[M+K];C36H71O8P;1.05114e-3;1.498518;701.451813;2 out of 4
701.452864;701.452864;"PA(16:0/17:0)";[M+K];C36H71O8P;1.05114e-3;1.498518;701.451813;2 out of 4
701.452864;701.452864;"PA(15:0/18:0)";[M+K];C36H71O8P;1.05114e-3;1.498518;701.451813;2 out of 4
701.452864;701.452864;"PA(13:0/20:0)";[M+K];C36H71O8P;1.05114e-3;1.498518;701.451813;2 out of 4
701.452864;701.452864;Unknown Name;[M+NORHARMANE+H];C32H52O6;-4.50384e-4;-0.642073;701.453314;302 out of 4
701.452864;701.452864;Unknown Name;[M+NORHARMANE+H];C32H52O6;-4.50384e-4;-0.642073;701.453314;302 out of 4
701.452864;701.452864;Unknown Name;[M+NORHARMANE+H];C32H52O6;-4.50384e-4;-0.642073;701.453314;302 out of 4
701.452864;701.452864;Unknown Name;[M+NORHARMANE+H];C32H52O6;-4.50384e-4;-0.642073;701.453314;302 out of 4
701.452864;701.452864;"DG(20:4(5Z,8Z,11Z,14Z)/20:5(5Z,8Z,11Z,14Z,17Z)/0:0)[iso2]";[M+K];C43H66O5;-1.31821e-3;-1.879256;701.454182;2 out of 4
701.452864;701.452864;"DG(18:3(9Z,12Z,15Z)/22:6(4Z,7Z,10Z,13Z,16Z,19Z)/0:0)[iso2]";[M+K];C43H66O5;-1.31821e-3;-1.879256;701.454182;2 out of 4
701.452864;701.452864;"DG(18:3(6Z,9Z,12Z)/22:6(4Z,7Z,10Z,13Z,16Z,19Z)/0:0)[iso2]";[M+K];C43H66O5;-1.31821e-3;-1.879256;701.454182;2 out of 4
701.452864;701.452864;"DG(18:4(6Z,9Z,12Z,15Z)/22:5(7Z,10Z,13Z,16Z,19Z)/0:0)[iso2]";[M+K];C43H66O5;-1.31821e-3;-1.879256;701.454182;2 out of 4
701.556050;701.556050;"SM(d16:1/18:1)";[M+H];C39H77N2O6P;-3.15081e-3;-4.491159;701.559201;3 out of 4
701.556050;701.556050;"SM(d18:1/16:1)";[M+H];C39H77N2O6P;-3.15081e-3;-4.491159;701.559201;3 out of 4
701.556050;701.556050;"SM(d18:2/16:0)";[M+H];C39H77N2O6P;-3.15081e-3;-4.491159;701.559201;3 out of 4
701.556050;701.556050;"PE-Cer(d14:2(4E,6E)/23:0)";[M+H];C39H77N2O6P;-3.15081e-3;-4.491159;701.559201;3 out of 4
701.556050;701.556050;"PE-Cer(d15:2(4E,6E)/22:0)";[M+H];C39H77N2O6P;-3.15081e-3;-4.491159;701.559201;3 out of 4
701.556050;701.556050;"PE-Cer(d16:2(4E,6E)/21:0)";[M+H];C39H77N2O6P;-3.15081e-3;-4.491159;701.559201;3 out of 4
702.407943;702.407943;"PS(P-16:0/12:0)";[M+K];C34H66NO9P;-2.73332e-3;-3.891345;702.410676;3 out of 4
702.467489;702.467489;"PS(O-16:0/13:0)";[M+Na];C35H70NO9P;-5.50450e-4;-0.783594;702.468039;1 out of 4
702.467489;702.467489;1-(2-methoxy-21Z-octacosenyl)-sn-glycero-3-phosphoserine;[M+Na];C35H70NO9P;-5.50450e-4;-0.783594;702.468039;1 out of 4
702.540447;702.540447;"PC(P-16:0/15:1(9Z))";[M+H];C39H76NO7P;-2.76940e-3;-3.941967;702.543216;2 out of 4
702.540447;702.540447;"PE(O-16:0/18:2(9Z,12Z))";[M+H];C39H76NO7P;-2.76940e-3;-3.941967;702.543216;2 out of 4
702.540447;702.540447;"PE(P-18:0/16:1(9Z))";[M+H];C39H76NO7P;-2.76940e-3;-3.941967;702.543216;2 out of 4
702.540447;702.540447;"PE(P-20:0/14:1(9Z))";[M+H];C39H76NO7P;-2.76940e-3;-3.941967;702.543216;2 out of 4
702.540447;702.540447;"PE(P-16:0/18:1(9Z))";[M+H];C39H76NO7P;-2.76940e-3;-3.941967;702.543216;2 out of 4
702.540447;702.540447;"PnE(16:0/18:1(9Z))";[M+H];C39H76NO7P;-2.76940e-3;-3.941967;702.543216;2 out of 4
702.559061;702.559061;"Cer(d14:2(4E,6E)/20:1(11Z))";[M+NORHARMANE+H];C34H63NO3;1.34112e-3;1.908916;702.557720;1 out of 4
703.470869;703.470869;Unknown Name;[M+NORHARMANE+H];C32H54O6;1.90455e-3;2.707372;703.468964;302 out of 4
703.470869;703.470869;"DG(20:4(5Z,8Z,11Z,14Z)/20:4(5Z,8Z,11Z,14Z)/0:0)";[M+K];C43H68O5;1.03672e-3;1.473729;703.469832;2 out of 4
703.470869;703.470869;"DG(20:3(8Z,11Z,14Z)/20:5(5Z,8Z,11Z,14Z,17Z)/0:0)[iso2]";[M+K];C43H68O5;1.03672e-3;1.473729;703.469832;2 out of 4
703.470869;703.470869;"DG(18:3(9Z,12Z,15Z)/22:5(7Z,10Z,13Z,16Z,19Z)/0:0)[iso2]";[M+K];C43H68O5;1.03672e-3;1.473729;703.469832;2 out of 4
703.470869;703.470869;"DG(18:2(9Z,12Z)/22:6(4Z,7Z,10Z,13Z,16Z,19Z)/0:0)[iso2]";[M+K];C43H68O5;1.03672e-3;1.473729;703.469832;2 out of 4
703.470869;703.470869;"DG(18:3(6Z,9Z,12Z)/22:5(7Z,10Z,13Z,16Z,19Z)/0:0)[iso2]";[M+K];C43H68O5;1.03672e-3;1.473729;703.469832;2 out of 4
703.470869;703.470869;"DG(18:4(6Z,9Z,12Z,15Z)/22:4(7Z,10Z,13Z,16Z)/0:0)[iso2]";[M+K];C43H68O5;1.03672e-3;1.473729;703.469832;2 out of 4
703.535822;703.535822;"MGDG(14:0/16:0)";[M+H];C39H74O10;3.47432e-4;0.493837;703.535475;2 out of 4
703.535822;703.535822;"PE-Cer(d14:1(4E)/22:1(13Z)(2OH))";[M+H];C38H75N2O7P;-2.64337e-3;-3.757250;703.538465;2 out of 4
703.535822;703.535822;"PE-Cer(d14:2(4E,6E)/22:0(2OH))";[M+H];C38H75N2O7P;-2.64337e-3;-3.757250;703.538465;2 out of 4
703.535822;703.535822;"PE-Cer(d16:1(4E)/20:1(11Z)(2OH))";[M+H];C38H75N2O7P;-2.64337e-3;-3.757250;703.538465;2 out of 4
703.535822;703.535822;"PE-Cer(d16:2(4E,6E)/20:0(2OH))";[M+H];C38H75N2O7P;-2.64337e-3;-3.757250;703.538465;2 out of 4
703.535822;703.535822;"alpha-N-(3-(11,12-methylene)-octadecanoyloxy-hexadecanoyl)-L-ornithine";[M+K];C40H76N2O5;-2.75853e-3;-3.920939;703.538581;1 out of 4
703.563450;703.563450;"PA(O-18:0/19:1(9Z))";[M+H];C40H79O7P;-1.67498e-4;-0.238071;703.563617;2 out of 4
703.563450;703.563450;"PA(O-20:0/17:1(9Z))";[M+H];C40H79O7P;-1.67498e-4;-0.238071;703.563617;2 out of 4
703.563450;703.563450;"PA(P-16:0/21:0)";[M+H];C40H79O7P;-1.67498e-4;-0.238071;703.563617;2 out of 4
703.563450;703.563450;"PA(P-18:0/19:0)";[M+H];C40H79O7P;-1.67498e-4;-0.238071;703.563617;2 out of 4
703.563450;703.563450;"PA(P-20:0/17:0)";[M+H];C40H79O7P;-1.67498e-4;-0.238071;703.563617;2 out of 4
703.563450;703.563450;"DG(19:0/20:1(11Z)/0:0)[iso2]";[M+K];C42H80O5;-2.82660e-4;-0.401755;703.563733;1 out of 4
703.563450;703.563450;"DG(17:1(9Z)/22:0/0:0)[iso2]";[M+K];C42H80O5;-2.82660e-4;-0.401755;703.563733;1 out of 4
703.563450;703.563450;"DG(17:0/22:1(13Z)/0:0)[iso2]";[M+K];C42H80O5;-2.82660e-4;-0.401755;703.563733;1 out of 4
703.563450;703.563450;"DG(18:1(9Z)/21:0/0:0)[iso2]";[M+K];C42H80O5;-2.82660e-4;-0.401755;703.563733;1 out of 4
703.563450;703.563450;"DG(19:1(9Z)/20:0/0:0)[iso2]";[M+K];C42H80O5;-2.82660e-4;-0.401755;703.563733;1 out of 4
703.571664;703.571664;"SM(d18:1/16:0)";[M+H];C39H79N2O6P;-3.18688e-3;-4.529551;703.574851;2 out of 4
703.571664;703.571664;"SM(d16:1/18:0)";[M+H];C39H79N2O6P;-3.18688e-3;-4.529551;703.574851;2 out of 4
703.571664;703.571664;"SM(d17:1/17:0)";[M+H];C39H79N2O6P;-3.18688e-3;-4.529551;703.574851;2 out of 4
703.571664;703.571664;"PE-Cer(d14:1(4E)/23:0)";[M+H];C39H79N2O6P;-3.18688e-3;-4.529551;703.574851;2 out of 4
703.571664;703.571664;"PE-Cer(d15:1(4E)/22:0)";[M+H];C39H79N2O6P;-3.18688e-3;-4.529551;703.574851;2 out of 4
703.571664;703.571664;"PE-Cer(d16:1(4E)/21:0)";[M+H];C39H79N2O6P;-3.18688e-3;-4.529551;703.574851;2 out of 4
704.386544;704.386544;"PS(12:0/15:0)";[M+K];C33H64NO10P;-3.39688e-3;-4.822440;704.389941;3 out of 4
704.386544;704.386544;"PS(13:0/14:0)";[M+K];C33H64NO10P;-3.39688e-3;-4.822440;704.389941;3 out of 4
704.386544;704.386544;"PS(14:0/13:0)";[M+K];C33H64NO10P;-3.39688e-3;-4.822440;704.389941;3 out of 4
704.386544;704.386544;"PS(15:0/12:0)";[M+K];C33H64NO10P;-3.39688e-3;-4.822440;704.389941;3 out of 4
704.386544;704.386544;"PC(16:0/9:0(COOH))";[M+K];C33H64NO10P;-3.39688e-3;-4.822440;704.389941;3 out of 4
704.483109;704.483109;"PS(P-16:0/15:1(9Z))";[M+H];C37H70NO9P;-2.98645e-3;-4.239189;704.486095;2 out of 4
704.519796;704.519796;"PC(12:0/18:1(9Z))";[M+H];C38H74NO8P;-2.68496e-3;-3.811032;704.522481;3 out of 4
704.519796;704.519796;"PC(14:0/16:1(9Z))";[M+H];C38H74NO8P;-2.68496e-3;-3.811032;704.522481;3 out of 4
704.519796;704.519796;"PC(13:0/17:1(9Z))";[M+H];C38H74NO8P;-2.68496e-3;-3.811032;704.522481;3 out of 4
704.519796;704.519796;"PC(14:1(9Z)/16:0)";[M+H];C38H74NO8P;-2.68496e-3;-3.811032;704.522481;3 out of 4
704.519796;704.519796;"PC(15:0/15:1(9Z))";[M+H];C38H74NO8P;-2.68496e-3;-3.811032;704.522481;3 out of 4
704.519796;704.519796;"PC(15:1(9Z)/15:0)";[M+H];C38H74NO8P;-2.68496e-3;-3.811032;704.522481;3 out of 4
704.519796;704.519796;"PC(16:0/14:1(9Z))";[M+H];C38H74NO8P;-2.68496e-3;-3.811032;704.522481;3 out of 4
704.519796;704.519796;"PC(16:1(9Z)/14:0)";[M+H];C38H74NO8P;-2.68496e-3;-3.811032;704.522481;3 out of 4
704.519796;704.519796;"PC(17:1(9Z)/13:0)";[M+H];C38H74NO8P;-2.68496e-3;-3.811032;704.522481;3 out of 4
704.519796;704.519796;"PC(18:1(9Z)/12:0)";[M+H];C38H74NO8P;-2.68496e-3;-3.811032;704.522481;3 out of 4
704.519796;704.519796;"PE(13:0/20:1(11Z))";[M+H];C38H74NO8P;-2.68496e-3;-3.811032;704.522481;3 out of 4
704.519796;704.519796;"PE(14:0/19:1(9Z))";[M+H];C38H74NO8P;-2.68496e-3;-3.811032;704.522481;3 out of 4
704.519796;704.519796;"PE(14:1(9Z)/19:0)";[M+H];C38H74NO8P;-2.68496e-3;-3.811032;704.522481;3 out of 4
704.519796;704.519796;"PE(15:0/18:1(9Z))";[M+H];C38H74NO8P;-2.68496e-3;-3.811032;704.522481;3 out of 4
704.519796;704.519796;"PE(15:1(9Z)/18:0)";[M+H];C38H74NO8P;-2.68496e-3;-3.811032;704.522481;3 out of 4
704.519796;704.519796;"PE(16:1(9Z)/17:0)";[M+H];C38H74NO8P;-2.68496e-3;-3.811032;704.522481;3 out of 4
704.519796;704.519796;"PE(17:0/16:1(9Z))";[M+H];C38H74NO8P;-2.68496e-3;-3.811032;704.522481;3 out of 4
704.519796;704.519796;"PE(17:1(9Z)/16:0)";[M+H];C38H74NO8P;-2.68496e-3;-3.811032;704.522481;3 out of 4
704.519796;704.519796;"PE(18:0/15:1(9Z))";[M+H];C38H74NO8P;-2.68496e-3;-3.811032;704.522481;3 out of 4
704.519796;704.519796;"PE(18:1(9Z)/15:0)";[M+H];C38H74NO8P;-2.68496e-3;-3.811032;704.522481;3 out of 4
704.519796;704.519796;"PE(19:0/14:1(9Z))";[M+H];C38H74NO8P;-2.68496e-3;-3.811032;704.522481;3 out of 4
704.519796;704.519796;"PE(19:1(9Z)/14:0)";[M+H];C38H74NO8P;-2.68496e-3;-3.811032;704.522481;3 out of 4
704.519796;704.519796;"PE(20:1(11Z)/13:0)";[M+H];C38H74NO8P;-2.68496e-3;-3.811032;704.522481;3 out of 4
704.519796;704.519796;"PE(16:0/17:1(9Z))";[M+H];C38H74NO8P;-2.68496e-3;-3.811032;704.522481;3 out of 4
704.519796;704.519796;"PE(16:0/16:0(9Cp))";[M+H];C38H74NO8P;-2.68496e-3;-3.811032;704.522481;3 out of 4
704.575208;704.575208;"Cer(d18:2/16:0)";[M+NORHARMANE+H];C34H65NO3;1.83806e-3;2.608756;704.573370;1 out of 4
704.575208;704.575208;"Cer(d14:1/20:1)";[M+NORHARMANE+H];C34H65NO3;1.83806e-3;2.608756;704.573370;1 out of 4
704.575208;704.575208;"Cer(d14:2(4E,6E)/20:0)";[M+NORHARMANE+H];C34H65NO3;1.83806e-3;2.608756;704.573370;1 out of 4
704.575208;704.575208;"Cer(d16:2(4E,6E)/18:0)";[M+NORHARMANE+H];C34H65NO3;1.83806e-3;2.608756;704.573370;1 out of 4
705.390164;705.390164;"PG(20:2(11Z,14Z)/0:0)";[M+NORHARMANE+H];C26H49O9P;1.81922e-3;2.579036;705.388345;1 out of 4
705.390164;705.390164;"PA(14:1(9Z)/20:4(5Z,8Z,11Z,14Z))";[M+K];C37H63O8P;9.51394e-4;1.348750;705.389213;3 out of 4
705.390164;705.390164;"PA(18:4(6Z,9Z,12Z,15Z)/16:1(9Z))";[M+K];C37H63O8P;9.51394e-4;1.348750;705.389213;3 out of 4
705.390164;705.390164;"PA(20:4(5Z,8Z,11Z,14Z)/14:1(9Z))";[M+K];C37H63O8P;9.51394e-4;1.348750;705.389213;3 out of 4
705.390164;705.390164;"PA(20:5(5Z,8Z,11Z,14Z,17Z)/14:0)";[M+K];C37H63O8P;9.51394e-4;1.348750;705.389213;3 out of 4
705.390164;705.390164;"PA(16:1(9Z)/18:4(6Z,9Z,12Z,15Z))";[M+K];C37H63O8P;9.51394e-4;1.348750;705.389213;3 out of 4
705.390164;705.390164;"PA(14:0/20:5(5Z,8Z,11Z,14Z,17Z))";[M+K];C37H63O8P;9.51394e-4;1.348750;705.389213;3 out of 4
705.486254;705.486254;"PA(O-18:0/18:4(6Z,9Z,12Z,15Z))";[M+Na];C39H71O7P;3.29276e-3;4.667381;705.482961;2 out of 4
705.486254;705.486254;"PA(O-16:0/20:4(5Z,8Z,11Z,14Z))";[M+Na];C39H71O7P;3.29276e-3;4.667381;705.482961;2 out of 4
705.486254;705.486254;"PA(P-16:0/20:3(8Z,11Z,14Z))";[M+Na];C39H71O7P;3.29276e-3;4.667381;705.482961;2 out of 4
705.486254;705.486254;"PA(P-18:0/18:3(6Z,9Z,12Z))";[M+Na];C39H71O7P;3.29276e-3;4.667381;705.482961;2 out of 4
705.486254;705.486254;"PA(P-18:0/18:3(9Z,12Z,15Z))";[M+Na];C39H71O7P;3.29276e-3;4.667381;705.482961;2 out of 4
705.486254;705.486254;"PA(P-16:0/22:6(4Z,7Z,10Z,13Z,16Z,19Z))";[M+H];C41H69O7P;8.86822e-4;1.257038;705.485367;2 out of 4
705.486254;705.486254;"DG(20:3(8Z,11Z,14Z)/20:4(5Z,8Z,11Z,14Z)/0:0)[iso2]";[M+K];C43H70O5;7.71660e-4;1.093800;705.485482;2 out of 4
705.486254;705.486254;"DG(20:2(11Z,14Z)/20:5(5Z,8Z,11Z,14Z,17Z)/0:0)[iso2]";[M+K];C43H70O5;7.71660e-4;1.093800;705.485482;2 out of 4
705.486254;705.486254;"DG(18:3(9Z,12Z,15Z)/22:4(7Z,10Z,13Z,16Z)/0:0)[iso2]";[M+K];C43H70O5;7.71660e-4;1.093800;705.485482;2 out of 4
705.486254;705.486254;"DG(18:2(9Z,12Z)/22:5(7Z,10Z,13Z,16Z,19Z)/0:0)[iso2]";[M+K];C43H70O5;7.71660e-4;1.093800;705.485482;2 out of 4
705.486254;705.486254;"DG(18:1(9Z)/22:6(4Z,7Z,10Z,13Z,16Z,19Z)/0:0)[iso2]";[M+K];C43H70O5;7.71660e-4;1.093800;705.485482;2 out of 4
705.486254;705.486254;"DG(18:3(6Z,9Z,12Z)/22:4(7Z,10Z,13Z,16Z)/0:0)[iso2]";[M+K];C43H70O5;7.71660e-4;1.093800;705.485482;2 out of 4
705.486254;705.486254;"DG(18:4(6Z,9Z,12Z,15Z)/22:3(10Z,13Z,16Z)/0:0)[iso2]";[M+K];C43H70O5;7.71660e-4;1.093800;705.485482;2 out of 4
705.578615;705.578615;"PA(O-16:0/21:0)";[M+H];C40H81O7P;-6.52562e-4;-0.924860;705.579268;3 out of 4
705.578615;705.578615;"PA(O-18:0/19:0)";[M+H];C40H81O7P;-6.52562e-4;-0.924860;705.579268;3 out of 4
705.578615;705.578615;"PA(O-20:0/17:0)";[M+H];C40H81O7P;-6.52562e-4;-0.924860;705.579268;3 out of 4
705.578615;705.578615;"DG(19:0/20:0/0:0)[iso2]";[M+K];C42H82O5;-7.67724e-4;-1.088076;705.579383;1 out of 4
705.578615;705.578615;"DG(17:0/22:0/0:0)[iso2]";[M+K];C42H82O5;-7.67724e-4;-1.088076;705.579383;1 out of 4
705.578615;705.578615;"DG(18:0/21:0/0:0)[iso2]";[M+K];C42H82O5;-7.67724e-4;-1.088076;705.579383;1 out of 4
705.578615;705.578615;Cholesteryl 11-hydroperoxy-eicosatetraenoate;[M+H];C47H76O4;-3.02191e-3;-4.282867;705.581637;2 out of 4
705.587627;705.587627;"SM(d18:0/16:0)";[M+H];C39H81N2O6P;-2.87394e-3;-4.073102;705.590501;3 out of 4
705.587627;705.587627;"SM(d16:0/18:0)";[M+H];C39H81N2O6P;-2.87394e-3;-4.073102;705.590501;3 out of 4
706.462143;706.462143;"PS(13:0/17:1(9Z))";[M+H];C36H68NO10P;-3.21701e-3;-4.553664;706.465360;1 out of 4
706.462143;706.462143;"PS(14:1(9Z)/16:0)";[M+H];C36H68NO10P;-3.21701e-3;-4.553664;706.465360;1 out of 4
706.462143;706.462143;"PS(15:0/15:1(9Z))";[M+H];C36H68NO10P;-3.21701e-3;-4.553664;706.465360;1 out of 4
706.462143;706.462143;"PS(15:1(9Z)/15:0)";[M+H];C36H68NO10P;-3.21701e-3;-4.553664;706.465360;1 out of 4
706.462143;706.462143;"PS(16:0/14:1(9Z))";[M+H];C36H68NO10P;-3.21701e-3;-4.553664;706.465360;1 out of 4
706.462143;706.462143;"PS(16:1(9Z)/14:0)";[M+H];C36H68NO10P;-3.21701e-3;-4.553664;706.465360;1 out of 4
706.462143;706.462143;"PS(17:1(9Z)/13:0)";[M+H];C36H68NO10P;-3.21701e-3;-4.553664;706.465360;1 out of 4
706.462143;706.462143;"PS(18:1(9Z)/12:0)";[M+H];C36H68NO10P;-3.21701e-3;-4.553664;706.465360;1 out of 4
706.462143;706.462143;"PS(14:0/16:1(9Z))";[M+H];C36H68NO10P;-3.21701e-3;-4.553664;706.465360;1 out of 4
706.462143;706.462143;"PS(12:0/18:1(9Z))";[M+H];C36H68NO10P;-3.21701e-3;-4.553664;706.465360;1 out of 4
706.462143;706.462143;PHODA-PC;[M+H];C36H68NO10P;-3.21701e-3;-4.553664;706.465360;1 out of 4
706.462143;706.462143;"GlcCer(d14:2(4E,6E)/18:1(9Z))";[M+K];C38H69NO8;-3.33217e-3;-4.716675;706.465475;1 out of 4
706.535180;706.535180;"PC(10:0/20:0)";[M+H];C38H76NO8P;-2.95102e-3;-4.176734;706.538131;2 out of 4
706.535180;706.535180;"PC(11:0/19:0)";[M+H];C38H76NO8P;-2.95102e-3;-4.176734;706.538131;2 out of 4
706.535180;706.535180;"PC(12:0/18:0)";[M+H];C38H76NO8P;-2.95102e-3;-4.176734;706.538131;2 out of 4
706.535180;706.535180;"PC(13:0/17:0)";[M+H];C38H76NO8P;-2.95102e-3;-4.176734;706.538131;2 out of 4
706.535180;706.535180;"PC(14:0/16:0)";[M+H];C38H76NO8P;-2.95102e-3;-4.176734;706.538131;2 out of 4
706.535180;706.535180;"PC(15:0/15:0)";[M+H];C38H76NO8P;-2.95102e-3;-4.176734;706.538131;2 out of 4
706.535180;706.535180;"PC(16:0/14:0)";[M+H];C38H76NO8P;-2.95102e-3;-4.176734;706.538131;2 out of 4
706.535180;706.535180;"PC(17:0/13:0)";[M+H];C38H76NO8P;-2.95102e-3;-4.176734;706.538131;2 out of 4
706.535180;706.535180;"PC(18:0/12:0)";[M+H];C38H76NO8P;-2.95102e-3;-4.176734;706.538131;2 out of 4
706.535180;706.535180;"PC(19:0/11:0)";[M+H];C38H76NO8P;-2.95102e-3;-4.176734;706.538131;2 out of 4
706.535180;706.535180;"PC(20:0/10:0)";[M+H];C38H76NO8P;-2.95102e-3;-4.176734;706.538131;2 out of 4
706.535180;706.535180;"PC(9:0/21:0)";[M+H];C38H76NO8P;-2.95102e-3;-4.176734;706.538131;2 out of 4
706.535180;706.535180;"PE-NMe(16:0/16:0)";[M+H];C38H76NO8P;-2.95102e-3;-4.176734;706.538131;2 out of 4
706.535180;706.535180;"PE(12:0/21:0)";[M+H];C38H76NO8P;-2.95102e-3;-4.176734;706.538131;2 out of 4
706.535180;706.535180;"PE(14:0/19:0)";[M+H];C38H76NO8P;-2.95102e-3;-4.176734;706.538131;2 out of 4
706.535180;706.535180;"PE(17:0/16:0)";[M+H];C38H76NO8P;-2.95102e-3;-4.176734;706.538131;2 out of 4
706.535180;706.535180;"PE(18:0/15:0)";[M+H];C38H76NO8P;-2.95102e-3;-4.176734;706.538131;2 out of 4
706.535180;706.535180;"PE(21:0/12:0)";[M+H];C38H76NO8P;-2.95102e-3;-4.176734;706.538131;2 out of 4
706.535180;706.535180;"PE(20:0/13:0)";[M+H];C38H76NO8P;-2.95102e-3;-4.176734;706.538131;2 out of 4
706.535180;706.535180;"PE(19:0/14:0)";[M+H];C38H76NO8P;-2.95102e-3;-4.176734;706.538131;2 out of 4
706.535180;706.535180;"PE(16:0/17:0)";[M+H];C38H76NO8P;-2.95102e-3;-4.176734;706.538131;2 out of 4
706.535180;706.535180;"PE(15:0/18:0)";[M+H];C38H76NO8P;-2.95102e-3;-4.176734;706.538131;2 out of 4
706.535180;706.535180;"PE(13:0/20:0)";[M+H];C38H76NO8P;-2.95102e-3;-4.176734;706.538131;2 out of 4
706.590909;706.590909;"Cer(d18:1/16:0)";[M+NORHARMANE+H];C34H67NO3;1.88900e-3;2.673401;706.589020;2 out of 4
706.590909;706.590909;"Cer(d14:1/20:0)";[M+NORHARMANE+H];C34H67NO3;1.88900e-3;2.673401;706.589020;2 out of 4
706.590909;706.590909;"Cer(d16:1/18:0)";[M+NORHARMANE+H];C34H67NO3;1.88900e-3;2.673401;706.589020;2 out of 4
707.538139;707.538139;"DG(12:0/18:1(9Z)/0:0)[iso2]";[M+NORHARMANE+H];C33H62O5;1.48892e-3;2.104366;707.536650;1 out of 4
707.538139;707.538139;"DG(13:0/17:1(9Z)/0:0)[iso2]";[M+NORHARMANE+H];C33H62O5;1.48892e-3;2.104366;707.536650;1 out of 4
707.538139;707.538139;"DG(14:0/16:1(9Z)/0:0)[iso2]";[M+NORHARMANE+H];C33H62O5;1.48892e-3;2.104366;707.536650;1 out of 4
707.538139;707.538139;"DG(14:1(9Z)/16:0/0:0)[iso2]";[M+NORHARMANE+H];C33H62O5;1.48892e-3;2.104366;707.536650;1 out of 4
708.541679;708.541679;"GlcCer(d15:1/18:0)";[M+Na];C39H75NO8;3.19064e-3;4.503129;708.538488;2 out of 4
708.541679;708.541679;bacteriohopanetetrol cyclitol;[M+H];C41H73NO8;7.84704e-4;1.107493;708.540894;1 out of 4
708.541679;708.541679;"bacteriohopane-,32,33,34-triol-35-cyclitol";[M+H];C41H73NO8;7.84704e-4;1.107493;708.540894;1 out of 4
711.538136;711.538136;"SM(d16:1/17:0)";[M+Na];C38H77N2O6P;-3.00881e-3;-4.228588;711.541145;4 out of 4
711.538136;711.538136;"SM(d18:1/15:0)";[M+Na];C38H77N2O6P;-3.00881e-3;-4.228588;711.541145;4 out of 4
711.538136;711.538136;"PE-Cer(d14:1(4E)/22:0)";[M+Na];C38H77N2O6P;-3.00881e-3;-4.228588;711.541145;4 out of 4
711.538136;711.538136;"PE-Cer(d16:1(4E)/20:0)";[M+Na];C38H77N2O6P;-3.00881e-3;-4.228588;711.541145;4 out of 4
712.412926;712.412926;"PC(20:4(5Z,8Z,11Z,14Z)/0:0)";[M+NORHARMANE+H];C28H50NO7P;3.51143e-3;4.928949;712.409415;4 out of 4
712.412926;712.412926;"PC(0:0/20:4(5Z,8Z,11Z,14Z))";[M+NORHARMANE+H];C28H50NO7P;3.51143e-3;4.928949;712.409415;4 out of 4
712.412926;712.412926;"PC(20:4(8Z,11Z,14Z,17Z)/0:0)";[M+NORHARMANE+H];C28H50NO7P;3.51143e-3;4.928949;712.409415;4 out of 4
712.412926;712.412926;"PS(12:0/17:2(9Z,12Z))";[M+Na];C35H64NO10P;-3.07788e-3;-4.320338;712.416004;2 out of 4
712.412926;712.412926;"PS(14:1(9Z)/15:1(9Z))";[M+Na];C35H64NO10P;-3.07788e-3;-4.320338;712.416004;2 out of 4
712.412926;712.412926;"PS(15:1(9Z)/14:1(9Z))";[M+Na];C35H64NO10P;-3.07788e-3;-4.320338;712.416004;2 out of 4
712.412926;712.412926;"PS(17:2(9Z,12Z)/12:0)";[M+Na];C35H64NO10P;-3.07788e-3;-4.320338;712.416004;2 out of 4
712.412926;712.412926;OHODA-PE;[M+Na];C35H64NO10P;-3.07788e-3;-4.320338;712.416004;2 out of 4
712.448912;712.448912;"PS(P-16:0/14:1(9Z))";[M+Na];C36H68NO9P;-3.47739e-3;-4.880868;712.452389;2 out of 4
713.448012;713.448012;Unknown Name;[M+Na];C36H66O12;3.36445e-3;4.715780;713.444648;221 out of 4
713.452619;713.452619;"PA(16:0/18:1(11Z))";[M+K];C37H71O8P;8.06138e-4;1.129912;713.451813;2 out of 4
713.452619;713.452619;"PA(16:0/18:1(9Z))";[M+K];C37H71O8P;8.06138e-4;1.129912;713.451813;2 out of 4
713.452619;713.452619;"PA(12:0/22:1(11Z))";[M+K];C37H71O8P;8.06138e-4;1.129912;713.451813;2 out of 4
713.452619;713.452619;"PA(14:0/20:1(11Z))";[M+K];C37H71O8P;8.06138e-4;1.129912;713.451813;2 out of 4
713.452619;713.452619;"PA(14:1(9Z)/20:0)";[M+K];C37H71O8P;8.06138e-4;1.129912;713.451813;2 out of 4
713.452619;713.452619;"PA(15:0/19:1(9Z))";[M+K];C37H71O8P;8.06138e-4;1.129912;713.451813;2 out of 4
713.452619;713.452619;"PA(15:1(9Z)/19:0)";[M+K];C37H71O8P;8.06138e-4;1.129912;713.451813;2 out of 4
713.452619;713.452619;"PA(16:1(9Z)/18:0)";[M+K];C37H71O8P;8.06138e-4;1.129912;713.451813;2 out of 4
713.452619;713.452619;"PA(17:0/17:1(9Z))";[M+K];C37H71O8P;8.06138e-4;1.129912;713.451813;2 out of 4
713.452619;713.452619;"PA(17:1(9Z)/17:0)";[M+K];C37H71O8P;8.06138e-4;1.129912;713.451813;2 out of 4
713.452619;713.452619;"PA(19:0/15:1(9Z))";[M+K];C37H71O8P;8.06138e-4;1.129912;713.451813;2 out of 4
713.452619;713.452619;"PA(19:1(9Z)/15:0)";[M+K];C37H71O8P;8.06138e-4;1.129912;713.451813;2 out of 4
713.452619;713.452619;"PA(20:0/14:1(9Z))";[M+K];C37H71O8P;8.06138e-4;1.129912;713.451813;2 out of 4
713.452619;713.452619;"PA(20:1(11Z)/14:0)";[M+K];C37H71O8P;8.06138e-4;1.129912;713.451813;2 out of 4
713.452619;713.452619;"PA(22:1(11Z)/12:0)";[M+K];C37H71O8P;8.06138e-4;1.129912;713.451813;2 out of 4
713.452619;713.452619;"PA(18:0/16:1(9Z))";[M+K];C37H71O8P;8.06138e-4;1.129912;713.451813;2 out of 4
713.452619;713.452619;"PA(18:1(9Z)/16:0)";[M+K];C37H71O8P;8.06138e-4;1.129912;713.451813;2 out of 4
713.452619;713.452619;"11alpha-Hemiglutaryloxy-1,25-dihydroxyvitamin D3";[M+NORHARMANE+H];C33H52O6;-6.95384e-4;-0.974673;713.453314;1 out of 4
713.496389;713.496389;"1-(O-alpha-D-glucopyranosyl)-29-keto-(1,3R,31R)-dotriacontanetriol";[M+K];C38H74O9;-5.19480e-5;-0.072808;713.496441;3 out of 4
713.496389;713.496389;"1-(O-alpha-D-mannopyranosyl)-29-keto-(1,3R,31R)-dotriacontanetriol";[M+K];C38H74O9;-5.19480e-5;-0.072808;713.496441;3 out of 4
713.496389;713.496389;"SM(d18:1/14:0)";[M+K];C37H75N2O6P;-3.04275e-3;-4.264544;713.499432;3 out of 4
713.496389;713.496389;"SM(d16:1/16:0)";[M+K];C37H75N2O6P;-3.04275e-3;-4.264544;713.499432;3 out of 4
713.496389;713.496389;"PE-Cer(d14:1(4E)/21:0)";[M+K];C37H75N2O6P;-3.04275e-3;-4.264544;713.499432;3 out of 4
713.496389;713.496389;"PE-Cer(d15:1(4E)/20:0)";[M+K];C37H75N2O6P;-3.04275e-3;-4.264544;713.499432;3 out of 4
713.496389;713.496389;"PE-Cer(d16:1(4E)/19:0)";[M+K];C37H75N2O6P;-3.04275e-3;-4.264544;713.499432;3 out of 4
714.407569;714.407569;OON-PC;[M+K];C35H66NO9P;-3.10732e-3;-4.349490;714.410676;4 out of 4
714.428358;714.428358;"PC(20:3(8Z,11Z,14Z)/0:0)";[M+NORHARMANE+H];C28H52NO7P;3.29337e-3;4.609813;714.425065;3 out of 4
714.428358;714.428358;"PC(20:3(5Z,8Z,11Z)/0:0)";[M+NORHARMANE+H];C28H52NO7P;3.29337e-3;4.609813;714.425065;3 out of 4
714.428358;714.428358;"PS(12:0/17:1(9Z))";[M+Na];C35H66NO10P;-3.29594e-3;-4.613376;714.431654;2 out of 4
714.428358;714.428358;"PS(13:0/16:1(9Z))";[M+Na];C35H66NO10P;-3.29594e-3;-4.613376;714.431654;2 out of 4
714.428358;714.428358;"PS(14:0/15:1(9Z))";[M+Na];C35H66NO10P;-3.29594e-3;-4.613376;714.431654;2 out of 4
714.428358;714.428358;"PS(14:1(9Z)/15:0)";[M+Na];C35H66NO10P;-3.29594e-3;-4.613376;714.431654;2 out of 4
714.428358;714.428358;"PS(15:0/14:1(9Z))";[M+Na];C35H66NO10P;-3.29594e-3;-4.613376;714.431654;2 out of 4
714.428358;714.428358;"PS(15:1(9Z)/14:0)";[M+Na];C35H66NO10P;-3.29594e-3;-4.613376;714.431654;2 out of 4
714.428358;714.428358;"PS(16:1(9Z)/13:0)";[M+Na];C35H66NO10P;-3.29594e-3;-4.613376;714.431654;2 out of 4
714.428358;714.428358;"PS(17:1(9Z)/12:0)";[M+Na];C35H66NO10P;-3.29594e-3;-4.613376;714.431654;2 out of 4
714.428358;714.428358;OA-PC;[M+Na];C35H66NO10P;-3.29594e-3;-4.613376;714.431654;2 out of 4
714.466857;714.466857;"PS(O-16:0/14:1(9Z))";[M+Na];C36H70NO9P;-1.18245e-3;-1.655008;714.468039;1 out of 4
714.466857;714.466857;"PS(P-16:0/14:0)";[M+Na];C36H70NO9P;-1.18245e-3;-1.655008;714.468039;1 out of 4
714.466857;714.466857;"PS(P-18:0/12:0)";[M+Na];C36H70NO9P;-1.18245e-3;-1.655008;714.468039;1 out of 4
715.470856;715.470856;"PA(22:0/12:0)";[M+K];C37H73O8P;3.39307e-3;4.742457;715.467463;1 out of 4
715.470856;715.470856;"PA(21:0/13:0)";[M+K];C37H73O8P;3.39307e-3;4.742457;715.467463;1 out of 4
715.470856;715.470856;"PA(20:0/14:0)";[M+K];C37H73O8P;3.39307e-3;4.742457;715.467463;1 out of 4
715.470856;715.470856;"PA(19:0/15:0)";[M+K];C37H73O8P;3.39307e-3;4.742457;715.467463;1 out of 4
715.470856;715.470856;"PA(18:0/16:0)";[M+K];C37H73O8P;3.39307e-3;4.742457;715.467463;1 out of 4
715.470856;715.470856;"PA(17:0/17:0)";[M+K];C37H73O8P;3.39307e-3;4.742457;715.467463;1 out of 4
715.470856;715.470856;"PA(16:0/18:0)";[M+K];C37H73O8P;3.39307e-3;4.742457;715.467463;1 out of 4
715.470856;715.470856;"PA(15:0/19:0)";[M+K];C37H73O8P;3.39307e-3;4.742457;715.467463;1 out of 4
715.470856;715.470856;"PA(14:0/20:0)";[M+K];C37H73O8P;3.39307e-3;4.742457;715.467463;1 out of 4
715.470856;715.470856;"PA(13:0/21:0)";[M+K];C37H73O8P;3.39307e-3;4.742457;715.467463;1 out of 4
715.470856;715.470856;"PA(12:0/22:0)";[M+K];C37H73O8P;3.39307e-3;4.742457;715.467463;1 out of 4
715.470856;715.470856;Unknown Name;[M+NORHARMANE+H];C33H54O6;1.89155e-3;2.643793;715.468964;302 out of 4
716.423479;716.423479;"PS(P-16:0/13:0)";[M+K];C35H68NO9P;-2.84739e-3;-3.974430;716.426326;3 out of 4
716.423479;716.423479;"1-(2-methoxy-7Z,21Z-octacosadienyl)-sn-glycero-3-phosphoserine";[M+K];C35H68NO9P;-2.84739e-3;-3.974430;716.426326;3 out of 4
716.444384;716.444384;"PS(12:0/17:0)";[M+Na];C35H68NO10P;-2.92001e-3;-4.075674;716.447304;2 out of 4
716.444384;716.444384;"PS(13:0/16:0)";[M+Na];C35H68NO10P;-2.92001e-3;-4.075674;716.447304;2 out of 4
716.444384;716.444384;"PS(15:0/14:0)";[M+Na];C35H68NO10P;-2.92001e-3;-4.075674;716.447304;2 out of 4
716.444384;716.444384;"PS(16:0/13:0)";[M+Na];C35H68NO10P;-2.92001e-3;-4.075674;716.447304;2 out of 4
716.444384;716.444384;"PS(17:0/12:0)";[M+Na];C35H68NO10P;-2.92001e-3;-4.075674;716.447304;2 out of 4
716.444384;716.444384;"PS(14:0/15:0)";[M+Na];C35H68NO10P;-2.92001e-3;-4.075674;716.447304;2 out of 4
716.459871;716.459871;"PC(10:0/18:0)";[M+K];C36H72NO8P;-2.84089e-3;-3.965167;716.462712;3 out of 4
716.459871;716.459871;"PC(11:0/17:0)";[M+K];C36H72NO8P;-2.84089e-3;-3.965167;716.462712;3 out of 4
716.459871;716.459871;"PC(12:0/16:0)";[M+K];C36H72NO8P;-2.84089e-3;-3.965167;716.462712;3 out of 4
716.459871;716.459871;"PC(13:0/15:0)";[M+K];C36H72NO8P;-2.84089e-3;-3.965167;716.462712;3 out of 4
716.459871;716.459871;"PC(14:0/14:0)";[M+K];C36H72NO8P;-2.84089e-3;-3.965167;716.462712;3 out of 4
716.459871;716.459871;"PC(15:0/13:0)";[M+K];C36H72NO8P;-2.84089e-3;-3.965167;716.462712;3 out of 4
716.459871;716.459871;"PC(16:0/12:0)";[M+K];C36H72NO8P;-2.84089e-3;-3.965167;716.462712;3 out of 4
716.459871;716.459871;"PC(17:0/11:0)";[M+K];C36H72NO8P;-2.84089e-3;-3.965167;716.462712;3 out of 4
716.459871;716.459871;"PC(18:0/10:0)";[M+K];C36H72NO8P;-2.84089e-3;-3.965167;716.462712;3 out of 4
716.459871;716.459871;"PC(19:0/9:0)";[M+K];C36H72NO8P;-2.84089e-3;-3.965167;716.462712;3 out of 4
716.459871;716.459871;"PC(7:0/21:0)";[M+K];C36H72NO8P;-2.84089e-3;-3.965167;716.462712;3 out of 4
716.459871;716.459871;"PC(8:0/20:0)";[M+K];C36H72NO8P;-2.84089e-3;-3.965167;716.462712;3 out of 4
716.459871;716.459871;"PC(9:0/19:0)";[M+K];C36H72NO8P;-2.84089e-3;-3.965167;716.462712;3 out of 4
716.459871;716.459871;"PE(12:0/19:0)";[M+K];C36H72NO8P;-2.84089e-3;-3.965167;716.462712;3 out of 4
716.459871;716.459871;"PE(13:0/18:0)";[M+K];C36H72NO8P;-2.84089e-3;-3.965167;716.462712;3 out of 4
716.459871;716.459871;"PE(14:0/17:0)";[M+K];C36H72NO8P;-2.84089e-3;-3.965167;716.462712;3 out of 4
716.459871;716.459871;"PE(17:0/14:0)";[M+K];C36H72NO8P;-2.84089e-3;-3.965167;716.462712;3 out of 4
716.459871;716.459871;"PE(18:0/13:0)";[M+K];C36H72NO8P;-2.84089e-3;-3.965167;716.462712;3 out of 4
716.459871;716.459871;"PE(19:0/12:0)";[M+K];C36H72NO8P;-2.84089e-3;-3.965167;716.462712;3 out of 4
716.459871;716.459871;"PE(16:0/15:0)";[M+K];C36H72NO8P;-2.84089e-3;-3.965167;716.462712;3 out of 4
716.459871;716.459871;"PE(15:0/16:0)";[M+K];C36H72NO8P;-2.84089e-3;-3.965167;716.462712;3 out of 4
716.482327;716.482327;"PS(O-16:0/14:0)";[M+Na];C36H72NO9P;-1.36251e-3;-1.901668;716.483690;1 out of 4
716.482327;716.482327;"PS(O-18:0/12:0)";[M+Na];C36H72NO9P;-1.36251e-3;-1.901668;716.483690;1 out of 4
716.519500;716.519500;"PC(13:0/18:2(9Z,12Z))";[M+H];C39H74NO8P;-2.98096e-3;-4.160313;716.522481;3 out of 4
716.519500;716.519500;"PC(14:0/17:2(9Z,12Z))";[M+H];C39H74NO8P;-2.98096e-3;-4.160313;716.522481;3 out of 4
716.519500;716.519500;"PC(14:1(9Z)/17:1(9Z))";[M+H];C39H74NO8P;-2.98096e-3;-4.160313;716.522481;3 out of 4
716.519500;716.519500;"PC(15:1(9Z)/16:1(9Z))";[M+H];C39H74NO8P;-2.98096e-3;-4.160313;716.522481;3 out of 4
716.519500;716.519500;"PC(16:1(9Z)/15:1(9Z))";[M+H];C39H74NO8P;-2.98096e-3;-4.160313;716.522481;3 out of 4
716.519500;716.519500;"PC(17:1(9Z)/14:1(9Z))";[M+H];C39H74NO8P;-2.98096e-3;-4.160313;716.522481;3 out of 4
716.519500;716.519500;"PC(17:2(9Z,12Z)/14:0)";[M+H];C39H74NO8P;-2.98096e-3;-4.160313;716.522481;3 out of 4
716.519500;716.519500;"PC(18:2(9Z,12Z)/13:0)";[M+H];C39H74NO8P;-2.98096e-3;-4.160313;716.522481;3 out of 4
716.519500;716.519500;"PE(16:0/18:2(9Z,12Z))";[M+H];C39H74NO8P;-2.98096e-3;-4.160313;716.522481;3 out of 4
716.519500;716.519500;"PE(12:0/22:2(13Z,16Z))";[M+H];C39H74NO8P;-2.98096e-3;-4.160313;716.522481;3 out of 4
716.519500;716.519500;"PE(14:0/20:2(11Z,14Z))";[M+H];C39H74NO8P;-2.98096e-3;-4.160313;716.522481;3 out of 4
716.519500;716.519500;"PE(14:1(9Z)/20:1(11Z))";[M+H];C39H74NO8P;-2.98096e-3;-4.160313;716.522481;3 out of 4
716.519500;716.519500;"PE(15:1(9Z)/19:1(9Z))";[M+H];C39H74NO8P;-2.98096e-3;-4.160313;716.522481;3 out of 4
716.519500;716.519500;"PE(17:0/17:2(9Z,12Z))";[M+H];C39H74NO8P;-2.98096e-3;-4.160313;716.522481;3 out of 4
716.519500;716.519500;"PE(17:2(9Z,12Z)/17:0)";[M+H];C39H74NO8P;-2.98096e-3;-4.160313;716.522481;3 out of 4
716.519500;716.519500;"PE(19:1(9Z)/15:1(9Z))";[M+H];C39H74NO8P;-2.98096e-3;-4.160313;716.522481;3 out of 4
716.519500;716.519500;"PE(20:1(11Z)/14:1(9Z))";[M+H];C39H74NO8P;-2.98096e-3;-4.160313;716.522481;3 out of 4
716.519500;716.519500;"PE(20:2(11Z,14Z)/14:0)";[M+H];C39H74NO8P;-2.98096e-3;-4.160313;716.522481;3 out of 4
716.519500;716.519500;"PE(22:2(13Z,16Z)/12:0)";[M+H];C39H74NO8P;-2.98096e-3;-4.160313;716.522481;3 out of 4
716.519500;716.519500;"PE(18:2(9Z,12Z)/16:0)";[M+H];C39H74NO8P;-2.98096e-3;-4.160313;716.522481;3 out of 4
716.519500;716.519500;"PE(18:1(9Z)/16:1(9Z))";[M+H];C39H74NO8P;-2.98096e-3;-4.160313;716.522481;3 out of 4
716.519500;716.519500;"PE(17:1(9Z)/17:1(9Z))";[M+H];C39H74NO8P;-2.98096e-3;-4.160313;716.522481;3 out of 4
716.519500;716.519500;"PE(16:1(9Z)/18:1(9Z))";[M+H];C39H74NO8P;-2.98096e-3;-4.160313;716.522481;3 out of 4
716.519500;716.519500;"PE(16:0(9Cp)/16:0(9Cp))";[M+H];C39H74NO8P;-2.98096e-3;-4.160313;716.522481;3 out of 4
717.426776;717.426776;"PA(P-16:0/20:5(5Z,8Z,11Z,14Z,17Z))";[M+K];C39H67O7P;1.17789e-3;1.641823;717.425598;4 out of 4
717.447741;717.447741;"PA(14:1(9Z)/22:4(7Z,10Z,13Z,16Z))";[M+Na];C39H67O8P;1.16527e-3;1.624185;717.446576;2 out of 4
717.447741;717.447741;"PA(18:1(9Z)/18:4(6Z,9Z,12Z,15Z))";[M+Na];C39H67O8P;1.16527e-3;1.624185;717.446576;2 out of 4
717.447741;717.447741;"PA(18:2(9Z,12Z)/18:3(6Z,9Z,12Z))";[M+Na];C39H67O8P;1.16527e-3;1.624185;717.446576;2 out of 4
717.447741;717.447741;"PA(18:2(9Z,12Z)/18:3(9Z,12Z,15Z))";[M+Na];C39H67O8P;1.16527e-3;1.624185;717.446576;2 out of 4
717.447741;717.447741;"PA(18:3(6Z,9Z,12Z)/18:2(9Z,12Z))";[M+Na];C39H67O8P;1.16527e-3;1.624185;717.446576;2 out of 4
717.447741;717.447741;"PA(18:3(9Z,12Z,15Z)/18:2(9Z,12Z))";[M+Na];C39H67O8P;1.16527e-3;1.624185;717.446576;2 out of 4
717.447741;717.447741;"PA(18:4(6Z,9Z,12Z,15Z)/18:1(9Z))";[M+Na];C39H67O8P;1.16527e-3;1.624185;717.446576;2 out of 4
717.447741;717.447741;"PA(20:4(5Z,8Z,11Z,14Z)/16:1(9Z))";[M+Na];C39H67O8P;1.16527e-3;1.624185;717.446576;2 out of 4
717.447741;717.447741;"PA(20:5(5Z,8Z,11Z,14Z,17Z)/16:0)";[M+Na];C39H67O8P;1.16527e-3;1.624185;717.446576;2 out of 4
717.447741;717.447741;"PA(22:4(7Z,10Z,13Z,16Z)/14:1(9Z))";[M+Na];C39H67O8P;1.16527e-3;1.624185;717.446576;2 out of 4
717.447741;717.447741;"PA(16:1(9Z)/20:4(5Z,8Z,11Z,14Z))";[M+Na];C39H67O8P;1.16527e-3;1.624185;717.446576;2 out of 4
717.447741;717.447741;"PA(16:0/20:5(5Z,8Z,11Z,14Z,17Z))";[M+Na];C39H67O8P;1.16527e-3;1.624185;717.446576;2 out of 4
717.447741;717.447741;"PG(O-16:0/14:1(9Z))";[M+K];C36H71O9P;1.01352e-3;1.412674;717.446727;1 out of 4
717.447741;717.447741;"PG(P-16:0/14:0)";[M+K];C36H71O9P;1.01352e-3;1.412674;717.446727;1 out of 4
717.447741;717.447741;"PG(P-18:0/12:0)";[M+K];C36H71O9P;1.01352e-3;1.412674;717.446727;1 out of 4
717.447741;717.447741;Unknown Name;[M+NORHARMANE+H];C32H52O7;-4.88004e-4;-0.680194;717.448229;302 out of 4
717.447741;717.447741;"PA(18:3(6Z,9Z,12Z)/20:5(5Z,8Z,11Z,14Z,17Z))";[M+H];C41H65O8P;-1.24067e-3;-1.729280;717.448982;1 out of 4
717.447741;717.447741;"PA(18:3(9Z,12Z,15Z)/20:5(5Z,8Z,11Z,14Z,17Z))";[M+H];C41H65O8P;-1.24067e-3;-1.729280;717.448982;1 out of 4
717.447741;717.447741;"PA(18:4(6Z,9Z,12Z,15Z)/20:4(5Z,8Z,11Z,14Z))";[M+H];C41H65O8P;-1.24067e-3;-1.729280;717.448982;1 out of 4
717.447741;717.447741;"PA(20:4(5Z,8Z,11Z,14Z)/18:4(6Z,9Z,12Z,15Z))";[M+H];C41H65O8P;-1.24067e-3;-1.729280;717.448982;1 out of 4
717.447741;717.447741;"PA(20:5(5Z,8Z,11Z,14Z,17Z)/18:3(6Z,9Z,12Z))";[M+H];C41H65O8P;-1.24067e-3;-1.729280;717.448982;1 out of 4
717.447741;717.447741;"PA(20:5(5Z,8Z,11Z,14Z,17Z)/18:3(9Z,12Z,15Z))";[M+H];C41H65O8P;-1.24067e-3;-1.729280;717.448982;1 out of 4
718.498298;718.498298;"PS(P-16:0/16:1(9Z))";[M+H];C38H72NO9P;-3.44751e-3;-4.798199;718.501746;2 out of 4
718.498298;718.498298;"PS(P-18:0/14:1(9Z))";[M+H];C38H72NO9P;-3.44751e-3;-4.798199;718.501746;2 out of 4
718.534901;718.534901;"PC(16:0/15:1(14))";[M+H];C39H76NO8P;-3.23002e-3;-4.495269;718.538131;3 out of 4
718.534901;718.534901;"PC(17:0/14:1(9Z))";[M+H];C39H76NO8P;-3.23002e-3;-4.495269;718.538131;3 out of 4
718.534901;718.534901;"PC(15:0/16:1(9Z))";[M+H];C39H76NO8P;-3.23002e-3;-4.495269;718.538131;3 out of 4
718.534901;718.534901;"PC(12:0/19:1(9Z))";[M+H];C39H76NO8P;-3.23002e-3;-4.495269;718.538131;3 out of 4
718.534901;718.534901;"PC(13:0/18:1(9Z))";[M+H];C39H76NO8P;-3.23002e-3;-4.495269;718.538131;3 out of 4
718.534901;718.534901;"PC(14:0/17:1(9Z))";[M+H];C39H76NO8P;-3.23002e-3;-4.495269;718.538131;3 out of 4
718.534901;718.534901;"PC(14:1(9Z)/17:0)";[M+H];C39H76NO8P;-3.23002e-3;-4.495269;718.538131;3 out of 4
718.534901;718.534901;"PC(15:1(9Z)/16:0)";[M+H];C39H76NO8P;-3.23002e-3;-4.495269;718.538131;3 out of 4
718.534901;718.534901;"PC(16:0/15:1(9Z))";[M+H];C39H76NO8P;-3.23002e-3;-4.495269;718.538131;3 out of 4
718.534901;718.534901;"PC(16:1(9Z)/15:0)";[M+H];C39H76NO8P;-3.23002e-3;-4.495269;718.538131;3 out of 4
718.534901;718.534901;"PC(17:1(9Z)/14:0)";[M+H];C39H76NO8P;-3.23002e-3;-4.495269;718.538131;3 out of 4
718.534901;718.534901;"PC(18:1(9Z)/13:0)";[M+H];C39H76NO8P;-3.23002e-3;-4.495269;718.538131;3 out of 4
718.534901;718.534901;"PC(19:1(9Z)/12:0)";[M+H];C39H76NO8P;-3.23002e-3;-4.495269;718.538131;3 out of 4
718.534901;718.534901;"PE(16:0/18:1(9Z))";[M+H];C39H76NO8P;-3.23002e-3;-4.495269;718.538131;3 out of 4
718.534901;718.534901;"PE(16:0/18:1(11Z))";[M+H];C39H76NO8P;-3.23002e-3;-4.495269;718.538131;3 out of 4
718.534901;718.534901;"PE(18:1(9Z)/16:0)";[M+H];C39H76NO8P;-3.23002e-3;-4.495269;718.538131;3 out of 4
718.534901;718.534901;"PE(16:0/18:1(7Z))";[M+H];C39H76NO8P;-3.23002e-3;-4.495269;718.538131;3 out of 4
718.534901;718.534901;"PE(12:0/22:1(11Z))";[M+H];C39H76NO8P;-3.23002e-3;-4.495269;718.538131;3 out of 4
718.534901;718.534901;"PE(14:0/20:1(11Z))";[M+H];C39H76NO8P;-3.23002e-3;-4.495269;718.538131;3 out of 4
718.534901;718.534901;"PE(14:1(9Z)/20:0)";[M+H];C39H76NO8P;-3.23002e-3;-4.495269;718.538131;3 out of 4
718.534901;718.534901;"PE(15:0/19:1(9Z))";[M+H];C39H76NO8P;-3.23002e-3;-4.495269;718.538131;3 out of 4
718.534901;718.534901;"PE(15:1(9Z)/19:0)";[M+H];C39H76NO8P;-3.23002e-3;-4.495269;718.538131;3 out of 4
718.534901;718.534901;"PE(16:1(9Z)/18:0)";[M+H];C39H76NO8P;-3.23002e-3;-4.495269;718.538131;3 out of 4
718.534901;718.534901;"PE(17:0/17:1(9Z))";[M+H];C39H76NO8P;-3.23002e-3;-4.495269;718.538131;3 out of 4
718.534901;718.534901;"PE(17:1(9Z)/17:0)";[M+H];C39H76NO8P;-3.23002e-3;-4.495269;718.538131;3 out of 4
718.534901;718.534901;"PE(19:0/15:1(9Z))";[M+H];C39H76NO8P;-3.23002e-3;-4.495269;718.538131;3 out of 4
718.534901;718.534901;"PE(19:1(9Z)/15:0)";[M+H];C39H76NO8P;-3.23002e-3;-4.495269;718.538131;3 out of 4
718.534901;718.534901;"PE(20:0/14:1(9Z))";[M+H];C39H76NO8P;-3.23002e-3;-4.495269;718.538131;3 out of 4
718.534901;718.534901;"PE(20:1(11Z)/14:0)";[M+H];C39H76NO8P;-3.23002e-3;-4.495269;718.538131;3 out of 4
718.534901;718.534901;"PE(22:1(11Z)/12:0)";[M+H];C39H76NO8P;-3.23002e-3;-4.495269;718.538131;3 out of 4
718.534901;718.534901;"PE(18:0/16:1(9Z))";[M+H];C39H76NO8P;-3.23002e-3;-4.495269;718.538131;3 out of 4
718.571508;718.571508;"PC(O-14:0/18:1(9Z))";[M+H];C40H80NO7P;-3.00853e-3;-4.186803;718.574517;3 out of 4
718.571508;718.571508;"PC(O-16:0/16:1(9Z))";[M+H];C40H80NO7P;-3.00853e-3;-4.186803;718.574517;3 out of 4
718.571508;718.571508;"PC(O-18:0/14:1(9Z))";[M+H];C40H80NO7P;-3.00853e-3;-4.186803;718.574517;3 out of 4
718.571508;718.571508;"PC(P-16:0/16:0)";[M+H];C40H80NO7P;-3.00853e-3;-4.186803;718.574517;3 out of 4
718.571508;718.571508;"PC(P-18:0/14:0)";[M+H];C40H80NO7P;-3.00853e-3;-4.186803;718.574517;3 out of 4
718.571508;718.571508;"PC(P-20:0/12:0)";[M+H];C40H80NO7P;-3.00853e-3;-4.186803;718.574517;3 out of 4
718.571508;718.571508;"PE(O-16:0/19:1(9Z))";[M+H];C40H80NO7P;-3.00853e-3;-4.186803;718.574517;3 out of 4
718.571508;718.571508;"PE(O-18:0/17:1(9Z))";[M+H];C40H80NO7P;-3.00853e-3;-4.186803;718.574517;3 out of 4
718.571508;718.571508;"PE(O-20:0/15:1(9Z))";[M+H];C40H80NO7P;-3.00853e-3;-4.186803;718.574517;3 out of 4
718.571508;718.571508;"PE(P-16:0/19:0)";[M+H];C40H80NO7P;-3.00853e-3;-4.186803;718.574517;3 out of 4
718.571508;718.571508;"PE(P-18:0/17:0)";[M+H];C40H80NO7P;-3.00853e-3;-4.186803;718.574517;3 out of 4
718.571508;718.571508;"PE(P-20:0/15:0)";[M+H];C40H80NO7P;-3.00853e-3;-4.186803;718.574517;3 out of 4
718.590202;718.590202;"Cer(d15:2(4E,6E)/20:0)";[M+NORHARMANE+H];C35H67NO3;1.18200e-3;1.644885;718.589020;1 out of 4
719.501953;719.501953;Cholestanyl glucoside;[M+NORHARMANE+H];C33H58O6;1.68842e-3;2.346662;719.500265;1 out of 4
719.501953;719.501953;Petroformynic acid B;[M+Na];C47H68O4;9.72344e-4;1.351414;719.500981;1 out of 4
719.501953;719.501953;"DG(19:1(9Z)/22:6(4Z,7Z,10Z,13Z,16Z,19Z)/0:0)[iso2]";[M+K];C44H72O5;8.20596e-4;1.140507;719.501132;1 out of 4
719.538658;719.538658;"DG(13:0/18:2(9Z,12Z)/0:0)[iso2]";[M+NORHARMANE+H];C34H62O5;2.00792e-3;2.790568;719.536650;1 out of 4
719.538658;719.538658;"DG(14:0/17:2(9Z,12Z)/0:0)[iso2]";[M+NORHARMANE+H];C34H62O5;2.00792e-3;2.790568;719.536650;1 out of 4
719.538658;719.538658;"DG(14:1(9Z)/17:1(9Z)/0:0)[iso2]";[M+NORHARMANE+H];C34H62O5;2.00792e-3;2.790568;719.536650;1 out of 4
719.538658;719.538658;"DG(15:1(9Z)/16:1(9Z)/0:0)[iso2]";[M+NORHARMANE+H];C34H62O5;2.00792e-3;2.790568;719.536650;1 out of 4
719.566776;719.566776;"PE-Cer(d15:1(4E)/22:0(2OH))";[M+H];C39H79N2O7P;-2.98950e-3;-4.154563;719.569765;1 out of 4
719.566776;719.566776;"SM(d18:1/16:0(2OH))";[M+H];C39H79N2O7P;-2.98950e-3;-4.154563;719.569765;1 out of 4
719.566776;719.566776;alpha-N-(3-octadecanoyloxy-octadecanoyl)-L-ornithine;[M+K];C41H80N2O5;-3.10466e-3;-4.314605;719.569881;1 out of 4
719.574586;719.574586;"DG(P-14:0/18:1(9Z))";[M+NORHARMANE+H];C35H66O4;1.55041e-3;2.154622;719.573036;3 out of 4
719.574586;719.574586;22:6 Cholesterol ester;[M+Na];C49H76O2;8.34328e-4;1.159475;719.573752;1 out of 4
719.574586;719.574586;Dihydromenaquinone-8;[M+H];C51H74O2;-1.57161e-3;-2.184075;719.576158;1 out of 4
720.477875;720.477875;"PS(12:0/19:1(9Z))";[M+H];C37H70NO10P;-3.13507e-3;-4.351357;720.481010;1 out of 4
720.477875;720.477875;"PS(13:0/18:1(9Z))";[M+H];C37H70NO10P;-3.13507e-3;-4.351357;720.481010;1 out of 4
720.477875;720.477875;"PS(14:0/17:1(9Z))";[M+H];C37H70NO10P;-3.13507e-3;-4.351357;720.481010;1 out of 4
720.477875;720.477875;"PS(14:1(9Z)/17:0)";[M+H];C37H70NO10P;-3.13507e-3;-4.351357;720.481010;1 out of 4
720.477875;720.477875;"PS(15:1(9Z)/16:0)";[M+H];C37H70NO10P;-3.13507e-3;-4.351357;720.481010;1 out of 4
720.477875;720.477875;"PS(16:0/15:1(9Z))";[M+H];C37H70NO10P;-3.13507e-3;-4.351357;720.481010;1 out of 4
720.477875;720.477875;"PS(16:1(9Z)/15:0)";[M+H];C37H70NO10P;-3.13507e-3;-4.351357;720.481010;1 out of 4
720.477875;720.477875;"PS(17:1(9Z)/14:0)";[M+H];C37H70NO10P;-3.13507e-3;-4.351357;720.481010;1 out of 4
720.477875;720.477875;"PS(18:1(9Z)/13:0)";[M+H];C37H70NO10P;-3.13507e-3;-4.351357;720.481010;1 out of 4
720.477875;720.477875;"PS(19:1(9Z)/12:0)";[M+H];C37H70NO10P;-3.13507e-3;-4.351357;720.481010;1 out of 4
720.477875;720.477875;"PS(15:0/16:1(9Z))";[M+H];C37H70NO10P;-3.13507e-3;-4.351357;720.481010;1 out of 4
720.477875;720.477875;"PS(17:0/14:1(9Z))";[M+H];C37H70NO10P;-3.13507e-3;-4.351357;720.481010;1 out of 4
720.550706;720.550706;"PC(10:0/21:0)";[M+H];C39H78NO8P;-3.07509e-3;-4.267670;720.553781;1 out of 4
720.550706;720.550706;"PC(11:0/20:0)";[M+H];C39H78NO8P;-3.07509e-3;-4.267670;720.553781;1 out of 4
720.550706;720.550706;"PC(15:0/16:0)";[M+H];C39H78NO8P;-3.07509e-3;-4.267670;720.553781;1 out of 4
720.550706;720.550706;"PC(16:0/15:0)";[M+H];C39H78NO8P;-3.07509e-3;-4.267670;720.553781;1 out of 4
720.550706;720.550706;"PC(19:0/12:0)";[M+H];C39H78NO8P;-3.07509e-3;-4.267670;720.553781;1 out of 4
720.550706;720.550706;"PC(20:0/11:0)";[M+H];C39H78NO8P;-3.07509e-3;-4.267670;720.553781;1 out of 4
720.550706;720.550706;"PC(21:0/10:0)";[M+H];C39H78NO8P;-3.07509e-3;-4.267670;720.553781;1 out of 4
720.550706;720.550706;"PC(9:0/22:0)";[M+H];C39H78NO8P;-3.07509e-3;-4.267670;720.553781;1 out of 4
720.550706;720.550706;"PC(12:0/19:0)";[M+H];C39H78NO8P;-3.07509e-3;-4.267670;720.553781;1 out of 4
720.550706;720.550706;"PC(13:0/18:0)";[M+H];C39H78NO8P;-3.07509e-3;-4.267670;720.553781;1 out of 4
720.550706;720.550706;"PC(14:0/17:0)";[M+H];C39H78NO8P;-3.07509e-3;-4.267670;720.553781;1 out of 4
720.550706;720.550706;"PC(17:0/14:0)";[M+H];C39H78NO8P;-3.07509e-3;-4.267670;720.553781;1 out of 4
720.550706;720.550706;"PC(18:0/13:0)";[M+H];C39H78NO8P;-3.07509e-3;-4.267670;720.553781;1 out of 4
720.550706;720.550706;"PE-NMe2(16:0/16:0)";[M+H];C39H78NO8P;-3.07509e-3;-4.267670;720.553781;1 out of 4
720.550706;720.550706;"PE(22:0/12:0)";[M+H];C39H78NO8P;-3.07509e-3;-4.267670;720.553781;1 out of 4
720.550706;720.550706;"PE(21:0/13:0)";[M+H];C39H78NO8P;-3.07509e-3;-4.267670;720.553781;1 out of 4
720.550706;720.550706;"PE(20:0/14:0)";[M+H];C39H78NO8P;-3.07509e-3;-4.267670;720.553781;1 out of 4
720.550706;720.550706;"PE(19:0/15:0)";[M+H];C39H78NO8P;-3.07509e-3;-4.267670;720.553781;1 out of 4
720.550706;720.550706;"PE(18:0/16:0)";[M+H];C39H78NO8P;-3.07509e-3;-4.267670;720.553781;1 out of 4
720.550706;720.550706;"PE(17:0/17:0)";[M+H];C39H78NO8P;-3.07509e-3;-4.267670;720.553781;1 out of 4
720.550706;720.550706;"PE(16:0/18:0)";[M+H];C39H78NO8P;-3.07509e-3;-4.267670;720.553781;1 out of 4
720.550706;720.550706;"PE(15:0/19:0)";[M+H];C39H78NO8P;-3.07509e-3;-4.267670;720.553781;1 out of 4
720.550706;720.550706;"PE(14:0/20:0)";[M+H];C39H78NO8P;-3.07509e-3;-4.267670;720.553781;1 out of 4
720.550706;720.550706;"PE(13:0/21:0)";[M+H];C39H78NO8P;-3.07509e-3;-4.267670;720.553781;1 out of 4
720.550706;720.550706;"PE(12:0/22:0)";[M+H];C39H78NO8P;-3.07509e-3;-4.267670;720.553781;1 out of 4
720.586736;720.586736;"PC(O-14:0/18:0)";[M+H];C40H82NO7P;-3.43059e-3;-4.760812;720.590167;3 out of 4
720.586736;720.586736;"PC(O-16:0/16:0)";[M+H];C40H82NO7P;-3.43059e-3;-4.760812;720.590167;3 out of 4
720.586736;720.586736;"PC(O-18:0/14:0)";[M+H];C40H82NO7P;-3.43059e-3;-4.760812;720.590167;3 out of 4
720.586736;720.586736;"PC(O-20:0/12:0)";[M+H];C40H82NO7P;-3.43059e-3;-4.760812;720.590167;3 out of 4
720.586736;720.586736;"PE(O-18:0/17:0)";[M+H];C40H82NO7P;-3.43059e-3;-4.760812;720.590167;3 out of 4
720.586736;720.586736;"PE(O-20:0/15:0)";[M+H];C40H82NO7P;-3.43059e-3;-4.760812;720.590167;3 out of 4
720.586736;720.586736;"PE(O-16:0/19:0)";[M+H];C40H82NO7P;-3.43059e-3;-4.760812;720.590167;3 out of 4
720.586736;720.586736;"Cer(t18:1(6OH)/24:0(2OH))";[M+K];C42H83NO5;-3.54576e-3;-4.920627;720.590282;1 out of 4
720.586736;720.586736;"Cer(t26:1(20E)/16:0(2OH[R]))";[M+K];C42H83NO5;-3.54576e-3;-4.920627;720.590282;1 out of 4
720.586736;720.586736;Hygrophamide;[M+K];C42H83NO5;-3.54576e-3;-4.920627;720.590282;1 out of 4
720.586736;720.586736;Forsskamide;[M+K];C42H83NO5;-3.54576e-3;-4.920627;720.590282;1 out of 4
720.586736;720.586736;"Cer(t18:1(12E)/24:0(2OH[R]))";[M+K];C42H83NO5;-3.54576e-3;-4.920627;720.590282;1 out of 4
721.474509;721.474509;"PA(14:1(9Z)/22:2(13Z,16Z))";[M+Na];C39H71O8P;-3.36686e-3;-4.666618;721.477876;1 out of 4
721.474509;721.474509;"PA(16:1(9Z)/20:2(11Z,14Z))";[M+Na];C39H71O8P;-3.36686e-3;-4.666618;721.477876;1 out of 4
721.474509;721.474509;"PA(17:2(9Z,12Z)/19:1(9Z))";[M+Na];C39H71O8P;-3.36686e-3;-4.666618;721.477876;1 out of 4
721.474509;721.474509;"PA(18:0/18:3(6Z,9Z,12Z))";[M+Na];C39H71O8P;-3.36686e-3;-4.666618;721.477876;1 out of 4
721.474509;721.474509;"PA(18:0/18:3(9Z,12Z,15Z))";[M+Na];C39H71O8P;-3.36686e-3;-4.666618;721.477876;1 out of 4
721.474509;721.474509;"PA(18:2(9Z,12Z)/18:1(9Z))";[M+Na];C39H71O8P;-3.36686e-3;-4.666618;721.477876;1 out of 4
721.474509;721.474509;"PA(18:3(6Z,9Z,12Z)/18:0)";[M+Na];C39H71O8P;-3.36686e-3;-4.666618;721.477876;1 out of 4
721.474509;721.474509;"PA(18:3(9Z,12Z,15Z)/18:0)";[M+Na];C39H71O8P;-3.36686e-3;-4.666618;721.477876;1 out of 4
721.474509;721.474509;"PA(19:1(9Z)/17:2(9Z,12Z))";[M+Na];C39H71O8P;-3.36686e-3;-4.666618;721.477876;1 out of 4
721.474509;721.474509;"PA(20:2(11Z,14Z)/16:1(9Z))";[M+Na];C39H71O8P;-3.36686e-3;-4.666618;721.477876;1 out of 4
721.474509;721.474509;"PA(20:3(8Z,11Z,14Z)/16:0)";[M+Na];C39H71O8P;-3.36686e-3;-4.666618;721.477876;1 out of 4
721.474509;721.474509;"PA(22:2(13Z,16Z)/14:1(9Z))";[M+Na];C39H71O8P;-3.36686e-3;-4.666618;721.477876;1 out of 4
721.474509;721.474509;"PA(16:0/20:3(8Z,11Z,14Z))";[M+Na];C39H71O8P;-3.36686e-3;-4.666618;721.477876;1 out of 4
721.474509;721.474509;"PA(18:1(9Z)/18:2(9Z,12Z))";[M+Na];C39H71O8P;-3.36686e-3;-4.666618;721.477876;1 out of 4
721.553824;721.553824;"DG(13:0/18:1(9Z)/0:0)[iso2]";[M+NORHARMANE+H];C34H64O5;1.52385e-3;2.111908;721.552300;1 out of 4
721.553824;721.553824;"DG(14:0/17:1(9Z)/0:0)[iso2]";[M+NORHARMANE+H];C34H64O5;1.52385e-3;2.111908;721.552300;1 out of 4
721.553824;721.553824;"DG(14:1(9Z)/17:0/0:0)[iso2]";[M+NORHARMANE+H];C34H64O5;1.52385e-3;2.111908;721.552300;1 out of 4
721.553824;721.553824;"DG(15:0/16:1(9Z)/0:0)[iso2]";[M+NORHARMANE+H];C34H64O5;1.52385e-3;2.111908;721.552300;1 out of 4
721.553824;721.553824;"DG(15:1(9Z)/16:0/0:0)[iso2]";[M+NORHARMANE+H];C34H64O5;1.52385e-3;2.111908;721.552300;1 out of 4
721.589954;721.589954;"FAHFA(17:0/10-O-18:0)";[M+NORHARMANE+H];C35H68O4;1.26834e-3;1.757710;721.588686;2 out of 4
721.589954;721.589954;"FAHFA(17:0/9-O-18:0)";[M+NORHARMANE+H];C35H68O4;1.26834e-3;1.757710;721.588686;2 out of 4
721.589954;721.589954;"FAHFA(17:0/8-O-18:0)";[M+NORHARMANE+H];C35H68O4;1.26834e-3;1.757710;721.588686;2 out of 4
721.589954;721.589954;"FAHFA(17:0/7-O-18:0)";[M+NORHARMANE+H];C35H68O4;1.26834e-3;1.757710;721.588686;2 out of 4
721.589954;721.589954;"FAHFA(17:0/5-O-18:0)";[M+NORHARMANE+H];C35H68O4;1.26834e-3;1.757710;721.588686;2 out of 4
721.589954;721.589954;22:5 Cholesterol ester;[M+Na];C49H78O2;5.52264e-4;0.765344;721.589402;2 out of 4
721.589954;721.589954;2-Htcptmn;[M+H];C51H76O2;-1.85367e-3;-2.568865;721.591808;2 out of 4
722.477840;722.477840;"PE(13:0/22:6(4Z,7Z,10Z,13Z,16Z,19Z))";[M+H];C40H68NO8P;2.30923e-3;3.196280;722.475531;1 out of 4
722.477840;722.477840;"PE(15:1(9Z)/20:5(5Z,8Z,11Z,14Z,17Z))";[M+H];C40H68NO8P;2.30923e-3;3.196280;722.475531;1 out of 4
722.477840;722.477840;"PE(17:2(9Z,12Z)/18:4(6Z,9Z,12Z,15Z))";[M+H];C40H68NO8P;2.30923e-3;3.196280;722.475531;1 out of 4
722.477840;722.477840;"PE(18:4(6Z,9Z,12Z,15Z)/17:2(9Z,12Z))";[M+H];C40H68NO8P;2.30923e-3;3.196280;722.475531;1 out of 4
722.477840;722.477840;"PE(20:5(5Z,8Z,11Z,14Z,17Z)/15:1(9Z))";[M+H];C40H68NO8P;2.30923e-3;3.196280;722.475531;1 out of 4
722.477840;722.477840;"PE(22:6(4Z,7Z,10Z,13Z,16Z,19Z)/13:0)";[M+H];C40H68NO8P;2.30923e-3;3.196280;722.475531;1 out of 4
722.493589;722.493589;"PS(12:0/19:0)";[M+H];C37H72NO10P;-3.07113e-3;-4.250724;722.496660;1 out of 4
722.493589;722.493589;"PS(13:0/18:0)";[M+H];C37H72NO10P;-3.07113e-3;-4.250724;722.496660;1 out of 4
722.493589;722.493589;"PS(14:0/17:0)";[M+H];C37H72NO10P;-3.07113e-3;-4.250724;722.496660;1 out of 4
722.493589;722.493589;"PS(17:0/14:0)";[M+H];C37H72NO10P;-3.07113e-3;-4.250724;722.496660;1 out of 4
722.493589;722.493589;"PS(18:0/13:0)";[M+H];C37H72NO10P;-3.07113e-3;-4.250724;722.496660;1 out of 4
722.493589;722.493589;"PS(19:0/12:0)";[M+H];C37H72NO10P;-3.07113e-3;-4.250724;722.496660;1 out of 4
722.493589;722.493589;"PS(16:0/15:0)";[M+H];C37H72NO10P;-3.07113e-3;-4.250724;722.496660;1 out of 4
722.493589;722.493589;"PS(15:0/16:0)";[M+H];C37H72NO10P;-3.07113e-3;-4.250724;722.496660;1 out of 4
722.493589;722.493589;"GlcCer(d15:2(4E,6E)/18:0)";[M+K];C39H73NO8;-3.18630e-3;-4.410118;722.496775;1 out of 4
722.506188;722.506188;"PE(O-16:0/18:3(9Z,12Z,15Z))";[M+Na];C39H74NO7P;-3.32234e-3;-4.598331;722.509510;3 out of 4
722.506188;722.506188;"PE(O-16:0/18:3(6Z,9Z,12Z))";[M+Na];C39H74NO7P;-3.32234e-3;-4.598331;722.509510;3 out of 4
722.506188;722.506188;"PE(P-16:0/18:2(9Z,12Z))";[M+Na];C39H74NO7P;-3.32234e-3;-4.598331;722.509510;3 out of 4
723.490283;723.490283;"PA(18:0/18:2(9Z,12Z))";[M+Na];C39H73O8P;-3.24293e-3;-4.482315;723.493526;2 out of 4
723.490283;723.490283;"PA(14:0/22:2(13Z,16Z))";[M+Na];C39H73O8P;-3.24293e-3;-4.482315;723.493526;2 out of 4
723.490283;723.490283;"PA(14:1(9Z)/22:1(11Z))";[M+Na];C39H73O8P;-3.24293e-3;-4.482315;723.493526;2 out of 4
723.490283;723.490283;"PA(16:0/20:2(11Z,14Z))";[M+Na];C39H73O8P;-3.24293e-3;-4.482315;723.493526;2 out of 4
723.490283;723.490283;"PA(16:1(9Z)/20:1(11Z))";[M+Na];C39H73O8P;-3.24293e-3;-4.482315;723.493526;2 out of 4
723.490283;723.490283;"PA(17:1(9Z)/19:1(9Z))";[M+Na];C39H73O8P;-3.24293e-3;-4.482315;723.493526;2 out of 4
723.490283;723.490283;"PA(17:2(9Z,12Z)/19:0)";[M+Na];C39H73O8P;-3.24293e-3;-4.482315;723.493526;2 out of 4
723.490283;723.490283;"PA(19:0/17:2(9Z,12Z))";[M+Na];C39H73O8P;-3.24293e-3;-4.482315;723.493526;2 out of 4
723.490283;723.490283;"PA(19:1(9Z)/17:1(9Z))";[M+Na];C39H73O8P;-3.24293e-3;-4.482315;723.493526;2 out of 4
723.490283;723.490283;"PA(20:1(11Z)/16:1(9Z))";[M+Na];C39H73O8P;-3.24293e-3;-4.482315;723.493526;2 out of 4
723.490283;723.490283;"PA(20:2(11Z,14Z)/16:0)";[M+Na];C39H73O8P;-3.24293e-3;-4.482315;723.493526;2 out of 4
723.490283;723.490283;"PA(22:1(11Z)/14:1(9Z))";[M+Na];C39H73O8P;-3.24293e-3;-4.482315;723.493526;2 out of 4
723.490283;723.490283;"PA(22:2(13Z,16Z)/14:0)";[M+Na];C39H73O8P;-3.24293e-3;-4.482315;723.493526;2 out of 4
723.490283;723.490283;"PA(18:2(9Z,12Z)/18:0)";[M+Na];C39H73O8P;-3.24293e-3;-4.482315;723.493526;2 out of 4
723.490283;723.490283;"PA(18:1(9Z)/18:1(9Z))";[M+Na];C39H73O8P;-3.24293e-3;-4.482315;723.493526;2 out of 4
723.537663;723.537663;"SM(d16:1/18:1)";[M+Na];C39H77N2O6P;-3.48181e-3;-4.812185;723.541145;3 out of 4
723.537663;723.537663;"SM(d18:1/16:1)";[M+Na];C39H77N2O6P;-3.48181e-3;-4.812185;723.541145;3 out of 4
723.537663;723.537663;"SM(d18:2/16:0)";[M+Na];C39H77N2O6P;-3.48181e-3;-4.812185;723.541145;3 out of 4
723.537663;723.537663;"PE-Cer(d14:2(4E,6E)/23:0)";[M+Na];C39H77N2O6P;-3.48181e-3;-4.812185;723.541145;3 out of 4
723.537663;723.537663;"PE-Cer(d15:2(4E,6E)/22:0)";[M+Na];C39H77N2O6P;-3.48181e-3;-4.812185;723.541145;3 out of 4
723.537663;723.537663;"PE-Cer(d16:2(4E,6E)/21:0)";[M+Na];C39H77N2O6P;-3.48181e-3;-4.812185;723.541145;3 out of 4
724.493690;724.493690;"PC(12:0/20:5(5Z,8Z,11Z,14Z,17Z))";[M+H];C40H70NO8P;2.50917e-3;3.463355;724.491181;1 out of 4
724.493690;724.493690;"PC(14:1(9Z)/18:4(6Z,9Z,12Z,15Z))";[M+H];C40H70NO8P;2.50917e-3;3.463355;724.491181;1 out of 4
724.493690;724.493690;"PC(18:4(6Z,9Z,12Z,15Z)/14:1(9Z))";[M+H];C40H70NO8P;2.50917e-3;3.463355;724.491181;1 out of 4
724.493690;724.493690;"PC(20:5(5Z,8Z,11Z,14Z,17Z)/12:0)";[M+H];C40H70NO8P;2.50917e-3;3.463355;724.491181;1 out of 4
724.493690;724.493690;"PE(15:0/20:5(5Z,8Z,11Z,14Z,17Z))";[M+H];C40H70NO8P;2.50917e-3;3.463355;724.491181;1 out of 4
724.493690;724.493690;"PE(15:1(9Z)/20:4(5Z,8Z,11Z,14Z))";[M+H];C40H70NO8P;2.50917e-3;3.463355;724.491181;1 out of 4
724.493690;724.493690;"PE(17:1(9Z)/18:4(6Z,9Z,12Z,15Z))";[M+H];C40H70NO8P;2.50917e-3;3.463355;724.491181;1 out of 4
724.493690;724.493690;"PE(17:2(9Z,12Z)/18:3(6Z,9Z,12Z))";[M+H];C40H70NO8P;2.50917e-3;3.463355;724.491181;1 out of 4
724.493690;724.493690;"PE(17:2(9Z,12Z)/18:3(9Z,12Z,15Z))";[M+H];C40H70NO8P;2.50917e-3;3.463355;724.491181;1 out of 4
724.493690;724.493690;"PE(18:3(6Z,9Z,12Z)/17:2(9Z,12Z))";[M+H];C40H70NO8P;2.50917e-3;3.463355;724.491181;1 out of 4
724.493690;724.493690;"PE(18:3(9Z,12Z,15Z)/17:2(9Z,12Z))";[M+H];C40H70NO8P;2.50917e-3;3.463355;724.491181;1 out of 4
724.493690;724.493690;"PE(18:4(6Z,9Z,12Z,15Z)/17:1(9Z))";[M+H];C40H70NO8P;2.50917e-3;3.463355;724.491181;1 out of 4
724.493690;724.493690;"PE(20:4(5Z,8Z,11Z,14Z)/15:1(9Z))";[M+H];C40H70NO8P;2.50917e-3;3.463355;724.491181;1 out of 4
724.493690;724.493690;"PE(20:5(5Z,8Z,11Z,14Z,17Z)/15:0)";[M+H];C40H70NO8P;2.50917e-3;3.463355;724.491181;1 out of 4
724.509526;724.509526;"GlcCer(d15:1/18:0)";[M+K];C39H75NO8;-2.89936e-3;-4.001809;724.512425;2 out of 4
724.523780;724.523780;"PC(P-16:0/15:1(9Z))";[M+Na];C39H76NO7P;-1.38040e-3;-1.905251;724.525160;2 out of 4
724.523780;724.523780;"PE(O-16:0/18:2(9Z,12Z))";[M+Na];C39H76NO7P;-1.38040e-3;-1.905251;724.525160;2 out of 4
724.523780;724.523780;"PE(P-18:0/16:1(9Z))";[M+Na];C39H76NO7P;-1.38040e-3;-1.905251;724.525160;2 out of 4
724.523780;724.523780;"PE(P-20:0/14:1(9Z))";[M+Na];C39H76NO7P;-1.38040e-3;-1.905251;724.525160;2 out of 4
724.523780;724.523780;"PE(P-16:0/18:1(9Z))";[M+Na];C39H76NO7P;-1.38040e-3;-1.905251;724.525160;2 out of 4
724.523780;724.523780;"PnE(16:0/18:1(9Z))";[M+Na];C39H76NO7P;-1.38040e-3;-1.905251;724.525160;2 out of 4
725.004763;725.004763;"Quercetin 7-methyl ether 3,3',4'-trisulfate";[M+NORHARMANE+H];C16H12O16S3;-9.09304e-4;-1.254203;725.005672;1 out of 4
725.004763;725.004763;"Isorhamnetin 3,7,4'-tri-O-sulfate";[M+NORHARMANE+H];C16H12O16S3;-9.09304e-4;-1.254203;725.005672;1 out of 4
725.004763;725.004763;"Rhamnetin 3,5,4'-tri-O-sulfate";[M+NORHARMANE+H];C16H12O16S3;-9.09304e-4;-1.254203;725.005672;1 out of 4
725.507030;725.507030;"PA(18:0/18:1(9Z))";[M+Na];C39H75O8P;-2.14599e-3;-2.957909;725.509176;1 out of 4
725.507030;725.507030;"PA(14:0/22:1(11Z))";[M+Na];C39H75O8P;-2.14599e-3;-2.957909;725.509176;1 out of 4
725.507030;725.507030;"PA(14:1(9Z)/22:0)";[M+Na];C39H75O8P;-2.14599e-3;-2.957909;725.509176;1 out of 4
725.507030;725.507030;"PA(15:1(9Z)/21:0)";[M+Na];C39H75O8P;-2.14599e-3;-2.957909;725.509176;1 out of 4
725.507030;725.507030;"PA(16:1(9Z)/20:0)";[M+Na];C39H75O8P;-2.14599e-3;-2.957909;725.509176;1 out of 4
725.507030;725.507030;"PA(17:0/19:1(9Z))";[M+Na];C39H75O8P;-2.14599e-3;-2.957909;725.509176;1 out of 4
725.507030;725.507030;"PA(17:1(9Z)/19:0)";[M+Na];C39H75O8P;-2.14599e-3;-2.957909;725.509176;1 out of 4
725.507030;725.507030;"PA(19:0/17:1(9Z))";[M+Na];C39H75O8P;-2.14599e-3;-2.957909;725.509176;1 out of 4
725.507030;725.507030;"PA(19:1(9Z)/17:0)";[M+Na];C39H75O8P;-2.14599e-3;-2.957909;725.509176;1 out of 4
725.507030;725.507030;"PA(20:0/16:1(9Z))";[M+Na];C39H75O8P;-2.14599e-3;-2.957909;725.509176;1 out of 4
725.507030;725.507030;"PA(20:1(11Z)/16:0)";[M+Na];C39H75O8P;-2.14599e-3;-2.957909;725.509176;1 out of 4
725.507030;725.507030;"PA(21:0/15:1(9Z))";[M+Na];C39H75O8P;-2.14599e-3;-2.957909;725.509176;1 out of 4
725.507030;725.507030;"PA(22:0/14:1(9Z))";[M+Na];C39H75O8P;-2.14599e-3;-2.957909;725.509176;1 out of 4
725.507030;725.507030;"PA(22:1(11Z)/14:0)";[M+Na];C39H75O8P;-2.14599e-3;-2.957909;725.509176;1 out of 4
725.507030;725.507030;"PA(18:1(9Z)/18:0)";[M+Na];C39H75O8P;-2.14599e-3;-2.957909;725.509176;1 out of 4
725.507030;725.507030;"PA(16:0/20:1(11Z))";[M+Na];C39H75O8P;-2.14599e-3;-2.957909;725.509176;1 out of 4
725.517353;725.517353;"MGDG(14:0/16:0)";[M+Na];C39H74O10;-6.55680e-5;-0.090374;725.517419;2 out of 4
725.517353;725.517353;"PE-Cer(d14:1(4E)/22:1(13Z)(2OH))";[M+Na];C38H75N2O7P;-3.05637e-3;-4.212659;725.520409;2 out of 4
725.517353;725.517353;"PE-Cer(d14:2(4E,6E)/22:0(2OH))";[M+Na];C38H75N2O7P;-3.05637e-3;-4.212659;725.520409;2 out of 4
725.517353;725.517353;"PE-Cer(d16:1(4E)/20:1(11Z)(2OH))";[M+Na];C38H75N2O7P;-3.05637e-3;-4.212659;725.520409;2 out of 4
725.517353;725.517353;"PE-Cer(d16:2(4E,6E)/20:0(2OH))";[M+Na];C38H75N2O7P;-3.05637e-3;-4.212659;725.520409;2 out of 4
725.545145;725.545145;"PA(O-18:0/19:1(9Z))";[M+Na];C40H79O7P;-4.16498e-4;-0.574048;725.545561;2 out of 4
725.545145;725.545145;"PA(O-20:0/17:1(9Z))";[M+Na];C40H79O7P;-4.16498e-4;-0.574048;725.545561;2 out of 4
725.545145;725.545145;"PA(P-16:0/21:0)";[M+Na];C40H79O7P;-4.16498e-4;-0.574048;725.545561;2 out of 4
725.545145;725.545145;"PA(P-18:0/19:0)";[M+Na];C40H79O7P;-4.16498e-4;-0.574048;725.545561;2 out of 4
725.545145;725.545145;"PA(P-20:0/17:0)";[M+Na];C40H79O7P;-4.16498e-4;-0.574048;725.545561;2 out of 4
725.545145;725.545145;"DG(20:4(5Z,8Z,11Z,14Z)/21:0/0:0)[iso2]";[M+K];C44H78O5;-2.93760e-3;-4.048796;725.548083;1 out of 4
725.545145;725.545145;"DG(19:0/22:4(7Z,10Z,13Z,16Z)/0:0)[iso2]";[M+K];C44H78O5;-2.93760e-3;-4.048796;725.548083;1 out of 4
725.545145;725.545145;"DG(19:1(9Z)/22:3(10Z,13Z,16Z)/0:0)[iso2]";[M+K];C44H78O5;-2.93760e-3;-4.048796;725.548083;1 out of 4
726.465088;726.465088;"PS(P-16:0/15:1(9Z))";[M+Na];C37H70NO9P;-2.95145e-3;-4.062739;726.468039;2 out of 4
726.500915;726.500915;"PC(12:0/18:1(9Z))";[M+Na];C38H74NO8P;-3.50996e-3;-4.831296;726.504425;3 out of 4
726.500915;726.500915;"PC(14:0/16:1(9Z))";[M+Na];C38H74NO8P;-3.50996e-3;-4.831296;726.504425;3 out of 4
726.500915;726.500915;"PC(13:0/17:1(9Z))";[M+Na];C38H74NO8P;-3.50996e-3;-4.831296;726.504425;3 out of 4
726.500915;726.500915;"PC(14:1(9Z)/16:0)";[M+Na];C38H74NO8P;-3.50996e-3;-4.831296;726.504425;3 out of 4
726.500915;726.500915;"PC(15:0/15:1(9Z))";[M+Na];C38H74NO8P;-3.50996e-3;-4.831296;726.504425;3 out of 4
726.500915;726.500915;"PC(15:1(9Z)/15:0)";[M+Na];C38H74NO8P;-3.50996e-3;-4.831296;726.504425;3 out of 4
726.500915;726.500915;"PC(16:0/14:1(9Z))";[M+Na];C38H74NO8P;-3.50996e-3;-4.831296;726.504425;3 out of 4
726.500915;726.500915;"PC(16:1(9Z)/14:0)";[M+Na];C38H74NO8P;-3.50996e-3;-4.831296;726.504425;3 out of 4
726.500915;726.500915;"PC(17:1(9Z)/13:0)";[M+Na];C38H74NO8P;-3.50996e-3;-4.831296;726.504425;3 out of 4
726.500915;726.500915;"PC(18:1(9Z)/12:0)";[M+Na];C38H74NO8P;-3.50996e-3;-4.831296;726.504425;3 out of 4
726.500915;726.500915;"PE(13:0/20:1(11Z))";[M+Na];C38H74NO8P;-3.50996e-3;-4.831296;726.504425;3 out of 4
726.500915;726.500915;"PE(14:0/19:1(9Z))";[M+Na];C38H74NO8P;-3.50996e-3;-4.831296;726.504425;3 out of 4
726.500915;726.500915;"PE(14:1(9Z)/19:0)";[M+Na];C38H74NO8P;-3.50996e-3;-4.831296;726.504425;3 out of 4
726.500915;726.500915;"PE(15:0/18:1(9Z))";[M+Na];C38H74NO8P;-3.50996e-3;-4.831296;726.504425;3 out of 4
726.500915;726.500915;"PE(15:1(9Z)/18:0)";[M+Na];C38H74NO8P;-3.50996e-3;-4.831296;726.504425;3 out of 4
726.500915;726.500915;"PE(16:1(9Z)/17:0)";[M+Na];C38H74NO8P;-3.50996e-3;-4.831296;726.504425;3 out of 4
726.500915;726.500915;"PE(17:0/16:1(9Z))";[M+Na];C38H74NO8P;-3.50996e-3;-4.831296;726.504425;3 out of 4
726.500915;726.500915;"PE(17:1(9Z)/16:0)";[M+Na];C38H74NO8P;-3.50996e-3;-4.831296;726.504425;3 out of 4
726.500915;726.500915;"PE(18:0/15:1(9Z))";[M+Na];C38H74NO8P;-3.50996e-3;-4.831296;726.504425;3 out of 4
726.500915;726.500915;"PE(18:1(9Z)/15:0)";[M+Na];C38H74NO8P;-3.50996e-3;-4.831296;726.504425;3 out of 4
726.500915;726.500915;"PE(19:0/14:1(9Z))";[M+Na];C38H74NO8P;-3.50996e-3;-4.831296;726.504425;3 out of 4
726.500915;726.500915;"PE(19:1(9Z)/14:0)";[M+Na];C38H74NO8P;-3.50996e-3;-4.831296;726.504425;3 out of 4
726.500915;726.500915;"PE(20:1(11Z)/13:0)";[M+Na];C38H74NO8P;-3.50996e-3;-4.831296;726.504425;3 out of 4
726.500915;726.500915;"PE(16:0/17:1(9Z))";[M+Na];C38H74NO8P;-3.50996e-3;-4.831296;726.504425;3 out of 4
726.500915;726.500915;"PE(16:0/16:0(9Cp))";[M+Na];C38H74NO8P;-3.50996e-3;-4.831296;726.504425;3 out of 4
727.511898;727.511898;"SM(d16:1/17:0)";[M+K];C38H77N2O6P;-3.18381e-3;-4.376286;727.515082;4 out of 4
727.511898;727.511898;"SM(d18:1/15:0)";[M+K];C38H77N2O6P;-3.18381e-3;-4.376286;727.515082;4 out of 4
727.511898;727.511898;"PE-Cer(d14:1(4E)/22:0)";[M+K];C38H77N2O6P;-3.18381e-3;-4.376286;727.515082;4 out of 4
727.511898;727.511898;"PE-Cer(d16:1(4E)/20:0)";[M+K];C38H77N2O6P;-3.18381e-3;-4.376286;727.515082;4 out of 4
727.559806;727.559806;"PA(O-16:0/21:0)";[M+Na];C40H81O7P;-1.40556e-3;-1.931881;727.561212;3 out of 4
727.559806;727.559806;"PA(O-18:0/19:0)";[M+Na];C40H81O7P;-1.40556e-3;-1.931881;727.561212;3 out of 4
727.559806;727.559806;"PA(O-20:0/17:0)";[M+Na];C40H81O7P;-1.40556e-3;-1.931881;727.561212;3 out of 4
727.569388;727.569388;Coenzyme Q8;[M+H];C49H74O4;3.40115e-3;4.674699;727.565987;1 out of 4
727.569388;727.569388;"SM(d18:0/16:0)";[M+Na];C39H81N2O6P;-3.05694e-3;-4.201564;727.572445;3 out of 4
727.569388;727.569388;"SM(d16:0/18:0)";[M+Na];C39H81N2O6P;-3.05694e-3;-4.201564;727.572445;3 out of 4
728.516891;728.516891;"PC(10:0/20:0)";[M+Na];C38H76NO8P;-3.18402e-3;-4.370534;728.520075;2 out of 4
728.516891;728.516891;"PC(11:0/19:0)";[M+Na];C38H76NO8P;-3.18402e-3;-4.370534;728.520075;2 out of 4
728.516891;728.516891;"PC(12:0/18:0)";[M+Na];C38H76NO8P;-3.18402e-3;-4.370534;728.520075;2 out of 4
728.516891;728.516891;"PC(13:0/17:0)";[M+Na];C38H76NO8P;-3.18402e-3;-4.370534;728.520075;2 out of 4
728.516891;728.516891;"PC(14:0/16:0)";[M+Na];C38H76NO8P;-3.18402e-3;-4.370534;728.520075;2 out of 4
728.516891;728.516891;"PC(15:0/15:0)";[M+Na];C38H76NO8P;-3.18402e-3;-4.370534;728.520075;2 out of 4
728.516891;728.516891;"PC(16:0/14:0)";[M+Na];C38H76NO8P;-3.18402e-3;-4.370534;728.520075;2 out of 4
728.516891;728.516891;"PC(17:0/13:0)";[M+Na];C38H76NO8P;-3.18402e-3;-4.370534;728.520075;2 out of 4
728.516891;728.516891;"PC(18:0/12:0)";[M+Na];C38H76NO8P;-3.18402e-3;-4.370534;728.520075;2 out of 4
728.516891;728.516891;"PC(19:0/11:0)";[M+Na];C38H76NO8P;-3.18402e-3;-4.370534;728.520075;2 out of 4
728.516891;728.516891;"PC(20:0/10:0)";[M+Na];C38H76NO8P;-3.18402e-3;-4.370534;728.520075;2 out of 4
728.516891;728.516891;"PC(9:0/21:0)";[M+Na];C38H76NO8P;-3.18402e-3;-4.370534;728.520075;2 out of 4
728.516891;728.516891;"PE-NMe(16:0/16:0)";[M+Na];C38H76NO8P;-3.18402e-3;-4.370534;728.520075;2 out of 4
728.516891;728.516891;"PE(12:0/21:0)";[M+Na];C38H76NO8P;-3.18402e-3;-4.370534;728.520075;2 out of 4
728.516891;728.516891;"PE(14:0/19:0)";[M+Na];C38H76NO8P;-3.18402e-3;-4.370534;728.520075;2 out of 4
728.516891;728.516891;"PE(17:0/16:0)";[M+Na];C38H76NO8P;-3.18402e-3;-4.370534;728.520075;2 out of 4
728.516891;728.516891;"PE(18:0/15:0)";[M+Na];C38H76NO8P;-3.18402e-3;-4.370534;728.520075;2 out of 4
728.516891;728.516891;"PE(21:0/12:0)";[M+Na];C38H76NO8P;-3.18402e-3;-4.370534;728.520075;2 out of 4
728.516891;728.516891;"PE(20:0/13:0)";[M+Na];C38H76NO8P;-3.18402e-3;-4.370534;728.520075;2 out of 4
728.516891;728.516891;"PE(19:0/14:0)";[M+Na];C38H76NO8P;-3.18402e-3;-4.370534;728.520075;2 out of 4
728.516891;728.516891;"PE(16:0/17:0)";[M+Na];C38H76NO8P;-3.18402e-3;-4.370534;728.520075;2 out of 4
728.516891;728.516891;"PE(15:0/18:0)";[M+Na];C38H76NO8P;-3.18402e-3;-4.370534;728.520075;2 out of 4
728.516891;728.516891;"PE(13:0/20:0)";[M+Na];C38H76NO8P;-3.18402e-3;-4.370534;728.520075;2 out of 4
729.519848;729.519848;"PA(O-20:0/16:0)";[M+K];C39H79O7P;3.49502e-4;0.479085;729.519498;1 out of 4
729.519848;729.519848;"PA(O-18:0/18:0)";[M+K];C39H79O7P;3.49502e-4;0.479085;729.519498;1 out of 4
729.519848;729.519848;"PA(O-16:0/20:0)";[M+K];C39H79O7P;3.49502e-4;0.479085;729.519498;1 out of 4
729.519848;729.519848;"DG(12:0/20:4(5Z,8Z,11Z,14Z)/0:0)[iso2]";[M+NORHARMANE+H];C35H60O5;-1.15202e-3;-1.579146;729.521000;1 out of 4
729.519848;729.519848;"DG(14:1(9Z)/18:3(9Z,12Z,15Z)/0:0)[iso2]";[M+NORHARMANE+H];C35H60O5;-1.15202e-3;-1.579146;729.521000;1 out of 4
729.587292;729.587292;"SM(d18:1/18:1(9Z))";[M+H];C41H81N2O6P;-3.20894e-3;-4.398278;729.590501;2 out of 4
729.587292;729.587292;"SM(d16:1/20:1)";[M+H];C41H81N2O6P;-3.20894e-3;-4.398278;729.590501;2 out of 4
729.587292;729.587292;"SM(d18:0/18:2)";[M+H];C41H81N2O6P;-3.20894e-3;-4.398278;729.590501;2 out of 4
729.587292;729.587292;"SM(d18:2/18:0)";[M+H];C41H81N2O6P;-3.20894e-3;-4.398278;729.590501;2 out of 4
729.587292;729.587292;"SM(d19:1/17:1)";[M+H];C41H81N2O6P;-3.20894e-3;-4.398278;729.590501;2 out of 4
729.587292;729.587292;"PE-Cer(d14:2(4E,6E)/25:0)";[M+H];C41H81N2O6P;-3.20894e-3;-4.398278;729.590501;2 out of 4
729.587292;729.587292;"PE-Cer(d15:2(4E,6E)/24:0)";[M+H];C41H81N2O6P;-3.20894e-3;-4.398278;729.590501;2 out of 4
729.587292;729.587292;"PE-Cer(d16:2(4E,6E)/23:0)";[M+H];C41H81N2O6P;-3.20894e-3;-4.398278;729.590501;2 out of 4
730.461977;730.461977;"PS(18:0/12:0)";[M+Na];C36H70NO10P;-9.77070e-4;-1.337604;730.462954;1 out of 4
730.461977;730.461977;"PS(17:0/13:0)";[M+Na];C36H70NO10P;-9.77070e-4;-1.337604;730.462954;1 out of 4
730.461977;730.461977;"PS(13:0/17:0)";[M+Na];C36H70NO10P;-9.77070e-4;-1.337604;730.462954;1 out of 4
730.461977;730.461977;"PS(12:0/18:0)";[M+Na];C36H70NO10P;-9.77070e-4;-1.337604;730.462954;1 out of 4
730.461977;730.461977;"PS(16:0/14:0)";[M+Na];C36H70NO10P;-9.77070e-4;-1.337604;730.462954;1 out of 4
730.461977;730.461977;"PS(15:0/15:0)";[M+Na];C36H70NO10P;-9.77070e-4;-1.337604;730.462954;1 out of 4
730.461977;730.461977;"PS(14:0/16:0)";[M+Na];C36H70NO10P;-9.77070e-4;-1.337604;730.462954;1 out of 4
730.461977;730.461977;"PS(12:0/20:3(8Z,11Z,14Z))";[M+H];C38H68NO10P;-3.38301e-3;-4.631302;730.465360;2 out of 4
730.461977;730.461977;"PS(14:0/18:3(6Z,9Z,12Z))";[M+H];C38H68NO10P;-3.38301e-3;-4.631302;730.465360;2 out of 4
730.461977;730.461977;"PS(14:1(9Z)/18:2(9Z,12Z))";[M+H];C38H68NO10P;-3.38301e-3;-4.631302;730.465360;2 out of 4
730.461977;730.461977;"PS(15:1(9Z)/17:2(9Z,12Z))";[M+H];C38H68NO10P;-3.38301e-3;-4.631302;730.465360;2 out of 4
730.461977;730.461977;"PS(17:2(9Z,12Z)/15:1(9Z))";[M+H];C38H68NO10P;-3.38301e-3;-4.631302;730.465360;2 out of 4
730.461977;730.461977;"PS(18:2(9Z,12Z)/14:1(9Z))";[M+H];C38H68NO10P;-3.38301e-3;-4.631302;730.465360;2 out of 4
730.461977;730.461977;"PS(18:3(6Z,9Z,12Z)/14:0)";[M+H];C38H68NO10P;-3.38301e-3;-4.631302;730.465360;2 out of 4
730.461977;730.461977;"PS(18:3(9Z,12Z,15Z)/14:0)";[M+H];C38H68NO10P;-3.38301e-3;-4.631302;730.465360;2 out of 4
730.461977;730.461977;"PS(20:3(8Z,11Z,14Z)/12:0)";[M+H];C38H68NO10P;-3.38301e-3;-4.631302;730.465360;2 out of 4
730.461977;730.461977;"PS(14:0/18:3(9Z,12Z,15Z))";[M+H];C38H68NO10P;-3.38301e-3;-4.631302;730.465360;2 out of 4
730.461977;730.461977;OKODA-PC;[M+H];C38H68NO10P;-3.38301e-3;-4.631302;730.465360;2 out of 4
731.538106;731.538106;"bacteriohopane-31,32,33,34,35-pentol";[M+NORHARMANE+H];C35H62O5;1.45592e-3;1.990216;731.536650;1 out of 4
731.538106;731.538106;Lepirenin;[M+NORHARMANE+H];C35H62O5;1.45592e-3;1.990216;731.536650;1 out of 4
731.538106;731.538106;Dotistenin;[M+NORHARMANE+H];C35H62O5;1.45592e-3;1.990216;731.536650;1 out of 4
731.538106;731.538106;"DG(12:0/20:3(8Z,11Z,14Z)/0:0)[iso2]";[M+NORHARMANE+H];C35H62O5;1.45592e-3;1.990216;731.536650;1 out of 4
731.538106;731.538106;"DG(14:0/18:3(9Z,12Z,15Z)/0:0)[iso2]";[M+NORHARMANE+H];C35H62O5;1.45592e-3;1.990216;731.536650;1 out of 4
731.538106;731.538106;"DG(14:1(9Z)/18:2(9Z,12Z)/0:0)[iso2]";[M+NORHARMANE+H];C35H62O5;1.45592e-3;1.990216;731.536650;1 out of 4
731.538106;731.538106;"DG(15:1(9Z)/17:2(9Z,12Z)/0:0)[iso2]";[M+NORHARMANE+H];C35H62O5;1.45592e-3;1.990216;731.536650;1 out of 4
731.602693;731.602693;"SM(d18:1/18:0)";[M+H];C41H83N2O6P;-3.45801e-3;-4.726595;731.606151;2 out of 4
731.602693;731.602693;"SM(d18:0/18:1(9Z))";[M+H];C41H83N2O6P;-3.45801e-3;-4.726595;731.606151;2 out of 4
731.602693;731.602693;"SM(d16:1/20:0)";[M+H];C41H83N2O6P;-3.45801e-3;-4.726595;731.606151;2 out of 4
731.602693;731.602693;"PE-Cer(d14:1(4E)/25:0)";[M+H];C41H83N2O6P;-3.45801e-3;-4.726595;731.606151;2 out of 4
731.602693;731.602693;"PE-Cer(d15:1(4E)/24:0)";[M+H];C41H83N2O6P;-3.45801e-3;-4.726595;731.606151;2 out of 4
731.602693;731.602693;"PE-Cer(d16:1(4E)/23:0)";[M+H];C41H83N2O6P;-3.45801e-3;-4.726595;731.606151;2 out of 4
732.550214;732.550214;"PC(14:0/18:1(11Z))";[M+H];C40H78NO8P;-3.56709e-3;-4.869384;732.553781;3 out of 4
732.550214;732.550214;"PC(14:0/18:1(9Z))";[M+H];C40H78NO8P;-3.56709e-3;-4.869384;732.553781;3 out of 4
732.550214;732.550214;"PC(16:0/16:1(9Z))";[M+H];C40H78NO8P;-3.56709e-3;-4.869384;732.553781;3 out of 4
732.550214;732.550214;"PC(18:1(9Z)/14:0)";[M+H];C40H78NO8P;-3.56709e-3;-4.869384;732.553781;3 out of 4
732.550214;732.550214;"PC(12:0/20:1(11Z))";[M+H];C40H78NO8P;-3.56709e-3;-4.869384;732.553781;3 out of 4
732.550214;732.550214;"PC(13:0/19:1(9Z))";[M+H];C40H78NO8P;-3.56709e-3;-4.869384;732.553781;3 out of 4
732.550214;732.550214;"PC(14:1(9Z)/18:0)";[M+H];C40H78NO8P;-3.56709e-3;-4.869384;732.553781;3 out of 4
732.550214;732.550214;"PC(15:0/17:1(9Z))";[M+H];C40H78NO8P;-3.56709e-3;-4.869384;732.553781;3 out of 4
732.550214;732.550214;"PC(15:1(9Z)/17:0)";[M+H];C40H78NO8P;-3.56709e-3;-4.869384;732.553781;3 out of 4
732.550214;732.550214;"PC(16:1(9Z)/16:0)";[M+H];C40H78NO8P;-3.56709e-3;-4.869384;732.553781;3 out of 4
732.550214;732.550214;"PC(17:0/15:1(9Z))";[M+H];C40H78NO8P;-3.56709e-3;-4.869384;732.553781;3 out of 4
732.550214;732.550214;"PC(17:1(9Z)/15:0)";[M+H];C40H78NO8P;-3.56709e-3;-4.869384;732.553781;3 out of 4
732.550214;732.550214;"PC(18:0/14:1(9Z))";[M+H];C40H78NO8P;-3.56709e-3;-4.869384;732.553781;3 out of 4
732.550214;732.550214;"PC(19:1(9Z)/13:0)";[M+H];C40H78NO8P;-3.56709e-3;-4.869384;732.553781;3 out of 4
732.550214;732.550214;"PC(20:1(11Z)/12:0)";[M+H];C40H78NO8P;-3.56709e-3;-4.869384;732.553781;3 out of 4
732.550214;732.550214;"PC(18:1(11Z)/14:0)";[M+H];C40H78NO8P;-3.56709e-3;-4.869384;732.553781;3 out of 4
732.550214;732.550214;"PE-NMe(16:0/18:1(9Z))";[M+H];C40H78NO8P;-3.56709e-3;-4.869384;732.553781;3 out of 4
732.550214;732.550214;"PE-NMe(18:1(9Z)/16:0)";[M+H];C40H78NO8P;-3.56709e-3;-4.869384;732.553781;3 out of 4
732.550214;732.550214;"PE(13:0/22:1(11Z))";[M+H];C40H78NO8P;-3.56709e-3;-4.869384;732.553781;3 out of 4
732.550214;732.550214;"PE(14:1(9Z)/21:0)";[M+H];C40H78NO8P;-3.56709e-3;-4.869384;732.553781;3 out of 4
732.550214;732.550214;"PE(15:0/20:1(11Z))";[M+H];C40H78NO8P;-3.56709e-3;-4.869384;732.553781;3 out of 4
732.550214;732.550214;"PE(15:1(9Z)/20:0)";[M+H];C40H78NO8P;-3.56709e-3;-4.869384;732.553781;3 out of 4
732.550214;732.550214;"PE(16:0/19:1(9Z))";[M+H];C40H78NO8P;-3.56709e-3;-4.869384;732.553781;3 out of 4
732.550214;732.550214;"PE(16:1(9Z)/19:0)";[M+H];C40H78NO8P;-3.56709e-3;-4.869384;732.553781;3 out of 4
732.550214;732.550214;"PE(17:1(9Z)/18:0)";[M+H];C40H78NO8P;-3.56709e-3;-4.869384;732.553781;3 out of 4
732.550214;732.550214;"PE(18:0/17:1(9Z))";[M+H];C40H78NO8P;-3.56709e-3;-4.869384;732.553781;3 out of 4
732.550214;732.550214;"PE(18:1(9Z)/17:0)";[M+H];C40H78NO8P;-3.56709e-3;-4.869384;732.553781;3 out of 4
732.550214;732.550214;"PE(19:0/16:1(9Z))";[M+H];C40H78NO8P;-3.56709e-3;-4.869384;732.553781;3 out of 4
732.550214;732.550214;"PE(19:1(9Z)/16:0)";[M+H];C40H78NO8P;-3.56709e-3;-4.869384;732.553781;3 out of 4
732.550214;732.550214;"PE(20:0/15:1(9Z))";[M+H];C40H78NO8P;-3.56709e-3;-4.869384;732.553781;3 out of 4
732.550214;732.550214;"PE(20:1(11Z)/15:0)";[M+H];C40H78NO8P;-3.56709e-3;-4.869384;732.553781;3 out of 4
732.550214;732.550214;"PE(21:0/14:1(9Z))";[M+H];C40H78NO8P;-3.56709e-3;-4.869384;732.553781;3 out of 4
732.550214;732.550214;"PE(22:1(11Z)/13:0)";[M+H];C40H78NO8P;-3.56709e-3;-4.869384;732.553781;3 out of 4
732.550214;732.550214;"PE(17:0/18:1(9Z))";[M+H];C40H78NO8P;-3.56709e-3;-4.869384;732.553781;3 out of 4
732.550214;732.550214;"PE(16:0/18:0(11Cp))";[M+H];C40H78NO8P;-3.56709e-3;-4.869384;732.553781;3 out of 4
732.606074;732.606074;"Cer(d18:1/18:1(9Z))";[M+NORHARMANE+H];C36H69NO3;1.40393e-3;1.916357;732.604670;1 out of 4
732.606074;732.606074;"Cer(d14:1/22:1)";[M+NORHARMANE+H];C36H69NO3;1.40393e-3;1.916357;732.604670;1 out of 4
732.606074;732.606074;"Cer(d16:1/20:1)";[M+NORHARMANE+H];C36H69NO3;1.40393e-3;1.916357;732.604670;1 out of 4
732.606074;732.606074;"Cer(d14:2(4E,6E)/22:0)";[M+NORHARMANE+H];C36H69NO3;1.40393e-3;1.916357;732.604670;1 out of 4
732.606074;732.606074;"Cer(d16:2(4E,6E)/20:0)";[M+NORHARMANE+H];C36H69NO3;1.40393e-3;1.916357;732.604670;1 out of 4
732.606074;732.606074;"Cer(d18:2/18:0)";[M+NORHARMANE+H];C36H69NO3;1.40393e-3;1.916357;732.604670;1 out of 4
733.553762;733.553762;Squafosacin F;[M+NORHARMANE+H];C35H64O5;1.46185e-3;1.992840;733.552300;1 out of 4
733.553762;733.553762;"DG(16:1(9Z)/16:1(9Z)/0:0)";[M+NORHARMANE+H];C35H64O5;1.46185e-3;1.992840;733.552300;1 out of 4
733.553762;733.553762;"DG(12:0/20:2(11Z,14Z)/0:0)[iso2]";[M+NORHARMANE+H];C35H64O5;1.46185e-3;1.992840;733.552300;1 out of 4
733.553762;733.553762;"DG(14:0/18:2(9Z,12Z)/0:0)[iso2]";[M+NORHARMANE+H];C35H64O5;1.46185e-3;1.992840;733.552300;1 out of 4
733.553762;733.553762;"DG(14:1(9Z)/18:1(9Z)/0:0)[iso2]";[M+NORHARMANE+H];C35H64O5;1.46185e-3;1.992840;733.552300;1 out of 4
733.553762;733.553762;"DG(15:0/17:2(9Z,12Z)/0:0)[iso2]";[M+NORHARMANE+H];C35H64O5;1.46185e-3;1.992840;733.552300;1 out of 4
733.553762;733.553762;"DG(15:1(9Z)/17:1(9Z)/0:0)[iso2]";[M+NORHARMANE+H];C35H64O5;1.46185e-3;1.992840;733.552300;1 out of 4
733.553762;733.553762;"(22E,24R)-ergosta-7,22-dien-3beta,5alpha-dihydroxy-6beta-yl oleate";[M+K];C46H78O4;5.94024e-4;0.809790;733.553168;1 out of 4
733.608964;733.608964;"PA(O-18:0/21:0)";[M+H];C42H85O7P;-1.60369e-3;-2.186024;733.610568;3 out of 4
733.608964;733.608964;"PA(O-20:0/19:0)";[M+H];C42H85O7P;-1.60369e-3;-2.186024;733.610568;3 out of 4
733.608964;733.608964;"DG(20:0/21:0/0:0)[iso2]";[M+K];C44H86O5;-1.71885e-3;-2.343003;733.610683;1 out of 4
733.608964;733.608964;"DG(19:0/22:0/0:0)[iso2]";[M+K];C44H86O5;-1.71885e-3;-2.343003;733.610683;1 out of 4
734.493325;734.493325;"PS(12:0/20:1(11Z))";[M+H];C38H72NO10P;-3.33513e-3;-4.540707;734.496660;2 out of 4
734.493325;734.493325;"PS(13:0/19:1(9Z))";[M+H];C38H72NO10P;-3.33513e-3;-4.540707;734.496660;2 out of 4
734.493325;734.493325;"PS(14:1(9Z)/18:0)";[M+H];C38H72NO10P;-3.33513e-3;-4.540707;734.496660;2 out of 4
734.493325;734.493325;"PS(15:0/17:1(9Z))";[M+H];C38H72NO10P;-3.33513e-3;-4.540707;734.496660;2 out of 4
734.493325;734.493325;"PS(15:1(9Z)/17:0)";[M+H];C38H72NO10P;-3.33513e-3;-4.540707;734.496660;2 out of 4
734.493325;734.493325;"PS(16:1(9Z)/16:0)";[M+H];C38H72NO10P;-3.33513e-3;-4.540707;734.496660;2 out of 4
734.493325;734.493325;"PS(17:0/15:1(9Z))";[M+H];C38H72NO10P;-3.33513e-3;-4.540707;734.496660;2 out of 4
734.493325;734.493325;"PS(17:1(9Z)/15:0)";[M+H];C38H72NO10P;-3.33513e-3;-4.540707;734.496660;2 out of 4
734.493325;734.493325;"PS(18:0/14:1(9Z))";[M+H];C38H72NO10P;-3.33513e-3;-4.540707;734.496660;2 out of 4
734.493325;734.493325;"PS(19:1(9Z)/13:0)";[M+H];C38H72NO10P;-3.33513e-3;-4.540707;734.496660;2 out of 4
734.493325;734.493325;"PS(20:1(11Z)/12:0)";[M+H];C38H72NO10P;-3.33513e-3;-4.540707;734.496660;2 out of 4
734.493325;734.493325;"PS(18:1(9Z)/14:0)";[M+H];C38H72NO10P;-3.33513e-3;-4.540707;734.496660;2 out of 4
734.493325;734.493325;"PS(16:0/16:1(9Z))";[M+H];C38H72NO10P;-3.33513e-3;-4.540707;734.496660;2 out of 4
734.493325;734.493325;"PS(14:0/18:1(9Z))";[M+H];C38H72NO10P;-3.33513e-3;-4.540707;734.496660;2 out of 4
734.552738;734.552738;"GlcCer(d18:2(4E,8E)(9Me)/16:0)";[M+Na];C41H77NO8;-1.40042e-3;-1.906495;734.554138;1 out of 4
734.552738;734.552738;"GlcCer(d15:2(4E,6E)/20:0)";[M+Na];C41H77NO8;-1.40042e-3;-1.906495;734.554138;1 out of 4
734.565761;734.565761;"PC(10:0/22:0)";[M+H];C40H80NO8P;-3.67015e-3;-4.996328;734.569431;2 out of 4
734.565761;734.565761;"PC(11:0/21:0)";[M+H];C40H80NO8P;-3.67015e-3;-4.996328;734.569431;2 out of 4
734.565761;734.565761;"PC(12:0/20:0)";[M+H];C40H80NO8P;-3.67015e-3;-4.996328;734.569431;2 out of 4
734.565761;734.565761;"PC(13:0/19:0)";[M+H];C40H80NO8P;-3.67015e-3;-4.996328;734.569431;2 out of 4
734.565761;734.565761;"PC(14:0/18:0)";[M+H];C40H80NO8P;-3.67015e-3;-4.996328;734.569431;2 out of 4
734.565761;734.565761;"PC(15:0/17:0)";[M+H];C40H80NO8P;-3.67015e-3;-4.996328;734.569431;2 out of 4
734.565761;734.565761;"PC(16:0/16:0)";[M+H];C40H80NO8P;-3.67015e-3;-4.996328;734.569431;2 out of 4
734.565761;734.565761;"PC(17:0/15:0)";[M+H];C40H80NO8P;-3.67015e-3;-4.996328;734.569431;2 out of 4
734.565761;734.565761;"PC(18:0/14:0)";[M+H];C40H80NO8P;-3.67015e-3;-4.996328;734.569431;2 out of 4
734.565761;734.565761;"PC(19:0/13:0)";[M+H];C40H80NO8P;-3.67015e-3;-4.996328;734.569431;2 out of 4
734.565761;734.565761;"PC(20:0/12:0)";[M+H];C40H80NO8P;-3.67015e-3;-4.996328;734.569431;2 out of 4
734.565761;734.565761;"PC(21:0/11:0)";[M+H];C40H80NO8P;-3.67015e-3;-4.996328;734.569431;2 out of 4
734.565761;734.565761;"PC(22:0/10:0)";[M+H];C40H80NO8P;-3.67015e-3;-4.996328;734.569431;2 out of 4
734.565761;734.565761;"PC(9:0/23:0)";[M+H];C40H80NO8P;-3.67015e-3;-4.996328;734.569431;2 out of 4
734.565761;734.565761;"PE(19:0/16:0)";[M+H];C40H80NO8P;-3.67015e-3;-4.996328;734.569431;2 out of 4
734.565761;734.565761;"PE(16:0/19:0)";[M+H];C40H80NO8P;-3.67015e-3;-4.996328;734.569431;2 out of 4
734.565761;734.565761;"PE(18:0(10(R)Me)/16:0)";[M+H];C40H80NO8P;-3.67015e-3;-4.996328;734.569431;2 out of 4
734.565761;734.565761;"PE(13:0/22:0)";[M+H];C40H80NO8P;-3.67015e-3;-4.996328;734.569431;2 out of 4
734.565761;734.565761;"PE(14:0/21:0)";[M+H];C40H80NO8P;-3.67015e-3;-4.996328;734.569431;2 out of 4
734.565761;734.565761;"PE(15:0/20:0)";[M+H];C40H80NO8P;-3.67015e-3;-4.996328;734.569431;2 out of 4
734.565761;734.565761;"PE(18:0/17:0)";[M+H];C40H80NO8P;-3.67015e-3;-4.996328;734.569431;2 out of 4
734.565761;734.565761;"PE(20:0/15:0)";[M+H];C40H80NO8P;-3.67015e-3;-4.996328;734.569431;2 out of 4
734.565761;734.565761;"PE(22:0/13:0)";[M+H];C40H80NO8P;-3.67015e-3;-4.996328;734.569431;2 out of 4
734.565761;734.565761;"PE(21:0/14:0)";[M+H];C40H80NO8P;-3.67015e-3;-4.996328;734.569431;2 out of 4
734.565761;734.565761;"PE(17:0/18:0)";[M+H];C40H80NO8P;-3.67015e-3;-4.996328;734.569431;2 out of 4
735.569130;735.569130;"DG(16:0/16:1(9Z)/0:0)[iso2]";[M+NORHARMANE+H];C35H66O5;1.17979e-3;1.603914;735.567950;1 out of 4
735.569130;735.569130;"DG(12:0/20:1(11Z)/0:0)[iso2]";[M+NORHARMANE+H];C35H66O5;1.17979e-3;1.603914;735.567950;1 out of 4
735.569130;735.569130;"DG(14:0/18:1(9Z)/0:0)[iso2]";[M+NORHARMANE+H];C35H66O5;1.17979e-3;1.603914;735.567950;1 out of 4
735.569130;735.569130;"DG(14:1(9Z)/18:0/0:0)[iso2]";[M+NORHARMANE+H];C35H66O5;1.17979e-3;1.603914;735.567950;1 out of 4
735.569130;735.569130;"DG(15:0/17:1(9Z)/0:0)[iso2]";[M+NORHARMANE+H];C35H66O5;1.17979e-3;1.603914;735.567950;1 out of 4
735.569130;735.569130;"DG(15:1(9Z)/17:0/0:0)[iso2]";[M+NORHARMANE+H];C35H66O5;1.17979e-3;1.603914;735.567950;1 out of 4
736.572788;736.572788;"GlcCer(d15:1/20:0)";[M+Na];C41H79NO8;2.99951e-3;4.072271;736.569788;1 out of 4
737.447905;737.447905;"PG(22:0/0:0)";[M+NORHARMANE+H];C28H57O9P;-3.04003e-3;-4.122354;737.450945;1 out of 4
738.480557;738.480557;"PE(O-16:0/18:3(9Z,12Z,15Z))";[M+K];C39H74NO7P;-2.89034e-3;-3.913883;738.483447;3 out of 4
738.480557;738.480557;"PE(O-16:0/18:3(6Z,9Z,12Z))";[M+K];C39H74NO7P;-2.89034e-3;-3.913883;738.483447;3 out of 4
738.480557;738.480557;"PE(P-16:0/18:2(9Z,12Z))";[M+K];C39H74NO7P;-2.89034e-3;-3.913883;738.483447;3 out of 4
738.501124;738.501124;"PC(13:0/18:2(9Z,12Z))";[M+Na];C39H74NO8P;-3.30096e-3;-4.469788;738.504425;3 out of 4
738.501124;738.501124;"PC(14:0/17:2(9Z,12Z))";[M+Na];C39H74NO8P;-3.30096e-3;-4.469788;738.504425;3 out of 4
738.501124;738.501124;"PC(14:1(9Z)/17:1(9Z))";[M+Na];C39H74NO8P;-3.30096e-3;-4.469788;738.504425;3 out of 4
738.501124;738.501124;"PC(15:1(9Z)/16:1(9Z))";[M+Na];C39H74NO8P;-3.30096e-3;-4.469788;738.504425;3 out of 4
738.501124;738.501124;"PC(16:1(9Z)/15:1(9Z))";[M+Na];C39H74NO8P;-3.30096e-3;-4.469788;738.504425;3 out of 4
738.501124;738.501124;"PC(17:1(9Z)/14:1(9Z))";[M+Na];C39H74NO8P;-3.30096e-3;-4.469788;738.504425;3 out of 4
738.501124;738.501124;"PC(17:2(9Z,12Z)/14:0)";[M+Na];C39H74NO8P;-3.30096e-3;-4.469788;738.504425;3 out of 4
738.501124;738.501124;"PC(18:2(9Z,12Z)/13:0)";[M+Na];C39H74NO8P;-3.30096e-3;-4.469788;738.504425;3 out of 4
738.501124;738.501124;"PE(16:0/18:2(9Z,12Z))";[M+Na];C39H74NO8P;-3.30096e-3;-4.469788;738.504425;3 out of 4
738.501124;738.501124;"PE(12:0/22:2(13Z,16Z))";[M+Na];C39H74NO8P;-3.30096e-3;-4.469788;738.504425;3 out of 4
738.501124;738.501124;"PE(14:0/20:2(11Z,14Z))";[M+Na];C39H74NO8P;-3.30096e-3;-4.469788;738.504425;3 out of 4
738.501124;738.501124;"PE(14:1(9Z)/20:1(11Z))";[M+Na];C39H74NO8P;-3.30096e-3;-4.469788;738.504425;3 out of 4
738.501124;738.501124;"PE(15:1(9Z)/19:1(9Z))";[M+Na];C39H74NO8P;-3.30096e-3;-4.469788;738.504425;3 out of 4
738.501124;738.501124;"PE(17:0/17:2(9Z,12Z))";[M+Na];C39H74NO8P;-3.30096e-3;-4.469788;738.504425;3 out of 4
738.501124;738.501124;"PE(17:2(9Z,12Z)/17:0)";[M+Na];C39H74NO8P;-3.30096e-3;-4.469788;738.504425;3 out of 4
738.501124;738.501124;"PE(19:1(9Z)/15:1(9Z))";[M+Na];C39H74NO8P;-3.30096e-3;-4.469788;738.504425;3 out of 4
738.501124;738.501124;"PE(20:1(11Z)/14:1(9Z))";[M+Na];C39H74NO8P;-3.30096e-3;-4.469788;738.504425;3 out of 4
738.501124;738.501124;"PE(20:2(11Z,14Z)/14:0)";[M+Na];C39H74NO8P;-3.30096e-3;-4.469788;738.504425;3 out of 4
738.501124;738.501124;"PE(22:2(13Z,16Z)/12:0)";[M+Na];C39H74NO8P;-3.30096e-3;-4.469788;738.504425;3 out of 4
738.501124;738.501124;"PE(18:2(9Z,12Z)/16:0)";[M+Na];C39H74NO8P;-3.30096e-3;-4.469788;738.504425;3 out of 4
738.501124;738.501124;"PE(18:1(9Z)/16:1(9Z))";[M+Na];C39H74NO8P;-3.30096e-3;-4.469788;738.504425;3 out of 4
738.501124;738.501124;"PE(17:1(9Z)/17:1(9Z))";[M+Na];C39H74NO8P;-3.30096e-3;-4.469788;738.504425;3 out of 4
738.501124;738.501124;"PE(16:1(9Z)/18:1(9Z))";[M+Na];C39H74NO8P;-3.30096e-3;-4.469788;738.504425;3 out of 4
738.501124;738.501124;"PE(16:0(9Cp)/16:0(9Cp))";[M+Na];C39H74NO8P;-3.30096e-3;-4.469788;738.504425;3 out of 4
739.464135;739.464135;"SQDG(14:0/14:0)";[M+H];C37H70O12S;-1.93968e-3;-2.623082;739.466075;2 out of 4
739.464135;739.464135;"PA(18:0/18:2(9Z,12Z))";[M+K];C39H73O8P;-3.32793e-3;-4.500436;739.467463;2 out of 4
739.464135;739.464135;"PA(14:0/22:2(13Z,16Z))";[M+K];C39H73O8P;-3.32793e-3;-4.500436;739.467463;2 out of 4
739.464135;739.464135;"PA(14:1(9Z)/22:1(11Z))";[M+K];C39H73O8P;-3.32793e-3;-4.500436;739.467463;2 out of 4
739.464135;739.464135;"PA(16:0/20:2(11Z,14Z))";[M+K];C39H73O8P;-3.32793e-3;-4.500436;739.467463;2 out of 4
739.464135;739.464135;"PA(16:1(9Z)/20:1(11Z))";[M+K];C39H73O8P;-3.32793e-3;-4.500436;739.467463;2 out of 4
739.464135;739.464135;"PA(17:1(9Z)/19:1(9Z))";[M+K];C39H73O8P;-3.32793e-3;-4.500436;739.467463;2 out of 4
739.464135;739.464135;"PA(17:2(9Z,12Z)/19:0)";[M+K];C39H73O8P;-3.32793e-3;-4.500436;739.467463;2 out of 4
739.464135;739.464135;"PA(19:0/17:2(9Z,12Z))";[M+K];C39H73O8P;-3.32793e-3;-4.500436;739.467463;2 out of 4
739.464135;739.464135;"PA(19:1(9Z)/17:1(9Z))";[M+K];C39H73O8P;-3.32793e-3;-4.500436;739.467463;2 out of 4
739.464135;739.464135;"PA(20:1(11Z)/16:1(9Z))";[M+K];C39H73O8P;-3.32793e-3;-4.500436;739.467463;2 out of 4
739.464135;739.464135;"PA(20:2(11Z,14Z)/16:0)";[M+K];C39H73O8P;-3.32793e-3;-4.500436;739.467463;2 out of 4
739.464135;739.464135;"PA(22:1(11Z)/14:1(9Z))";[M+K];C39H73O8P;-3.32793e-3;-4.500436;739.467463;2 out of 4
739.464135;739.464135;"PA(22:2(13Z,16Z)/14:0)";[M+K];C39H73O8P;-3.32793e-3;-4.500436;739.467463;2 out of 4
739.464135;739.464135;"PA(18:2(9Z,12Z)/18:0)";[M+K];C39H73O8P;-3.32793e-3;-4.500436;739.467463;2 out of 4
739.464135;739.464135;"PA(18:1(9Z)/18:1(9Z))";[M+K];C39H73O8P;-3.32793e-3;-4.500436;739.467463;2 out of 4
739.511980;739.511980;"SM(d16:1/18:1)";[M+K];C39H77N2O6P;-3.10181e-3;-4.194389;739.515082;3 out of 4
739.511980;739.511980;"SM(d18:1/16:1)";[M+K];C39H77N2O6P;-3.10181e-3;-4.194389;739.515082;3 out of 4
739.511980;739.511980;"SM(d18:2/16:0)";[M+K];C39H77N2O6P;-3.10181e-3;-4.194389;739.515082;3 out of 4
739.511980;739.511980;"PE-Cer(d14:2(4E,6E)/23:0)";[M+K];C39H77N2O6P;-3.10181e-3;-4.194389;739.515082;3 out of 4
739.511980;739.511980;"PE-Cer(d15:2(4E,6E)/22:0)";[M+K];C39H77N2O6P;-3.10181e-3;-4.194389;739.515082;3 out of 4
739.511980;739.511980;"PE-Cer(d16:2(4E,6E)/21:0)";[M+K];C39H77N2O6P;-3.10181e-3;-4.194389;739.515082;3 out of 4
739.568908;739.568908;"SM(d18:1/17:0)";[M+Na];C40H81N2O6P;-3.53694e-3;-4.782415;739.572445;1 out of 4
739.568908;739.568908;"SM(d19:1/16:0)";[M+Na];C40H81N2O6P;-3.53694e-3;-4.782415;739.572445;1 out of 4
739.568908;739.568908;"PE-Cer(d14:1(4E)/24:0)";[M+Na];C40H81N2O6P;-3.53694e-3;-4.782415;739.572445;1 out of 4
739.568908;739.568908;"PE-Cer(d16:1(4E)/22:0)";[M+Na];C40H81N2O6P;-3.53694e-3;-4.782415;739.572445;1 out of 4
740.443720;740.443720;"PC(22:4(7Z,10Z,13Z,16Z)/0:0)";[M+NORHARMANE+H];C30H54NO7P;3.00530e-3;4.058802;740.440715;1 out of 4
740.443720;740.443720;"PS(13:0/18:2(9Z,12Z))";[M+Na];C37H68NO10P;-3.58401e-3;-4.840326;740.447304;1 out of 4
740.443720;740.443720;"PS(14:0/17:2(9Z,12Z))";[M+Na];C37H68NO10P;-3.58401e-3;-4.840326;740.447304;1 out of 4
740.443720;740.443720;"PS(14:1(9Z)/17:1(9Z))";[M+Na];C37H68NO10P;-3.58401e-3;-4.840326;740.447304;1 out of 4
740.443720;740.443720;"PS(15:1(9Z)/16:1(9Z))";[M+Na];C37H68NO10P;-3.58401e-3;-4.840326;740.447304;1 out of 4
740.443720;740.443720;"PS(16:1(9Z)/15:1(9Z))";[M+Na];C37H68NO10P;-3.58401e-3;-4.840326;740.447304;1 out of 4
740.443720;740.443720;"PS(17:1(9Z)/14:1(9Z))";[M+Na];C37H68NO10P;-3.58401e-3;-4.840326;740.447304;1 out of 4
740.443720;740.443720;"PS(17:2(9Z,12Z)/14:0)";[M+Na];C37H68NO10P;-3.58401e-3;-4.840326;740.447304;1 out of 4
740.443720;740.443720;"PS(18:2(9Z,12Z)/13:0)";[M+Na];C37H68NO10P;-3.58401e-3;-4.840326;740.447304;1 out of 4
740.480939;740.480939;"PS(P-16:0/16:1(9Z))";[M+Na];C38H72NO9P;-2.75051e-3;-3.714483;740.483690;2 out of 4
740.480939;740.480939;"PS(P-18:0/14:1(9Z))";[M+Na];C38H72NO9P;-2.75051e-3;-3.714483;740.483690;2 out of 4
740.517335;740.517335;"PC(16:0/15:1(14))";[M+Na];C39H76NO8P;-2.74002e-3;-3.700132;740.520075;3 out of 4
740.517335;740.517335;"PC(17:0/14:1(9Z))";[M+Na];C39H76NO8P;-2.74002e-3;-3.700132;740.520075;3 out of 4
740.517335;740.517335;"PC(15:0/16:1(9Z))";[M+Na];C39H76NO8P;-2.74002e-3;-3.700132;740.520075;3 out of 4
740.517335;740.517335;"PC(12:0/19:1(9Z))";[M+Na];C39H76NO8P;-2.74002e-3;-3.700132;740.520075;3 out of 4
740.517335;740.517335;"PC(13:0/18:1(9Z))";[M+Na];C39H76NO8P;-2.74002e-3;-3.700132;740.520075;3 out of 4
740.517335;740.517335;"PC(14:0/17:1(9Z))";[M+Na];C39H76NO8P;-2.74002e-3;-3.700132;740.520075;3 out of 4
740.517335;740.517335;"PC(14:1(9Z)/17:0)";[M+Na];C39H76NO8P;-2.74002e-3;-3.700132;740.520075;3 out of 4
740.517335;740.517335;"PC(15:1(9Z)/16:0)";[M+Na];C39H76NO8P;-2.74002e-3;-3.700132;740.520075;3 out of 4
740.517335;740.517335;"PC(16:0/15:1(9Z))";[M+Na];C39H76NO8P;-2.74002e-3;-3.700132;740.520075;3 out of 4
740.517335;740.517335;"PC(16:1(9Z)/15:0)";[M+Na];C39H76NO8P;-2.74002e-3;-3.700132;740.520075;3 out of 4
740.517335;740.517335;"PC(17:1(9Z)/14:0)";[M+Na];C39H76NO8P;-2.74002e-3;-3.700132;740.520075;3 out of 4
740.517335;740.517335;"PC(18:1(9Z)/13:0)";[M+Na];C39H76NO8P;-2.74002e-3;-3.700132;740.520075;3 out of 4
740.517335;740.517335;"PC(19:1(9Z)/12:0)";[M+Na];C39H76NO8P;-2.74002e-3;-3.700132;740.520075;3 out of 4
740.517335;740.517335;"PE(16:0/18:1(9Z))";[M+Na];C39H76NO8P;-2.74002e-3;-3.700132;740.520075;3 out of 4
740.517335;740.517335;"PE(16:0/18:1(11Z))";[M+Na];C39H76NO8P;-2.74002e-3;-3.700132;740.520075;3 out of 4
740.517335;740.517335;"PE(18:1(9Z)/16:0)";[M+Na];C39H76NO8P;-2.74002e-3;-3.700132;740.520075;3 out of 4
740.517335;740.517335;"PE(16:0/18:1(7Z))";[M+Na];C39H76NO8P;-2.74002e-3;-3.700132;740.520075;3 out of 4
740.517335;740.517335;"PE(12:0/22:1(11Z))";[M+Na];C39H76NO8P;-2.74002e-3;-3.700132;740.520075;3 out of 4
740.517335;740.517335;"PE(14:0/20:1(11Z))";[M+Na];C39H76NO8P;-2.74002e-3;-3.700132;740.520075;3 out of 4
740.517335;740.517335;"PE(14:1(9Z)/20:0)";[M+Na];C39H76NO8P;-2.74002e-3;-3.700132;740.520075;3 out of 4
740.517335;740.517335;"PE(15:0/19:1(9Z))";[M+Na];C39H76NO8P;-2.74002e-3;-3.700132;740.520075;3 out of 4
740.517335;740.517335;"PE(15:1(9Z)/19:0)";[M+Na];C39H76NO8P;-2.74002e-3;-3.700132;740.520075;3 out of 4
740.517335;740.517335;"PE(16:1(9Z)/18:0)";[M+Na];C39H76NO8P;-2.74002e-3;-3.700132;740.520075;3 out of 4
740.517335;740.517335;"PE(17:0/17:1(9Z))";[M+Na];C39H76NO8P;-2.74002e-3;-3.700132;740.520075;3 out of 4
740.517335;740.517335;"PE(17:1(9Z)/17:0)";[M+Na];C39H76NO8P;-2.74002e-3;-3.700132;740.520075;3 out of 4
740.517335;740.517335;"PE(19:0/15:1(9Z))";[M+Na];C39H76NO8P;-2.74002e-3;-3.700132;740.520075;3 out of 4
740.517335;740.517335;"PE(19:1(9Z)/15:0)";[M+Na];C39H76NO8P;-2.74002e-3;-3.700132;740.520075;3 out of 4
740.517335;740.517335;"PE(20:0/14:1(9Z))";[M+Na];C39H76NO8P;-2.74002e-3;-3.700132;740.520075;3 out of 4
740.517335;740.517335;"PE(20:1(11Z)/14:0)";[M+Na];C39H76NO8P;-2.74002e-3;-3.700132;740.520075;3 out of 4
740.517335;740.517335;"PE(22:1(11Z)/12:0)";[M+Na];C39H76NO8P;-2.74002e-3;-3.700132;740.520075;3 out of 4
740.517335;740.517335;"PE(18:0/16:1(9Z))";[M+Na];C39H76NO8P;-2.74002e-3;-3.700132;740.520075;3 out of 4
740.553734;740.553734;"PC(O-14:0/18:1(9Z))";[M+Na];C40H80NO7P;-2.72653e-3;-3.681731;740.556461;3 out of 4
740.553734;740.553734;"PC(O-16:0/16:1(9Z))";[M+Na];C40H80NO7P;-2.72653e-3;-3.681731;740.556461;3 out of 4
740.553734;740.553734;"PC(O-18:0/14:1(9Z))";[M+Na];C40H80NO7P;-2.72653e-3;-3.681731;740.556461;3 out of 4
740.553734;740.553734;"PC(P-16:0/16:0)";[M+Na];C40H80NO7P;-2.72653e-3;-3.681731;740.556461;3 out of 4
740.553734;740.553734;"PC(P-18:0/14:0)";[M+Na];C40H80NO7P;-2.72653e-3;-3.681731;740.556461;3 out of 4
740.553734;740.553734;"PC(P-20:0/12:0)";[M+Na];C40H80NO7P;-2.72653e-3;-3.681731;740.556461;3 out of 4
740.553734;740.553734;"PE(O-16:0/19:1(9Z))";[M+Na];C40H80NO7P;-2.72653e-3;-3.681731;740.556461;3 out of 4
740.553734;740.553734;"PE(O-18:0/17:1(9Z))";[M+Na];C40H80NO7P;-2.72653e-3;-3.681731;740.556461;3 out of 4
740.553734;740.553734;"PE(O-20:0/15:1(9Z))";[M+Na];C40H80NO7P;-2.72653e-3;-3.681731;740.556461;3 out of 4
740.553734;740.553734;"PE(P-16:0/19:0)";[M+Na];C40H80NO7P;-2.72653e-3;-3.681731;740.556461;3 out of 4
740.553734;740.553734;"PE(P-18:0/17:0)";[M+Na];C40H80NO7P;-2.72653e-3;-3.681731;740.556461;3 out of 4
740.553734;740.553734;"PE(P-20:0/15:0)";[M+Na];C40H80NO7P;-2.72653e-3;-3.681731;740.556461;3 out of 4
741.527085;741.527085;"SM(d18:1/16:0)";[M+K];C39H79N2O6P;-3.64688e-3;-4.918040;741.530732;2 out of 4
741.527085;741.527085;"SM(d16:1/18:0)";[M+K];C39H79N2O6P;-3.64688e-3;-4.918040;741.530732;2 out of 4
741.527085;741.527085;"SM(d17:1/17:0)";[M+K];C39H79N2O6P;-3.64688e-3;-4.918040;741.530732;2 out of 4
741.527085;741.527085;"PE-Cer(d14:1(4E)/23:0)";[M+K];C39H79N2O6P;-3.64688e-3;-4.918040;741.530732;2 out of 4
741.527085;741.527085;"PE-Cer(d15:1(4E)/22:0)";[M+K];C39H79N2O6P;-3.64688e-3;-4.918040;741.530732;2 out of 4
741.527085;741.527085;"PE-Cer(d16:1(4E)/21:0)";[M+K];C39H79N2O6P;-3.64688e-3;-4.918040;741.530732;2 out of 4
742.475555;742.475555;"PC(12:0/18:1(9Z))";[M+K];C38H74NO8P;-2.80696e-3;-3.780525;742.478362;3 out of 4
742.475555;742.475555;"PC(14:0/16:1(9Z))";[M+K];C38H74NO8P;-2.80696e-3;-3.780525;742.478362;3 out of 4
742.475555;742.475555;"PC(13:0/17:1(9Z))";[M+K];C38H74NO8P;-2.80696e-3;-3.780525;742.478362;3 out of 4
742.475555;742.475555;"PC(14:1(9Z)/16:0)";[M+K];C38H74NO8P;-2.80696e-3;-3.780525;742.478362;3 out of 4
742.475555;742.475555;"PC(15:0/15:1(9Z))";[M+K];C38H74NO8P;-2.80696e-3;-3.780525;742.478362;3 out of 4
742.475555;742.475555;"PC(15:1(9Z)/15:0)";[M+K];C38H74NO8P;-2.80696e-3;-3.780525;742.478362;3 out of 4
742.475555;742.475555;"PC(16:0/14:1(9Z))";[M+K];C38H74NO8P;-2.80696e-3;-3.780525;742.478362;3 out of 4
742.475555;742.475555;"PC(16:1(9Z)/14:0)";[M+K];C38H74NO8P;-2.80696e-3;-3.780525;742.478362;3 out of 4
742.475555;742.475555;"PC(17:1(9Z)/13:0)";[M+K];C38H74NO8P;-2.80696e-3;-3.780525;742.478362;3 out of 4
742.475555;742.475555;"PC(18:1(9Z)/12:0)";[M+K];C38H74NO8P;-2.80696e-3;-3.780525;742.478362;3 out of 4
742.475555;742.475555;"PE(13:0/20:1(11Z))";[M+K];C38H74NO8P;-2.80696e-3;-3.780525;742.478362;3 out of 4
742.475555;742.475555;"PE(14:0/19:1(9Z))";[M+K];C38H74NO8P;-2.80696e-3;-3.780525;742.478362;3 out of 4
742.475555;742.475555;"PE(14:1(9Z)/19:0)";[M+K];C38H74NO8P;-2.80696e-3;-3.780525;742.478362;3 out of 4
742.475555;742.475555;"PE(15:0/18:1(9Z))";[M+K];C38H74NO8P;-2.80696e-3;-3.780525;742.478362;3 out of 4
742.475555;742.475555;"PE(15:1(9Z)/18:0)";[M+K];C38H74NO8P;-2.80696e-3;-3.780525;742.478362;3 out of 4
742.475555;742.475555;"PE(16:1(9Z)/17:0)";[M+K];C38H74NO8P;-2.80696e-3;-3.780525;742.478362;3 out of 4
742.475555;742.475555;"PE(17:0/16:1(9Z))";[M+K];C38H74NO8P;-2.80696e-3;-3.780525;742.478362;3 out of 4
742.475555;742.475555;"PE(17:1(9Z)/16:0)";[M+K];C38H74NO8P;-2.80696e-3;-3.780525;742.478362;3 out of 4
742.475555;742.475555;"PE(18:0/15:1(9Z))";[M+K];C38H74NO8P;-2.80696e-3;-3.780525;742.478362;3 out of 4
742.475555;742.475555;"PE(18:1(9Z)/15:0)";[M+K];C38H74NO8P;-2.80696e-3;-3.780525;742.478362;3 out of 4
742.475555;742.475555;"PE(19:0/14:1(9Z))";[M+K];C38H74NO8P;-2.80696e-3;-3.780525;742.478362;3 out of 4
742.475555;742.475555;"PE(19:1(9Z)/14:0)";[M+K];C38H74NO8P;-2.80696e-3;-3.780525;742.478362;3 out of 4
742.475555;742.475555;"PE(20:1(11Z)/13:0)";[M+K];C38H74NO8P;-2.80696e-3;-3.780525;742.478362;3 out of 4
742.475555;742.475555;"PE(16:0/17:1(9Z))";[M+K];C38H74NO8P;-2.80696e-3;-3.780525;742.478362;3 out of 4
742.475555;742.475555;"PE(16:0/16:0(9Cp))";[M+K];C38H74NO8P;-2.80696e-3;-3.780525;742.478362;3 out of 4
742.498009;742.498009;"PS(O-16:0/16:1(9Z))";[M+Na];C38H74NO9P;-1.33058e-3;-1.792026;742.499340;1 out of 4
742.498009;742.498009;"PS(O-18:0/14:1(9Z))";[M+Na];C38H74NO9P;-1.33058e-3;-1.792026;742.499340;1 out of 4
742.498009;742.498009;"PS(P-16:0/16:0)";[M+Na];C38H74NO9P;-1.33058e-3;-1.792026;742.499340;1 out of 4
742.498009;742.498009;"PS(P-18:0/14:0)";[M+Na];C38H74NO9P;-1.33058e-3;-1.792026;742.499340;1 out of 4
742.498009;742.498009;"PS(P-20:0/12:0)";[M+Na];C38H74NO9P;-1.33058e-3;-1.792026;742.499340;1 out of 4
742.568706;742.568706;"PC(O-14:0/18:0)";[M+Na];C40H82NO7P;-3.40459e-3;-4.584867;742.572111;3 out of 4
742.568706;742.568706;"PC(O-16:0/16:0)";[M+Na];C40H82NO7P;-3.40459e-3;-4.584867;742.572111;3 out of 4
742.568706;742.568706;"PC(O-18:0/14:0)";[M+Na];C40H82NO7P;-3.40459e-3;-4.584867;742.572111;3 out of 4
742.568706;742.568706;"PC(O-20:0/12:0)";[M+Na];C40H82NO7P;-3.40459e-3;-4.584867;742.572111;3 out of 4
742.568706;742.568706;"PE(O-18:0/17:0)";[M+Na];C40H82NO7P;-3.40459e-3;-4.584867;742.572111;3 out of 4
742.568706;742.568706;"PE(O-20:0/15:0)";[M+Na];C40H82NO7P;-3.40459e-3;-4.584867;742.572111;3 out of 4
742.568706;742.568706;"PE(O-16:0/19:0)";[M+Na];C40H82NO7P;-3.40459e-3;-4.584867;742.572111;3 out of 4
743.534021;743.534021;"PA(O-16:0/21:0)";[M+K];C40H81O7P;-1.12756e-3;-1.516488;743.535149;3 out of 4
743.534021;743.534021;"PA(O-18:0/19:0)";[M+K];C40H81O7P;-1.12756e-3;-1.516488;743.535149;3 out of 4
743.534021;743.534021;"PA(O-20:0/17:0)";[M+K];C40H81O7P;-1.12756e-3;-1.516488;743.535149;3 out of 4
743.534021;743.534021;"DG(13:0/20:4(5Z,8Z,11Z,14Z)/0:0)[iso2]";[M+NORHARMANE+H];C36H62O5;-2.62908e-3;-3.535917;743.536650;1 out of 4
743.534021;743.534021;"DG(15:1(9Z)/18:3(9Z,12Z,15Z)/0:0)[iso2]";[M+NORHARMANE+H];C36H62O5;-2.62908e-3;-3.535917;743.536650;1 out of 4
743.534021;743.534021;Cholesteryl 11-hydroperoxy-eicosatetraenoate;[M+K];C47H76O4;-3.49691e-3;-4.703074;743.537518;2 out of 4
743.543195;743.543195;"SM(d18:0/16:0)";[M+K];C39H81N2O6P;-3.18694e-3;-4.286137;743.546382;3 out of 4
743.543195;743.543195;"SM(d16:0/18:0)";[M+K];C39H81N2O6P;-3.18694e-3;-4.286137;743.546382;3 out of 4
743.572385;743.572385;Mayolene-19;[M+NORHARMANE+H];C37H66O4;-6.50592e-4;-0.874954;743.573036;2 out of 4
743.572385;743.572385;2-Htcptmn;[M+Na];C51H76O2;-1.36667e-3;-1.837978;743.573752;2 out of 4
744.490143;744.490143;"PE(P-16:0/20:5(5Z,8Z,11Z,14Z,17Z))";[M+Na];C41H72NO7P;-3.71727e-3;-4.993022;744.493860;1 out of 4
744.529443;744.529443;"PC(O-16:0/15:0)";[M+K];C39H80NO7P;-9.54530e-4;-1.282056;744.530398;1 out of 4
744.529443;744.529443;"PC(O-18:0/13:0)";[M+K];C39H80NO7P;-9.54530e-4;-1.282056;744.530398;1 out of 4
744.529443;744.529443;"PE(O-20:0/14:0)";[M+K];C39H80NO7P;-9.54530e-4;-1.282056;744.530398;1 out of 4
744.529443;744.529443;"PE(O-18:0/16:0)";[M+K];C39H80NO7P;-9.54530e-4;-1.282056;744.530398;1 out of 4
744.529443;744.529443;"PE(O-16:0/18:0)";[M+K];C39H80NO7P;-9.54530e-4;-1.282056;744.530398;1 out of 4
744.550348;744.550348;"PC(15:0/18:2(9Z,12Z))";[M+H];C41H78NO8P;-3.43309e-3;-4.610931;744.553781;2 out of 4
744.550348;744.550348;"PC(13:0/20:2(11Z,14Z))";[M+H];C41H78NO8P;-3.43309e-3;-4.610931;744.553781;2 out of 4
744.550348;744.550348;"PC(14:1(9Z)/19:1(9Z))";[M+H];C41H78NO8P;-3.43309e-3;-4.610931;744.553781;2 out of 4
744.550348;744.550348;"PC(15:1(9Z)/18:1(9Z))";[M+H];C41H78NO8P;-3.43309e-3;-4.610931;744.553781;2 out of 4
744.550348;744.550348;"PC(16:0/17:2(9Z,12Z))";[M+H];C41H78NO8P;-3.43309e-3;-4.610931;744.553781;2 out of 4
744.550348;744.550348;"PC(16:1(9Z)/17:1(9Z))";[M+H];C41H78NO8P;-3.43309e-3;-4.610931;744.553781;2 out of 4
744.550348;744.550348;"PC(17:1(9Z)/16:1(9Z))";[M+H];C41H78NO8P;-3.43309e-3;-4.610931;744.553781;2 out of 4
744.550348;744.550348;"PC(17:2(9Z,12Z)/16:0)";[M+H];C41H78NO8P;-3.43309e-3;-4.610931;744.553781;2 out of 4
744.550348;744.550348;"PC(18:1(9Z)/15:1(9Z))";[M+H];C41H78NO8P;-3.43309e-3;-4.610931;744.553781;2 out of 4
744.550348;744.550348;"PC(18:2(9Z,12Z)/15:0)";[M+H];C41H78NO8P;-3.43309e-3;-4.610931;744.553781;2 out of 4
744.550348;744.550348;"PC(19:1(9Z)/14:1(9Z))";[M+H];C41H78NO8P;-3.43309e-3;-4.610931;744.553781;2 out of 4
744.550348;744.550348;"PC(20:2(11Z,14Z)/13:0)";[M+H];C41H78NO8P;-3.43309e-3;-4.610931;744.553781;2 out of 4
744.550348;744.550348;"PE(18:1(9E)/18:1(9E))";[M+H];C41H78NO8P;-3.43309e-3;-4.610931;744.553781;2 out of 4
744.550348;744.550348;"PE(18:0/18:2(9Z,12Z))";[M+H];C41H78NO8P;-3.43309e-3;-4.610931;744.553781;2 out of 4
744.550348;744.550348;"PE(18:1(9Z)/18:1(9Z))";[M+H];C41H78NO8P;-3.43309e-3;-4.610931;744.553781;2 out of 4
744.550348;744.550348;"PE(18:1(6Z)/18:1(6Z))";[M+H];C41H78NO8P;-3.43309e-3;-4.610931;744.553781;2 out of 4
744.550348;744.550348;"PE(14:0/22:2(13Z,16Z))";[M+H];C41H78NO8P;-3.43309e-3;-4.610931;744.553781;2 out of 4
744.550348;744.550348;"PE(14:1(9Z)/22:1(11Z))";[M+H];C41H78NO8P;-3.43309e-3;-4.610931;744.553781;2 out of 4
744.550348;744.550348;"PE(16:0/20:2(11Z,14Z))";[M+H];C41H78NO8P;-3.43309e-3;-4.610931;744.553781;2 out of 4
744.550348;744.550348;"PE(16:1(9Z)/20:1(11Z))";[M+H];C41H78NO8P;-3.43309e-3;-4.610931;744.553781;2 out of 4
744.550348;744.550348;"PE(17:1(9Z)/19:1(9Z))";[M+H];C41H78NO8P;-3.43309e-3;-4.610931;744.553781;2 out of 4
744.550348;744.550348;"PE(17:2(9Z,12Z)/19:0)";[M+H];C41H78NO8P;-3.43309e-3;-4.610931;744.553781;2 out of 4
744.550348;744.550348;"PE(19:0/17:2(9Z,12Z))";[M+H];C41H78NO8P;-3.43309e-3;-4.610931;744.553781;2 out of 4
744.550348;744.550348;"PE(19:1(9Z)/17:1(9Z))";[M+H];C41H78NO8P;-3.43309e-3;-4.610931;744.553781;2 out of 4
744.550348;744.550348;"PE(20:1(11Z)/16:1(9Z))";[M+H];C41H78NO8P;-3.43309e-3;-4.610931;744.553781;2 out of 4
744.550348;744.550348;"PE(20:2(11Z,14Z)/16:0)";[M+H];C41H78NO8P;-3.43309e-3;-4.610931;744.553781;2 out of 4
744.550348;744.550348;"PE(22:1(11Z)/14:1(9Z))";[M+H];C41H78NO8P;-3.43309e-3;-4.610931;744.553781;2 out of 4
744.550348;744.550348;"PE(22:2(13Z,16Z)/14:0)";[M+H];C41H78NO8P;-3.43309e-3;-4.610931;744.553781;2 out of 4
744.550348;744.550348;"PE(18:2(9Z,12Z)/18:0)";[M+H];C41H78NO8P;-3.43309e-3;-4.610931;744.553781;2 out of 4
744.550348;744.550348;"PE(18:0(11Cp)/16:0(9Cp))";[M+H];C41H78NO8P;-3.43309e-3;-4.610931;744.553781;2 out of 4
744.992151;744.992151;"2,2,11,13,15,16-hexachloro-docosane-1,14-disulfate";[M+K];C22H40Cl6O8S2;-5.82320e-4;-0.781645;744.992733;1 out of 4
744.992151;744.992151;(+)-Danicalipin A;[M+K];C22H40O8S2Cl6;-5.82320e-4;-0.781645;744.992733;1 out of 4
745.493997;745.493997;"PA(P-16:0/12:0)";[M+NORHARMANE+H];C31H61O7P;1.58108e-3;2.120851;745.492416;1 out of 4
745.493997;745.493997;Unknown Name;[M+NORHARMANE+H];C38H56O4;-7.88272e-4;-1.057381;745.494785;302 out of 4
745.554365;745.554365;"DG(16:1(9Z)/17:2(9Z,12Z)/0:0)[iso2]";[M+NORHARMANE+H];C36H64O5;2.06485e-3;2.769560;745.552300;1 out of 4
745.554365;745.554365;"DG(13:0/20:3(8Z,11Z,14Z)/0:0)[iso2]";[M+NORHARMANE+H];C36H64O5;2.06485e-3;2.769560;745.552300;1 out of 4
745.554365;745.554365;"DG(15:0/18:3(9Z,12Z,15Z)/0:0)[iso2]";[M+NORHARMANE+H];C36H64O5;2.06485e-3;2.769560;745.552300;1 out of 4
745.554365;745.554365;"DG(15:1(9Z)/18:2(9Z,12Z)/0:0)[iso2]";[M+NORHARMANE+H];C36H64O5;2.06485e-3;2.769560;745.552300;1 out of 4
745.590422;745.590422;phenolic phthiocerol;[M+NORHARMANE+H];C37H68O4;1.73634e-3;2.328823;745.588686;3 out of 4
746.490474;746.490474;"PC(22:1(11Z)/0:0)";[M+NORHARMANE+H];C30H60NO7P;2.80911e-3;3.763103;746.487665;1 out of 4
746.490474;746.490474;"PC(22:1(13Z)/0:0)";[M+NORHARMANE+H];C30H60NO7P;2.80911e-3;3.763103;746.487665;1 out of 4
746.506446;746.506446;"PE(O-16:0/20:5(5Z,8Z,11Z,14Z,17Z))";[M+Na];C41H74NO7P;-3.06434e-3;-4.104888;746.509510;2 out of 4
746.506446;746.506446;"PE(P-18:0/18:4(6Z,9Z,12Z,15Z))";[M+Na];C41H74NO7P;-3.06434e-3;-4.104888;746.509510;2 out of 4
746.506446;746.506446;"PE(P-16:0/20:4(5Z,8Z,11Z,14Z))";[M+Na];C41H74NO7P;-3.06434e-3;-4.104888;746.509510;2 out of 4
746.566137;746.566137;"PC(15:0/18:1(11Z))";[M+H];C41H80NO8P;-3.29415e-3;-4.412383;746.569431;3 out of 4
746.566137;746.566137;"PC(16:0/17:1(9Z))";[M+H];C41H80NO8P;-3.29415e-3;-4.412383;746.569431;3 out of 4
746.566137;746.566137;"PC(13:0/20:1(11Z))";[M+H];C41H80NO8P;-3.29415e-3;-4.412383;746.569431;3 out of 4
746.566137;746.566137;"PC(14:0/19:1(9Z))";[M+H];C41H80NO8P;-3.29415e-3;-4.412383;746.569431;3 out of 4
746.566137;746.566137;"PC(14:1(9Z)/19:0)";[M+H];C41H80NO8P;-3.29415e-3;-4.412383;746.569431;3 out of 4
746.566137;746.566137;"PC(15:0/18:1(9Z))";[M+H];C41H80NO8P;-3.29415e-3;-4.412383;746.569431;3 out of 4
746.566137;746.566137;"PC(15:1(9Z)/18:0)";[M+H];C41H80NO8P;-3.29415e-3;-4.412383;746.569431;3 out of 4
746.566137;746.566137;"PC(16:1(9Z)/17:0)";[M+H];C41H80NO8P;-3.29415e-3;-4.412383;746.569431;3 out of 4
746.566137;746.566137;"PC(17:0/16:1(9Z))";[M+H];C41H80NO8P;-3.29415e-3;-4.412383;746.569431;3 out of 4
746.566137;746.566137;"PC(17:1(9Z)/16:0)";[M+H];C41H80NO8P;-3.29415e-3;-4.412383;746.569431;3 out of 4
746.566137;746.566137;"PC(18:0/15:1(9Z))";[M+H];C41H80NO8P;-3.29415e-3;-4.412383;746.569431;3 out of 4
746.566137;746.566137;"PC(18:1(9Z)/15:0)";[M+H];C41H80NO8P;-3.29415e-3;-4.412383;746.569431;3 out of 4
746.566137;746.566137;"PC(19:0/14:1(9Z))";[M+H];C41H80NO8P;-3.29415e-3;-4.412383;746.569431;3 out of 4
746.566137;746.566137;"PC(19:1(9Z)/14:0)";[M+H];C41H80NO8P;-3.29415e-3;-4.412383;746.569431;3 out of 4
746.566137;746.566137;"PC(20:1(11Z)/13:0)";[M+H];C41H80NO8P;-3.29415e-3;-4.412383;746.569431;3 out of 4
746.566137;746.566137;"PE(18:0/18:1(9Z))";[M+H];C41H80NO8P;-3.29415e-3;-4.412383;746.569431;3 out of 4
746.566137;746.566137;"PE(18:1(9Z)/18:0)";[M+H];C41H80NO8P;-3.29415e-3;-4.412383;746.569431;3 out of 4
746.566137;746.566137;"PE(18:0/18:1(7Z))";[M+H];C41H80NO8P;-3.29415e-3;-4.412383;746.569431;3 out of 4
746.566137;746.566137;"PE(16:0/20:1(11Z))";[M+H];C41H80NO8P;-3.29415e-3;-4.412383;746.569431;3 out of 4
746.566137;746.566137;"PE-NMe2(16:0/18:1(9Z))";[M+H];C41H80NO8P;-3.29415e-3;-4.412383;746.569431;3 out of 4
746.566137;746.566137;"PE-NMe2(18:1(9Z)/16:0)";[M+H];C41H80NO8P;-3.29415e-3;-4.412383;746.569431;3 out of 4
746.566137;746.566137;"PE(14:0/22:1(11Z))";[M+H];C41H80NO8P;-3.29415e-3;-4.412383;746.569431;3 out of 4
746.566137;746.566137;"PE(14:1(9Z)/22:0)";[M+H];C41H80NO8P;-3.29415e-3;-4.412383;746.569431;3 out of 4
746.566137;746.566137;"PE(15:1(9Z)/21:0)";[M+H];C41H80NO8P;-3.29415e-3;-4.412383;746.569431;3 out of 4
746.566137;746.566137;"PE(16:1(9Z)/20:0)";[M+H];C41H80NO8P;-3.29415e-3;-4.412383;746.569431;3 out of 4
746.566137;746.566137;"PE(17:0/19:1(9Z))";[M+H];C41H80NO8P;-3.29415e-3;-4.412383;746.569431;3 out of 4
746.566137;746.566137;"PE(17:1(9Z)/19:0)";[M+H];C41H80NO8P;-3.29415e-3;-4.412383;746.569431;3 out of 4
746.566137;746.566137;"PE(19:0/17:1(9Z))";[M+H];C41H80NO8P;-3.29415e-3;-4.412383;746.569431;3 out of 4
746.566137;746.566137;"PE(19:1(9Z)/17:0)";[M+H];C41H80NO8P;-3.29415e-3;-4.412383;746.569431;3 out of 4
746.566137;746.566137;"PE(20:0/16:1(9Z))";[M+H];C41H80NO8P;-3.29415e-3;-4.412383;746.569431;3 out of 4
746.566137;746.566137;"PE(20:1(11Z)/16:0)";[M+H];C41H80NO8P;-3.29415e-3;-4.412383;746.569431;3 out of 4
746.566137;746.566137;"PE(21:0/15:1(9Z))";[M+H];C41H80NO8P;-3.29415e-3;-4.412383;746.569431;3 out of 4
746.566137;746.566137;"PE(22:0/14:1(9Z))";[M+H];C41H80NO8P;-3.29415e-3;-4.412383;746.569431;3 out of 4
746.566137;746.566137;"PE(22:1(11Z)/14:0)";[M+H];C41H80NO8P;-3.29415e-3;-4.412383;746.569431;3 out of 4
746.602293;746.602293;"PC(O-16:0/18:1(9Z))";[M+H];C42H84NO7P;-3.52366e-3;-4.719569;746.605817;3 out of 4
746.602293;746.602293;"PC(O-18:0/16:1(9Z))";[M+H];C42H84NO7P;-3.52366e-3;-4.719569;746.605817;3 out of 4
746.602293;746.602293;"PC(O-18:1(9Z)/16:0)";[M+H];C42H84NO7P;-3.52366e-3;-4.719569;746.605817;3 out of 4
746.602293;746.602293;"PC(O-20:0/14:1(9Z))";[M+H];C42H84NO7P;-3.52366e-3;-4.719569;746.605817;3 out of 4
746.602293;746.602293;"PC(O-16:1(9Z)/18:0)";[M+H];C42H84NO7P;-3.52366e-3;-4.719569;746.605817;3 out of 4
746.602293;746.602293;"PC(O-18:1(11Z)/16:0)";[M+H];C42H84NO7P;-3.52366e-3;-4.719569;746.605817;3 out of 4
746.602293;746.602293;"PC(P-16:0/18:0)";[M+H];C42H84NO7P;-3.52366e-3;-4.719569;746.605817;3 out of 4
746.602293;746.602293;"PC(P-18:0/16:0)";[M+H];C42H84NO7P;-3.52366e-3;-4.719569;746.605817;3 out of 4
746.602293;746.602293;"PC(P-20:0/14:0)";[M+H];C42H84NO7P;-3.52366e-3;-4.719569;746.605817;3 out of 4
746.602293;746.602293;"PE(O-18:0/19:1(9Z))";[M+H];C42H84NO7P;-3.52366e-3;-4.719569;746.605817;3 out of 4
746.602293;746.602293;"PE(O-20:0/17:1(9Z))";[M+H];C42H84NO7P;-3.52366e-3;-4.719569;746.605817;3 out of 4
746.602293;746.602293;"PE(P-16:0/21:0)";[M+H];C42H84NO7P;-3.52366e-3;-4.719569;746.605817;3 out of 4
746.602293;746.602293;"PE(P-18:0/19:0)";[M+H];C42H84NO7P;-3.52366e-3;-4.719569;746.605817;3 out of 4
746.602293;746.602293;"PE(P-20:0/17:0)";[M+H];C42H84NO7P;-3.52366e-3;-4.719569;746.605817;3 out of 4
747.569700;747.569700;"DG(16:1(9Z)/17:1(9Z)/0:0)[iso2]";[M+NORHARMANE+H];C36H66O5;1.74979e-3;2.340641;747.567950;1 out of 4
747.569700;747.569700;"DG(16:0/17:2(9Z,12Z)/0:0)[iso2]";[M+NORHARMANE+H];C36H66O5;1.74979e-3;2.340641;747.567950;1 out of 4
747.569700;747.569700;"DG(13:0/20:2(11Z,14Z)/0:0)[iso2]";[M+NORHARMANE+H];C36H66O5;1.74979e-3;2.340641;747.567950;1 out of 4
747.569700;747.569700;"DG(15:0/18:2(9Z,12Z)/0:0)[iso2]";[M+NORHARMANE+H];C36H66O5;1.74979e-3;2.340641;747.567950;1 out of 4
747.569700;747.569700;"DG(15:1(9Z)/18:1(9Z)/0:0)[iso2]";[M+NORHARMANE+H];C36H66O5;1.74979e-3;2.340641;747.567950;1 out of 4
748.523558;748.523558;"PE(O-16:0/20:4(5Z,8Z,11Z,14Z))";[M+Na];C41H76NO7P;-1.60240e-3;-2.140746;748.525160;1 out of 4
748.523558;748.523558;"PE(O-18:0/18:4(6Z,9Z,12Z,15Z))";[M+Na];C41H76NO7P;-1.60240e-3;-2.140746;748.525160;1 out of 4
748.523558;748.523558;"PE(P-16:0/20:3(8Z,11Z,14Z))";[M+Na];C41H76NO7P;-1.60240e-3;-2.140746;748.525160;1 out of 4
748.523558;748.523558;"PE(P-18:0/18:3(6Z,9Z,12Z))";[M+Na];C41H76NO7P;-1.60240e-3;-2.140746;748.525160;1 out of 4
748.523558;748.523558;"PE(P-18:0/18:3(9Z,12Z,15Z))";[M+Na];C41H76NO7P;-1.60240e-3;-2.140746;748.525160;1 out of 4
748.581881;748.581881;"PC(10:0/23:0)";[M+H];C41H82NO8P;-3.20021e-3;-4.275017;748.585081;2 out of 4
748.581881;748.581881;"PC(11:0/22:0)";[M+H];C41H82NO8P;-3.20021e-3;-4.275017;748.585081;2 out of 4
748.581881;748.581881;"PC(13:0/20:0)";[M+H];C41H82NO8P;-3.20021e-3;-4.275017;748.585081;2 out of 4
748.581881;748.581881;"PC(15:0/18:0)";[M+H];C41H82NO8P;-3.20021e-3;-4.275017;748.585081;2 out of 4
748.581881;748.581881;"PC(16:0/17:0)";[M+H];C41H82NO8P;-3.20021e-3;-4.275017;748.585081;2 out of 4
748.581881;748.581881;"PC(19:0/14:0)";[M+H];C41H82NO8P;-3.20021e-3;-4.275017;748.585081;2 out of 4
748.581881;748.581881;"PC(20:0/13:0)";[M+H];C41H82NO8P;-3.20021e-3;-4.275017;748.585081;2 out of 4
748.581881;748.581881;"PC(21:0/12:0)";[M+H];C41H82NO8P;-3.20021e-3;-4.275017;748.585081;2 out of 4
748.581881;748.581881;"PC(22:0/11:0)";[M+H];C41H82NO8P;-3.20021e-3;-4.275017;748.585081;2 out of 4
748.581881;748.581881;"PC(12:0/21:0)";[M+H];C41H82NO8P;-3.20021e-3;-4.275017;748.585081;2 out of 4
748.581881;748.581881;"PC(14:0/19:0)";[M+H];C41H82NO8P;-3.20021e-3;-4.275017;748.585081;2 out of 4
748.581881;748.581881;"PC(17:0/16:0)";[M+H];C41H82NO8P;-3.20021e-3;-4.275017;748.585081;2 out of 4
748.581881;748.581881;"PC(18:0/15:0)";[M+H];C41H82NO8P;-3.20021e-3;-4.275017;748.585081;2 out of 4
748.581881;748.581881;"PE(18:0/18:0)";[M+H];C41H82NO8P;-3.20021e-3;-4.275017;748.585081;2 out of 4
748.581881;748.581881;"PE(16:0/20:0)";[M+H];C41H82NO8P;-3.20021e-3;-4.275017;748.585081;2 out of 4
748.581881;748.581881;"PE(17:0/19:0)";[M+H];C41H82NO8P;-3.20021e-3;-4.275017;748.585081;2 out of 4
748.581881;748.581881;"PE(19:0/17:0)";[M+H];C41H82NO8P;-3.20021e-3;-4.275017;748.585081;2 out of 4
748.581881;748.581881;"PE(21:0/15:0)";[M+H];C41H82NO8P;-3.20021e-3;-4.275017;748.585081;2 out of 4
748.581881;748.581881;"PE(22:0/14:0)";[M+H];C41H82NO8P;-3.20021e-3;-4.275017;748.585081;2 out of 4
748.581881;748.581881;"PE(20:0/16:0)";[M+H];C41H82NO8P;-3.20021e-3;-4.275017;748.585081;2 out of 4
748.581881;748.581881;"PE(15:0/21:0)";[M+H];C41H82NO8P;-3.20021e-3;-4.275017;748.585081;2 out of 4
748.581881;748.581881;"PE(14:0/22:0)";[M+H];C41H82NO8P;-3.20021e-3;-4.275017;748.585081;2 out of 4
749.506123;749.506123;Vitamin K2;[M+NORHARMANE+H];C41H56O2;1.16697e-3;1.556985;749.504956;1 out of 4
749.506123;749.506123;"PA(16:1(9Z)/22:2(13Z,16Z))";[M+Na];C41H75O8P;-3.05299e-3;-4.073319;749.509176;2 out of 4
749.506123;749.506123;"PA(18:1(9Z)/20:2(11Z,14Z))";[M+Na];C41H75O8P;-3.05299e-3;-4.073319;749.509176;2 out of 4
749.506123;749.506123;"PA(18:2(9Z,12Z)/20:1(11Z))";[M+Na];C41H75O8P;-3.05299e-3;-4.073319;749.509176;2 out of 4
749.506123;749.506123;"PA(18:3(6Z,9Z,12Z)/20:0)";[M+Na];C41H75O8P;-3.05299e-3;-4.073319;749.509176;2 out of 4
749.506123;749.506123;"PA(18:3(9Z,12Z,15Z)/20:0)";[M+Na];C41H75O8P;-3.05299e-3;-4.073319;749.509176;2 out of 4
749.506123;749.506123;"PA(20:0/18:3(6Z,9Z,12Z))";[M+Na];C41H75O8P;-3.05299e-3;-4.073319;749.509176;2 out of 4
749.506123;749.506123;"PA(20:0/18:3(9Z,12Z,15Z))";[M+Na];C41H75O8P;-3.05299e-3;-4.073319;749.509176;2 out of 4
749.506123;749.506123;"PA(20:1(11Z)/18:2(9Z,12Z))";[M+Na];C41H75O8P;-3.05299e-3;-4.073319;749.509176;2 out of 4
749.506123;749.506123;"PA(20:2(11Z,14Z)/18:1(9Z))";[M+Na];C41H75O8P;-3.05299e-3;-4.073319;749.509176;2 out of 4
749.506123;749.506123;"PA(20:3(8Z,11Z,14Z)/18:0)";[M+Na];C41H75O8P;-3.05299e-3;-4.073319;749.509176;2 out of 4
749.506123;749.506123;"PA(22:2(13Z,16Z)/16:1(9Z))";[M+Na];C41H75O8P;-3.05299e-3;-4.073319;749.509176;2 out of 4
749.506123;749.506123;"PA(18:0/20:3(8Z,11Z,14Z))";[M+Na];C41H75O8P;-3.05299e-3;-4.073319;749.509176;2 out of 4
749.584941;749.584941;"DG(16:1(9Z)/17:0/0:0)[iso2]";[M+NORHARMANE+H];C36H68O5;1.34072e-3;1.788625;749.583600;1 out of 4
749.584941;749.584941;"DG(16:0/17:1(9Z)/0:0)[iso2]";[M+NORHARMANE+H];C36H68O5;1.34072e-3;1.788625;749.583600;1 out of 4
749.584941;749.584941;"DG(13:0/20:1(11Z)/0:0)[iso2]";[M+NORHARMANE+H];C36H68O5;1.34072e-3;1.788625;749.583600;1 out of 4
749.584941;749.584941;"DG(14:1(9Z)/19:0/0:0)[iso2]";[M+NORHARMANE+H];C36H68O5;1.34072e-3;1.788625;749.583600;1 out of 4
749.584941;749.584941;"DG(15:0/18:1(9Z)/0:0)[iso2]";[M+NORHARMANE+H];C36H68O5;1.34072e-3;1.788625;749.583600;1 out of 4
749.584941;749.584941;"DG(15:1(9Z)/18:0/0:0)[iso2]";[M+NORHARMANE+H];C36H68O5;1.34072e-3;1.788625;749.583600;1 out of 4
750.509113;750.509113;"PC(12:0/22:6(4Z,7Z,10Z,13Z,16Z,19Z))";[M+H];C42H72NO8P;2.28211e-3;3.040753;750.506831;2 out of 4
750.509113;750.509113;"PC(14:1(9Z)/20:5(5Z,8Z,11Z,14Z,17Z))";[M+H];C42H72NO8P;2.28211e-3;3.040753;750.506831;2 out of 4
750.509113;750.509113;"PC(20:5(5Z,8Z,11Z,14Z,17Z)/14:1(9Z))";[M+H];C42H72NO8P;2.28211e-3;3.040753;750.506831;2 out of 4
750.509113;750.509113;"PC(22:6(4Z,7Z,10Z,13Z,16Z,19Z)/12:0)";[M+H];C42H72NO8P;2.28211e-3;3.040753;750.506831;2 out of 4
750.509113;750.509113;"PE(15:0/22:6(4Z,7Z,10Z,13Z,16Z,19Z))";[M+H];C42H72NO8P;2.28211e-3;3.040753;750.506831;2 out of 4
750.509113;750.509113;"PE(17:1(9Z)/20:5(5Z,8Z,11Z,14Z,17Z))";[M+H];C42H72NO8P;2.28211e-3;3.040753;750.506831;2 out of 4
750.509113;750.509113;"PE(17:2(9Z,12Z)/20:4(5Z,8Z,11Z,14Z))";[M+H];C42H72NO8P;2.28211e-3;3.040753;750.506831;2 out of 4
750.509113;750.509113;"PE(20:4(5Z,8Z,11Z,14Z)/17:2(9Z,12Z))";[M+H];C42H72NO8P;2.28211e-3;3.040753;750.506831;2 out of 4
750.509113;750.509113;"PE(20:5(5Z,8Z,11Z,14Z,17Z)/17:1(9Z))";[M+H];C42H72NO8P;2.28211e-3;3.040753;750.506831;2 out of 4
750.509113;750.509113;"PE(22:6(4Z,7Z,10Z,13Z,16Z,19Z)/15:0)";[M+H];C42H72NO8P;2.28211e-3;3.040753;750.506831;2 out of 4
750.538853;750.538853;"PC(P-16:0/17:2(9Z,12Z))";[M+Na];C41H78NO7P;-1.95747e-3;-2.608074;750.540810;1 out of 4
750.538853;750.538853;"PE(O-18:0/18:3(6Z,9Z,12Z))";[M+Na];C41H78NO7P;-1.95747e-3;-2.608074;750.540810;1 out of 4
750.538853;750.538853;"PE(O-18:0/18:3(9Z,12Z,15Z))";[M+Na];C41H78NO7P;-1.95747e-3;-2.608074;750.540810;1 out of 4
750.538853;750.538853;"PE(O-16:0/20:3(8Z,11Z,14Z))";[M+Na];C41H78NO7P;-1.95747e-3;-2.608074;750.540810;1 out of 4
750.538853;750.538853;"PE(P-16:0/20:2(11Z,14Z))";[M+Na];C41H78NO7P;-1.95747e-3;-2.608074;750.540810;1 out of 4
750.538853;750.538853;"PE(P-18:0/18:2(9Z,12Z))";[M+Na];C41H78NO7P;-1.95747e-3;-2.608074;750.540810;1 out of 4
750.588143;750.588143;"DGCC(16:0/16:0)";[M+Na];C42H81NO8;2.70445e-3;3.603118;750.585439;1 out of 4
750.588143;750.588143;"GlcCer(d18:1/18:0)";[M+Na];C42H81NO8;2.70445e-3;3.603118;750.585439;1 out of 4
750.588143;750.588143;"GlcCer(d18:0/18:1(9Z))";[M+Na];C42H81NO8;2.70445e-3;3.603118;750.585439;1 out of 4
750.588143;750.588143;"GlcCer(d14:1/22:0)";[M+Na];C42H81NO8;2.70445e-3;3.603118;750.585439;1 out of 4
750.588143;750.588143;"GlcCer(d16:1/20:0)";[M+Na];C42H81NO8;2.70445e-3;3.603118;750.585439;1 out of 4
750.588143;750.588143;"GalCer(d18:1/18:0)";[M+Na];C42H81NO8;2.70445e-3;3.603118;750.585439;1 out of 4
751.521608;751.521608;"Hydroxyspirilloxanthin/ OH-Spirilloxanthin/ (Monometylated spirilloxanthin)";[M+NORHARMANE+H];C41H58O2;1.00190e-3;1.333169;751.520606;1 out of 4
751.521608;751.521608;Bacteriorubuxanthin;[M+NORHARMANE+H];C41H58O2;1.00190e-3;1.333169;751.520606;1 out of 4
751.521608;751.521608;Spheroidenone;[M+NORHARMANE+H];C41H58O2;1.00190e-3;1.333169;751.520606;1 out of 4
751.521608;751.521608;"PA(16:0/22:2(13Z,16Z))";[M+Na];C41H77O8P;-3.21805e-3;-4.282033;751.524826;1 out of 4
751.521608;751.521608;"PA(16:1(9Z)/22:1(11Z))";[M+Na];C41H77O8P;-3.21805e-3;-4.282033;751.524826;1 out of 4
751.521608;751.521608;"PA(17:2(9Z,12Z)/21:0)";[M+Na];C41H77O8P;-3.21805e-3;-4.282033;751.524826;1 out of 4
751.521608;751.521608;"PA(18:2(9Z,12Z)/20:0)";[M+Na];C41H77O8P;-3.21805e-3;-4.282033;751.524826;1 out of 4
751.521608;751.521608;"PA(19:1(9Z)/19:1(9Z))";[M+Na];C41H77O8P;-3.21805e-3;-4.282033;751.524826;1 out of 4
751.521608;751.521608;"PA(20:1(11Z)/18:1(9Z))";[M+Na];C41H77O8P;-3.21805e-3;-4.282033;751.524826;1 out of 4
751.521608;751.521608;"PA(20:2(11Z,14Z)/18:0)";[M+Na];C41H77O8P;-3.21805e-3;-4.282033;751.524826;1 out of 4
751.521608;751.521608;"PA(21:0/17:2(9Z,12Z))";[M+Na];C41H77O8P;-3.21805e-3;-4.282033;751.524826;1 out of 4
751.521608;751.521608;"PA(22:1(11Z)/16:1(9Z))";[M+Na];C41H77O8P;-3.21805e-3;-4.282033;751.524826;1 out of 4
751.521608;751.521608;"PA(22:2(13Z,16Z)/16:0)";[M+Na];C41H77O8P;-3.21805e-3;-4.282033;751.524826;1 out of 4
751.521608;751.521608;"PA(20:0/18:2(9Z,12Z))";[M+Na];C41H77O8P;-3.21805e-3;-4.282033;751.524826;1 out of 4
751.521608;751.521608;"PA(18:1(9Z)/20:1(11Z))";[M+Na];C41H77O8P;-3.21805e-3;-4.282033;751.524826;1 out of 4
751.521608;751.521608;"PA(18:0/20:2(11Z,14Z))";[M+Na];C41H77O8P;-3.21805e-3;-4.282033;751.524826;1 out of 4
751.569322;751.569322;"SM(d18:1/18:1(9Z))";[M+Na];C41H81N2O6P;-3.12294e-3;-4.155211;751.572445;2 out of 4
751.569322;751.569322;"SM(d16:1/20:1)";[M+Na];C41H81N2O6P;-3.12294e-3;-4.155211;751.572445;2 out of 4
751.569322;751.569322;"SM(d18:0/18:2)";[M+Na];C41H81N2O6P;-3.12294e-3;-4.155211;751.572445;2 out of 4
751.569322;751.569322;"SM(d18:2/18:0)";[M+Na];C41H81N2O6P;-3.12294e-3;-4.155211;751.572445;2 out of 4
751.569322;751.569322;"SM(d19:1/17:1)";[M+Na];C41H81N2O6P;-3.12294e-3;-4.155211;751.572445;2 out of 4
751.569322;751.569322;"PE-Cer(d14:2(4E,6E)/25:0)";[M+Na];C41H81N2O6P;-3.12294e-3;-4.155211;751.572445;2 out of 4
751.569322;751.569322;"PE-Cer(d15:2(4E,6E)/24:0)";[M+Na];C41H81N2O6P;-3.12294e-3;-4.155211;751.572445;2 out of 4
751.569322;751.569322;"PE-Cer(d16:2(4E,6E)/23:0)";[M+Na];C41H81N2O6P;-3.12294e-3;-4.155211;751.572445;2 out of 4
752.443732;752.443732;"PS(12:0/20:3(8Z,11Z,14Z))";[M+Na];C38H68NO10P;-3.57201e-3;-4.747184;752.447304;2 out of 4
752.443732;752.443732;"PS(14:0/18:3(6Z,9Z,12Z))";[M+Na];C38H68NO10P;-3.57201e-3;-4.747184;752.447304;2 out of 4
752.443732;752.443732;"PS(14:1(9Z)/18:2(9Z,12Z))";[M+Na];C38H68NO10P;-3.57201e-3;-4.747184;752.447304;2 out of 4
752.443732;752.443732;"PS(15:1(9Z)/17:2(9Z,12Z))";[M+Na];C38H68NO10P;-3.57201e-3;-4.747184;752.447304;2 out of 4
752.443732;752.443732;"PS(17:2(9Z,12Z)/15:1(9Z))";[M+Na];C38H68NO10P;-3.57201e-3;-4.747184;752.447304;2 out of 4
752.443732;752.443732;"PS(18:2(9Z,12Z)/14:1(9Z))";[M+Na];C38H68NO10P;-3.57201e-3;-4.747184;752.447304;2 out of 4
752.443732;752.443732;"PS(18:3(6Z,9Z,12Z)/14:0)";[M+Na];C38H68NO10P;-3.57201e-3;-4.747184;752.447304;2 out of 4
752.443732;752.443732;"PS(18:3(9Z,12Z,15Z)/14:0)";[M+Na];C38H68NO10P;-3.57201e-3;-4.747184;752.447304;2 out of 4
752.443732;752.443732;"PS(20:3(8Z,11Z,14Z)/12:0)";[M+Na];C38H68NO10P;-3.57201e-3;-4.747184;752.447304;2 out of 4
752.443732;752.443732;"PS(14:0/18:3(9Z,12Z,15Z))";[M+Na];C38H68NO10P;-3.57201e-3;-4.747184;752.447304;2 out of 4
752.443732;752.443732;OKODA-PC;[M+Na];C38H68NO10P;-3.57201e-3;-4.747184;752.447304;2 out of 4
752.516335;752.516335;"PC(14:0/18:2(11Z,14Z))";[M+Na];C40H76NO8P;-3.74002e-3;-4.969996;752.520075;1 out of 4
752.516335;752.516335;"PC(14:0/18:2(9Z,12Z))";[M+Na];C40H76NO8P;-3.74002e-3;-4.969996;752.520075;1 out of 4
752.516335;752.516335;"PC(16:1(9E)/16:1(9E))";[M+Na];C40H76NO8P;-3.74002e-3;-4.969996;752.520075;1 out of 4
752.516335;752.516335;"PC(16:1(9Z)/16:1(9Z))";[M+Na];C40H76NO8P;-3.74002e-3;-4.969996;752.520075;1 out of 4
752.516335;752.516335;"PC(12:0/20:2(11Z,14Z))";[M+Na];C40H76NO8P;-3.74002e-3;-4.969996;752.520075;1 out of 4
752.516335;752.516335;"PC(14:1(9Z)/18:1(9Z))";[M+Na];C40H76NO8P;-3.74002e-3;-4.969996;752.520075;1 out of 4
752.516335;752.516335;"PC(15:0/17:2(9Z,12Z))";[M+Na];C40H76NO8P;-3.74002e-3;-4.969996;752.520075;1 out of 4
752.516335;752.516335;"PC(15:1(9Z)/17:1(9Z))";[M+Na];C40H76NO8P;-3.74002e-3;-4.969996;752.520075;1 out of 4
752.516335;752.516335;"PC(17:1(9Z)/15:1(9Z))";[M+Na];C40H76NO8P;-3.74002e-3;-4.969996;752.520075;1 out of 4
752.516335;752.516335;"PC(17:2(9Z,12Z)/15:0)";[M+Na];C40H76NO8P;-3.74002e-3;-4.969996;752.520075;1 out of 4
752.516335;752.516335;"PC(18:1(9Z)/14:1(9Z))";[M+Na];C40H76NO8P;-3.74002e-3;-4.969996;752.520075;1 out of 4
752.516335;752.516335;"PC(18:2(9Z,12Z)/14:0)";[M+Na];C40H76NO8P;-3.74002e-3;-4.969996;752.520075;1 out of 4
752.516335;752.516335;"PC(20:2(11Z,14Z)/12:0)";[M+Na];C40H76NO8P;-3.74002e-3;-4.969996;752.520075;1 out of 4
752.516335;752.516335;"PE(13:0/22:2(13Z,16Z))";[M+Na];C40H76NO8P;-3.74002e-3;-4.969996;752.520075;1 out of 4
752.516335;752.516335;"PE(15:0/20:2(11Z,14Z))";[M+Na];C40H76NO8P;-3.74002e-3;-4.969996;752.520075;1 out of 4
752.516335;752.516335;"PE(15:1(9Z)/20:1(11Z))";[M+Na];C40H76NO8P;-3.74002e-3;-4.969996;752.520075;1 out of 4
752.516335;752.516335;"PE(16:1(9Z)/19:1(9Z))";[M+Na];C40H76NO8P;-3.74002e-3;-4.969996;752.520075;1 out of 4
752.516335;752.516335;"PE(17:0/18:2(9Z,12Z))";[M+Na];C40H76NO8P;-3.74002e-3;-4.969996;752.520075;1 out of 4
752.516335;752.516335;"PE(17:1(9Z)/18:1(9Z))";[M+Na];C40H76NO8P;-3.74002e-3;-4.969996;752.520075;1 out of 4
752.516335;752.516335;"PE(17:2(9Z,12Z)/18:0)";[M+Na];C40H76NO8P;-3.74002e-3;-4.969996;752.520075;1 out of 4
752.516335;752.516335;"PE(18:0/17:2(9Z,12Z))";[M+Na];C40H76NO8P;-3.74002e-3;-4.969996;752.520075;1 out of 4
752.516335;752.516335;"PE(18:1(9Z)/17:1(9Z))";[M+Na];C40H76NO8P;-3.74002e-3;-4.969996;752.520075;1 out of 4
752.516335;752.516335;"PE(18:2(9Z,12Z)/17:0)";[M+Na];C40H76NO8P;-3.74002e-3;-4.969996;752.520075;1 out of 4
752.516335;752.516335;"PE(19:1(9Z)/16:1(9Z))";[M+Na];C40H76NO8P;-3.74002e-3;-4.969996;752.520075;1 out of 4
752.516335;752.516335;"PE(20:1(11Z)/15:1(9Z))";[M+Na];C40H76NO8P;-3.74002e-3;-4.969996;752.520075;1 out of 4
752.516335;752.516335;"PE(20:2(11Z,14Z)/15:0)";[M+Na];C40H76NO8P;-3.74002e-3;-4.969996;752.520075;1 out of 4
752.516335;752.516335;"PE(22:2(13Z,16Z)/13:0)";[M+Na];C40H76NO8P;-3.74002e-3;-4.969996;752.520075;1 out of 4
752.555632;752.555632;"PC(O-16:0/17:2(9Z,12Z))";[M+Na];C41H80NO7P;-8.28530e-4;-1.100954;752.556461;1 out of 4
752.555632;752.555632;"PC(P-16:0/17:1(9Z))";[M+Na];C41H80NO7P;-8.28530e-4;-1.100954;752.556461;1 out of 4
752.555632;752.555632;"PC(P-18:0/15:1(9Z))";[M+Na];C41H80NO7P;-8.28530e-4;-1.100954;752.556461;1 out of 4
752.555632;752.555632;"PE(O-16:0/20:2(11Z,14Z))";[M+Na];C41H80NO7P;-8.28530e-4;-1.100954;752.556461;1 out of 4
752.555632;752.555632;"PE(O-18:0/18:2(9Z,12Z))";[M+Na];C41H80NO7P;-8.28530e-4;-1.100954;752.556461;1 out of 4
752.555632;752.555632;"PE(P-18:0/18:1(9Z))";[M+Na];C41H80NO7P;-8.28530e-4;-1.100954;752.556461;1 out of 4
752.555632;752.555632;"PE(P-16:0/20:1(11Z))";[M+Na];C41H80NO7P;-8.28530e-4;-1.100954;752.556461;1 out of 4
752.555632;752.555632;"PE(P-20:0/16:1(9Z))";[M+Na];C41H80NO7P;-8.28530e-4;-1.100954;752.556461;1 out of 4
752.555632;752.555632;"PE(O-16:0/22:5(4Z,7Z,10Z,13Z,16Z))";[M+H];C43H78NO7P;-3.23447e-3;-4.297957;752.558866;1 out of 4
752.555632;752.555632;"PE(O-16:0/22:5(7Z,10Z,13Z,16Z,19Z))";[M+H];C43H78NO7P;-3.23447e-3;-4.297957;752.558866;1 out of 4
752.555632;752.555632;"PE(O-18:0/20:5(5Z,8Z,11Z,14Z,17Z))";[M+H];C43H78NO7P;-3.23447e-3;-4.297957;752.558866;1 out of 4
752.555632;752.555632;"PE(P-18:0/20:4(5Z,8Z,11Z,14Z))";[M+H];C43H78NO7P;-3.23447e-3;-4.297957;752.558866;1 out of 4
752.555632;752.555632;"PE(P-16:0/22:4(7Z,10Z,13Z,16Z))";[M+H];C43H78NO7P;-3.23447e-3;-4.297957;752.558866;1 out of 4
752.555632;752.555632;"PE(P-20:0/18:4(6Z,9Z,12Z,15Z))";[M+H];C43H78NO7P;-3.23447e-3;-4.297957;752.558866;1 out of 4
753.519695;753.519695;"PA(O-16:0/22:2(13Z,16Z))";[M+K];C41H79O7P;1.96502e-4;0.260779;753.519498;1 out of 4
753.519695;753.519695;"PA(O-18:0/20:2(11Z,14Z))";[M+K];C41H79O7P;1.96502e-4;0.260779;753.519498;1 out of 4
753.519695;753.519695;"PA(O-20:0/18:2(9Z,12Z))";[M+K];C41H79O7P;1.96502e-4;0.260779;753.519498;1 out of 4
753.519695;753.519695;"PA(P-16:0/22:1(11Z))";[M+K];C41H79O7P;1.96502e-4;0.260779;753.519498;1 out of 4
753.519695;753.519695;"PA(P-18:0/20:1(11Z))";[M+K];C41H79O7P;1.96502e-4;0.260779;753.519498;1 out of 4
753.519695;753.519695;"PA(P-20:0/18:1(9Z))";[M+K];C41H79O7P;1.96502e-4;0.260779;753.519498;1 out of 4
753.519695;753.519695;"DG(12:0/22:6(4Z,7Z,10Z,13Z,16Z,19Z)/0:0)[iso2]";[M+NORHARMANE+H];C37H60O5;-1.30502e-3;-1.731896;753.521000;2 out of 4
753.519695;753.519695;"DG(14:1(9Z)/20:5(5Z,8Z,11Z,14Z,17Z)/0:0)[iso2]";[M+NORHARMANE+H];C37H60O5;-1.30502e-3;-1.731896;753.521000;2 out of 4
754.475068;754.475068;"PC(13:0/18:2(9Z,12Z))";[M+K];C39H74NO8P;-3.29396e-3;-4.365875;754.478362;3 out of 4
754.475068;754.475068;"PC(14:0/17:2(9Z,12Z))";[M+K];C39H74NO8P;-3.29396e-3;-4.365875;754.478362;3 out of 4
754.475068;754.475068;"PC(14:1(9Z)/17:1(9Z))";[M+K];C39H74NO8P;-3.29396e-3;-4.365875;754.478362;3 out of 4
754.475068;754.475068;"PC(15:1(9Z)/16:1(9Z))";[M+K];C39H74NO8P;-3.29396e-3;-4.365875;754.478362;3 out of 4
754.475068;754.475068;"PC(16:1(9Z)/15:1(9Z))";[M+K];C39H74NO8P;-3.29396e-3;-4.365875;754.478362;3 out of 4
754.475068;754.475068;"PC(17:1(9Z)/14:1(9Z))";[M+K];C39H74NO8P;-3.29396e-3;-4.365875;754.478362;3 out of 4
754.475068;754.475068;"PC(17:2(9Z,12Z)/14:0)";[M+K];C39H74NO8P;-3.29396e-3;-4.365875;754.478362;3 out of 4
754.475068;754.475068;"PC(18:2(9Z,12Z)/13:0)";[M+K];C39H74NO8P;-3.29396e-3;-4.365875;754.478362;3 out of 4
754.475068;754.475068;"PE(16:0/18:2(9Z,12Z))";[M+K];C39H74NO8P;-3.29396e-3;-4.365875;754.478362;3 out of 4
754.475068;754.475068;"PE(12:0/22:2(13Z,16Z))";[M+K];C39H74NO8P;-3.29396e-3;-4.365875;754.478362;3 out of 4
754.475068;754.475068;"PE(14:0/20:2(11Z,14Z))";[M+K];C39H74NO8P;-3.29396e-3;-4.365875;754.478362;3 out of 4
754.475068;754.475068;"PE(14:1(9Z)/20:1(11Z))";[M+K];C39H74NO8P;-3.29396e-3;-4.365875;754.478362;3 out of 4
754.475068;754.475068;"PE(15:1(9Z)/19:1(9Z))";[M+K];C39H74NO8P;-3.29396e-3;-4.365875;754.478362;3 out of 4
754.475068;754.475068;"PE(17:0/17:2(9Z,12Z))";[M+K];C39H74NO8P;-3.29396e-3;-4.365875;754.478362;3 out of 4
754.475068;754.475068;"PE(17:2(9Z,12Z)/17:0)";[M+K];C39H74NO8P;-3.29396e-3;-4.365875;754.478362;3 out of 4
754.475068;754.475068;"PE(19:1(9Z)/15:1(9Z))";[M+K];C39H74NO8P;-3.29396e-3;-4.365875;754.478362;3 out of 4
754.475068;754.475068;"PE(20:1(11Z)/14:1(9Z))";[M+K];C39H74NO8P;-3.29396e-3;-4.365875;754.478362;3 out of 4
754.475068;754.475068;"PE(20:2(11Z,14Z)/14:0)";[M+K];C39H74NO8P;-3.29396e-3;-4.365875;754.478362;3 out of 4
754.475068;754.475068;"PE(22:2(13Z,16Z)/12:0)";[M+K];C39H74NO8P;-3.29396e-3;-4.365875;754.478362;3 out of 4
754.475068;754.475068;"PE(18:2(9Z,12Z)/16:0)";[M+K];C39H74NO8P;-3.29396e-3;-4.365875;754.478362;3 out of 4
754.475068;754.475068;"PE(18:1(9Z)/16:1(9Z))";[M+K];C39H74NO8P;-3.29396e-3;-4.365875;754.478362;3 out of 4
754.475068;754.475068;"PE(17:1(9Z)/17:1(9Z))";[M+K];C39H74NO8P;-3.29396e-3;-4.365875;754.478362;3 out of 4
754.475068;754.475068;"PE(16:1(9Z)/18:1(9Z))";[M+K];C39H74NO8P;-3.29396e-3;-4.365875;754.478362;3 out of 4
754.475068;754.475068;"PE(16:0(9Cp)/16:0(9Cp))";[M+K];C39H74NO8P;-3.29396e-3;-4.365875;754.478362;3 out of 4
754.532605;754.532605;"PC(14:0/18:1(11Z))";[M+Na];C40H78NO8P;-3.12009e-3;-4.135107;754.535725;3 out of 4
754.532605;754.532605;"PC(14:0/18:1(9Z))";[M+Na];C40H78NO8P;-3.12009e-3;-4.135107;754.535725;3 out of 4
754.532605;754.532605;"PC(16:0/16:1(9Z))";[M+Na];C40H78NO8P;-3.12009e-3;-4.135107;754.535725;3 out of 4
754.532605;754.532605;"PC(18:1(9Z)/14:0)";[M+Na];C40H78NO8P;-3.12009e-3;-4.135107;754.535725;3 out of 4
754.532605;754.532605;"PC(12:0/20:1(11Z))";[M+Na];C40H78NO8P;-3.12009e-3;-4.135107;754.535725;3 out of 4
754.532605;754.532605;"PC(13:0/19:1(9Z))";[M+Na];C40H78NO8P;-3.12009e-3;-4.135107;754.535725;3 out of 4
754.532605;754.532605;"PC(14:1(9Z)/18:0)";[M+Na];C40H78NO8P;-3.12009e-3;-4.135107;754.535725;3 out of 4
754.532605;754.532605;"PC(15:0/17:1(9Z))";[M+Na];C40H78NO8P;-3.12009e-3;-4.135107;754.535725;3 out of 4
754.532605;754.532605;"PC(15:1(9Z)/17:0)";[M+Na];C40H78NO8P;-3.12009e-3;-4.135107;754.535725;3 out of 4
754.532605;754.532605;"PC(16:1(9Z)/16:0)";[M+Na];C40H78NO8P;-3.12009e-3;-4.135107;754.535725;3 out of 4
754.532605;754.532605;"PC(17:0/15:1(9Z))";[M+Na];C40H78NO8P;-3.12009e-3;-4.135107;754.535725;3 out of 4
754.532605;754.532605;"PC(17:1(9Z)/15:0)";[M+Na];C40H78NO8P;-3.12009e-3;-4.135107;754.535725;3 out of 4
754.532605;754.532605;"PC(18:0/14:1(9Z))";[M+Na];C40H78NO8P;-3.12009e-3;-4.135107;754.535725;3 out of 4
754.532605;754.532605;"PC(19:1(9Z)/13:0)";[M+Na];C40H78NO8P;-3.12009e-3;-4.135107;754.535725;3 out of 4
754.532605;754.532605;"PC(20:1(11Z)/12:0)";[M+Na];C40H78NO8P;-3.12009e-3;-4.135107;754.535725;3 out of 4
754.532605;754.532605;"PC(18:1(11Z)/14:0)";[M+Na];C40H78NO8P;-3.12009e-3;-4.135107;754.535725;3 out of 4
754.532605;754.532605;"PE-NMe(16:0/18:1(9Z))";[M+Na];C40H78NO8P;-3.12009e-3;-4.135107;754.535725;3 out of 4
754.532605;754.532605;"PE-NMe(18:1(9Z)/16:0)";[M+Na];C40H78NO8P;-3.12009e-3;-4.135107;754.535725;3 out of 4
754.532605;754.532605;"PE(13:0/22:1(11Z))";[M+Na];C40H78NO8P;-3.12009e-3;-4.135107;754.535725;3 out of 4
754.532605;754.532605;"PE(14:1(9Z)/21:0)";[M+Na];C40H78NO8P;-3.12009e-3;-4.135107;754.535725;3 out of 4
754.532605;754.532605;"PE(15:0/20:1(11Z))";[M+Na];C40H78NO8P;-3.12009e-3;-4.135107;754.535725;3 out of 4
754.532605;754.532605;"PE(15:1(9Z)/20:0)";[M+Na];C40H78NO8P;-3.12009e-3;-4.135107;754.535725;3 out of 4
754.532605;754.532605;"PE(16:0/19:1(9Z))";[M+Na];C40H78NO8P;-3.12009e-3;-4.135107;754.535725;3 out of 4
754.532605;754.532605;"PE(16:1(9Z)/19:0)";[M+Na];C40H78NO8P;-3.12009e-3;-4.135107;754.535725;3 out of 4
754.532605;754.532605;"PE(17:1(9Z)/18:0)";[M+Na];C40H78NO8P;-3.12009e-3;-4.135107;754.535725;3 out of 4
754.532605;754.532605;"PE(18:0/17:1(9Z))";[M+Na];C40H78NO8P;-3.12009e-3;-4.135107;754.535725;3 out of 4
754.532605;754.532605;"PE(18:1(9Z)/17:0)";[M+Na];C40H78NO8P;-3.12009e-3;-4.135107;754.535725;3 out of 4
754.532605;754.532605;"PE(19:0/16:1(9Z))";[M+Na];C40H78NO8P;-3.12009e-3;-4.135107;754.535725;3 out of 4
754.532605;754.532605;"PE(19:1(9Z)/16:0)";[M+Na];C40H78NO8P;-3.12009e-3;-4.135107;754.535725;3 out of 4
754.532605;754.532605;"PE(20:0/15:1(9Z))";[M+Na];C40H78NO8P;-3.12009e-3;-4.135107;754.535725;3 out of 4
754.532605;754.532605;"PE(20:1(11Z)/15:0)";[M+Na];C40H78NO8P;-3.12009e-3;-4.135107;754.535725;3 out of 4
754.532605;754.532605;"PE(21:0/14:1(9Z))";[M+Na];C40H78NO8P;-3.12009e-3;-4.135107;754.535725;3 out of 4
754.532605;754.532605;"PE(22:1(11Z)/13:0)";[M+Na];C40H78NO8P;-3.12009e-3;-4.135107;754.535725;3 out of 4
754.532605;754.532605;"PE(17:0/18:1(9Z))";[M+Na];C40H78NO8P;-3.12009e-3;-4.135107;754.535725;3 out of 4
754.532605;754.532605;"PE(16:0/18:0(11Cp))";[M+Na];C40H78NO8P;-3.12009e-3;-4.135107;754.535725;3 out of 4
755.535324;755.535324;"PA(O-16:0/22:1(11Z))";[M+K];C41H81O7P;1.75438e-4;0.232204;755.535149;1 out of 4
755.535324;755.535324;"PA(O-18:0/20:1(11Z))";[M+K];C41H81O7P;1.75438e-4;0.232204;755.535149;1 out of 4
755.535324;755.535324;"PA(O-20:0/18:1(9Z))";[M+K];C41H81O7P;1.75438e-4;0.232204;755.535149;1 out of 4
755.535324;755.535324;"PA(P-16:0/22:0)";[M+K];C41H81O7P;1.75438e-4;0.232204;755.535149;1 out of 4
755.535324;755.535324;"PA(P-18:0/20:0)";[M+K];C41H81O7P;1.75438e-4;0.232204;755.535149;1 out of 4
755.535324;755.535324;"PA(P-20:0/18:0)";[M+K];C41H81O7P;1.75438e-4;0.232204;755.535149;1 out of 4
755.535324;755.535324;"DG(12:0/22:5(7Z,10Z,13Z,16Z,19Z)/0:0)[iso2]";[M+NORHARMANE+H];C37H62O5;-1.32608e-3;-1.755155;755.536650;1 out of 4
755.535324;755.535324;"DG(14:0/20:5(5Z,8Z,11Z,14Z,17Z)/0:0)[iso2]";[M+NORHARMANE+H];C37H62O5;-1.32608e-3;-1.755155;755.536650;1 out of 4
755.535324;755.535324;"DG(14:1(9Z)/20:4(5Z,8Z,11Z,14Z)/0:0)[iso2]";[M+NORHARMANE+H];C37H62O5;-1.32608e-3;-1.755155;755.536650;1 out of 4
755.535324;755.535324;"DG(18:4(6Z,9Z,12Z,15Z)/16:1(9Z)/0:0)[iso2]";[M+NORHARMANE+H];C37H62O5;-1.32608e-3;-1.755155;755.536650;1 out of 4
755.591301;755.591301;"PA(O-18:0/21:0)";[M+Na];C42H85O7P;-1.21069e-3;-1.602305;755.592512;3 out of 4
755.591301;755.591301;"PA(O-20:0/19:0)";[M+Na];C42H85O7P;-1.21069e-3;-1.602305;755.592512;3 out of 4
755.591301;755.591301;"DG(21:0/22:3(10Z,13Z,16Z)/0:0)[iso2]";[M+K];C46H84O5;-3.73179e-3;-4.938873;755.595033;1 out of 4
756.490639;756.490639;"PC(16:0/15:1(14))";[M+K];C39H76NO8P;-3.37302e-3;-4.458756;756.494012;3 out of 4
756.490639;756.490639;"PC(17:0/14:1(9Z))";[M+K];C39H76NO8P;-3.37302e-3;-4.458756;756.494012;3 out of 4
756.490639;756.490639;"PC(15:0/16:1(9Z))";[M+K];C39H76NO8P;-3.37302e-3;-4.458756;756.494012;3 out of 4
756.490639;756.490639;"PC(12:0/19:1(9Z))";[M+K];C39H76NO8P;-3.37302e-3;-4.458756;756.494012;3 out of 4
756.490639;756.490639;"PC(13:0/18:1(9Z))";[M+K];C39H76NO8P;-3.37302e-3;-4.458756;756.494012;3 out of 4
756.490639;756.490639;"PC(14:0/17:1(9Z))";[M+K];C39H76NO8P;-3.37302e-3;-4.458756;756.494012;3 out of 4
756.490639;756.490639;"PC(14:1(9Z)/17:0)";[M+K];C39H76NO8P;-3.37302e-3;-4.458756;756.494012;3 out of 4
756.490639;756.490639;"PC(15:1(9Z)/16:0)";[M+K];C39H76NO8P;-3.37302e-3;-4.458756;756.494012;3 out of 4
756.490639;756.490639;"PC(16:0/15:1(9Z))";[M+K];C39H76NO8P;-3.37302e-3;-4.458756;756.494012;3 out of 4
756.490639;756.490639;"PC(16:1(9Z)/15:0)";[M+K];C39H76NO8P;-3.37302e-3;-4.458756;756.494012;3 out of 4
756.490639;756.490639;"PC(17:1(9Z)/14:0)";[M+K];C39H76NO8P;-3.37302e-3;-4.458756;756.494012;3 out of 4
756.490639;756.490639;"PC(18:1(9Z)/13:0)";[M+K];C39H76NO8P;-3.37302e-3;-4.458756;756.494012;3 out of 4
756.490639;756.490639;"PC(19:1(9Z)/12:0)";[M+K];C39H76NO8P;-3.37302e-3;-4.458756;756.494012;3 out of 4
756.490639;756.490639;"PE(16:0/18:1(9Z))";[M+K];C39H76NO8P;-3.37302e-3;-4.458756;756.494012;3 out of 4
756.490639;756.490639;"PE(16:0/18:1(11Z))";[M+K];C39H76NO8P;-3.37302e-3;-4.458756;756.494012;3 out of 4
756.490639;756.490639;"PE(18:1(9Z)/16:0)";[M+K];C39H76NO8P;-3.37302e-3;-4.458756;756.494012;3 out of 4
756.490639;756.490639;"PE(16:0/18:1(7Z))";[M+K];C39H76NO8P;-3.37302e-3;-4.458756;756.494012;3 out of 4
756.490639;756.490639;"PE(12:0/22:1(11Z))";[M+K];C39H76NO8P;-3.37302e-3;-4.458756;756.494012;3 out of 4
756.490639;756.490639;"PE(14:0/20:1(11Z))";[M+K];C39H76NO8P;-3.37302e-3;-4.458756;756.494012;3 out of 4
756.490639;756.490639;"PE(14:1(9Z)/20:0)";[M+K];C39H76NO8P;-3.37302e-3;-4.458756;756.494012;3 out of 4
756.490639;756.490639;"PE(15:0/19:1(9Z))";[M+K];C39H76NO8P;-3.37302e-3;-4.458756;756.494012;3 out of 4
756.490639;756.490639;"PE(15:1(9Z)/19:0)";[M+K];C39H76NO8P;-3.37302e-3;-4.458756;756.494012;3 out of 4
756.490639;756.490639;"PE(16:1(9Z)/18:0)";[M+K];C39H76NO8P;-3.37302e-3;-4.458756;756.494012;3 out of 4
756.490639;756.490639;"PE(17:0/17:1(9Z))";[M+K];C39H76NO8P;-3.37302e-3;-4.458756;756.494012;3 out of 4
756.490639;756.490639;"PE(17:1(9Z)/17:0)";[M+K];C39H76NO8P;-3.37302e-3;-4.458756;756.494012;3 out of 4
756.490639;756.490639;"PE(19:0/15:1(9Z))";[M+K];C39H76NO8P;-3.37302e-3;-4.458756;756.494012;3 out of 4
756.490639;756.490639;"PE(19:1(9Z)/15:0)";[M+K];C39H76NO8P;-3.37302e-3;-4.458756;756.494012;3 out of 4
756.490639;756.490639;"PE(20:0/14:1(9Z))";[M+K];C39H76NO8P;-3.37302e-3;-4.458756;756.494012;3 out of 4
756.490639;756.490639;"PE(20:1(11Z)/14:0)";[M+K];C39H76NO8P;-3.37302e-3;-4.458756;756.494012;3 out of 4
756.490639;756.490639;"PE(22:1(11Z)/12:0)";[M+K];C39H76NO8P;-3.37302e-3;-4.458756;756.494012;3 out of 4
756.490639;756.490639;"PE(18:0/16:1(9Z))";[M+K];C39H76NO8P;-3.37302e-3;-4.458756;756.494012;3 out of 4
756.527762;756.527762;"PC(O-14:0/18:1(9Z))";[M+K];C40H80NO7P;-2.63553e-3;-3.483707;756.530398;3 out of 4
756.527762;756.527762;"PC(O-16:0/16:1(9Z))";[M+K];C40H80NO7P;-2.63553e-3;-3.483707;756.530398;3 out of 4
756.527762;756.527762;"PC(O-18:0/14:1(9Z))";[M+K];C40H80NO7P;-2.63553e-3;-3.483707;756.530398;3 out of 4
756.527762;756.527762;"PC(P-16:0/16:0)";[M+K];C40H80NO7P;-2.63553e-3;-3.483707;756.530398;3 out of 4
756.527762;756.527762;"PC(P-18:0/14:0)";[M+K];C40H80NO7P;-2.63553e-3;-3.483707;756.530398;3 out of 4
756.527762;756.527762;"PC(P-20:0/12:0)";[M+K];C40H80NO7P;-2.63553e-3;-3.483707;756.530398;3 out of 4
756.527762;756.527762;"PE(O-16:0/19:1(9Z))";[M+K];C40H80NO7P;-2.63553e-3;-3.483707;756.530398;3 out of 4
756.527762;756.527762;"PE(O-18:0/17:1(9Z))";[M+K];C40H80NO7P;-2.63553e-3;-3.483707;756.530398;3 out of 4
756.527762;756.527762;"PE(O-20:0/15:1(9Z))";[M+K];C40H80NO7P;-2.63553e-3;-3.483707;756.530398;3 out of 4
756.527762;756.527762;"PE(P-16:0/19:0)";[M+K];C40H80NO7P;-2.63553e-3;-3.483707;756.530398;3 out of 4
756.527762;756.527762;"PE(P-18:0/17:0)";[M+K];C40H80NO7P;-2.63553e-3;-3.483707;756.530398;3 out of 4
756.527762;756.527762;"PE(P-20:0/15:0)";[M+K];C40H80NO7P;-2.63553e-3;-3.483707;756.530398;3 out of 4
756.547620;756.547620;"PC(10:0/22:0)";[M+Na];C40H80NO8P;-3.75515e-3;-4.963510;756.551375;2 out of 4
756.547620;756.547620;"PC(11:0/21:0)";[M+Na];C40H80NO8P;-3.75515e-3;-4.963510;756.551375;2 out of 4
756.547620;756.547620;"PC(12:0/20:0)";[M+Na];C40H80NO8P;-3.75515e-3;-4.963510;756.551375;2 out of 4
756.547620;756.547620;"PC(13:0/19:0)";[M+Na];C40H80NO8P;-3.75515e-3;-4.963510;756.551375;2 out of 4
756.547620;756.547620;"PC(14:0/18:0)";[M+Na];C40H80NO8P;-3.75515e-3;-4.963510;756.551375;2 out of 4
756.547620;756.547620;"PC(15:0/17:0)";[M+Na];C40H80NO8P;-3.75515e-3;-4.963510;756.551375;2 out of 4
756.547620;756.547620;"PC(16:0/16:0)";[M+Na];C40H80NO8P;-3.75515e-3;-4.963510;756.551375;2 out of 4
756.547620;756.547620;"PC(17:0/15:0)";[M+Na];C40H80NO8P;-3.75515e-3;-4.963510;756.551375;2 out of 4
756.547620;756.547620;"PC(18:0/14:0)";[M+Na];C40H80NO8P;-3.75515e-3;-4.963510;756.551375;2 out of 4
756.547620;756.547620;"PC(19:0/13:0)";[M+Na];C40H80NO8P;-3.75515e-3;-4.963510;756.551375;2 out of 4
756.547620;756.547620;"PC(20:0/12:0)";[M+Na];C40H80NO8P;-3.75515e-3;-4.963510;756.551375;2 out of 4
756.547620;756.547620;"PC(21:0/11:0)";[M+Na];C40H80NO8P;-3.75515e-3;-4.963510;756.551375;2 out of 4
756.547620;756.547620;"PC(22:0/10:0)";[M+Na];C40H80NO8P;-3.75515e-3;-4.963510;756.551375;2 out of 4
756.547620;756.547620;"PC(9:0/23:0)";[M+Na];C40H80NO8P;-3.75515e-3;-4.963510;756.551375;2 out of 4
756.547620;756.547620;"PE(19:0/16:0)";[M+Na];C40H80NO8P;-3.75515e-3;-4.963510;756.551375;2 out of 4
756.547620;756.547620;"PE(16:0/19:0)";[M+Na];C40H80NO8P;-3.75515e-3;-4.963510;756.551375;2 out of 4
756.547620;756.547620;"PE(18:0(10(R)Me)/16:0)";[M+Na];C40H80NO8P;-3.75515e-3;-4.963510;756.551375;2 out of 4
756.547620;756.547620;"PE(13:0/22:0)";[M+Na];C40H80NO8P;-3.75515e-3;-4.963510;756.551375;2 out of 4
756.547620;756.547620;"PE(14:0/21:0)";[M+Na];C40H80NO8P;-3.75515e-3;-4.963510;756.551375;2 out of 4
756.547620;756.547620;"PE(15:0/20:0)";[M+Na];C40H80NO8P;-3.75515e-3;-4.963510;756.551375;2 out of 4
756.547620;756.547620;"PE(18:0/17:0)";[M+Na];C40H80NO8P;-3.75515e-3;-4.963510;756.551375;2 out of 4
756.547620;756.547620;"PE(20:0/15:0)";[M+Na];C40H80NO8P;-3.75515e-3;-4.963510;756.551375;2 out of 4
756.547620;756.547620;"PE(22:0/13:0)";[M+Na];C40H80NO8P;-3.75515e-3;-4.963510;756.551375;2 out of 4
756.547620;756.547620;"PE(21:0/14:0)";[M+Na];C40H80NO8P;-3.75515e-3;-4.963510;756.551375;2 out of 4
756.547620;756.547620;"PE(17:0/18:0)";[M+Na];C40H80NO8P;-3.75515e-3;-4.963510;756.551375;2 out of 4
757.551378;757.551378;"PA(O-20:0/18:0)";[M+K];C41H83O7P;5.79374e-4;0.764799;757.550799;1 out of 4
757.551378;757.551378;"PA(O-18:0/20:0)";[M+K];C41H83O7P;5.79374e-4;0.764799;757.550799;1 out of 4
757.551378;757.551378;"PA(O-16:0/22:0)";[M+K];C41H83O7P;5.79374e-4;0.764799;757.550799;1 out of 4
757.551378;757.551378;"DG(17:2(9Z,12Z)/17:2(9Z,12Z)/0:0)";[M+NORHARMANE+H];C37H64O5;-9.22148e-4;-1.217273;757.552300;1 out of 4
757.551378;757.551378;"DG(16:1(9Z)/18:3(9Z,12Z,15Z)/0:0)[iso2]";[M+NORHARMANE+H];C37H64O5;-9.22148e-4;-1.217273;757.552300;1 out of 4
757.551378;757.551378;"DG(12:0/22:4(7Z,10Z,13Z,16Z)/0:0)[iso2]";[M+NORHARMANE+H];C37H64O5;-9.22148e-4;-1.217273;757.552300;1 out of 4
757.551378;757.551378;"DG(14:0/20:4(5Z,8Z,11Z,14Z)/0:0)[iso2]";[M+NORHARMANE+H];C37H64O5;-9.22148e-4;-1.217273;757.552300;1 out of 4
757.551378;757.551378;"DG(14:1(9Z)/20:3(8Z,11Z,14Z)/0:0)[iso2]";[M+NORHARMANE+H];C37H64O5;-9.22148e-4;-1.217273;757.552300;1 out of 4
757.551378;757.551378;"DG(18:3(6Z,9Z,12Z)/16:1(9Z)/0:0)[iso2]";[M+NORHARMANE+H];C37H64O5;-9.22148e-4;-1.217273;757.552300;1 out of 4
757.551378;757.551378;"DG(18:4(6Z,9Z,12Z,15Z)/16:0/0:0)[iso2]";[M+NORHARMANE+H];C37H64O5;-9.22148e-4;-1.217273;757.552300;1 out of 4
758.492707;758.492707;"PS(16:0/16:0)";[M+Na];C38H74NO10P;-1.54720e-3;-2.039828;758.494254;1 out of 4
758.492707;758.492707;"PS(20:0/12:0)";[M+Na];C38H74NO10P;-1.54720e-3;-2.039828;758.494254;1 out of 4
758.492707;758.492707;"PS(19:0/13:0)";[M+Na];C38H74NO10P;-1.54720e-3;-2.039828;758.494254;1 out of 4
758.492707;758.492707;"PS(17:0/15:0)";[M+Na];C38H74NO10P;-1.54720e-3;-2.039828;758.494254;1 out of 4
758.492707;758.492707;"PS(15:0/17:0)";[M+Na];C38H74NO10P;-1.54720e-3;-2.039828;758.494254;1 out of 4
758.492707;758.492707;"PS(14:0/18:0)";[M+Na];C38H74NO10P;-1.54720e-3;-2.039828;758.494254;1 out of 4
758.492707;758.492707;"PS(13:0/19:0)";[M+Na];C38H74NO10P;-1.54720e-3;-2.039828;758.494254;1 out of 4
758.492707;758.492707;"PS(12:0/20:0)";[M+Na];C38H74NO10P;-1.54720e-3;-2.039828;758.494254;1 out of 4
758.492707;758.492707;"PS(18:0/14:0)";[M+Na];C38H74NO10P;-1.54720e-3;-2.039828;758.494254;1 out of 4
758.544782;758.544782;"PC(O-14:0/18:0)";[M+K];C40H82NO7P;-1.26559e-3;-1.668447;758.546048;3 out of 4
758.544782;758.544782;"PC(O-16:0/16:0)";[M+K];C40H82NO7P;-1.26559e-3;-1.668447;758.546048;3 out of 4
758.544782;758.544782;"PC(O-18:0/14:0)";[M+K];C40H82NO7P;-1.26559e-3;-1.668447;758.546048;3 out of 4
758.544782;758.544782;"PC(O-20:0/12:0)";[M+K];C40H82NO7P;-1.26559e-3;-1.668447;758.546048;3 out of 4
758.544782;758.544782;"PE(O-18:0/17:0)";[M+K];C40H82NO7P;-1.26559e-3;-1.668447;758.546048;3 out of 4
758.544782;758.544782;"PE(O-20:0/15:0)";[M+K];C40H82NO7P;-1.26559e-3;-1.668447;758.546048;3 out of 4
758.544782;758.544782;"PE(O-16:0/19:0)";[M+K];C40H82NO7P;-1.26559e-3;-1.668447;758.546048;3 out of 4
758.544782;758.544782;"bacteriohopane-32,33, 34-triol-35-carbamate";[M+NORHARMANE+H];C36H63NO5;-2.76712e-3;-3.647914;758.547549;1 out of 4
758.544782;758.544782;Unknown Name;[M+H];C45H76NO6P;-3.51978e-3;-4.640155;758.548302;206 out of 4
759.509467;759.509467;"PA(P-16:0/13:0)";[M+NORHARMANE+H];C32H63O7P;1.40101e-3;1.844633;759.508066;1 out of 4
759.509467;759.509467;Coenzyme Q6;[M+NORHARMANE+H];C39H58O4;-9.68336e-4;-1.274948;759.510435;1 out of 4
759.509467;759.509467;Oceanalin A;[M+Na];C41H72N2O9;-3.53488e-3;-4.654145;759.513002;1 out of 4
759.569515;759.569515;"DG(17:1(9Z)/17:2(9Z,12Z)/0:0)[iso2]";[M+NORHARMANE+H];C37H66O5;1.56479e-3;2.060103;759.567950;1 out of 4
759.569515;759.569515;"DG(16:1(9Z)/18:2(9Z,12Z)/0:0)[iso2]";[M+NORHARMANE+H];C37H66O5;1.56479e-3;2.060103;759.567950;1 out of 4
759.569515;759.569515;"DG(16:0/18:3(9Z,12Z,15Z)/0:0)[iso2]";[M+NORHARMANE+H];C37H66O5;1.56479e-3;2.060103;759.567950;1 out of 4
759.569515;759.569515;"DG(12:0/22:3(10Z,13Z,16Z)/0:0)[iso2]";[M+NORHARMANE+H];C37H66O5;1.56479e-3;2.060103;759.567950;1 out of 4
759.569515;759.569515;"DG(14:0/20:3(8Z,11Z,14Z)/0:0)[iso2]";[M+NORHARMANE+H];C37H66O5;1.56479e-3;2.060103;759.567950;1 out of 4
759.569515;759.569515;"DG(14:1(9Z)/20:2(11Z,14Z)/0:0)[iso2]";[M+NORHARMANE+H];C37H66O5;1.56479e-3;2.060103;759.567950;1 out of 4
759.569515;759.569515;"DG(18:3(6Z,9Z,12Z)/16:0/0:0)[iso2]";[M+NORHARMANE+H];C37H66O5;1.56479e-3;2.060103;759.567950;1 out of 4
759.633925;759.633925;"SM(d18:1/20:0)";[M+H];C43H87N2O6P;-3.52613e-3;-4.641864;759.637451;2 out of 4
759.633925;759.633925;"SM(d16:1/22:0)";[M+H];C43H87N2O6P;-3.52613e-3;-4.641864;759.637451;2 out of 4
760.581313;760.581313;"PC(16:0/18:1(9Z))";[M+H];C42H82NO8P;-3.76821e-3;-4.954362;760.585081;3 out of 4
760.581313;760.581313;"PC(16:0/18:1(11E))";[M+H];C42H82NO8P;-3.76821e-3;-4.954362;760.585081;3 out of 4
760.581313;760.581313;"PC(16:0/18:1(11Z))";[M+H];C42H82NO8P;-3.76821e-3;-4.954362;760.585081;3 out of 4
760.581313;760.581313;"PC(16:0/18:1(6E))";[M+H];C42H82NO8P;-3.76821e-3;-4.954362;760.585081;3 out of 4
760.581313;760.581313;"PC(16:0/18:1(6Z))";[M+H];C42H82NO8P;-3.76821e-3;-4.954362;760.585081;3 out of 4
760.581313;760.581313;"PC(16:0/18:1(9E))";[M+H];C42H82NO8P;-3.76821e-3;-4.954362;760.585081;3 out of 4
760.581313;760.581313;"PC(18:0/16:1(9Z))";[M+H];C42H82NO8P;-3.76821e-3;-4.954362;760.585081;3 out of 4
760.581313;760.581313;"PC(18:1(9Z)/16:0)";[M+H];C42H82NO8P;-3.76821e-3;-4.954362;760.585081;3 out of 4
760.581313;760.581313;"PC(12:0/22:1(11Z))";[M+H];C42H82NO8P;-3.76821e-3;-4.954362;760.585081;3 out of 4
760.581313;760.581313;"PC(14:0/20:1(11Z))";[M+H];C42H82NO8P;-3.76821e-3;-4.954362;760.585081;3 out of 4
760.581313;760.581313;"PC(14:1(9Z)/20:0)";[M+H];C42H82NO8P;-3.76821e-3;-4.954362;760.585081;3 out of 4
760.581313;760.581313;"PC(15:0/19:1(9Z))";[M+H];C42H82NO8P;-3.76821e-3;-4.954362;760.585081;3 out of 4
760.581313;760.581313;"PC(15:1(9Z)/19:0)";[M+H];C42H82NO8P;-3.76821e-3;-4.954362;760.585081;3 out of 4
760.581313;760.581313;"PC(16:1(9Z)/18:0)";[M+H];C42H82NO8P;-3.76821e-3;-4.954362;760.585081;3 out of 4
760.581313;760.581313;"PC(17:0/17:1(9Z))";[M+H];C42H82NO8P;-3.76821e-3;-4.954362;760.585081;3 out of 4
760.581313;760.581313;"PC(17:1(9Z)/17:0)";[M+H];C42H82NO8P;-3.76821e-3;-4.954362;760.585081;3 out of 4
760.581313;760.581313;"PC(19:0/15:1(9Z))";[M+H];C42H82NO8P;-3.76821e-3;-4.954362;760.585081;3 out of 4
760.581313;760.581313;"PC(19:1(9Z)/15:0)";[M+H];C42H82NO8P;-3.76821e-3;-4.954362;760.585081;3 out of 4
760.581313;760.581313;"PC(20:0/14:1(9Z))";[M+H];C42H82NO8P;-3.76821e-3;-4.954362;760.585081;3 out of 4
760.581313;760.581313;"PC(20:1(11Z)/14:0)";[M+H];C42H82NO8P;-3.76821e-3;-4.954362;760.585081;3 out of 4
760.581313;760.581313;"PC(22:1(11Z)/12:0)";[M+H];C42H82NO8P;-3.76821e-3;-4.954362;760.585081;3 out of 4
760.581313;760.581313;"PC(18:1(11Z)/16:0)";[M+H];C42H82NO8P;-3.76821e-3;-4.954362;760.585081;3 out of 4
760.581313;760.581313;"PE(15:0/22:1(11Z))";[M+H];C42H82NO8P;-3.76821e-3;-4.954362;760.585081;3 out of 4
760.581313;760.581313;"PE(15:1(9Z)/22:0)";[M+H];C42H82NO8P;-3.76821e-3;-4.954362;760.585081;3 out of 4
760.581313;760.581313;"PE(16:1(9Z)/21:0)";[M+H];C42H82NO8P;-3.76821e-3;-4.954362;760.585081;3 out of 4
760.581313;760.581313;"PE(17:0/20:1(11Z))";[M+H];C42H82NO8P;-3.76821e-3;-4.954362;760.585081;3 out of 4
760.581313;760.581313;"PE(17:1(9Z)/20:0)";[M+H];C42H82NO8P;-3.76821e-3;-4.954362;760.585081;3 out of 4
760.581313;760.581313;"PE(18:0/19:1(9Z))";[M+H];C42H82NO8P;-3.76821e-3;-4.954362;760.585081;3 out of 4
760.581313;760.581313;"PE(18:1(9Z)/19:0)";[M+H];C42H82NO8P;-3.76821e-3;-4.954362;760.585081;3 out of 4
760.581313;760.581313;"PE(19:0/18:1(9Z))";[M+H];C42H82NO8P;-3.76821e-3;-4.954362;760.585081;3 out of 4
760.581313;760.581313;"PE(19:1(9Z)/18:0)";[M+H];C42H82NO8P;-3.76821e-3;-4.954362;760.585081;3 out of 4
760.581313;760.581313;"PE(20:0/17:1(9Z))";[M+H];C42H82NO8P;-3.76821e-3;-4.954362;760.585081;3 out of 4
760.581313;760.581313;"PE(20:1(11Z)/17:0)";[M+H];C42H82NO8P;-3.76821e-3;-4.954362;760.585081;3 out of 4
760.581313;760.581313;"PE(21:0/16:1(9Z))";[M+H];C42H82NO8P;-3.76821e-3;-4.954362;760.585081;3 out of 4
760.581313;760.581313;"PE(22:0/15:1(9Z))";[M+H];C42H82NO8P;-3.76821e-3;-4.954362;760.585081;3 out of 4
760.581313;760.581313;"PE(22:1(11Z)/15:0)";[M+H];C42H82NO8P;-3.76821e-3;-4.954362;760.585081;3 out of 4
760.591785;760.591785;"GlcCer(t18:1(8Z)/18:0(2OH[S]))";[M+H];C42H81NO10;-1.53879e-3;-2.023147;760.593324;2 out of 4
760.637166;760.637166;"Cer(d18:2/20:0)";[M+NORHARMANE+H];C38H73NO3;1.19580e-3;1.572111;760.635970;1 out of 4
760.637166;760.637166;"Cer(d14:1/24:1)";[M+NORHARMANE+H];C38H73NO3;1.19580e-3;1.572111;760.635970;1 out of 4
760.637166;760.637166;"Cer(d16:1/22:1)";[M+NORHARMANE+H];C38H73NO3;1.19580e-3;1.572111;760.635970;1 out of 4
760.637166;760.637166;"Cer(d14:2(4E,6E)/24:0)";[M+NORHARMANE+H];C38H73NO3;1.19580e-3;1.572111;760.635970;1 out of 4
760.637166;760.637166;"Cer(d16:2(4E,6E)/22:0)";[M+NORHARMANE+H];C38H73NO3;1.19580e-3;1.572111;760.635970;1 out of 4
761.447967;761.447967;"SQDG(14:0/14:0)";[M+Na];C37H70O12S;-5.16800e-5;-0.067871;761.448019;2 out of 4
761.584435;761.584435;Squafosacin G;[M+NORHARMANE+H];C37H68O5;8.34724e-4;1.096037;761.583600;1 out of 4
761.584435;761.584435;"DG(17:1(9Z)/17:1(9Z)/0:0)";[M+NORHARMANE+H];C37H68O5;8.34724e-4;1.096037;761.583600;1 out of 4
761.584435;761.584435;"DG(17:0/17:2(9Z,12Z)/0:0)[iso2]";[M+NORHARMANE+H];C37H68O5;8.34724e-4;1.096037;761.583600;1 out of 4
761.584435;761.584435;"DG(16:1(9Z)/18:1(9Z)/0:0)[iso2]";[M+NORHARMANE+H];C37H68O5;8.34724e-4;1.096037;761.583600;1 out of 4
761.584435;761.584435;"DG(16:0/18:2(9Z,12Z)/0:0)[iso2]";[M+NORHARMANE+H];C37H68O5;8.34724e-4;1.096037;761.583600;1 out of 4
761.584435;761.584435;"DG(12:0/22:2(13Z,16Z)/0:0)[iso2]";[M+NORHARMANE+H];C37H68O5;8.34724e-4;1.096037;761.583600;1 out of 4
761.584435;761.584435;"DG(14:0/20:2(11Z,14Z)/0:0)[iso2]";[M+NORHARMANE+H];C37H68O5;8.34724e-4;1.096037;761.583600;1 out of 4
761.584435;761.584435;"DG(14:1(9Z)/20:1(11Z)/0:0)[iso2]";[M+NORHARMANE+H];C37H68O5;8.34724e-4;1.096037;761.583600;1 out of 4
762.479687;762.479687;"PC(11:0/11:0)";[M+NORHARMANE+H];C30H60NO8P;-2.89251e-3;-3.793542;762.482580;1 out of 4
762.479687;762.479687;"PC(16:0/6:0)";[M+NORHARMANE+H];C30H60NO8P;-2.89251e-3;-3.793542;762.482580;1 out of 4
762.479687;762.479687;"PC(4:0/18:0)";[M+NORHARMANE+H];C30H60NO8P;-2.89251e-3;-3.793542;762.482580;1 out of 4
762.479687;762.479687;"PC(10:0/12:0)";[M+NORHARMANE+H];C30H60NO8P;-2.89251e-3;-3.793542;762.482580;1 out of 4
762.479687;762.479687;"PE(12:0/13:0)";[M+NORHARMANE+H];C30H60NO8P;-2.89251e-3;-3.793542;762.482580;1 out of 4
762.479687;762.479687;"PE-NMe(12:0/12:0)";[M+NORHARMANE+H];C30H60NO8P;-2.89251e-3;-3.793542;762.482580;1 out of 4
762.479687;762.479687;"PE(13:0/12:0)";[M+NORHARMANE+H];C30H60NO8P;-2.89251e-3;-3.793542;762.482580;1 out of 4
762.479687;762.479687;"PE(O-16:0/20:5(5Z,8Z,11Z,14Z,17Z))";[M+K];C41H74NO7P;-3.76034e-3;-4.931698;762.483447;2 out of 4
762.479687;762.479687;"PE(P-18:0/18:4(6Z,9Z,12Z,15Z))";[M+K];C41H74NO7P;-3.76034e-3;-4.931698;762.483447;2 out of 4
762.479687;762.479687;"PE(P-16:0/20:4(5Z,8Z,11Z,14Z))";[M+K];C41H74NO7P;-3.76034e-3;-4.931698;762.483447;2 out of 4
762.588452;762.588452;"GlcCer(d15:2(4E,6E)/22:0)";[M+Na];C43H81NO8;3.01345e-3;3.951620;762.585439;1 out of 4
763.600397;763.600397;"DG(18:1(11E)/16:0/0:0)";[M+NORHARMANE+H];C37H70O5;1.14666e-3;1.501652;763.599250;2 out of 4
763.600397;763.600397;"DG(18:1(9Z)/16:0/0:0)";[M+NORHARMANE+H];C37H70O5;1.14666e-3;1.501652;763.599250;2 out of 4
763.600397;763.600397;"DG(16:0/18:1(9Z)/0:0)";[M+NORHARMANE+H];C37H70O5;1.14666e-3;1.501652;763.599250;2 out of 4
763.600397;763.600397;"DG(17:0/17:1(9Z)/0:0)[iso2]";[M+NORHARMANE+H];C37H70O5;1.14666e-3;1.501652;763.599250;2 out of 4
763.600397;763.600397;"DG(16:1(9Z)/18:0/0:0)[iso2]";[M+NORHARMANE+H];C37H70O5;1.14666e-3;1.501652;763.599250;2 out of 4
763.600397;763.600397;"DG(16:0/18:1(11Z)/0:0)";[M+NORHARMANE+H];C37H70O5;1.14666e-3;1.501652;763.599250;2 out of 4
763.600397;763.600397;"DG(12:0/22:1(11Z)/0:0)[iso2]";[M+NORHARMANE+H];C37H70O5;1.14666e-3;1.501652;763.599250;2 out of 4
763.600397;763.600397;"DG(14:0/20:1(11Z)/0:0)[iso2]";[M+NORHARMANE+H];C37H70O5;1.14666e-3;1.501652;763.599250;2 out of 4
763.600397;763.600397;"DG(14:1(9Z)/20:0/0:0)[iso2]";[M+NORHARMANE+H];C37H70O5;1.14666e-3;1.501652;763.599250;2 out of 4
763.600397;763.600397;"DG(15:1(9Z)/19:0/0:0)[iso2]";[M+NORHARMANE+H];C37H70O5;1.14666e-3;1.501652;763.599250;2 out of 4
764.389325;764.389325;POV-PS;[M+NORHARMANE+H];C27H50NO11P;2.51950e-4;0.329610;764.389073;1 out of 4
764.389325;764.389325;"PS(12:0/20:5(5Z,8Z,11Z,14Z,17Z))";[M+K];C38H64NO10P;-6.15878e-4;-0.805712;764.389941;1 out of 4
764.389325;764.389325;"PS(14:1(9Z)/18:4(6Z,9Z,12Z,15Z))";[M+K];C38H64NO10P;-6.15878e-4;-0.805712;764.389941;1 out of 4
764.389325;764.389325;"PS(18:4(6Z,9Z,12Z,15Z)/14:1(9Z))";[M+K];C38H64NO10P;-6.15878e-4;-0.805712;764.389941;1 out of 4
764.389325;764.389325;"PS(20:5(5Z,8Z,11Z,14Z,17Z)/12:0)";[M+K];C38H64NO10P;-6.15878e-4;-0.805712;764.389941;1 out of 4
764.480121;764.480121;"PS(O-16:0/18:4(6Z,9Z,12Z,15Z))";[M+Na];C40H72NO9P;-3.56851e-3;-4.667875;764.483690;1 out of 4
764.480121;764.480121;"PS(P-16:0/18:3(6Z,9Z,12Z))";[M+Na];C40H72NO9P;-3.56851e-3;-4.667875;764.483690;1 out of 4
764.480121;764.480121;"PS(P-16:0/18:3(9Z,12Z,15Z))";[M+Na];C40H72NO9P;-3.56851e-3;-4.667875;764.483690;1 out of 4
764.517150;764.517150;"PC(13:0/20:3(8Z,11Z,14Z))";[M+Na];C41H76NO8P;-2.92502e-3;-3.825958;764.520075;1 out of 4
764.517150;764.517150;"PC(15:0/18:3(6Z,9Z,12Z))";[M+Na];C41H76NO8P;-2.92502e-3;-3.825958;764.520075;1 out of 4
764.517150;764.517150;"PC(15:0/18:3(9Z,12Z,15Z))";[M+Na];C41H76NO8P;-2.92502e-3;-3.825958;764.520075;1 out of 4
764.517150;764.517150;"PC(15:1(9Z)/18:2(9Z,12Z))";[M+Na];C41H76NO8P;-2.92502e-3;-3.825958;764.520075;1 out of 4
764.517150;764.517150;"PC(16:1(9Z)/17:2(9Z,12Z))";[M+Na];C41H76NO8P;-2.92502e-3;-3.825958;764.520075;1 out of 4
764.517150;764.517150;"PC(17:2(9Z,12Z)/16:1(9Z))";[M+Na];C41H76NO8P;-2.92502e-3;-3.825958;764.520075;1 out of 4
764.517150;764.517150;"PC(18:2(9Z,12Z)/15:1(9Z))";[M+Na];C41H76NO8P;-2.92502e-3;-3.825958;764.520075;1 out of 4
764.517150;764.517150;"PC(18:3(6Z,9Z,12Z)/15:0)";[M+Na];C41H76NO8P;-2.92502e-3;-3.825958;764.520075;1 out of 4
764.517150;764.517150;"PC(18:3(9Z,12Z,15Z)/15:0)";[M+Na];C41H76NO8P;-2.92502e-3;-3.825958;764.520075;1 out of 4
764.517150;764.517150;"PC(20:3(8Z,11Z,14Z)/13:0)";[M+Na];C41H76NO8P;-2.92502e-3;-3.825958;764.520075;1 out of 4
764.517150;764.517150;"PE(18:1(9Z)/18:2(9Z,12Z))";[M+Na];C41H76NO8P;-2.92502e-3;-3.825958;764.520075;1 out of 4
764.517150;764.517150;"PE(14:1(9Z)/22:2(13Z,16Z))";[M+Na];C41H76NO8P;-2.92502e-3;-3.825958;764.520075;1 out of 4
764.517150;764.517150;"PE(16:1(9Z)/20:2(11Z,14Z))";[M+Na];C41H76NO8P;-2.92502e-3;-3.825958;764.520075;1 out of 4
764.517150;764.517150;"PE(17:2(9Z,12Z)/19:1(9Z))";[M+Na];C41H76NO8P;-2.92502e-3;-3.825958;764.520075;1 out of 4
764.517150;764.517150;"PE(18:0/18:3(6Z,9Z,12Z))";[M+Na];C41H76NO8P;-2.92502e-3;-3.825958;764.520075;1 out of 4
764.517150;764.517150;"PE(18:0/18:3(9Z,12Z,15Z))";[M+Na];C41H76NO8P;-2.92502e-3;-3.825958;764.520075;1 out of 4
764.517150;764.517150;"PE(18:2(9Z,12Z)/18:1(9Z))";[M+Na];C41H76NO8P;-2.92502e-3;-3.825958;764.520075;1 out of 4
764.517150;764.517150;"PE(18:3(6Z,9Z,12Z)/18:0)";[M+Na];C41H76NO8P;-2.92502e-3;-3.825958;764.520075;1 out of 4
764.517150;764.517150;"PE(18:3(9Z,12Z,15Z)/18:0)";[M+Na];C41H76NO8P;-2.92502e-3;-3.825958;764.520075;1 out of 4
764.517150;764.517150;"PE(19:1(9Z)/17:2(9Z,12Z))";[M+Na];C41H76NO8P;-2.92502e-3;-3.825958;764.520075;1 out of 4
764.517150;764.517150;"PE(20:2(11Z,14Z)/16:1(9Z))";[M+Na];C41H76NO8P;-2.92502e-3;-3.825958;764.520075;1 out of 4
764.517150;764.517150;"PE(20:3(8Z,11Z,14Z)/16:0)";[M+Na];C41H76NO8P;-2.92502e-3;-3.825958;764.520075;1 out of 4
764.517150;764.517150;"PE(22:2(13Z,16Z)/14:1(9Z))";[M+Na];C41H76NO8P;-2.92502e-3;-3.825958;764.520075;1 out of 4
764.517150;764.517150;"PE(16:0/20:3(8Z,11Z,14Z))";[M+Na];C41H76NO8P;-2.92502e-3;-3.825958;764.520075;1 out of 4
764.553302;764.553302;"PC(O-16:0/18:3(6Z,9Z,12Z))";[M+Na];C42H80NO7P;-3.15853e-3;-4.131193;764.556461;1 out of 4
764.553302;764.553302;"PC(O-16:0/18:3(9Z,12Z,15Z))";[M+Na];C42H80NO7P;-3.15853e-3;-4.131193;764.556461;1 out of 4
764.553302;764.553302;"PC(O-16:1(9Z)/18:2(9Z,12Z))";[M+Na];C42H80NO7P;-3.15853e-3;-4.131193;764.556461;1 out of 4
764.553302;764.553302;"PC(P-16:0/18:2(9Z,12Z))";[M+Na];C42H80NO7P;-3.15853e-3;-4.131193;764.556461;1 out of 4
764.553302;764.553302;"PC(P-18:1(11Z)/16:1(9Z))";[M+Na];C42H80NO7P;-3.15853e-3;-4.131193;764.556461;1 out of 4
764.553302;764.553302;"PC(P-18:1(9Z)/16:1(9Z))";[M+Na];C42H80NO7P;-3.15853e-3;-4.131193;764.556461;1 out of 4
764.553302;764.553302;"PE(P-20:0/17:2(9Z,12Z))";[M+Na];C42H80NO7P;-3.15853e-3;-4.131193;764.556461;1 out of 4
764.603567;764.603567;"GlcCer(d15:1/22:0)";[M+Na];C43H83NO8;2.47838e-3;3.241408;764.601089;1 out of 4
765.479417;765.479417;"PA(16:1(9Z)/22:2(13Z,16Z))";[M+K];C41H75O8P;-3.69599e-3;-4.828310;765.483113;2 out of 4
765.479417;765.479417;"PA(18:1(9Z)/20:2(11Z,14Z))";[M+K];C41H75O8P;-3.69599e-3;-4.828310;765.483113;2 out of 4
765.479417;765.479417;"PA(18:2(9Z,12Z)/20:1(11Z))";[M+K];C41H75O8P;-3.69599e-3;-4.828310;765.483113;2 out of 4
765.479417;765.479417;"PA(18:3(6Z,9Z,12Z)/20:0)";[M+K];C41H75O8P;-3.69599e-3;-4.828310;765.483113;2 out of 4
765.479417;765.479417;"PA(18:3(9Z,12Z,15Z)/20:0)";[M+K];C41H75O8P;-3.69599e-3;-4.828310;765.483113;2 out of 4
765.479417;765.479417;"PA(20:0/18:3(6Z,9Z,12Z))";[M+K];C41H75O8P;-3.69599e-3;-4.828310;765.483113;2 out of 4
765.479417;765.479417;"PA(20:0/18:3(9Z,12Z,15Z))";[M+K];C41H75O8P;-3.69599e-3;-4.828310;765.483113;2 out of 4
765.479417;765.479417;"PA(20:1(11Z)/18:2(9Z,12Z))";[M+K];C41H75O8P;-3.69599e-3;-4.828310;765.483113;2 out of 4
765.479417;765.479417;"PA(20:2(11Z,14Z)/18:1(9Z))";[M+K];C41H75O8P;-3.69599e-3;-4.828310;765.483113;2 out of 4
765.479417;765.479417;"PA(20:3(8Z,11Z,14Z)/18:0)";[M+K];C41H75O8P;-3.69599e-3;-4.828310;765.483113;2 out of 4
765.479417;765.479417;"PA(22:2(13Z,16Z)/16:1(9Z))";[M+K];C41H75O8P;-3.69599e-3;-4.828310;765.483113;2 out of 4
765.479417;765.479417;"PA(18:0/20:3(8Z,11Z,14Z))";[M+K];C41H75O8P;-3.69599e-3;-4.828310;765.483113;2 out of 4
766.532735;766.532735;"PC(15:0/18:2(9Z,12Z))";[M+Na];C41H78NO8P;-2.99009e-3;-3.900778;766.535725;2 out of 4
766.532735;766.532735;"PC(13:0/20:2(11Z,14Z))";[M+Na];C41H78NO8P;-2.99009e-3;-3.900778;766.535725;2 out of 4
766.532735;766.532735;"PC(14:1(9Z)/19:1(9Z))";[M+Na];C41H78NO8P;-2.99009e-3;-3.900778;766.535725;2 out of 4
766.532735;766.532735;"PC(15:1(9Z)/18:1(9Z))";[M+Na];C41H78NO8P;-2.99009e-3;-3.900778;766.535725;2 out of 4
766.532735;766.532735;"PC(16:0/17:2(9Z,12Z))";[M+Na];C41H78NO8P;-2.99009e-3;-3.900778;766.535725;2 out of 4
766.532735;766.532735;"PC(16:1(9Z)/17:1(9Z))";[M+Na];C41H78NO8P;-2.99009e-3;-3.900778;766.535725;2 out of 4
766.532735;766.532735;"PC(17:1(9Z)/16:1(9Z))";[M+Na];C41H78NO8P;-2.99009e-3;-3.900778;766.535725;2 out of 4
766.532735;766.532735;"PC(17:2(9Z,12Z)/16:0)";[M+Na];C41H78NO8P;-2.99009e-3;-3.900778;766.535725;2 out of 4
766.532735;766.532735;"PC(18:1(9Z)/15:1(9Z))";[M+Na];C41H78NO8P;-2.99009e-3;-3.900778;766.535725;2 out of 4
766.532735;766.532735;"PC(18:2(9Z,12Z)/15:0)";[M+Na];C41H78NO8P;-2.99009e-3;-3.900778;766.535725;2 out of 4
766.532735;766.532735;"PC(19:1(9Z)/14:1(9Z))";[M+Na];C41H78NO8P;-2.99009e-3;-3.900778;766.535725;2 out of 4
766.532735;766.532735;"PC(20:2(11Z,14Z)/13:0)";[M+Na];C41H78NO8P;-2.99009e-3;-3.900778;766.535725;2 out of 4
766.532735;766.532735;"PE(18:1(9E)/18:1(9E))";[M+Na];C41H78NO8P;-2.99009e-3;-3.900778;766.535725;2 out of 4
766.532735;766.532735;"PE(18:0/18:2(9Z,12Z))";[M+Na];C41H78NO8P;-2.99009e-3;-3.900778;766.535725;2 out of 4
766.532735;766.532735;"PE(18:1(9Z)/18:1(9Z))";[M+Na];C41H78NO8P;-2.99009e-3;-3.900778;766.535725;2 out of 4
766.532735;766.532735;"PE(18:1(6Z)/18:1(6Z))";[M+Na];C41H78NO8P;-2.99009e-3;-3.900778;766.535725;2 out of 4
766.532735;766.532735;"PE(14:0/22:2(13Z,16Z))";[M+Na];C41H78NO8P;-2.99009e-3;-3.900778;766.535725;2 out of 4
766.532735;766.532735;"PE(14:1(9Z)/22:1(11Z))";[M+Na];C41H78NO8P;-2.99009e-3;-3.900778;766.535725;2 out of 4
766.532735;766.532735;"PE(16:0/20:2(11Z,14Z))";[M+Na];C41H78NO8P;-2.99009e-3;-3.900778;766.535725;2 out of 4
766.532735;766.532735;"PE(16:1(9Z)/20:1(11Z))";[M+Na];C41H78NO8P;-2.99009e-3;-3.900778;766.535725;2 out of 4
766.532735;766.532735;"PE(17:1(9Z)/19:1(9Z))";[M+Na];C41H78NO8P;-2.99009e-3;-3.900778;766.535725;2 out of 4
766.532735;766.532735;"PE(17:2(9Z,12Z)/19:0)";[M+Na];C41H78NO8P;-2.99009e-3;-3.900778;766.535725;2 out of 4
766.532735;766.532735;"PE(19:0/17:2(9Z,12Z))";[M+Na];C41H78NO8P;-2.99009e-3;-3.900778;766.535725;2 out of 4
766.532735;766.532735;"PE(19:1(9Z)/17:1(9Z))";[M+Na];C41H78NO8P;-2.99009e-3;-3.900778;766.535725;2 out of 4
766.532735;766.532735;"PE(20:1(11Z)/16:1(9Z))";[M+Na];C41H78NO8P;-2.99009e-3;-3.900778;766.535725;2 out of 4
766.532735;766.532735;"PE(20:2(11Z,14Z)/16:0)";[M+Na];C41H78NO8P;-2.99009e-3;-3.900778;766.535725;2 out of 4
766.532735;766.532735;"PE(22:1(11Z)/14:1(9Z))";[M+Na];C41H78NO8P;-2.99009e-3;-3.900778;766.535725;2 out of 4
766.532735;766.532735;"PE(22:2(13Z,16Z)/14:0)";[M+Na];C41H78NO8P;-2.99009e-3;-3.900778;766.535725;2 out of 4
766.532735;766.532735;"PE(18:2(9Z,12Z)/18:0)";[M+Na];C41H78NO8P;-2.99009e-3;-3.900778;766.535725;2 out of 4
766.532735;766.532735;"PE(18:0(11Cp)/16:0(9Cp))";[M+Na];C41H78NO8P;-2.99009e-3;-3.900778;766.535725;2 out of 4
766.569077;766.569077;"PC(O-16:0/18:2(9Z,12Z))";[M+Na];C42H82NO7P;-3.03359e-3;-3.957350;766.572111;2 out of 4
766.569077;766.569077;"PC(P-16:0/18:1(9Z))";[M+Na];C42H82NO7P;-3.03359e-3;-3.957350;766.572111;2 out of 4
766.569077;766.569077;"PC(P-18:0/16:1(9Z))";[M+Na];C42H82NO7P;-3.03359e-3;-3.957350;766.572111;2 out of 4
766.569077;766.569077;"PC(P-20:0/14:1(9Z))";[M+Na];C42H82NO7P;-3.03359e-3;-3.957350;766.572111;2 out of 4
766.569077;766.569077;"PC(P-16:0/18:1(11Z))";[M+Na];C42H82NO7P;-3.03359e-3;-3.957350;766.572111;2 out of 4
766.569077;766.569077;"PC(P-18:1(11Z)/16:0)";[M+Na];C42H82NO7P;-3.03359e-3;-3.957350;766.572111;2 out of 4
766.569077;766.569077;"PC(P-18:1(9Z)/16:0)";[M+Na];C42H82NO7P;-3.03359e-3;-3.957350;766.572111;2 out of 4
766.569077;766.569077;"PE(O-20:0/17:2(9Z,12Z))";[M+Na];C42H82NO7P;-3.03359e-3;-3.957350;766.572111;2 out of 4
766.569077;766.569077;"PE(P-18:0/19:1(9Z))";[M+Na];C42H82NO7P;-3.03359e-3;-3.957350;766.572111;2 out of 4
766.569077;766.569077;"PE(P-20:0/17:1(9Z))";[M+Na];C42H82NO7P;-3.03359e-3;-3.957350;766.572111;2 out of 4
766.569077;766.569077;"PnC(16:0/18:1(9Z))";[M+Na];C42H82NO7P;-3.03359e-3;-3.957350;766.572111;2 out of 4
767.535631;767.535631;"PA(P-20:0/19:1(9Z))";[M+K];C42H81O7P;4.82438e-4;0.628555;767.535149;1 out of 4
767.535631;767.535631;"DG(13:0/22:6(4Z,7Z,10Z,13Z,16Z,19Z)/0:0)[iso2]";[M+NORHARMANE+H];C38H62O5;-1.01908e-3;-1.327733;767.536650;2 out of 4
767.535631;767.535631;"DG(15:1(9Z)/20:5(5Z,8Z,11Z,14Z,17Z)/0:0)[iso2]";[M+NORHARMANE+H];C38H62O5;-1.01908e-3;-1.327733;767.536650;2 out of 4
767.535631;767.535631;"DG(18:4(6Z,9Z,12Z,15Z)/17:2(9Z,12Z)/0:0)[iso2]";[M+NORHARMANE+H];C38H62O5;-1.01908e-3;-1.327733;767.536650;2 out of 4
768.549174;768.549174;"PC(15:0/18:1(11Z))";[M+Na];C41H80NO8P;-2.20115e-3;-2.864025;768.551375;3 out of 4
768.549174;768.549174;"PC(16:0/17:1(9Z))";[M+Na];C41H80NO8P;-2.20115e-3;-2.864025;768.551375;3 out of 4
768.549174;768.549174;"PC(13:0/20:1(11Z))";[M+Na];C41H80NO8P;-2.20115e-3;-2.864025;768.551375;3 out of 4
768.549174;768.549174;"PC(14:0/19:1(9Z))";[M+Na];C41H80NO8P;-2.20115e-3;-2.864025;768.551375;3 out of 4
768.549174;768.549174;"PC(14:1(9Z)/19:0)";[M+Na];C41H80NO8P;-2.20115e-3;-2.864025;768.551375;3 out of 4
768.549174;768.549174;"PC(15:0/18:1(9Z))";[M+Na];C41H80NO8P;-2.20115e-3;-2.864025;768.551375;3 out of 4
768.549174;768.549174;"PC(15:1(9Z)/18:0)";[M+Na];C41H80NO8P;-2.20115e-3;-2.864025;768.551375;3 out of 4
768.549174;768.549174;"PC(16:1(9Z)/17:0)";[M+Na];C41H80NO8P;-2.20115e-3;-2.864025;768.551375;3 out of 4
768.549174;768.549174;"PC(17:0/16:1(9Z))";[M+Na];C41H80NO8P;-2.20115e-3;-2.864025;768.551375;3 out of 4
768.549174;768.549174;"PC(17:1(9Z)/16:0)";[M+Na];C41H80NO8P;-2.20115e-3;-2.864025;768.551375;3 out of 4
768.549174;768.549174;"PC(18:0/15:1(9Z))";[M+Na];C41H80NO8P;-2.20115e-3;-2.864025;768.551375;3 out of 4
768.549174;768.549174;"PC(18:1(9Z)/15:0)";[M+Na];C41H80NO8P;-2.20115e-3;-2.864025;768.551375;3 out of 4
768.549174;768.549174;"PC(19:0/14:1(9Z))";[M+Na];C41H80NO8P;-2.20115e-3;-2.864025;768.551375;3 out of 4
768.549174;768.549174;"PC(19:1(9Z)/14:0)";[M+Na];C41H80NO8P;-2.20115e-3;-2.864025;768.551375;3 out of 4
768.549174;768.549174;"PC(20:1(11Z)/13:0)";[M+Na];C41H80NO8P;-2.20115e-3;-2.864025;768.551375;3 out of 4
768.549174;768.549174;"PE(18:0/18:1(9Z))";[M+Na];C41H80NO8P;-2.20115e-3;-2.864025;768.551375;3 out of 4
768.549174;768.549174;"PE(18:1(9Z)/18:0)";[M+Na];C41H80NO8P;-2.20115e-3;-2.864025;768.551375;3 out of 4
768.549174;768.549174;"PE(18:0/18:1(7Z))";[M+Na];C41H80NO8P;-2.20115e-3;-2.864025;768.551375;3 out of 4
768.549174;768.549174;"PE(16:0/20:1(11Z))";[M+Na];C41H80NO8P;-2.20115e-3;-2.864025;768.551375;3 out of 4
768.549174;768.549174;"PE-NMe2(16:0/18:1(9Z))";[M+Na];C41H80NO8P;-2.20115e-3;-2.864025;768.551375;3 out of 4
768.549174;768.549174;"PE-NMe2(18:1(9Z)/16:0)";[M+Na];C41H80NO8P;-2.20115e-3;-2.864025;768.551375;3 out of 4
768.549174;768.549174;"PE(14:0/22:1(11Z))";[M+Na];C41H80NO8P;-2.20115e-3;-2.864025;768.551375;3 out of 4
768.549174;768.549174;"PE(14:1(9Z)/22:0)";[M+Na];C41H80NO8P;-2.20115e-3;-2.864025;768.551375;3 out of 4
768.549174;768.549174;"PE(15:1(9Z)/21:0)";[M+Na];C41H80NO8P;-2.20115e-3;-2.864025;768.551375;3 out of 4
768.549174;768.549174;"PE(16:1(9Z)/20:0)";[M+Na];C41H80NO8P;-2.20115e-3;-2.864025;768.551375;3 out of 4
768.549174;768.549174;"PE(17:0/19:1(9Z))";[M+Na];C41H80NO8P;-2.20115e-3;-2.864025;768.551375;3 out of 4
768.549174;768.549174;"PE(17:1(9Z)/19:0)";[M+Na];C41H80NO8P;-2.20115e-3;-2.864025;768.551375;3 out of 4
768.549174;768.549174;"PE(19:0/17:1(9Z))";[M+Na];C41H80NO8P;-2.20115e-3;-2.864025;768.551375;3 out of 4
768.549174;768.549174;"PE(19:1(9Z)/17:0)";[M+Na];C41H80NO8P;-2.20115e-3;-2.864025;768.551375;3 out of 4
768.549174;768.549174;"PE(20:0/16:1(9Z))";[M+Na];C41H80NO8P;-2.20115e-3;-2.864025;768.551375;3 out of 4
768.549174;768.549174;"PE(20:1(11Z)/16:0)";[M+Na];C41H80NO8P;-2.20115e-3;-2.864025;768.551375;3 out of 4
768.549174;768.549174;"PE(21:0/15:1(9Z))";[M+Na];C41H80NO8P;-2.20115e-3;-2.864025;768.551375;3 out of 4
768.549174;768.549174;"PE(22:0/14:1(9Z))";[M+Na];C41H80NO8P;-2.20115e-3;-2.864025;768.551375;3 out of 4
768.549174;768.549174;"PE(22:1(11Z)/14:0)";[M+Na];C41H80NO8P;-2.20115e-3;-2.864025;768.551375;3 out of 4
768.584817;768.584817;"PC(O-16:0/18:1(9Z))";[M+Na];C42H84NO7P;-2.94366e-3;-3.829957;768.587761;3 out of 4
768.584817;768.584817;"PC(O-18:0/16:1(9Z))";[M+Na];C42H84NO7P;-2.94366e-3;-3.829957;768.587761;3 out of 4
768.584817;768.584817;"PC(O-18:1(9Z)/16:0)";[M+Na];C42H84NO7P;-2.94366e-3;-3.829957;768.587761;3 out of 4
768.584817;768.584817;"PC(O-20:0/14:1(9Z))";[M+Na];C42H84NO7P;-2.94366e-3;-3.829957;768.587761;3 out of 4
768.584817;768.584817;"PC(O-16:1(9Z)/18:0)";[M+Na];C42H84NO7P;-2.94366e-3;-3.829957;768.587761;3 out of 4
768.584817;768.584817;"PC(O-18:1(11Z)/16:0)";[M+Na];C42H84NO7P;-2.94366e-3;-3.829957;768.587761;3 out of 4
768.584817;768.584817;"PC(P-16:0/18:0)";[M+Na];C42H84NO7P;-2.94366e-3;-3.829957;768.587761;3 out of 4
768.584817;768.584817;"PC(P-18:0/16:0)";[M+Na];C42H84NO7P;-2.94366e-3;-3.829957;768.587761;3 out of 4
768.584817;768.584817;"PC(P-20:0/14:0)";[M+Na];C42H84NO7P;-2.94366e-3;-3.829957;768.587761;3 out of 4
768.584817;768.584817;"PE(O-18:0/19:1(9Z))";[M+Na];C42H84NO7P;-2.94366e-3;-3.829957;768.587761;3 out of 4
768.584817;768.584817;"PE(O-20:0/17:1(9Z))";[M+Na];C42H84NO7P;-2.94366e-3;-3.829957;768.587761;3 out of 4
768.584817;768.584817;"PE(P-16:0/21:0)";[M+Na];C42H84NO7P;-2.94366e-3;-3.829957;768.587761;3 out of 4
768.584817;768.584817;"PE(P-18:0/19:0)";[M+Na];C42H84NO7P;-2.94366e-3;-3.829957;768.587761;3 out of 4
768.584817;768.584817;"PE(P-20:0/17:0)";[M+Na];C42H84NO7P;-2.94366e-3;-3.829957;768.587761;3 out of 4
769.551103;769.551103;"PA(O-20:0/19:1(9Z))";[M+K];C42H83O7P;3.04374e-4;0.395522;769.550799;1 out of 4
769.551103;769.551103;"PA(P-18:0/21:0)";[M+K];C42H83O7P;3.04374e-4;0.395522;769.550799;1 out of 4
769.551103;769.551103;"PA(P-20:0/19:0)";[M+K];C42H83O7P;3.04374e-4;0.395522;769.550799;1 out of 4
769.551103;769.551103;"DG(17:2(9Z,12Z)/18:3(9Z,12Z,15Z)/0:0)[iso2]";[M+NORHARMANE+H];C38H64O5;-1.19715e-3;-1.555642;769.552300;1 out of 4
769.551103;769.551103;"DG(13:0/22:5(7Z,10Z,13Z,16Z,19Z)/0:0)[iso2]";[M+NORHARMANE+H];C38H64O5;-1.19715e-3;-1.555642;769.552300;1 out of 4
769.551103;769.551103;"DG(15:0/20:5(5Z,8Z,11Z,14Z,17Z)/0:0)[iso2]";[M+NORHARMANE+H];C38H64O5;-1.19715e-3;-1.555642;769.552300;1 out of 4
769.551103;769.551103;"DG(15:1(9Z)/20:4(5Z,8Z,11Z,14Z)/0:0)[iso2]";[M+NORHARMANE+H];C38H64O5;-1.19715e-3;-1.555642;769.552300;1 out of 4
769.551103;769.551103;"DG(18:3(6Z,9Z,12Z)/17:2(9Z,12Z)/0:0)[iso2]";[M+NORHARMANE+H];C38H64O5;-1.19715e-3;-1.555642;769.552300;1 out of 4
769.551103;769.551103;"DG(18:4(6Z,9Z,12Z,15Z)/17:1(9Z)/0:0)[iso2]";[M+NORHARMANE+H];C38H64O5;-1.19715e-3;-1.555642;769.552300;1 out of 4
769.560037;769.560037;"SM(d18:1/18:0)";[M+K];C41H83N2O6P;-1.99501e-3;-2.592391;769.562032;2 out of 4
769.560037;769.560037;"SM(d18:0/18:1(9Z))";[M+K];C41H83N2O6P;-1.99501e-3;-2.592391;769.562032;2 out of 4
769.560037;769.560037;"SM(d16:1/20:0)";[M+K];C41H83N2O6P;-1.99501e-3;-2.592391;769.562032;2 out of 4
769.560037;769.560037;"PE-Cer(d14:1(4E)/25:0)";[M+K];C41H83N2O6P;-1.99501e-3;-2.592391;769.562032;2 out of 4
769.560037;769.560037;"PE-Cer(d15:1(4E)/24:0)";[M+K];C41H83N2O6P;-1.99501e-3;-2.592391;769.562032;2 out of 4
769.560037;769.560037;"PE-Cer(d16:1(4E)/23:0)";[M+K];C41H83N2O6P;-1.99501e-3;-2.592391;769.562032;2 out of 4
770.199330;770.199330;Unknown Name;[M+NORHARMANE+H];C28H25O15;3.60848e-3;4.685147;770.195722;302 out of 4
770.199330;770.199330;Unknown Name;[M+NORHARMANE+H];C28H25O15;3.60848e-3;4.685147;770.195722;302 out of 4
770.506389;770.506389;"PE(P-16:0/22:6(4Z,7Z,10Z,13Z,16Z,19Z))";[M+Na];C43H74NO7P;-3.12134e-3;-4.051005;770.509510;1 out of 4
770.506389;770.506389;"PC(14:0/18:1(11Z))";[M+K];C40H78NO8P;-3.27309e-3;-4.247949;770.509662;3 out of 4
770.506389;770.506389;"PC(14:0/18:1(9Z))";[M+K];C40H78NO8P;-3.27309e-3;-4.247949;770.509662;3 out of 4
770.506389;770.506389;"PC(16:0/16:1(9Z))";[M+K];C40H78NO8P;-3.27309e-3;-4.247949;770.509662;3 out of 4
770.506389;770.506389;"PC(18:1(9Z)/14:0)";[M+K];C40H78NO8P;-3.27309e-3;-4.247949;770.509662;3 out of 4
770.506389;770.506389;"PC(12:0/20:1(11Z))";[M+K];C40H78NO8P;-3.27309e-3;-4.247949;770.509662;3 out of 4
770.506389;770.506389;"PC(13:0/19:1(9Z))";[M+K];C40H78NO8P;-3.27309e-3;-4.247949;770.509662;3 out of 4
770.506389;770.506389;"PC(14:1(9Z)/18:0)";[M+K];C40H78NO8P;-3.27309e-3;-4.247949;770.509662;3 out of 4
770.506389;770.506389;"PC(15:0/17:1(9Z))";[M+K];C40H78NO8P;-3.27309e-3;-4.247949;770.509662;3 out of 4
770.506389;770.506389;"PC(15:1(9Z)/17:0)";[M+K];C40H78NO8P;-3.27309e-3;-4.247949;770.509662;3 out of 4
770.506389;770.506389;"PC(16:1(9Z)/16:0)";[M+K];C40H78NO8P;-3.27309e-3;-4.247949;770.509662;3 out of 4
770.506389;770.506389;"PC(17:0/15:1(9Z))";[M+K];C40H78NO8P;-3.27309e-3;-4.247949;770.509662;3 out of 4
770.506389;770.506389;"PC(17:1(9Z)/15:0)";[M+K];C40H78NO8P;-3.27309e-3;-4.247949;770.509662;3 out of 4
770.506389;770.506389;"PC(18:0/14:1(9Z))";[M+K];C40H78NO8P;-3.27309e-3;-4.247949;770.509662;3 out of 4
770.506389;770.506389;"PC(19:1(9Z)/13:0)";[M+K];C40H78NO8P;-3.27309e-3;-4.247949;770.509662;3 out of 4
770.506389;770.506389;"PC(20:1(11Z)/12:0)";[M+K];C40H78NO8P;-3.27309e-3;-4.247949;770.509662;3 out of 4
770.506389;770.506389;"PC(18:1(11Z)/14:0)";[M+K];C40H78NO8P;-3.27309e-3;-4.247949;770.509662;3 out of 4
770.506389;770.506389;"PE-NMe(16:0/18:1(9Z))";[M+K];C40H78NO8P;-3.27309e-3;-4.247949;770.509662;3 out of 4
770.506389;770.506389;"PE-NMe(18:1(9Z)/16:0)";[M+K];C40H78NO8P;-3.27309e-3;-4.247949;770.509662;3 out of 4
770.506389;770.506389;"PE(13:0/22:1(11Z))";[M+K];C40H78NO8P;-3.27309e-3;-4.247949;770.509662;3 out of 4
770.506389;770.506389;"PE(14:1(9Z)/21:0)";[M+K];C40H78NO8P;-3.27309e-3;-4.247949;770.509662;3 out of 4
770.506389;770.506389;"PE(15:0/20:1(11Z))";[M+K];C40H78NO8P;-3.27309e-3;-4.247949;770.509662;3 out of 4
770.506389;770.506389;"PE(15:1(9Z)/20:0)";[M+K];C40H78NO8P;-3.27309e-3;-4.247949;770.509662;3 out of 4
770.506389;770.506389;"PE(16:0/19:1(9Z))";[M+K];C40H78NO8P;-3.27309e-3;-4.247949;770.509662;3 out of 4
770.506389;770.506389;"PE(16:1(9Z)/19:0)";[M+K];C40H78NO8P;-3.27309e-3;-4.247949;770.509662;3 out of 4
770.506389;770.506389;"PE(17:1(9Z)/18:0)";[M+K];C40H78NO8P;-3.27309e-3;-4.247949;770.509662;3 out of 4
770.506389;770.506389;"PE(18:0/17:1(9Z))";[M+K];C40H78NO8P;-3.27309e-3;-4.247949;770.509662;3 out of 4
770.506389;770.506389;"PE(18:1(9Z)/17:0)";[M+K];C40H78NO8P;-3.27309e-3;-4.247949;770.509662;3 out of 4
770.506389;770.506389;"PE(19:0/16:1(9Z))";[M+K];C40H78NO8P;-3.27309e-3;-4.247949;770.509662;3 out of 4
770.506389;770.506389;"PE(19:1(9Z)/16:0)";[M+K];C40H78NO8P;-3.27309e-3;-4.247949;770.509662;3 out of 4
770.506389;770.506389;"PE(20:0/15:1(9Z))";[M+K];C40H78NO8P;-3.27309e-3;-4.247949;770.509662;3 out of 4
770.506389;770.506389;"PE(20:1(11Z)/15:0)";[M+K];C40H78NO8P;-3.27309e-3;-4.247949;770.509662;3 out of 4
770.506389;770.506389;"PE(21:0/14:1(9Z))";[M+K];C40H78NO8P;-3.27309e-3;-4.247949;770.509662;3 out of 4
770.506389;770.506389;"PE(22:1(11Z)/13:0)";[M+K];C40H78NO8P;-3.27309e-3;-4.247949;770.509662;3 out of 4
770.506389;770.506389;"PE(17:0/18:1(9Z))";[M+K];C40H78NO8P;-3.27309e-3;-4.247949;770.509662;3 out of 4
770.506389;770.506389;"PE(16:0/18:0(11Cp))";[M+K];C40H78NO8P;-3.27309e-3;-4.247949;770.509662;3 out of 4
770.602227;770.602227;"PC(O-16:0/18:0)";[M+Na];C42H86NO7P;-1.18372e-3;-1.536098;770.603411;1 out of 4
770.602227;770.602227;"PC(O-17:0/17:0)";[M+Na];C42H86NO7P;-1.18372e-3;-1.536098;770.603411;1 out of 4
770.602227;770.602227;"PC(O-18:0/16:0)";[M+Na];C42H86NO7P;-1.18372e-3;-1.536098;770.603411;1 out of 4
770.602227;770.602227;"PC(O-20:0/14:0)";[M+Na];C42H86NO7P;-1.18372e-3;-1.536098;770.603411;1 out of 4
770.602227;770.602227;"PE(O-16:0/21:0)";[M+Na];C42H86NO7P;-1.18372e-3;-1.536098;770.603411;1 out of 4
770.602227;770.602227;"PE(O-18:0/19:0)";[M+Na];C42H86NO7P;-1.18372e-3;-1.536098;770.603411;1 out of 4
770.602227;770.602227;"PE(O-20:0/17:0)";[M+Na];C42H86NO7P;-1.18372e-3;-1.536098;770.603411;1 out of 4
770.602227;770.602227;"PC(O-16:0/20:3(8Z,11Z,14Z))";[M+H];C44H84NO7P;-3.58966e-3;-4.658229;770.605817;3 out of 4
770.602227;770.602227;"PC(O-18:0/18:3(6Z,9Z,12Z))";[M+H];C44H84NO7P;-3.58966e-3;-4.658229;770.605817;3 out of 4
770.602227;770.602227;"PC(O-18:0/18:3(9Z,12Z,15Z))";[M+H];C44H84NO7P;-3.58966e-3;-4.658229;770.605817;3 out of 4
770.602227;770.602227;"PC(O-18:1(11Z)/18:2(9Z,12Z))";[M+H];C44H84NO7P;-3.58966e-3;-4.658229;770.605817;3 out of 4
770.602227;770.602227;"PC(O-18:1(9Z)/18:2(9Z,12Z))";[M+H];C44H84NO7P;-3.58966e-3;-4.658229;770.605817;3 out of 4
770.602227;770.602227;"PC(P-16:0/20:2(11Z,14Z))";[M+H];C44H84NO7P;-3.58966e-3;-4.658229;770.605817;3 out of 4
770.602227;770.602227;"PC(P-18:0/18:2(9Z,12Z))";[M+H];C44H84NO7P;-3.58966e-3;-4.658229;770.605817;3 out of 4
770.602227;770.602227;"PC(P-18:1(11Z)/18:1(11Z))";[M+H];C44H84NO7P;-3.58966e-3;-4.658229;770.605817;3 out of 4
771.508941;771.508941;"PA(P-16:0/14:1(9Z))";[M+NORHARMANE+H];C33H63O7P;8.75014e-4;1.134161;771.508066;2 out of 4
771.567310;771.567310;"PA(O-18:0/21:0)";[M+K];C42H85O7P;8.61310e-4;1.116313;771.566449;3 out of 4
771.567310;771.567310;"PA(O-20:0/19:0)";[M+K];C42H85O7P;8.61310e-4;1.116313;771.566449;3 out of 4
771.567310;771.567310;"DG(17:2(9Z,12Z)/18:2(9Z,12Z)/0:0)[iso2]";[M+NORHARMANE+H];C38H66O5;-6.40212e-4;-0.829755;771.567950;1 out of 4
771.567310;771.567310;"DG(17:1(9Z)/18:3(9Z,12Z,15Z)/0:0)[iso2]";[M+NORHARMANE+H];C38H66O5;-6.40212e-4;-0.829755;771.567950;1 out of 4
771.567310;771.567310;"DG(13:0/22:4(7Z,10Z,13Z,16Z)/0:0)[iso2]";[M+NORHARMANE+H];C38H66O5;-6.40212e-4;-0.829755;771.567950;1 out of 4
771.567310;771.567310;"DG(15:0/20:4(5Z,8Z,11Z,14Z)/0:0)[iso2]";[M+NORHARMANE+H];C38H66O5;-6.40212e-4;-0.829755;771.567950;1 out of 4
771.567310;771.567310;"DG(15:1(9Z)/20:3(8Z,11Z,14Z)/0:0)[iso2]";[M+NORHARMANE+H];C38H66O5;-6.40212e-4;-0.829755;771.567950;1 out of 4
771.567310;771.567310;"DG(18:3(6Z,9Z,12Z)/17:1(9Z)/0:0)[iso2]";[M+NORHARMANE+H];C38H66O5;-6.40212e-4;-0.829755;771.567950;1 out of 4
771.567310;771.567310;"DG(18:4(6Z,9Z,12Z,15Z)/17:0/0:0)[iso2]";[M+NORHARMANE+H];C38H66O5;-6.40212e-4;-0.829755;771.567950;1 out of 4
771.605927;771.605927;Unknown Name;[M+NORHARMANE+H];C39H70O4;1.59128e-3;2.062300;771.604336;302 out of 4
771.605927;771.605927;1-(hexadecanoyl)-2-(8-[3]-ladderane-octanyl)-sn-glycerol;[M+NORHARMANE+H];C39H70O4;1.59128e-3;2.062300;771.604336;3 out of 4
771.605927;771.605927;1-(14-methyl-pentadecanoyl)-2-(8-[1]-ladderane-octanyl)-sn-glycerol;[M+NORHARMANE+H];C39H70O4;1.59128e-3;2.062300;771.604336;3 out of 4
771.605927;771.605927;1-(hexadecanoyl)-2-(8-[1]-ladderane-octanyl)-sn-glycerol;[M+NORHARMANE+H];C39H70O4;1.59128e-3;2.062300;771.604336;3 out of 4
771.605927;771.605927;Plastochromenol-8;[M+Na];C53H80O2;8.75200e-4;1.134259;771.605052;1 out of 4
772.521308;772.521308;"PE(O-16:0/22:6(4Z,7Z,10Z,13Z,16Z,19Z))";[M+Na];C43H76NO7P;-3.85240e-3;-4.986766;772.525160;1 out of 4
772.521308;772.521308;"PE(P-18:0/20:5(5Z,8Z,11Z,14Z,17Z))";[M+Na];C43H76NO7P;-3.85240e-3;-4.986766;772.525160;1 out of 4
772.581631;772.581631;"PC(13:0/22:2(13Z,16Z))";[M+H];C43H82NO8P;-3.45021e-3;-4.465805;772.585081;2 out of 4
772.581631;772.581631;"PC(15:0/20:2(11Z,14Z))";[M+H];C43H82NO8P;-3.45021e-3;-4.465805;772.585081;2 out of 4
772.581631;772.581631;"PC(15:1(9Z)/20:1(11Z))";[M+H];C43H82NO8P;-3.45021e-3;-4.465805;772.585081;2 out of 4
772.581631;772.581631;"PC(16:1(9Z)/19:1(9Z))";[M+H];C43H82NO8P;-3.45021e-3;-4.465805;772.585081;2 out of 4
772.581631;772.581631;"PC(17:0/18:2(9Z,12Z))";[M+H];C43H82NO8P;-3.45021e-3;-4.465805;772.585081;2 out of 4
772.581631;772.581631;"PC(17:1(9Z)/18:1(9Z))";[M+H];C43H82NO8P;-3.45021e-3;-4.465805;772.585081;2 out of 4
772.581631;772.581631;"PC(17:2(9Z,12Z)/18:0)";[M+H];C43H82NO8P;-3.45021e-3;-4.465805;772.585081;2 out of 4
772.581631;772.581631;"PC(18:0/17:2(9Z,12Z))";[M+H];C43H82NO8P;-3.45021e-3;-4.465805;772.585081;2 out of 4
772.581631;772.581631;"PC(18:1(9Z)/17:1(9Z))";[M+H];C43H82NO8P;-3.45021e-3;-4.465805;772.585081;2 out of 4
772.581631;772.581631;"PC(18:2(9Z,12Z)/17:0)";[M+H];C43H82NO8P;-3.45021e-3;-4.465805;772.585081;2 out of 4
772.581631;772.581631;"PC(19:1(9Z)/16:1(9Z))";[M+H];C43H82NO8P;-3.45021e-3;-4.465805;772.585081;2 out of 4
772.581631;772.581631;"PC(20:1(11Z)/15:1(9Z))";[M+H];C43H82NO8P;-3.45021e-3;-4.465805;772.585081;2 out of 4
772.581631;772.581631;"PC(20:2(11Z,14Z)/15:0)";[M+H];C43H82NO8P;-3.45021e-3;-4.465805;772.585081;2 out of 4
772.581631;772.581631;"PC(22:2(13Z,16Z)/13:0)";[M+H];C43H82NO8P;-3.45021e-3;-4.465805;772.585081;2 out of 4
772.581631;772.581631;"PE(20:2(5Z,8Z)/18:0)";[M+H];C43H82NO8P;-3.45021e-3;-4.465805;772.585081;2 out of 4
772.581631;772.581631;"PE(18:0/20:2(11Z,14Z))";[M+H];C43H82NO8P;-3.45021e-3;-4.465805;772.585081;2 out of 4
772.581631;772.581631;"PE(20:0/18:2(9Z,12Z))";[M+H];C43H82NO8P;-3.45021e-3;-4.465805;772.585081;2 out of 4
772.581631;772.581631;"PE(18:1(9Z)/20:1(11Z))";[M+H];C43H82NO8P;-3.45021e-3;-4.465805;772.585081;2 out of 4
772.581631;772.581631;"PE-NMe2(18:1(9Z)/18:1(9Z))";[M+H];C43H82NO8P;-3.45021e-3;-4.465805;772.585081;2 out of 4
772.581631;772.581631;"PE-NMe2(18:1(9E)/18:1(9E))";[M+H];C43H82NO8P;-3.45021e-3;-4.465805;772.585081;2 out of 4
772.581631;772.581631;"PE(16:0/22:2(13Z,16Z))";[M+H];C43H82NO8P;-3.45021e-3;-4.465805;772.585081;2 out of 4
772.581631;772.581631;"PE(16:1(9Z)/22:1(11Z))";[M+H];C43H82NO8P;-3.45021e-3;-4.465805;772.585081;2 out of 4
772.581631;772.581631;"PE(17:2(9Z,12Z)/21:0)";[M+H];C43H82NO8P;-3.45021e-3;-4.465805;772.585081;2 out of 4
772.581631;772.581631;"PE(18:2(9Z,12Z)/20:0)";[M+H];C43H82NO8P;-3.45021e-3;-4.465805;772.585081;2 out of 4
772.581631;772.581631;"PE(19:1(9Z)/19:1(9Z))";[M+H];C43H82NO8P;-3.45021e-3;-4.465805;772.585081;2 out of 4
772.581631;772.581631;"PE(20:1(11Z)/18:1(9Z))";[M+H];C43H82NO8P;-3.45021e-3;-4.465805;772.585081;2 out of 4
772.581631;772.581631;"PE(20:2(11Z,14Z)/18:0)";[M+H];C43H82NO8P;-3.45021e-3;-4.465805;772.585081;2 out of 4
772.581631;772.581631;"PE(21:0/17:2(9Z,12Z))";[M+H];C43H82NO8P;-3.45021e-3;-4.465805;772.585081;2 out of 4
772.581631;772.581631;"PE(22:1(11Z)/16:1(9Z))";[M+H];C43H82NO8P;-3.45021e-3;-4.465805;772.585081;2 out of 4
772.581631;772.581631;"PE(22:2(13Z,16Z)/16:0)";[M+H];C43H82NO8P;-3.45021e-3;-4.465805;772.585081;2 out of 4
772.617649;772.617649;"PC(O-16:0/20:2(11Z,14Z))";[M+H];C44H86NO7P;-3.81772e-3;-4.941258;772.621467;2 out of 4
772.617649;772.617649;"PC(O-18:0/18:2(9Z,12Z))";[M+H];C44H86NO7P;-3.81772e-3;-4.941258;772.621467;2 out of 4
772.617649;772.617649;"PC(O-18:1(9Z)/18:1(11Z))";[M+H];C44H86NO7P;-3.81772e-3;-4.941258;772.621467;2 out of 4
772.617649;772.617649;"PC(P-18:0/18:1(9Z))";[M+H];C44H86NO7P;-3.81772e-3;-4.941258;772.621467;2 out of 4
772.617649;772.617649;"PC(P-16:0/20:1(11Z))";[M+H];C44H86NO7P;-3.81772e-3;-4.941258;772.621467;2 out of 4
772.617649;772.617649;"PC(P-20:0/16:1(9Z))";[M+H];C44H86NO7P;-3.81772e-3;-4.941258;772.621467;2 out of 4
772.617649;772.617649;"PC(P-18:0/18:1(11Z))";[M+H];C44H86NO7P;-3.81772e-3;-4.941258;772.621467;2 out of 4
772.617649;772.617649;"PC(P-18:1(11Z)/18:0)";[M+H];C44H86NO7P;-3.81772e-3;-4.941258;772.621467;2 out of 4
772.617649;772.617649;"PC(P-18:1(9Z)/18:0)";[M+H];C44H86NO7P;-3.81772e-3;-4.941258;772.621467;2 out of 4
772.617649;772.617649;"PE(P-20:0/19:1(9Z))";[M+H];C44H86NO7P;-3.81772e-3;-4.941258;772.621467;2 out of 4
773.506550;773.506550;"PA(18:1(9Z)/22:4(7Z,10Z,13Z,16Z))";[M+Na];C43H75O8P;-2.62599e-3;-3.394905;773.509176;1 out of 4
773.506550;773.506550;"PA(18:3(6Z,9Z,12Z)/22:2(13Z,16Z))";[M+Na];C43H75O8P;-2.62599e-3;-3.394905;773.509176;1 out of 4
773.506550;773.506550;"PA(18:3(9Z,12Z,15Z)/22:2(13Z,16Z))";[M+Na];C43H75O8P;-2.62599e-3;-3.394905;773.509176;1 out of 4
773.506550;773.506550;"PA(18:4(6Z,9Z,12Z,15Z)/22:1(11Z))";[M+Na];C43H75O8P;-2.62599e-3;-3.394905;773.509176;1 out of 4
773.506550;773.506550;"PA(20:0/20:5(5Z,8Z,11Z,14Z,17Z))";[M+Na];C43H75O8P;-2.62599e-3;-3.394905;773.509176;1 out of 4
773.506550;773.506550;"PA(20:1(11Z)/20:4(5Z,8Z,11Z,14Z))";[M+Na];C43H75O8P;-2.62599e-3;-3.394905;773.509176;1 out of 4
773.506550;773.506550;"PA(20:2(11Z,14Z)/20:3(8Z,11Z,14Z))";[M+Na];C43H75O8P;-2.62599e-3;-3.394905;773.509176;1 out of 4
773.506550;773.506550;"PA(20:3(8Z,11Z,14Z)/20:2(11Z,14Z))";[M+Na];C43H75O8P;-2.62599e-3;-3.394905;773.509176;1 out of 4
773.506550;773.506550;"PA(20:4(5Z,8Z,11Z,14Z)/20:1(11Z))";[M+Na];C43H75O8P;-2.62599e-3;-3.394905;773.509176;1 out of 4
773.506550;773.506550;"PA(20:5(5Z,8Z,11Z,14Z,17Z)/20:0)";[M+Na];C43H75O8P;-2.62599e-3;-3.394905;773.509176;1 out of 4
773.506550;773.506550;"PA(22:1(11Z)/18:4(6Z,9Z,12Z,15Z))";[M+Na];C43H75O8P;-2.62599e-3;-3.394905;773.509176;1 out of 4
773.506550;773.506550;"PA(22:2(13Z,16Z)/18:3(6Z,9Z,12Z))";[M+Na];C43H75O8P;-2.62599e-3;-3.394905;773.509176;1 out of 4
773.506550;773.506550;"PA(22:2(13Z,16Z)/18:3(9Z,12Z,15Z))";[M+Na];C43H75O8P;-2.62599e-3;-3.394905;773.509176;1 out of 4
773.506550;773.506550;"PA(22:4(7Z,10Z,13Z,16Z)/18:1(9Z))";[M+Na];C43H75O8P;-2.62599e-3;-3.394905;773.509176;1 out of 4
773.506550;773.506550;"PG(O-20:0/14:1(9Z))";[M+K];C40H79O9P;-2.77774e-3;-3.591085;773.509328;1 out of 4
773.506550;773.506550;"PG(O-18:0/16:1(9Z))";[M+K];C40H79O9P;-2.77774e-3;-3.591085;773.509328;1 out of 4
773.506550;773.506550;"PG(O-16:0/18:1(9Z))";[M+K];C40H79O9P;-2.77774e-3;-3.591085;773.509328;1 out of 4
773.506550;773.506550;"PG(P-16:0/18:0)";[M+K];C40H79O9P;-2.77774e-3;-3.591085;773.509328;1 out of 4
773.506550;773.506550;"PG(P-18:0/16:0)";[M+K];C40H79O9P;-2.77774e-3;-3.591085;773.509328;1 out of 4
773.506550;773.506550;"PG(P-20:0/14:0)";[M+K];C40H79O9P;-2.77774e-3;-3.591085;773.509328;1 out of 4
773.525505;773.525505;"PA(O-16:0/14:1(9Z))";[M+NORHARMANE+H];C33H65O7P;1.78895e-3;2.312728;773.523716;1 out of 4
773.525505;773.525505;"PA(P-16:0/14:0)";[M+NORHARMANE+H];C33H65O7P;1.78895e-3;2.312728;773.523716;1 out of 4
773.525505;773.525505;"PA(P-18:0/12:0)";[M+NORHARMANE+H];C33H65O7P;1.78895e-3;2.312728;773.523716;1 out of 4
773.585081;773.585081;"DG(17:2(9Z,12Z)/18:1(9Z)/0:0)[iso2]";[M+NORHARMANE+H];C38H68O5;1.48072e-3;1.914110;773.583600;1 out of 4
773.585081;773.585081;"DG(17:1(9Z)/18:2(9Z,12Z)/0:0)[iso2]";[M+NORHARMANE+H];C38H68O5;1.48072e-3;1.914110;773.583600;1 out of 4
773.585081;773.585081;"DG(17:0/18:3(9Z,12Z,15Z)/0:0)[iso2]";[M+NORHARMANE+H];C38H68O5;1.48072e-3;1.914110;773.583600;1 out of 4
773.585081;773.585081;"DG(13:0/22:3(10Z,13Z,16Z)/0:0)[iso2]";[M+NORHARMANE+H];C38H68O5;1.48072e-3;1.914110;773.583600;1 out of 4
773.585081;773.585081;"DG(15:0/20:3(8Z,11Z,14Z)/0:0)[iso2]";[M+NORHARMANE+H];C38H68O5;1.48072e-3;1.914110;773.583600;1 out of 4
773.585081;773.585081;"DG(15:1(9Z)/20:2(11Z,14Z)/0:0)[iso2]";[M+NORHARMANE+H];C38H68O5;1.48072e-3;1.914110;773.583600;1 out of 4
773.585081;773.585081;"DG(18:3(6Z,9Z,12Z)/17:0/0:0)[iso2]";[M+NORHARMANE+H];C38H68O5;1.48072e-3;1.914110;773.583600;1 out of 4
773.621192;773.621192;Plastochromanol-8;[M+Na];C53H82O2;4.90136e-4;0.633561;773.620702;2 out of 4
774.450877;774.450877;"PE(16:1(9Z)/20:5(5Z,8Z,11Z,14Z,17Z))";[M+K];C41H70NO8P;3.81517e-3;4.926315;774.447062;1 out of 4
774.450877;774.450877;"PE(18:2(9Z,12Z)/18:4(6Z,9Z,12Z,15Z))";[M+K];C41H70NO8P;3.81517e-3;4.926315;774.447062;1 out of 4
774.450877;774.450877;"PE(18:3(6Z,9Z,12Z)/18:3(6Z,9Z,12Z))";[M+K];C41H70NO8P;3.81517e-3;4.926315;774.447062;1 out of 4
774.450877;774.450877;"PE(18:3(6Z,9Z,12Z)/18:3(9Z,12Z,15Z))";[M+K];C41H70NO8P;3.81517e-3;4.926315;774.447062;1 out of 4
774.450877;774.450877;"PE(18:3(9Z,12Z,15Z)/18:3(6Z,9Z,12Z))";[M+K];C41H70NO8P;3.81517e-3;4.926315;774.447062;1 out of 4
774.450877;774.450877;"PE(18:4(6Z,9Z,12Z,15Z)/18:2(9Z,12Z))";[M+K];C41H70NO8P;3.81517e-3;4.926315;774.447062;1 out of 4
774.450877;774.450877;"PE(20:5(5Z,8Z,11Z,14Z,17Z)/16:1(9Z))";[M+K];C41H70NO8P;3.81517e-3;4.926315;774.447062;1 out of 4
774.450877;774.450877;"PE(22:6(4Z,7Z,10Z,13Z,16Z,19Z)/14:0)";[M+K];C41H70NO8P;3.81517e-3;4.926315;774.447062;1 out of 4
774.450877;774.450877;"PE(18:3(9Z,12Z,15Z)/18:3(9Z,12Z,15Z))";[M+K];C41H70NO8P;3.81517e-3;4.926315;774.447062;1 out of 4
774.450877;774.450877;"PE(14:0/22:6(4Z,7Z,10Z,13Z,16Z,19Z))";[M+K];C41H70NO8P;3.81517e-3;4.926315;774.447062;1 out of 4
774.519646;774.519646;"1-(2-methoxy-5Z,9Z-hexacosadienyl)-sn-glycero-3-phosphoethanolamine";[M+NORHARMANE+H];C32H64NO7P;6.80982e-4;0.879232;774.518965;1 out of 4
774.519646;774.519646;"1-(2-methoxy-5Z,19Z-hexacosadienyl)-sn-glycero-3-phosphoethanolamine";[M+NORHARMANE+H];C32H64NO7P;6.80982e-4;0.879232;774.518965;1 out of 4
774.519646;774.519646;"PC(24:1(15Z)/0:0)";[M+NORHARMANE+H];C32H64NO7P;6.80982e-4;0.879232;774.518965;1 out of 4
774.527790;774.527790;"PS(13:0/22:2(13Z,16Z))";[M+H];C41H76NO10P;-1.70262e-4;-0.219827;774.527960;1 out of 4
774.527790;774.527790;"PS(15:0/20:2(11Z,14Z))";[M+H];C41H76NO10P;-1.70262e-4;-0.219827;774.527960;1 out of 4
774.527790;774.527790;"PS(15:1(9Z)/20:1(11Z))";[M+H];C41H76NO10P;-1.70262e-4;-0.219827;774.527960;1 out of 4
774.527790;774.527790;"PS(16:1(9Z)/19:1(9Z))";[M+H];C41H76NO10P;-1.70262e-4;-0.219827;774.527960;1 out of 4
774.527790;774.527790;"PS(17:0/18:2(9Z,12Z))";[M+H];C41H76NO10P;-1.70262e-4;-0.219827;774.527960;1 out of 4
774.527790;774.527790;"PS(17:1(9Z)/18:1(9Z))";[M+H];C41H76NO10P;-1.70262e-4;-0.219827;774.527960;1 out of 4
774.527790;774.527790;"PS(17:2(9Z,12Z)/18:0)";[M+H];C41H76NO10P;-1.70262e-4;-0.219827;774.527960;1 out of 4
774.527790;774.527790;"PS(18:0/17:2(9Z,12Z))";[M+H];C41H76NO10P;-1.70262e-4;-0.219827;774.527960;1 out of 4
774.527790;774.527790;"PS(18:1(9Z)/17:1(9Z))";[M+H];C41H76NO10P;-1.70262e-4;-0.219827;774.527960;1 out of 4
774.527790;774.527790;"PS(18:2(9Z,12Z)/17:0)";[M+H];C41H76NO10P;-1.70262e-4;-0.219827;774.527960;1 out of 4
774.527790;774.527790;"PS(19:1(9Z)/16:1(9Z))";[M+H];C41H76NO10P;-1.70262e-4;-0.219827;774.527960;1 out of 4
774.527790;774.527790;"PS(20:1(11Z)/15:1(9Z))";[M+H];C41H76NO10P;-1.70262e-4;-0.219827;774.527960;1 out of 4
774.527790;774.527790;"PS(20:2(11Z,14Z)/15:0)";[M+H];C41H76NO10P;-1.70262e-4;-0.219827;774.527960;1 out of 4
774.527790;774.527790;"PS(22:2(13Z,16Z)/13:0)";[M+H];C41H76NO10P;-1.70262e-4;-0.219827;774.527960;1 out of 4
774.597477;774.597477;"PC(17:0/18:1(9Z))";[M+H];C43H84NO8P;-3.25428e-3;-4.201233;774.600731;2 out of 4
774.597477;774.597477;"PC(13:0/22:1(11Z))";[M+H];C43H84NO8P;-3.25428e-3;-4.201233;774.600731;2 out of 4
774.597477;774.597477;"PC(14:1(9Z)/21:0)";[M+H];C43H84NO8P;-3.25428e-3;-4.201233;774.600731;2 out of 4
774.597477;774.597477;"PC(15:0/20:1(11Z))";[M+H];C43H84NO8P;-3.25428e-3;-4.201233;774.600731;2 out of 4
774.597477;774.597477;"PC(15:1(9Z)/20:0)";[M+H];C43H84NO8P;-3.25428e-3;-4.201233;774.600731;2 out of 4
774.597477;774.597477;"PC(16:0/19:1(9Z))";[M+H];C43H84NO8P;-3.25428e-3;-4.201233;774.600731;2 out of 4
774.597477;774.597477;"PC(16:1(9Z)/19:0)";[M+H];C43H84NO8P;-3.25428e-3;-4.201233;774.600731;2 out of 4
774.597477;774.597477;"PC(17:1(9Z)/18:0)";[M+H];C43H84NO8P;-3.25428e-3;-4.201233;774.600731;2 out of 4
774.597477;774.597477;"PC(18:0/17:1(9Z))";[M+H];C43H84NO8P;-3.25428e-3;-4.201233;774.600731;2 out of 4
774.597477;774.597477;"PC(18:1(9Z)/17:0)";[M+H];C43H84NO8P;-3.25428e-3;-4.201233;774.600731;2 out of 4
774.597477;774.597477;"PC(19:0/16:1(9Z))";[M+H];C43H84NO8P;-3.25428e-3;-4.201233;774.600731;2 out of 4
774.597477;774.597477;"PC(19:1(9Z)/16:0)";[M+H];C43H84NO8P;-3.25428e-3;-4.201233;774.600731;2 out of 4
774.597477;774.597477;"PC(20:0/15:1(9Z))";[M+H];C43H84NO8P;-3.25428e-3;-4.201233;774.600731;2 out of 4
774.597477;774.597477;"PC(20:1(11Z)/15:0)";[M+H];C43H84NO8P;-3.25428e-3;-4.201233;774.600731;2 out of 4
774.597477;774.597477;"PC(21:0/14:1(9Z))";[M+H];C43H84NO8P;-3.25428e-3;-4.201233;774.600731;2 out of 4
774.597477;774.597477;"PC(22:1(11Z)/13:0)";[M+H];C43H84NO8P;-3.25428e-3;-4.201233;774.600731;2 out of 4
774.597477;774.597477;"PE(20:0/18:1(9Z))";[M+H];C43H84NO8P;-3.25428e-3;-4.201233;774.600731;2 out of 4
774.597477;774.597477;"PE(16:0/22:1(13Z))";[M+H];C43H84NO8P;-3.25428e-3;-4.201233;774.600731;2 out of 4
774.597477;774.597477;"PE(20:0/18:1(13Z))";[M+H];C43H84NO8P;-3.25428e-3;-4.201233;774.600731;2 out of 4
774.597477;774.597477;"PE(20:0/18:1(11Z))";[M+H];C43H84NO8P;-3.25428e-3;-4.201233;774.600731;2 out of 4
774.597477;774.597477;"PE(20:0/18:1(7Z))";[M+H];C43H84NO8P;-3.25428e-3;-4.201233;774.600731;2 out of 4
774.597477;774.597477;"PE(18:0/20:1(11Z))";[M+H];C43H84NO8P;-3.25428e-3;-4.201233;774.600731;2 out of 4
774.597477;774.597477;"PE(18:1(9Z)/20:0)";[M+H];C43H84NO8P;-3.25428e-3;-4.201233;774.600731;2 out of 4
774.597477;774.597477;"PE(16:0/22:1(11Z))";[M+H];C43H84NO8P;-3.25428e-3;-4.201233;774.600731;2 out of 4
774.597477;774.597477;"PE(16:1(9Z)/22:0)";[M+H];C43H84NO8P;-3.25428e-3;-4.201233;774.600731;2 out of 4
774.597477;774.597477;"PE(17:1(9Z)/21:0)";[M+H];C43H84NO8P;-3.25428e-3;-4.201233;774.600731;2 out of 4
774.597477;774.597477;"PE(19:0/19:1(9Z))";[M+H];C43H84NO8P;-3.25428e-3;-4.201233;774.600731;2 out of 4
774.597477;774.597477;"PE(19:1(9Z)/19:0)";[M+H];C43H84NO8P;-3.25428e-3;-4.201233;774.600731;2 out of 4
774.597477;774.597477;"PE(20:1(11Z)/18:0)";[M+H];C43H84NO8P;-3.25428e-3;-4.201233;774.600731;2 out of 4
774.597477;774.597477;"PE(21:0/17:1(9Z))";[M+H];C43H84NO8P;-3.25428e-3;-4.201233;774.600731;2 out of 4
774.597477;774.597477;"PE(22:0/16:1(9Z))";[M+H];C43H84NO8P;-3.25428e-3;-4.201233;774.600731;2 out of 4
774.597477;774.597477;"PE(22:1(11Z)/16:0)";[M+H];C43H84NO8P;-3.25428e-3;-4.201233;774.600731;2 out of 4
775.522696;775.522696;"PA(18:2(9Z,12Z)/22:2(13Z,16Z))";[M+Na];C43H77O8P;-2.13005e-3;-2.746597;775.524826;1 out of 4
775.522696;775.522696;"PA(18:3(6Z,9Z,12Z)/22:1(11Z))";[M+Na];C43H77O8P;-2.13005e-3;-2.746597;775.524826;1 out of 4
775.522696;775.522696;"PA(18:3(9Z,12Z,15Z)/22:1(11Z))";[M+Na];C43H77O8P;-2.13005e-3;-2.746597;775.524826;1 out of 4
775.522696;775.522696;"PA(18:4(6Z,9Z,12Z,15Z)/22:0)";[M+Na];C43H77O8P;-2.13005e-3;-2.746597;775.524826;1 out of 4
775.522696;775.522696;"PA(20:1(11Z)/20:3(8Z,11Z,14Z))";[M+Na];C43H77O8P;-2.13005e-3;-2.746597;775.524826;1 out of 4
775.522696;775.522696;"PA(20:2(11Z,14Z)/20:2(11Z,14Z))";[M+Na];C43H77O8P;-2.13005e-3;-2.746597;775.524826;1 out of 4
775.522696;775.522696;"PA(20:3(8Z,11Z,14Z)/20:1(11Z))";[M+Na];C43H77O8P;-2.13005e-3;-2.746597;775.524826;1 out of 4
775.522696;775.522696;"PA(20:4(5Z,8Z,11Z,14Z)/20:0)";[M+Na];C43H77O8P;-2.13005e-3;-2.746597;775.524826;1 out of 4
775.522696;775.522696;"PA(22:0/18:4(6Z,9Z,12Z,15Z))";[M+Na];C43H77O8P;-2.13005e-3;-2.746597;775.524826;1 out of 4
775.522696;775.522696;"PA(22:1(11Z)/18:3(6Z,9Z,12Z))";[M+Na];C43H77O8P;-2.13005e-3;-2.746597;775.524826;1 out of 4
775.522696;775.522696;"PA(22:1(11Z)/18:3(9Z,12Z,15Z))";[M+Na];C43H77O8P;-2.13005e-3;-2.746597;775.524826;1 out of 4
775.522696;775.522696;"PA(22:2(13Z,16Z)/18:2(9Z,12Z))";[M+Na];C43H77O8P;-2.13005e-3;-2.746597;775.524826;1 out of 4
775.522696;775.522696;"PA(22:4(7Z,10Z,13Z,16Z)/18:0)";[M+Na];C43H77O8P;-2.13005e-3;-2.746597;775.524826;1 out of 4
775.522696;775.522696;"PA(20:0/20:4(5Z,8Z,11Z,14Z))";[M+Na];C43H77O8P;-2.13005e-3;-2.746597;775.524826;1 out of 4
775.522696;775.522696;"PA(18:0/22:4(7Z,10Z,13Z,16Z))";[M+Na];C43H77O8P;-2.13005e-3;-2.746597;775.524826;1 out of 4
775.522696;775.522696;"PG(O-20:0/14:0)";[M+K];C40H81O9P;-2.28180e-3;-2.942268;775.524978;1 out of 4
775.522696;775.522696;"PG(O-18:0/16:0)";[M+K];C40H81O9P;-2.28180e-3;-2.942268;775.524978;1 out of 4
775.522696;775.522696;"PG(O-16:0/18:0)";[M+K];C40H81O9P;-2.28180e-3;-2.942268;775.524978;1 out of 4
775.522696;775.522696;Mannosyl-1beta-phosphomycoketide C34;[M+K];C40H81O9P;-2.28180e-3;-2.942268;775.524978;1 out of 4
775.599822;775.599822;"DG(17:2(9Z,12Z)/18:0/0:0)[iso2]";[M+NORHARMANE+H];C38H70O5;5.71660e-4;0.737056;775.599250;1 out of 4
775.599822;775.599822;"DG(17:0/18:2(9Z,12Z)/0:0)[iso2]";[M+NORHARMANE+H];C38H70O5;5.71660e-4;0.737056;775.599250;1 out of 4
775.599822;775.599822;"DG(13:0/22:2(13Z,16Z)/0:0)[iso2]";[M+NORHARMANE+H];C38H70O5;5.71660e-4;0.737056;775.599250;1 out of 4
775.599822;775.599822;"DG(15:0/20:2(11Z,14Z)/0:0)[iso2]";[M+NORHARMANE+H];C38H70O5;5.71660e-4;0.737056;775.599250;1 out of 4
775.599822;775.599822;"DG(15:1(9Z)/20:1(11Z)/0:0)[iso2]";[M+NORHARMANE+H];C38H70O5;5.71660e-4;0.737056;775.599250;1 out of 4
775.599822;775.599822;"DG(19:1(9Z)/16:1(9Z)/0:0)[iso2]";[M+NORHARMANE+H];C38H70O5;5.71660e-4;0.737056;775.599250;1 out of 4
776.589298;776.589298;Unknown Name;[M+Na];C44H84NO6P;-3.54804e-3;-4.568724;776.592846;221 out of 4
776.612952;776.612952;"PC(10:0/25:0)";[M+H];C43H86NO8P;-3.42934e-3;-4.415748;776.616381;2 out of 4
776.612952;776.612952;"PC(11:0/24:0)";[M+H];C43H86NO8P;-3.42934e-3;-4.415748;776.616381;2 out of 4
776.612952;776.612952;"PC(12:0/23:0)";[M+H];C43H86NO8P;-3.42934e-3;-4.415748;776.616381;2 out of 4
776.612952;776.612952;"PC(17:0/18:0)";[M+H];C43H86NO8P;-3.42934e-3;-4.415748;776.616381;2 out of 4
776.612952;776.612952;"PC(21:0/14:0)";[M+H];C43H86NO8P;-3.42934e-3;-4.415748;776.616381;2 out of 4
776.612952;776.612952;"PC(22:0/13:0)";[M+H];C43H86NO8P;-3.42934e-3;-4.415748;776.616381;2 out of 4
776.612952;776.612952;"PC(13:0/22:0)";[M+H];C43H86NO8P;-3.42934e-3;-4.415748;776.616381;2 out of 4
776.612952;776.612952;"PC(14:0/21:0)";[M+H];C43H86NO8P;-3.42934e-3;-4.415748;776.616381;2 out of 4
776.612952;776.612952;"PC(15:0/20:0)";[M+H];C43H86NO8P;-3.42934e-3;-4.415748;776.616381;2 out of 4
776.612952;776.612952;"PC(16:0/19:0)";[M+H];C43H86NO8P;-3.42934e-3;-4.415748;776.616381;2 out of 4
776.612952;776.612952;"PC(18:0/17:0)";[M+H];C43H86NO8P;-3.42934e-3;-4.415748;776.616381;2 out of 4
776.612952;776.612952;"PC(19:0/16:0)";[M+H];C43H86NO8P;-3.42934e-3;-4.415748;776.616381;2 out of 4
776.612952;776.612952;"PC(20:0/15:0)";[M+H];C43H86NO8P;-3.42934e-3;-4.415748;776.616381;2 out of 4
776.612952;776.612952;"PE(18:0/20:0)";[M+H];C43H86NO8P;-3.42934e-3;-4.415748;776.616381;2 out of 4
776.612952;776.612952;"PE(20:0/18:0)";[M+H];C43H86NO8P;-3.42934e-3;-4.415748;776.616381;2 out of 4
776.612952;776.612952;"PE(16:0/22:0)";[M+H];C43H86NO8P;-3.42934e-3;-4.415748;776.616381;2 out of 4
776.612952;776.612952;"PE-NMe2(18:0/18:0)";[M+H];C43H86NO8P;-3.42934e-3;-4.415748;776.616381;2 out of 4
776.612952;776.612952;"PE(17:0/21:0)";[M+H];C43H86NO8P;-3.42934e-3;-4.415748;776.616381;2 out of 4
776.612952;776.612952;"PE(21:0/17:0)";[M+H];C43H86NO8P;-3.42934e-3;-4.415748;776.616381;2 out of 4
776.612952;776.612952;"PE(22:0/16:0)";[M+H];C43H86NO8P;-3.42934e-3;-4.415748;776.616381;2 out of 4
776.612952;776.612952;"PE(19:0/19:0)";[M+H];C43H86NO8P;-3.42934e-3;-4.415748;776.616381;2 out of 4
778.531953;778.531953;"PC(16:0/18:3(6Z,9Z,12Z))";[M+Na];C42H78NO8P;-3.77209e-3;-4.845103;778.535725;2 out of 4
778.531953;778.531953;"PC(16:0/18:3(9Z,12Z,15Z))";[M+Na];C42H78NO8P;-3.77209e-3;-4.845103;778.535725;2 out of 4
778.531953;778.531953;"PC(16:1(9Z)/18:2(9Z,12Z))";[M+Na];C42H78NO8P;-3.77209e-3;-4.845103;778.535725;2 out of 4
778.531953;778.531953;"PC(14:0/20:3(8Z,11Z,14Z))";[M+Na];C42H78NO8P;-3.77209e-3;-4.845103;778.535725;2 out of 4
778.531953;778.531953;"PC(14:1(9Z)/20:2(11Z,14Z))";[M+Na];C42H78NO8P;-3.77209e-3;-4.845103;778.535725;2 out of 4
778.531953;778.531953;"PC(17:1(9Z)/17:2(9Z,12Z))";[M+Na];C42H78NO8P;-3.77209e-3;-4.845103;778.535725;2 out of 4
778.531953;778.531953;"PC(17:2(9Z,12Z)/17:1(9Z))";[M+Na];C42H78NO8P;-3.77209e-3;-4.845103;778.535725;2 out of 4
778.531953;778.531953;"PC(18:2(9Z,12Z)/16:1(9Z))";[M+Na];C42H78NO8P;-3.77209e-3;-4.845103;778.535725;2 out of 4
778.531953;778.531953;"PC(18:3(6Z,9Z,12Z)/16:0)";[M+Na];C42H78NO8P;-3.77209e-3;-4.845103;778.535725;2 out of 4
778.531953;778.531953;"PC(18:3(9Z,12Z,15Z)/16:0)";[M+Na];C42H78NO8P;-3.77209e-3;-4.845103;778.535725;2 out of 4
778.531953;778.531953;"PC(20:2(11Z,14Z)/14:1(9Z))";[M+Na];C42H78NO8P;-3.77209e-3;-4.845103;778.535725;2 out of 4
778.531953;778.531953;"PC(20:3(8Z,11Z,14Z)/14:0)";[M+Na];C42H78NO8P;-3.77209e-3;-4.845103;778.535725;2 out of 4
778.531953;778.531953;"PC(14:0/20:3(5Z,8Z,11Z))";[M+Na];C42H78NO8P;-3.77209e-3;-4.845103;778.535725;2 out of 4
778.531953;778.531953;"PC(20:3(5Z,8Z,11Z)/14:0)";[M+Na];C42H78NO8P;-3.77209e-3;-4.845103;778.535725;2 out of 4
778.531953;778.531953;"PE(15:1(9Z)/22:2(13Z,16Z))";[M+Na];C42H78NO8P;-3.77209e-3;-4.845103;778.535725;2 out of 4
778.531953;778.531953;"PE(17:0/20:3(8Z,11Z,14Z))";[M+Na];C42H78NO8P;-3.77209e-3;-4.845103;778.535725;2 out of 4
778.531953;778.531953;"PE(17:1(9Z)/20:2(11Z,14Z))";[M+Na];C42H78NO8P;-3.77209e-3;-4.845103;778.535725;2 out of 4
778.531953;778.531953;"PE(17:2(9Z,12Z)/20:1(11Z))";[M+Na];C42H78NO8P;-3.77209e-3;-4.845103;778.535725;2 out of 4
778.531953;778.531953;"PE(18:2(9Z,12Z)/19:1(9Z))";[M+Na];C42H78NO8P;-3.77209e-3;-4.845103;778.535725;2 out of 4
778.531953;778.531953;"PE(18:3(6Z,9Z,12Z)/19:0)";[M+Na];C42H78NO8P;-3.77209e-3;-4.845103;778.535725;2 out of 4
778.531953;778.531953;"PE(18:3(9Z,12Z,15Z)/19:0)";[M+Na];C42H78NO8P;-3.77209e-3;-4.845103;778.535725;2 out of 4
778.531953;778.531953;"PE(19:0/18:3(6Z,9Z,12Z))";[M+Na];C42H78NO8P;-3.77209e-3;-4.845103;778.535725;2 out of 4
778.531953;778.531953;"PE(19:0/18:3(9Z,12Z,15Z))";[M+Na];C42H78NO8P;-3.77209e-3;-4.845103;778.535725;2 out of 4
778.531953;778.531953;"PE(19:1(9Z)/18:2(9Z,12Z))";[M+Na];C42H78NO8P;-3.77209e-3;-4.845103;778.535725;2 out of 4
778.531953;778.531953;"PE(20:1(11Z)/17:2(9Z,12Z))";[M+Na];C42H78NO8P;-3.77209e-3;-4.845103;778.535725;2 out of 4
778.531953;778.531953;"PE(20:2(11Z,14Z)/17:1(9Z))";[M+Na];C42H78NO8P;-3.77209e-3;-4.845103;778.535725;2 out of 4
778.531953;778.531953;"PE(20:3(8Z,11Z,14Z)/17:0)";[M+Na];C42H78NO8P;-3.77209e-3;-4.845103;778.535725;2 out of 4
778.531953;778.531953;"PE(22:2(13Z,16Z)/15:1(9Z))";[M+Na];C42H78NO8P;-3.77209e-3;-4.845103;778.535725;2 out of 4
779.534429;779.534429;"PA(O-20:0/20:3(8Z,11Z,14Z))";[M+K];C43H81O7P;-7.19562e-4;-0.923065;779.535149;1 out of 4
779.534429;779.534429;"PA(P-18:0/22:2(13Z,16Z))";[M+K];C43H81O7P;-7.19562e-4;-0.923065;779.535149;1 out of 4
779.534429;779.534429;"PA(P-20:0/20:2(11Z,14Z))";[M+K];C43H81O7P;-7.19562e-4;-0.923065;779.535149;1 out of 4
779.534429;779.534429;"DG(14:1(9Z)/22:6(4Z,7Z,10Z,13Z,16Z,19Z)/0:0)[iso2]";[M+NORHARMANE+H];C39H62O5;-2.22108e-3;-2.849236;779.536650;1 out of 4
779.534429;779.534429;"DG(18:4(6Z,9Z,12Z,15Z)/18:3(9Z,12Z,15Z)/0:0)[iso2]";[M+NORHARMANE+H];C39H62O5;-2.22108e-3;-2.849236;779.536650;1 out of 4
780.489865;780.489865;1-(2-methoxy-tricosanyl)-sn-glycero-3-phosphoserine;[M+NORHARMANE+H];C30H62NO9P;-3.27919e-3;-4.201439;780.493144;2 out of 4
780.547761;780.547761;"PC(16:0/18:2(10E,12Z))";[M+Na];C42H80NO8P;-3.61415e-3;-4.630253;780.551375;2 out of 4
780.547761;780.547761;"PC(16:0/18:2(11Z,13Z))";[M+Na];C42H80NO8P;-3.61415e-3;-4.630253;780.551375;2 out of 4
780.547761;780.547761;"PC(16:0/18:2(2E,4E))";[M+Na];C42H80NO8P;-3.61415e-3;-4.630253;780.551375;2 out of 4
780.547761;780.547761;"PC(16:0/18:2(2Z,4Z))";[M+Na];C42H80NO8P;-3.61415e-3;-4.630253;780.551375;2 out of 4
780.547761;780.547761;"PC(16:0/18:2(6Z,9Z))";[M+Na];C42H80NO8P;-3.61415e-3;-4.630253;780.551375;2 out of 4
780.547761;780.547761;"PC(16:0/18:2(9E,11E))";[M+Na];C42H80NO8P;-3.61415e-3;-4.630253;780.551375;2 out of 4
780.547761;780.547761;"PC(16:0/18:2(9E,11Z))";[M+Na];C42H80NO8P;-3.61415e-3;-4.630253;780.551375;2 out of 4
780.547761;780.547761;"PC(16:0/18:2(9E,12E))";[M+Na];C42H80NO8P;-3.61415e-3;-4.630253;780.551375;2 out of 4
780.547761;780.547761;"PC(16:0/18:2(9Z,12Z))";[M+Na];C42H80NO8P;-3.61415e-3;-4.630253;780.551375;2 out of 4
780.547761;780.547761;"PC(16:1(2Z)/18:1(9Z))";[M+Na];C42H80NO8P;-3.61415e-3;-4.630253;780.551375;2 out of 4
780.547761;780.547761;"PC(16:1(9Z)/18:1(11Z))";[M+Na];C42H80NO8P;-3.61415e-3;-4.630253;780.551375;2 out of 4
780.547761;780.547761;"PC(16:1(9Z)/18:1(9Z))";[M+Na];C42H80NO8P;-3.61415e-3;-4.630253;780.551375;2 out of 4
780.547761;780.547761;"PC(17:1(10Z)/17:1(10Z))";[M+Na];C42H80NO8P;-3.61415e-3;-4.630253;780.551375;2 out of 4
780.547761;780.547761;"PC(17:1(9Z)/17:1(9Z))";[M+Na];C42H80NO8P;-3.61415e-3;-4.630253;780.551375;2 out of 4
780.547761;780.547761;"PC(18:0/16:2(2E,4E))";[M+Na];C42H80NO8P;-3.61415e-3;-4.630253;780.551375;2 out of 4
780.547761;780.547761;"PC(18:1(9Z)/16:1(9Z))";[M+Na];C42H80NO8P;-3.61415e-3;-4.630253;780.551375;2 out of 4
780.547761;780.547761;"PC(18:2(2E,4E)/16:0)";[M+Na];C42H80NO8P;-3.61415e-3;-4.630253;780.551375;2 out of 4
780.547761;780.547761;"PC(18:2(6Z,9Z)/16:0)";[M+Na];C42H80NO8P;-3.61415e-3;-4.630253;780.551375;2 out of 4
780.547761;780.547761;"PC(18:2(9Z,12Z)/16:0)";[M+Na];C42H80NO8P;-3.61415e-3;-4.630253;780.551375;2 out of 4
780.547761;780.547761;"PC(12:0/22:2(13Z,16Z))";[M+Na];C42H80NO8P;-3.61415e-3;-4.630253;780.551375;2 out of 4
780.547761;780.547761;"PC(14:0/20:2(11Z,14Z))";[M+Na];C42H80NO8P;-3.61415e-3;-4.630253;780.551375;2 out of 4
780.547761;780.547761;"PC(14:1(9Z)/20:1(11Z))";[M+Na];C42H80NO8P;-3.61415e-3;-4.630253;780.551375;2 out of 4
780.547761;780.547761;"PC(15:1(9Z)/19:1(9Z))";[M+Na];C42H80NO8P;-3.61415e-3;-4.630253;780.551375;2 out of 4
780.547761;780.547761;"PC(17:0/17:2(9Z,12Z))";[M+Na];C42H80NO8P;-3.61415e-3;-4.630253;780.551375;2 out of 4
780.547761;780.547761;"PC(17:2(9Z,12Z)/17:0)";[M+Na];C42H80NO8P;-3.61415e-3;-4.630253;780.551375;2 out of 4
780.547761;780.547761;"PC(19:1(9Z)/15:1(9Z))";[M+Na];C42H80NO8P;-3.61415e-3;-4.630253;780.551375;2 out of 4
780.547761;780.547761;"PC(20:1(11Z)/14:1(9Z))";[M+Na];C42H80NO8P;-3.61415e-3;-4.630253;780.551375;2 out of 4
780.547761;780.547761;"PC(20:2(11Z,14Z)/14:0)";[M+Na];C42H80NO8P;-3.61415e-3;-4.630253;780.551375;2 out of 4
780.547761;780.547761;"PC(22:2(13Z,16Z)/12:0)";[M+Na];C42H80NO8P;-3.61415e-3;-4.630253;780.551375;2 out of 4
780.547761;780.547761;"PC(18:1(11Z)/16:1(9Z))";[M+Na];C42H80NO8P;-3.61415e-3;-4.630253;780.551375;2 out of 4
780.547761;780.547761;"PE-NMe(18:1(9E)/18:1(9E))";[M+Na];C42H80NO8P;-3.61415e-3;-4.630253;780.551375;2 out of 4
780.547761;780.547761;"PE-NMe(18:1(9Z)/18:1(9Z))";[M+Na];C42H80NO8P;-3.61415e-3;-4.630253;780.551375;2 out of 4
780.547761;780.547761;"PE(15:0/22:2(13Z,16Z))";[M+Na];C42H80NO8P;-3.61415e-3;-4.630253;780.551375;2 out of 4
780.547761;780.547761;"PE(15:1(9Z)/22:1(11Z))";[M+Na];C42H80NO8P;-3.61415e-3;-4.630253;780.551375;2 out of 4
780.547761;780.547761;"PE(17:0/20:2(11Z,14Z))";[M+Na];C42H80NO8P;-3.61415e-3;-4.630253;780.551375;2 out of 4
780.547761;780.547761;"PE(17:1(9Z)/20:1(11Z))";[M+Na];C42H80NO8P;-3.61415e-3;-4.630253;780.551375;2 out of 4
780.547761;780.547761;"PE(17:2(9Z,12Z)/20:0)";[M+Na];C42H80NO8P;-3.61415e-3;-4.630253;780.551375;2 out of 4
780.547761;780.547761;"PE(18:1(9Z)/19:1(9Z))";[M+Na];C42H80NO8P;-3.61415e-3;-4.630253;780.551375;2 out of 4
780.547761;780.547761;"PE(18:2(9Z,12Z)/19:0)";[M+Na];C42H80NO8P;-3.61415e-3;-4.630253;780.551375;2 out of 4
780.547761;780.547761;"PE(19:0/18:2(9Z,12Z))";[M+Na];C42H80NO8P;-3.61415e-3;-4.630253;780.551375;2 out of 4
780.547761;780.547761;"PE(19:1(9Z)/18:1(9Z))";[M+Na];C42H80NO8P;-3.61415e-3;-4.630253;780.551375;2 out of 4
780.547761;780.547761;"PE(20:0/17:2(9Z,12Z))";[M+Na];C42H80NO8P;-3.61415e-3;-4.630253;780.551375;2 out of 4
780.547761;780.547761;"PE(20:1(11Z)/17:1(9Z))";[M+Na];C42H80NO8P;-3.61415e-3;-4.630253;780.551375;2 out of 4
780.547761;780.547761;"PE(20:2(11Z,14Z)/17:0)";[M+Na];C42H80NO8P;-3.61415e-3;-4.630253;780.551375;2 out of 4
780.547761;780.547761;"PE(22:1(11Z)/15:1(9Z))";[M+Na];C42H80NO8P;-3.61415e-3;-4.630253;780.551375;2 out of 4
780.547761;780.547761;"PE(22:2(13Z,16Z)/15:0)";[M+Na];C42H80NO8P;-3.61415e-3;-4.630253;780.551375;2 out of 4
781.550832;781.550832;"PA(O-18:0/22:2(13Z,16Z))";[M+K];C43H83O7P;3.33740e-5;0.042702;781.550799;1 out of 4
781.550832;781.550832;"PA(O-20:0/20:2(11Z,14Z))";[M+K];C43H83O7P;3.33740e-5;0.042702;781.550799;1 out of 4
781.550832;781.550832;"PA(P-18:0/22:1(11Z))";[M+K];C43H83O7P;3.33740e-5;0.042702;781.550799;1 out of 4
781.550832;781.550832;"PA(P-20:0/20:1(11Z))";[M+K];C43H83O7P;3.33740e-5;0.042702;781.550799;1 out of 4
781.550832;781.550832;"DG(18:3(9Z,12Z,15Z)/18:3(9Z,12Z,15Z)/0:0)";[M+NORHARMANE+H];C39H64O5;-1.46815e-3;-1.878503;781.552300;2 out of 4
781.550832;781.550832;"DG(16:1(9Z)/20:5(5Z,8Z,11Z,14Z,17Z)/0:0)[iso2]";[M+NORHARMANE+H];C39H64O5;-1.46815e-3;-1.878503;781.552300;2 out of 4
781.550832;781.550832;"DG(18:3(6Z,9Z,12Z)/18:3(6Z,9Z,12Z)/0:0)";[M+NORHARMANE+H];C39H64O5;-1.46815e-3;-1.878503;781.552300;2 out of 4
781.550832;781.550832;"DG(14:0/22:6(4Z,7Z,10Z,13Z,16Z,19Z)/0:0)[iso2]";[M+NORHARMANE+H];C39H64O5;-1.46815e-3;-1.878503;781.552300;2 out of 4
781.550832;781.550832;"DG(14:1(9Z)/22:5(7Z,10Z,13Z,16Z,19Z)/0:0)[iso2]";[M+NORHARMANE+H];C39H64O5;-1.46815e-3;-1.878503;781.552300;2 out of 4
781.550832;781.550832;"DG(18:3(6Z,9Z,12Z)/18:3(9Z,12Z,15Z)/0:0)[iso2]";[M+NORHARMANE+H];C39H64O5;-1.46815e-3;-1.878503;781.552300;2 out of 4
781.550832;781.550832;"DG(18:4(6Z,9Z,12Z,15Z)/18:2(9Z,12Z)/0:0)[iso2]";[M+NORHARMANE+H];C39H64O5;-1.46815e-3;-1.878503;781.552300;2 out of 4
781.615337;781.615337;3-demethylubiquinone-9;[M+H];C53H80O4;2.39996e-3;3.070522;781.612937;2 out of 4
782.542627;782.542627;Unknown Name;[M+Na];C45H78NO6P;-3.26885e-3;-4.177194;782.545896;221 out of 4
782.542627;782.542627;"PC(O-16:0/18:2(9Z,12Z))";[M+K];C42H82NO7P;-3.42059e-3;-4.371109;782.546048;2 out of 4
782.542627;782.542627;"PC(P-16:0/18:1(9Z))";[M+K];C42H82NO7P;-3.42059e-3;-4.371109;782.546048;2 out of 4
782.542627;782.542627;"PC(P-18:0/16:1(9Z))";[M+K];C42H82NO7P;-3.42059e-3;-4.371109;782.546048;2 out of 4
782.542627;782.542627;"PC(P-20:0/14:1(9Z))";[M+K];C42H82NO7P;-3.42059e-3;-4.371109;782.546048;2 out of 4
782.542627;782.542627;"PC(P-16:0/18:1(11Z))";[M+K];C42H82NO7P;-3.42059e-3;-4.371109;782.546048;2 out of 4
782.542627;782.542627;"PC(P-18:1(11Z)/16:0)";[M+K];C42H82NO7P;-3.42059e-3;-4.371109;782.546048;2 out of 4
782.542627;782.542627;"PC(P-18:1(9Z)/16:0)";[M+K];C42H82NO7P;-3.42059e-3;-4.371109;782.546048;2 out of 4
782.542627;782.542627;"PE(O-20:0/17:2(9Z,12Z))";[M+K];C42H82NO7P;-3.42059e-3;-4.371109;782.546048;2 out of 4
782.542627;782.542627;"PE(P-18:0/19:1(9Z))";[M+K];C42H82NO7P;-3.42059e-3;-4.371109;782.546048;2 out of 4
782.542627;782.542627;"PE(P-20:0/17:1(9Z))";[M+K];C42H82NO7P;-3.42059e-3;-4.371109;782.546048;2 out of 4
782.542627;782.542627;"PnC(16:0/18:1(9Z))";[M+K];C42H82NO7P;-3.42059e-3;-4.371109;782.546048;2 out of 4
782.563874;782.563874;"PC(16:0/18:1(9Z))";[M+Na];C42H82NO8P;-3.15121e-3;-4.026766;782.567025;3 out of 4
782.563874;782.563874;"PC(16:0/18:1(11E))";[M+Na];C42H82NO8P;-3.15121e-3;-4.026766;782.567025;3 out of 4
782.563874;782.563874;"PC(16:0/18:1(11Z))";[M+Na];C42H82NO8P;-3.15121e-3;-4.026766;782.567025;3 out of 4
782.563874;782.563874;"PC(16:0/18:1(6E))";[M+Na];C42H82NO8P;-3.15121e-3;-4.026766;782.567025;3 out of 4
782.563874;782.563874;"PC(16:0/18:1(6Z))";[M+Na];C42H82NO8P;-3.15121e-3;-4.026766;782.567025;3 out of 4
782.563874;782.563874;"PC(16:0/18:1(9E))";[M+Na];C42H82NO8P;-3.15121e-3;-4.026766;782.567025;3 out of 4
782.563874;782.563874;"PC(18:0/16:1(9Z))";[M+Na];C42H82NO8P;-3.15121e-3;-4.026766;782.567025;3 out of 4
782.563874;782.563874;"PC(18:1(9Z)/16:0)";[M+Na];C42H82NO8P;-3.15121e-3;-4.026766;782.567025;3 out of 4
782.563874;782.563874;"PC(12:0/22:1(11Z))";[M+Na];C42H82NO8P;-3.15121e-3;-4.026766;782.567025;3 out of 4
782.563874;782.563874;"PC(14:0/20:1(11Z))";[M+Na];C42H82NO8P;-3.15121e-3;-4.026766;782.567025;3 out of 4
782.563874;782.563874;"PC(14:1(9Z)/20:0)";[M+Na];C42H82NO8P;-3.15121e-3;-4.026766;782.567025;3 out of 4
782.563874;782.563874;"PC(15:0/19:1(9Z))";[M+Na];C42H82NO8P;-3.15121e-3;-4.026766;782.567025;3 out of 4
782.563874;782.563874;"PC(15:1(9Z)/19:0)";[M+Na];C42H82NO8P;-3.15121e-3;-4.026766;782.567025;3 out of 4
782.563874;782.563874;"PC(16:1(9Z)/18:0)";[M+Na];C42H82NO8P;-3.15121e-3;-4.026766;782.567025;3 out of 4
782.563874;782.563874;"PC(17:0/17:1(9Z))";[M+Na];C42H82NO8P;-3.15121e-3;-4.026766;782.567025;3 out of 4
782.563874;782.563874;"PC(17:1(9Z)/17:0)";[M+Na];C42H82NO8P;-3.15121e-3;-4.026766;782.567025;3 out of 4
782.563874;782.563874;"PC(19:0/15:1(9Z))";[M+Na];C42H82NO8P;-3.15121e-3;-4.026766;782.567025;3 out of 4
782.563874;782.563874;"PC(19:1(9Z)/15:0)";[M+Na];C42H82NO8P;-3.15121e-3;-4.026766;782.567025;3 out of 4
782.563874;782.563874;"PC(20:0/14:1(9Z))";[M+Na];C42H82NO8P;-3.15121e-3;-4.026766;782.567025;3 out of 4
782.563874;782.563874;"PC(20:1(11Z)/14:0)";[M+Na];C42H82NO8P;-3.15121e-3;-4.026766;782.567025;3 out of 4
782.563874;782.563874;"PC(22:1(11Z)/12:0)";[M+Na];C42H82NO8P;-3.15121e-3;-4.026766;782.567025;3 out of 4
782.563874;782.563874;"PC(18:1(11Z)/16:0)";[M+Na];C42H82NO8P;-3.15121e-3;-4.026766;782.567025;3 out of 4
782.563874;782.563874;"PE(15:0/22:1(11Z))";[M+Na];C42H82NO8P;-3.15121e-3;-4.026766;782.567025;3 out of 4
782.563874;782.563874;"PE(15:1(9Z)/22:0)";[M+Na];C42H82NO8P;-3.15121e-3;-4.026766;782.567025;3 out of 4
782.563874;782.563874;"PE(16:1(9Z)/21:0)";[M+Na];C42H82NO8P;-3.15121e-3;-4.026766;782.567025;3 out of 4
782.563874;782.563874;"PE(17:0/20:1(11Z))";[M+Na];C42H82NO8P;-3.15121e-3;-4.026766;782.567025;3 out of 4
782.563874;782.563874;"PE(17:1(9Z)/20:0)";[M+Na];C42H82NO8P;-3.15121e-3;-4.026766;782.567025;3 out of 4
782.563874;782.563874;"PE(18:0/19:1(9Z))";[M+Na];C42H82NO8P;-3.15121e-3;-4.026766;782.567025;3 out of 4
782.563874;782.563874;"PE(18:1(9Z)/19:0)";[M+Na];C42H82NO8P;-3.15121e-3;-4.026766;782.567025;3 out of 4
782.563874;782.563874;"PE(19:0/18:1(9Z))";[M+Na];C42H82NO8P;-3.15121e-3;-4.026766;782.567025;3 out of 4
782.563874;782.563874;"PE(19:1(9Z)/18:0)";[M+Na];C42H82NO8P;-3.15121e-3;-4.026766;782.567025;3 out of 4
782.563874;782.563874;"PE(20:0/17:1(9Z))";[M+Na];C42H82NO8P;-3.15121e-3;-4.026766;782.567025;3 out of 4
782.563874;782.563874;"PE(20:1(11Z)/17:0)";[M+Na];C42H82NO8P;-3.15121e-3;-4.026766;782.567025;3 out of 4
782.563874;782.563874;"PE(21:0/16:1(9Z))";[M+Na];C42H82NO8P;-3.15121e-3;-4.026766;782.567025;3 out of 4
782.563874;782.563874;"PE(22:0/15:1(9Z))";[M+Na];C42H82NO8P;-3.15121e-3;-4.026766;782.567025;3 out of 4
782.563874;782.563874;"PE(22:1(11Z)/15:0)";[M+Na];C42H82NO8P;-3.15121e-3;-4.026766;782.567025;3 out of 4
783.556391;783.556391;"(+/-)monhexocin";[M+NORHARMANE+H];C35H66O8;3.69693e-3;4.718161;783.552694;1 out of 4
783.556391;783.556391;"PG(O-18:0/20:5(5Z,8Z,11Z,14Z,17Z))";[M+H];C44H79O9P;2.94426e-3;3.757576;783.553447;1 out of 4
783.556391;783.556391;"PG(P-16:0/22:4(7Z,10Z,13Z,16Z))";[M+H];C44H79O9P;2.94426e-3;3.757576;783.553447;1 out of 4
783.556391;783.556391;"PG(P-20:0/18:4(6Z,9Z,12Z,15Z))";[M+H];C44H79O9P;2.94426e-3;3.757576;783.553447;1 out of 4
783.556391;783.556391;"PG(P-18:0/20:4(5Z,8Z,11Z,14Z))";[M+H];C44H79O9P;2.94426e-3;3.757576;783.553447;1 out of 4
783.566579;783.566579;"PA(O-18:0/22:1(11Z))";[M+K];C43H85O7P;1.30310e-4;0.166304;783.566449;1 out of 4
783.566579;783.566579;"PA(O-20:0/20:1(11Z))";[M+K];C43H85O7P;1.30310e-4;0.166304;783.566449;1 out of 4
783.566579;783.566579;"PA(P-18:0/22:0)";[M+K];C43H85O7P;1.30310e-4;0.166304;783.566449;1 out of 4
783.566579;783.566579;"PA(P-20:0/20:0)";[M+K];C43H85O7P;1.30310e-4;0.166304;783.566449;1 out of 4
783.566579;783.566579;"DG(18:2(9Z,12Z)/18:3(9Z,12Z,15Z)/0:0)[iso2]";[M+NORHARMANE+H];C39H66O5;-1.37121e-3;-1.749959;783.567950;1 out of 4
783.566579;783.566579;"DG(16:1(9Z)/20:4(5Z,8Z,11Z,14Z)/0:0)[iso2]";[M+NORHARMANE+H];C39H66O5;-1.37121e-3;-1.749959;783.567950;1 out of 4
783.566579;783.566579;"DG(16:0/20:5(5Z,8Z,11Z,14Z,17Z)/0:0)[iso2]";[M+NORHARMANE+H];C39H66O5;-1.37121e-3;-1.749959;783.567950;1 out of 4
783.566579;783.566579;"DG(14:0/22:5(7Z,10Z,13Z,16Z,19Z)/0:0)[iso2]";[M+NORHARMANE+H];C39H66O5;-1.37121e-3;-1.749959;783.567950;1 out of 4
783.566579;783.566579;"DG(14:1(9Z)/22:4(7Z,10Z,13Z,16Z)/0:0)[iso2]";[M+NORHARMANE+H];C39H66O5;-1.37121e-3;-1.749959;783.567950;1 out of 4
783.566579;783.566579;"DG(18:3(6Z,9Z,12Z)/18:2(9Z,12Z)/0:0)[iso2]";[M+NORHARMANE+H];C39H66O5;-1.37121e-3;-1.749959;783.567950;1 out of 4
783.566579;783.566579;"DG(18:4(6Z,9Z,12Z,15Z)/18:1(9Z)/0:0)[iso2]";[M+NORHARMANE+H];C39H66O5;-1.37121e-3;-1.749959;783.567950;1 out of 4
784.521718;784.521718;"PC(15:0/18:1(11Z))";[M+K];C41H80NO8P;-3.59415e-3;-4.581305;784.525312;3 out of 4
784.521718;784.521718;"PC(16:0/17:1(9Z))";[M+K];C41H80NO8P;-3.59415e-3;-4.581305;784.525312;3 out of 4
784.521718;784.521718;"PC(13:0/20:1(11Z))";[M+K];C41H80NO8P;-3.59415e-3;-4.581305;784.525312;3 out of 4
784.521718;784.521718;"PC(14:0/19:1(9Z))";[M+K];C41H80NO8P;-3.59415e-3;-4.581305;784.525312;3 out of 4
784.521718;784.521718;"PC(14:1(9Z)/19:0)";[M+K];C41H80NO8P;-3.59415e-3;-4.581305;784.525312;3 out of 4
784.521718;784.521718;"PC(15:0/18:1(9Z))";[M+K];C41H80NO8P;-3.59415e-3;-4.581305;784.525312;3 out of 4
784.521718;784.521718;"PC(15:1(9Z)/18:0)";[M+K];C41H80NO8P;-3.59415e-3;-4.581305;784.525312;3 out of 4
784.521718;784.521718;"PC(16:1(9Z)/17:0)";[M+K];C41H80NO8P;-3.59415e-3;-4.581305;784.525312;3 out of 4
784.521718;784.521718;"PC(17:0/16:1(9Z))";[M+K];C41H80NO8P;-3.59415e-3;-4.581305;784.525312;3 out of 4
784.521718;784.521718;"PC(17:1(9Z)/16:0)";[M+K];C41H80NO8P;-3.59415e-3;-4.581305;784.525312;3 out of 4
784.521718;784.521718;"PC(18:0/15:1(9Z))";[M+K];C41H80NO8P;-3.59415e-3;-4.581305;784.525312;3 out of 4
784.521718;784.521718;"PC(18:1(9Z)/15:0)";[M+K];C41H80NO8P;-3.59415e-3;-4.581305;784.525312;3 out of 4
784.521718;784.521718;"PC(19:0/14:1(9Z))";[M+K];C41H80NO8P;-3.59415e-3;-4.581305;784.525312;3 out of 4
784.521718;784.521718;"PC(19:1(9Z)/14:0)";[M+K];C41H80NO8P;-3.59415e-3;-4.581305;784.525312;3 out of 4
784.521718;784.521718;"PC(20:1(11Z)/13:0)";[M+K];C41H80NO8P;-3.59415e-3;-4.581305;784.525312;3 out of 4
784.521718;784.521718;"PE(18:0/18:1(9Z))";[M+K];C41H80NO8P;-3.59415e-3;-4.581305;784.525312;3 out of 4
784.521718;784.521718;"PE(18:1(9Z)/18:0)";[M+K];C41H80NO8P;-3.59415e-3;-4.581305;784.525312;3 out of 4
784.521718;784.521718;"PE(18:0/18:1(7Z))";[M+K];C41H80NO8P;-3.59415e-3;-4.581305;784.525312;3 out of 4
784.521718;784.521718;"PE(16:0/20:1(11Z))";[M+K];C41H80NO8P;-3.59415e-3;-4.581305;784.525312;3 out of 4
784.521718;784.521718;"PE-NMe2(16:0/18:1(9Z))";[M+K];C41H80NO8P;-3.59415e-3;-4.581305;784.525312;3 out of 4
784.521718;784.521718;"PE-NMe2(18:1(9Z)/16:0)";[M+K];C41H80NO8P;-3.59415e-3;-4.581305;784.525312;3 out of 4
784.521718;784.521718;"PE(14:0/22:1(11Z))";[M+K];C41H80NO8P;-3.59415e-3;-4.581305;784.525312;3 out of 4
784.521718;784.521718;"PE(14:1(9Z)/22:0)";[M+K];C41H80NO8P;-3.59415e-3;-4.581305;784.525312;3 out of 4
784.521718;784.521718;"PE(15:1(9Z)/21:0)";[M+K];C41H80NO8P;-3.59415e-3;-4.581305;784.525312;3 out of 4
784.521718;784.521718;"PE(16:1(9Z)/20:0)";[M+K];C41H80NO8P;-3.59415e-3;-4.581305;784.525312;3 out of 4
784.521718;784.521718;"PE(17:0/19:1(9Z))";[M+K];C41H80NO8P;-3.59415e-3;-4.581305;784.525312;3 out of 4
784.521718;784.521718;"PE(17:1(9Z)/19:0)";[M+K];C41H80NO8P;-3.59415e-3;-4.581305;784.525312;3 out of 4
784.521718;784.521718;"PE(19:0/17:1(9Z))";[M+K];C41H80NO8P;-3.59415e-3;-4.581305;784.525312;3 out of 4
784.521718;784.521718;"PE(19:1(9Z)/17:0)";[M+K];C41H80NO8P;-3.59415e-3;-4.581305;784.525312;3 out of 4
784.521718;784.521718;"PE(20:0/16:1(9Z))";[M+K];C41H80NO8P;-3.59415e-3;-4.581305;784.525312;3 out of 4
784.521718;784.521718;"PE(20:1(11Z)/16:0)";[M+K];C41H80NO8P;-3.59415e-3;-4.581305;784.525312;3 out of 4
784.521718;784.521718;"PE(21:0/15:1(9Z))";[M+K];C41H80NO8P;-3.59415e-3;-4.581305;784.525312;3 out of 4
784.521718;784.521718;"PE(22:0/14:1(9Z))";[M+K];C41H80NO8P;-3.59415e-3;-4.581305;784.525312;3 out of 4
784.521718;784.521718;"PE(22:1(11Z)/14:0)";[M+K];C41H80NO8P;-3.59415e-3;-4.581305;784.525312;3 out of 4
784.559786;784.559786;"PC(O-16:0/18:1(9Z))";[M+K];C42H84NO7P;-1.91166e-3;-2.436594;784.561698;3 out of 4
784.559786;784.559786;"PC(O-18:0/16:1(9Z))";[M+K];C42H84NO7P;-1.91166e-3;-2.436594;784.561698;3 out of 4
784.559786;784.559786;"PC(O-18:1(9Z)/16:0)";[M+K];C42H84NO7P;-1.91166e-3;-2.436594;784.561698;3 out of 4
784.559786;784.559786;"PC(O-20:0/14:1(9Z))";[M+K];C42H84NO7P;-1.91166e-3;-2.436594;784.561698;3 out of 4
784.559786;784.559786;"PC(O-16:1(9Z)/18:0)";[M+K];C42H84NO7P;-1.91166e-3;-2.436594;784.561698;3 out of 4
784.559786;784.559786;"PC(O-18:1(11Z)/16:0)";[M+K];C42H84NO7P;-1.91166e-3;-2.436594;784.561698;3 out of 4
784.559786;784.559786;"PC(P-16:0/18:0)";[M+K];C42H84NO7P;-1.91166e-3;-2.436594;784.561698;3 out of 4
784.559786;784.559786;"PC(P-18:0/16:0)";[M+K];C42H84NO7P;-1.91166e-3;-2.436594;784.561698;3 out of 4
784.559786;784.559786;"PC(P-20:0/14:0)";[M+K];C42H84NO7P;-1.91166e-3;-2.436594;784.561698;3 out of 4
784.559786;784.559786;"PE(O-18:0/19:1(9Z))";[M+K];C42H84NO7P;-1.91166e-3;-2.436594;784.561698;3 out of 4
784.559786;784.559786;"PE(O-20:0/17:1(9Z))";[M+K];C42H84NO7P;-1.91166e-3;-2.436594;784.561698;3 out of 4
784.559786;784.559786;"PE(P-16:0/21:0)";[M+K];C42H84NO7P;-1.91166e-3;-2.436594;784.561698;3 out of 4
784.559786;784.559786;"PE(P-18:0/19:0)";[M+K];C42H84NO7P;-1.91166e-3;-2.436594;784.561698;3 out of 4
784.559786;784.559786;"PE(P-20:0/17:0)";[M+K];C42H84NO7P;-1.91166e-3;-2.436594;784.561698;3 out of 4
784.581143;784.581143;"PC(10:0/24:0)";[M+Na];C42H84NO8P;-1.53228e-3;-1.952985;784.582675;1 out of 4
784.581143;784.581143;"PC(11:0/23:0)";[M+Na];C42H84NO8P;-1.53228e-3;-1.952985;784.582675;1 out of 4
784.581143;784.581143;"PC(12:0/22:0)";[M+Na];C42H84NO8P;-1.53228e-3;-1.952985;784.582675;1 out of 4
784.581143;784.581143;"PC(13:0/21:0)";[M+Na];C42H84NO8P;-1.53228e-3;-1.952985;784.582675;1 out of 4
784.581143;784.581143;"PC(14:0/20:0)";[M+Na];C42H84NO8P;-1.53228e-3;-1.952985;784.582675;1 out of 4
784.581143;784.581143;"PC(15:0/19:0)";[M+Na];C42H84NO8P;-1.53228e-3;-1.952985;784.582675;1 out of 4
784.581143;784.581143;"PC(16:0/18:0)";[M+Na];C42H84NO8P;-1.53228e-3;-1.952985;784.582675;1 out of 4
784.581143;784.581143;"PC(17:0/17:0)";[M+Na];C42H84NO8P;-1.53228e-3;-1.952985;784.582675;1 out of 4
784.581143;784.581143;"PC(18:0/16:0)";[M+Na];C42H84NO8P;-1.53228e-3;-1.952985;784.582675;1 out of 4
784.581143;784.581143;"PC(19:0/15:0)";[M+Na];C42H84NO8P;-1.53228e-3;-1.952985;784.582675;1 out of 4
784.581143;784.581143;"PC(20:0/14:0)";[M+Na];C42H84NO8P;-1.53228e-3;-1.952985;784.582675;1 out of 4
784.581143;784.581143;"PC(21:0/13:0)";[M+Na];C42H84NO8P;-1.53228e-3;-1.952985;784.582675;1 out of 4
784.581143;784.581143;"PC(22:0/12:0)";[M+Na];C42H84NO8P;-1.53228e-3;-1.952985;784.582675;1 out of 4
784.581143;784.581143;"PE(17:0/20:0)";[M+Na];C42H84NO8P;-1.53228e-3;-1.952985;784.582675;1 out of 4
784.581143;784.581143;"PE-NMe(18:0/18:0)";[M+Na];C42H84NO8P;-1.53228e-3;-1.952985;784.582675;1 out of 4
784.581143;784.581143;"PE(15:0/22:0)";[M+Na];C42H84NO8P;-1.53228e-3;-1.952985;784.582675;1 out of 4
784.581143;784.581143;"PE(16:0/21:0)";[M+Na];C42H84NO8P;-1.53228e-3;-1.952985;784.582675;1 out of 4
784.581143;784.581143;"PE(18:0/19:0)";[M+Na];C42H84NO8P;-1.53228e-3;-1.952985;784.582675;1 out of 4
784.581143;784.581143;"PE(20:0/17:0)";[M+Na];C42H84NO8P;-1.53228e-3;-1.952985;784.582675;1 out of 4
784.581143;784.581143;"PE(21:0/16:0)";[M+Na];C42H84NO8P;-1.53228e-3;-1.952985;784.582675;1 out of 4
784.581143;784.581143;"PE(22:0/15:0)";[M+Na];C42H84NO8P;-1.53228e-3;-1.952985;784.582675;1 out of 4
784.581143;784.581143;"PE(19:0/18:0)";[M+Na];C42H84NO8P;-1.53228e-3;-1.952985;784.582675;1 out of 4
785.524795;785.524795;"PA(P-16:0/15:1(9Z))";[M+NORHARMANE+H];C34H65O7P;1.07895e-3;1.373542;785.523716;1 out of 4
785.571339;785.571339;"PG(O-16:0/22:4(7Z,10Z,13Z,16Z))";[M+H];C44H81O9P;2.24220e-3;2.854234;785.569097;2 out of 4
785.571339;785.571339;"PG(O-20:0/18:4(6Z,9Z,12Z,15Z))";[M+H];C44H81O9P;2.24220e-3;2.854234;785.569097;2 out of 4
785.571339;785.571339;"PG(O-18:0/20:4(5Z,8Z,11Z,14Z))";[M+H];C44H81O9P;2.24220e-3;2.854234;785.569097;2 out of 4
785.571339;785.571339;"PG(P-18:0/20:3(8Z,11Z,14Z))";[M+H];C44H81O9P;2.24220e-3;2.854234;785.569097;2 out of 4
785.571339;785.571339;"PG(P-20:0/18:3(6Z,9Z,12Z))";[M+H];C44H81O9P;2.24220e-3;2.854234;785.569097;2 out of 4
785.571339;785.571339;"PG(P-20:0/18:3(9Z,12Z,15Z))";[M+H];C44H81O9P;2.24220e-3;2.854234;785.569097;2 out of 4
785.571339;785.571339;Unknown Name;[M+NORHARMANE+H];C34H69N2O5P;4.06200e-6;0.005171;785.571335;302 out of 4
785.584373;785.584373;"PA(O-20:0/20:0)";[M+K];C43H87O7P;2.27425e-3;2.894982;785.582099;1 out of 4
785.584373;785.584373;"PA(O-18:0/22:0)";[M+K];C43H87O7P;2.27425e-3;2.894982;785.582099;1 out of 4
785.584373;785.584373;"DG(18:2(9Z,12Z)/18:2(9Z,12Z)/0:0)";[M+NORHARMANE+H];C39H68O5;7.72724e-4;0.983631;785.583600;1 out of 4
785.584373;785.584373;"DG(18:1(9Z)/18:3(9Z,12Z,15Z)/0:0)[iso2]";[M+NORHARMANE+H];C39H68O5;7.72724e-4;0.983631;785.583600;1 out of 4
785.584373;785.584373;"DG(16:1(9Z)/20:3(8Z,11Z,14Z)/0:0)[iso2]";[M+NORHARMANE+H];C39H68O5;7.72724e-4;0.983631;785.583600;1 out of 4
785.584373;785.584373;"DG(16:0/20:4(5Z,8Z,11Z,14Z)/0:0)[iso2]";[M+NORHARMANE+H];C39H68O5;7.72724e-4;0.983631;785.583600;1 out of 4
785.584373;785.584373;"DG(14:0/22:4(7Z,10Z,13Z,16Z)/0:0)[iso2]";[M+NORHARMANE+H];C39H68O5;7.72724e-4;0.983631;785.583600;1 out of 4
785.584373;785.584373;"DG(14:1(9Z)/22:3(10Z,13Z,16Z)/0:0)[iso2]";[M+NORHARMANE+H];C39H68O5;7.72724e-4;0.983631;785.583600;1 out of 4
785.584373;785.584373;"DG(18:3(6Z,9Z,12Z)/18:1(9Z)/0:0)[iso2]";[M+NORHARMANE+H];C39H68O5;7.72724e-4;0.983631;785.583600;1 out of 4
785.584373;785.584373;"DG(18:4(6Z,9Z,12Z,15Z)/18:0/0:0)[iso2]";[M+NORHARMANE+H];C39H68O5;7.72724e-4;0.983631;785.583600;1 out of 4
786.537907;786.537907;"PC(P-16:0/20:5(5Z,8Z,11Z,14Z,17Z))";[M+Na];C44H78NO7P;-2.90347e-3;-3.691437;786.540810;1 out of 4
786.537907;786.537907;"PC(10:0/23:0)";[M+K];C41H82NO8P;-3.05521e-3;-3.884367;786.540962;2 out of 4
786.537907;786.537907;"PC(11:0/22:0)";[M+K];C41H82NO8P;-3.05521e-3;-3.884367;786.540962;2 out of 4
786.537907;786.537907;"PC(13:0/20:0)";[M+K];C41H82NO8P;-3.05521e-3;-3.884367;786.540962;2 out of 4
786.537907;786.537907;"PC(15:0/18:0)";[M+K];C41H82NO8P;-3.05521e-3;-3.884367;786.540962;2 out of 4
786.537907;786.537907;"PC(16:0/17:0)";[M+K];C41H82NO8P;-3.05521e-3;-3.884367;786.540962;2 out of 4
786.537907;786.537907;"PC(19:0/14:0)";[M+K];C41H82NO8P;-3.05521e-3;-3.884367;786.540962;2 out of 4
786.537907;786.537907;"PC(20:0/13:0)";[M+K];C41H82NO8P;-3.05521e-3;-3.884367;786.540962;2 out of 4
786.537907;786.537907;"PC(21:0/12:0)";[M+K];C41H82NO8P;-3.05521e-3;-3.884367;786.540962;2 out of 4
786.537907;786.537907;"PC(22:0/11:0)";[M+K];C41H82NO8P;-3.05521e-3;-3.884367;786.540962;2 out of 4
786.537907;786.537907;"PC(12:0/21:0)";[M+K];C41H82NO8P;-3.05521e-3;-3.884367;786.540962;2 out of 4
786.537907;786.537907;"PC(14:0/19:0)";[M+K];C41H82NO8P;-3.05521e-3;-3.884367;786.540962;2 out of 4
786.537907;786.537907;"PC(17:0/16:0)";[M+K];C41H82NO8P;-3.05521e-3;-3.884367;786.540962;2 out of 4
786.537907;786.537907;"PC(18:0/15:0)";[M+K];C41H82NO8P;-3.05521e-3;-3.884367;786.540962;2 out of 4
786.537907;786.537907;"PE(18:0/18:0)";[M+K];C41H82NO8P;-3.05521e-3;-3.884367;786.540962;2 out of 4
786.537907;786.537907;"PE(16:0/20:0)";[M+K];C41H82NO8P;-3.05521e-3;-3.884367;786.540962;2 out of 4
786.537907;786.537907;"PE(17:0/19:0)";[M+K];C41H82NO8P;-3.05521e-3;-3.884367;786.540962;2 out of 4
786.537907;786.537907;"PE(19:0/17:0)";[M+K];C41H82NO8P;-3.05521e-3;-3.884367;786.540962;2 out of 4
786.537907;786.537907;"PE(21:0/15:0)";[M+K];C41H82NO8P;-3.05521e-3;-3.884367;786.540962;2 out of 4
786.537907;786.537907;"PE(22:0/14:0)";[M+K];C41H82NO8P;-3.05521e-3;-3.884367;786.540962;2 out of 4
786.537907;786.537907;"PE(20:0/16:0)";[M+K];C41H82NO8P;-3.05521e-3;-3.884367;786.540962;2 out of 4
786.537907;786.537907;"PE(15:0/21:0)";[M+K];C41H82NO8P;-3.05521e-3;-3.884367;786.540962;2 out of 4
786.537907;786.537907;"PE(14:0/22:0)";[M+K];C41H82NO8P;-3.05521e-3;-3.884367;786.540962;2 out of 4
787.539601;787.539601;"PA(O-16:0/15:1(9Z))";[M+NORHARMANE+H];C34H67O7P;2.34886e-4;0.298253;787.539366;1 out of 4
787.539601;787.539601;"PA(P-16:0/15:0)";[M+NORHARMANE+H];C34H67O7P;2.34886e-4;0.298253;787.539366;1 out of 4
787.539601;787.539601;"PA(P-18:0/13:0)";[M+NORHARMANE+H];C34H67O7P;2.34886e-4;0.298253;787.539366;1 out of 4
787.583577;787.583577;"PG(O-20:0/16:0)";[M+Na];C42H85O9P;1.23607e-3;1.569449;787.582341;1 out of 4
787.583577;787.583577;"PG(O-18:0/18:0)";[M+Na];C42H85O9P;1.23607e-3;1.569449;787.582341;1 out of 4
787.583577;787.583577;"PG(O-16:0/20:0)";[M+Na];C42H85O9P;1.23607e-3;1.569449;787.582341;1 out of 4
787.583577;787.583577;"PG(O-18:0/20:3(8Z,11Z,14Z))";[M+H];C44H83O9P;-1.16987e-3;-1.485384;787.584747;2 out of 4
787.583577;787.583577;"PG(O-20:0/18:3(6Z,9Z,12Z))";[M+H];C44H83O9P;-1.16987e-3;-1.485384;787.584747;2 out of 4
787.583577;787.583577;"PG(O-20:0/18:3(9Z,12Z,15Z))";[M+H];C44H83O9P;-1.16987e-3;-1.485384;787.584747;2 out of 4
787.583577;787.583577;"PG(P-16:0/22:2(13Z,16Z))";[M+H];C44H83O9P;-1.16987e-3;-1.485384;787.584747;2 out of 4
787.583577;787.583577;"PG(P-18:0/20:2(11Z,14Z))";[M+H];C44H83O9P;-1.16987e-3;-1.485384;787.584747;2 out of 4
787.583577;787.583577;"PG(P-20:0/18:2(9Z,12Z))";[M+H];C44H83O9P;-1.16987e-3;-1.485384;787.584747;2 out of 4
787.600420;787.600420;"DG(18:1(9Z)/18:2(9Z,12Z)/0:0)[iso2]";[M+NORHARMANE+H];C39H70O5;1.16966e-3;1.485095;787.599250;1 out of 4
787.600420;787.600420;"DG(18:0/18:3(9Z,12Z,15Z)/0:0)[iso2]";[M+NORHARMANE+H];C39H70O5;1.16966e-3;1.485095;787.599250;1 out of 4
787.600420;787.600420;"DG(16:1(9Z)/20:2(11Z,14Z)/0:0)[iso2]";[M+NORHARMANE+H];C39H70O5;1.16966e-3;1.485095;787.599250;1 out of 4
787.600420;787.600420;"DG(16:0/20:3(8Z,11Z,14Z)/0:0)[iso2]";[M+NORHARMANE+H];C39H70O5;1.16966e-3;1.485095;787.599250;1 out of 4
787.600420;787.600420;"DG(14:0/22:3(10Z,13Z,16Z)/0:0)[iso2]";[M+NORHARMANE+H];C39H70O5;1.16966e-3;1.485095;787.599250;1 out of 4
787.600420;787.600420;"DG(14:1(9Z)/22:2(13Z,16Z)/0:0)[iso2]";[M+NORHARMANE+H];C39H70O5;1.16966e-3;1.485095;787.599250;1 out of 4
787.600420;787.600420;"DG(18:3(6Z,9Z,12Z)/18:0/0:0)[iso2]";[M+NORHARMANE+H];C39H70O5;1.16966e-3;1.485095;787.599250;1 out of 4
787.600420;787.600420;"DG(19:1(9Z)/17:2(9Z,12Z)/0:0)[iso2]";[M+NORHARMANE+H];C39H70O5;1.16966e-3;1.485095;787.599250;1 out of 4
787.664992;787.664992;"SM(d18:1/22:0)";[M+H];C45H91N2O6P;-3.75926e-3;-4.772643;787.668751;3 out of 4
787.664992;787.664992;"SM(d16:1/24:0)";[M+H];C45H91N2O6P;-3.75926e-3;-4.772643;787.668751;3 out of 4
788.514773;788.514773;"bacteriohopane-,32,33,34-triol-35-cyclitolguanine";[M+K];C42H75N3O8;-3.80036e-3;-4.819620;788.518573;1 out of 4
788.623587;788.623587;"GlcCer(t18:1(8Z)/20:0(2OH[S]))";[M+H];C44H85NO10;-1.03692e-3;-1.314846;788.624624;2 out of 4
788.667684;788.667684;"Cer(d18:2/22:0)";[M+NORHARMANE+H];C40H77NO3;4.13676e-4;0.524525;788.667270;1 out of 4
788.667684;788.667684;"Cer(d16:2(4E,6E)/24:0)";[M+NORHARMANE+H];C40H77NO3;4.13676e-4;0.524525;788.667270;1 out of 4
789.518691;789.518691;"PA(18:0/12:0)";[M+NORHARMANE+H];C33H65O8P;6.03300e-5;0.076414;789.518631;1 out of 4
789.518691;789.518691;"PA(17:0/13:0)";[M+NORHARMANE+H];C33H65O8P;6.03300e-5;0.076414;789.518631;1 out of 4
789.518691;789.518691;"PA(13:0/17:0)";[M+NORHARMANE+H];C33H65O8P;6.03300e-5;0.076414;789.518631;1 out of 4
789.518691;789.518691;"PA(12:0/18:0)";[M+NORHARMANE+H];C33H65O8P;6.03300e-5;0.076414;789.518631;1 out of 4
789.518691;789.518691;"PA(16:0/14:0)";[M+NORHARMANE+H];C33H65O8P;6.03300e-5;0.076414;789.518631;1 out of 4
789.518691;789.518691;"PA(15:0/15:0)";[M+NORHARMANE+H];C33H65O8P;6.03300e-5;0.076414;789.518631;1 out of 4
789.518691;789.518691;"PA(14:0/16:0)";[M+NORHARMANE+H];C33H65O8P;6.03300e-5;0.076414;789.518631;1 out of 4
789.615555;789.615555;"DG(18:1(9Z)/18:1(9Z)/0:0)";[M+NORHARMANE+H];C39H72O5;6.54596e-4;0.829007;789.614900;1 out of 4
789.615555;789.615555;"DG(18:0/18:2(9Z,12Z)/0:0)[iso2]";[M+NORHARMANE+H];C39H72O5;6.54596e-4;0.829007;789.614900;1 out of 4
789.615555;789.615555;"DG(16:1(9Z)/20:1(11Z)/0:0)[iso2]";[M+NORHARMANE+H];C39H72O5;6.54596e-4;0.829007;789.614900;1 out of 4
789.615555;789.615555;"DG(16:0/20:2(11Z,14Z)/0:0)[iso2]";[M+NORHARMANE+H];C39H72O5;6.54596e-4;0.829007;789.614900;1 out of 4
789.615555;789.615555;"DG(17:2(9Z,12Z)/19:0/0:0)[iso2]";[M+NORHARMANE+H];C39H72O5;6.54596e-4;0.829007;789.614900;1 out of 4
789.615555;789.615555;"DG(14:0/22:2(13Z,16Z)/0:0)[iso2]";[M+NORHARMANE+H];C39H72O5;6.54596e-4;0.829007;789.614900;1 out of 4
789.615555;789.615555;"DG(14:1(9Z)/22:1(11Z)/0:0)[iso2]";[M+NORHARMANE+H];C39H72O5;6.54596e-4;0.829007;789.614900;1 out of 4
789.615555;789.615555;"DG(19:1(9Z)/17:1(9Z)/0:0)[iso2]";[M+NORHARMANE+H];C39H72O5;6.54596e-4;0.829007;789.614900;1 out of 4
789.671051;789.671051;TG(O-14:0(13Me)_14:0(13Me)_14:0(13Me));[M+K];C48H94O5;-2.23211e-3;-2.826622;789.673283;1 out of 4
790.618508;790.618508;"DG(18:2(9Z,12Z)/0:0/18:2(9Z,12Z)) (d5)";[M+NORHARMANE+H];C39H63D5O5;3.52399e-3;4.457282;790.614984;1 out of 4
790.618508;790.618508;"GlcCer(d18:2/21:0)";[M+Na];C45H85NO8;1.76932e-3;2.237898;790.616739;1 out of 4
790.618508;790.618508;"GalCer(d18:2/21:0)";[M+Na];C45H85NO8;1.76932e-3;2.237898;790.616739;1 out of 4
791.558789;791.558789;"PA(19:1(9Z)/22:2(13Z,16Z))";[M+Na];C44H81O8P;2.66282e-3;3.364029;791.556126;1 out of 4
791.558789;791.558789;"PA(20:3(8Z,11Z,14Z)/21:0)";[M+Na];C44H81O8P;2.66282e-3;3.364029;791.556126;1 out of 4
791.558789;791.558789;"PA(21:0/20:3(8Z,11Z,14Z))";[M+Na];C44H81O8P;2.66282e-3;3.364029;791.556126;1 out of 4
791.558789;791.558789;"PA(22:2(13Z,16Z)/19:1(9Z))";[M+Na];C44H81O8P;2.66282e-3;3.364029;791.556126;1 out of 4
791.558789;791.558789;Annosquatin V;[M+NORHARMANE+H];C37H66O7;1.00955e-3;1.275394;791.557779;1 out of 4
791.558789;791.558789;Squamocin-II;[M+NORHARMANE+H];C37H66O7;1.00955e-3;1.275394;791.557779;1 out of 4
791.558789;791.558789;Squamocin-IV;[M+NORHARMANE+H];C37H66O7;1.00955e-3;1.275394;791.557779;1 out of 4
791.558789;791.558789;Annosquacin-I;[M+NORHARMANE+H];C37H66O7;1.00955e-3;1.275394;791.557779;1 out of 4
791.558789;791.558789;Muricenin;[M+NORHARMANE+H];C37H66O7;1.00955e-3;1.275394;791.557779;1 out of 4
791.558789;791.558789;Montalicin E;[M+NORHARMANE+H];C37H66O7;1.00955e-3;1.275394;791.557779;1 out of 4
791.558789;791.558789;Bullatacinone;[M+NORHARMANE+H];C37H66O7;1.00955e-3;1.275394;791.557779;1 out of 4
791.558789;791.558789;Rolliniastatin-1;[M+NORHARMANE+H];C37H66O7;1.00955e-3;1.275394;791.557779;1 out of 4
791.558789;791.558789;Rolliniastatin-2;[M+NORHARMANE+H];C37H66O7;1.00955e-3;1.275394;791.557779;1 out of 4
791.558789;791.558789;Squamocin;[M+NORHARMANE+H];C37H66O7;1.00955e-3;1.275394;791.557779;1 out of 4
791.558789;791.558789;Squamotin A;[M+NORHARMANE+H];C37H66O7;1.00955e-3;1.275394;791.557779;1 out of 4
791.558789;791.558789;Squamocin-III;[M+NORHARMANE+H];C37H66O7;1.00955e-3;1.275394;791.557779;1 out of 4
791.558789;791.558789;Squamoxinone-E;[M+NORHARMANE+H];C37H66O7;1.00955e-3;1.275394;791.557779;1 out of 4
791.558789;791.558789;Annopurpuricin A;[M+NORHARMANE+H];C37H66O7;1.00955e-3;1.275394;791.557779;1 out of 4
791.558789;791.558789;Annopurpuricin B;[M+NORHARMANE+H];C37H66O7;1.00955e-3;1.275394;791.557779;1 out of 4
791.558789;791.558789;Annopurpuricin D;[M+NORHARMANE+H];C37H66O7;1.00955e-3;1.275394;791.557779;1 out of 4
791.558789;791.558789;Annosquacin C;[M+NORHARMANE+H];C37H66O7;1.00955e-3;1.275394;791.557779;1 out of 4
791.558789;791.558789;Squamostanin-D;[M+NORHARMANE+H];C37H66O7;1.00955e-3;1.275394;791.557779;1 out of 4
791.558789;791.558789;Unknown Name;[M+H];C46H79O8P;2.56882e-4;0.324527;791.558532;206 out of 4
791.558789;791.558789;"PA(21:0/22:6(4Z,7Z,10Z,13Z,16Z,19Z))";[M+H];C46H79O8P;2.56882e-4;0.324527;791.558532;3 out of 4
791.558789;791.558789;"PA(22:6(4Z,7Z,10Z,13Z,16Z,19Z)/21:0)";[M+H];C46H79O8P;2.56882e-4;0.324527;791.558532;3 out of 4
791.572022;791.572022;1-(6-[3]-ladderane-hexanoyl)-2-(8-[3]-ladderane-octanyl)-sn-glycerol;[M+NORHARMANE+H];C41H66O4;-1.01359e-3;-1.280478;791.573036;1 out of 4
791.621176;791.621176;"TG(12:0/18:4(6Z,9Z,12Z,15Z)/18:4(6Z,9Z,12Z,15Z))[iso3]";[M+H];C51H82O6;2.75966e-3;3.486094;791.618416;1 out of 4
792.547736;792.547736;"PC(15:0/20:3(8Z,11Z,14Z))";[M+Na];C43H80NO8P;-3.63915e-3;-4.591690;792.551375;1 out of 4
792.547736;792.547736;"PC(15:1(9Z)/20:2(11Z,14Z))";[M+Na];C43H80NO8P;-3.63915e-3;-4.591690;792.551375;1 out of 4
792.547736;792.547736;"PC(17:0/18:3(6Z,9Z,12Z))";[M+Na];C43H80NO8P;-3.63915e-3;-4.591690;792.551375;1 out of 4
792.547736;792.547736;"PC(17:0/18:3(9Z,12Z,15Z))";[M+Na];C43H80NO8P;-3.63915e-3;-4.591690;792.551375;1 out of 4
792.547736;792.547736;"PC(17:1(9Z)/18:2(9Z,12Z))";[M+Na];C43H80NO8P;-3.63915e-3;-4.591690;792.551375;1 out of 4
792.547736;792.547736;"PC(17:2(9Z,12Z)/18:1(9Z))";[M+Na];C43H80NO8P;-3.63915e-3;-4.591690;792.551375;1 out of 4
792.547736;792.547736;"PC(18:1(9Z)/17:2(9Z,12Z))";[M+Na];C43H80NO8P;-3.63915e-3;-4.591690;792.551375;1 out of 4
792.547736;792.547736;"PC(18:2(9Z,12Z)/17:1(9Z))";[M+Na];C43H80NO8P;-3.63915e-3;-4.591690;792.551375;1 out of 4
792.547736;792.547736;"PC(18:3(6Z,9Z,12Z)/17:0)";[M+Na];C43H80NO8P;-3.63915e-3;-4.591690;792.551375;1 out of 4
792.547736;792.547736;"PC(18:3(9Z,12Z,15Z)/17:0)";[M+Na];C43H80NO8P;-3.63915e-3;-4.591690;792.551375;1 out of 4
792.547736;792.547736;"PC(20:2(11Z,14Z)/15:1(9Z))";[M+Na];C43H80NO8P;-3.63915e-3;-4.591690;792.551375;1 out of 4
792.547736;792.547736;"PC(20:3(8Z,11Z,14Z)/15:0)";[M+Na];C43H80NO8P;-3.63915e-3;-4.591690;792.551375;1 out of 4
792.547736;792.547736;"PE(16:1(9Z)/22:2(13Z,16Z))";[M+Na];C43H80NO8P;-3.63915e-3;-4.591690;792.551375;1 out of 4
792.547736;792.547736;"PE(18:1(9Z)/20:2(11Z,14Z))";[M+Na];C43H80NO8P;-3.63915e-3;-4.591690;792.551375;1 out of 4
792.547736;792.547736;"PE(18:2(9Z,12Z)/20:1(11Z))";[M+Na];C43H80NO8P;-3.63915e-3;-4.591690;792.551375;1 out of 4
792.547736;792.547736;"PE(18:3(6Z,9Z,12Z)/20:0)";[M+Na];C43H80NO8P;-3.63915e-3;-4.591690;792.551375;1 out of 4
792.547736;792.547736;"PE(18:3(9Z,12Z,15Z)/20:0)";[M+Na];C43H80NO8P;-3.63915e-3;-4.591690;792.551375;1 out of 4
792.547736;792.547736;"PE(20:0/18:3(6Z,9Z,12Z))";[M+Na];C43H80NO8P;-3.63915e-3;-4.591690;792.551375;1 out of 4
792.547736;792.547736;"PE(20:0/18:3(9Z,12Z,15Z))";[M+Na];C43H80NO8P;-3.63915e-3;-4.591690;792.551375;1 out of 4
792.547736;792.547736;"PE(20:1(11Z)/18:2(9Z,12Z))";[M+Na];C43H80NO8P;-3.63915e-3;-4.591690;792.551375;1 out of 4
792.547736;792.547736;"PE(20:2(11Z,14Z)/18:1(9Z))";[M+Na];C43H80NO8P;-3.63915e-3;-4.591690;792.551375;1 out of 4
792.547736;792.547736;"PE(20:3(8Z,11Z,14Z)/18:0)";[M+Na];C43H80NO8P;-3.63915e-3;-4.591690;792.551375;1 out of 4
792.547736;792.547736;"PE(22:2(13Z,16Z)/16:1(9Z))";[M+Na];C43H80NO8P;-3.63915e-3;-4.591690;792.551375;1 out of 4
792.547736;792.547736;"PE(18:0/20:3(8Z,11Z,14Z))";[M+Na];C43H80NO8P;-3.63915e-3;-4.591690;792.551375;1 out of 4
792.585640;792.585640;"PC(O-16:0/20:3(8Z,11Z,14Z))";[M+Na];C44H84NO7P;-2.12066e-3;-2.675613;792.587761;3 out of 4
792.585640;792.585640;"PC(O-18:0/18:3(6Z,9Z,12Z))";[M+Na];C44H84NO7P;-2.12066e-3;-2.675613;792.587761;3 out of 4
792.585640;792.585640;"PC(O-18:0/18:3(9Z,12Z,15Z))";[M+Na];C44H84NO7P;-2.12066e-3;-2.675613;792.587761;3 out of 4
792.585640;792.585640;"PC(O-18:1(11Z)/18:2(9Z,12Z))";[M+Na];C44H84NO7P;-2.12066e-3;-2.675613;792.587761;3 out of 4
792.585640;792.585640;"PC(O-18:1(9Z)/18:2(9Z,12Z))";[M+Na];C44H84NO7P;-2.12066e-3;-2.675613;792.587761;3 out of 4
792.585640;792.585640;"PC(P-16:0/20:2(11Z,14Z))";[M+Na];C44H84NO7P;-2.12066e-3;-2.675613;792.587761;3 out of 4
792.585640;792.585640;"PC(P-18:0/18:2(9Z,12Z))";[M+Na];C44H84NO7P;-2.12066e-3;-2.675613;792.587761;3 out of 4
792.585640;792.585640;"PC(P-18:1(11Z)/18:1(11Z))";[M+Na];C44H84NO7P;-2.12066e-3;-2.675613;792.587761;3 out of 4
793.551507;793.551507;"DG(17:2(9Z,12Z)/20:5(5Z,8Z,11Z,14Z,17Z)/0:0)[iso2]";[M+NORHARMANE+H];C40H64O5;-7.93148e-4;-0.999491;793.552300;2 out of 4
793.551507;793.551507;"DG(15:1(9Z)/22:6(4Z,7Z,10Z,13Z,16Z,19Z)/0:0)[iso2]";[M+NORHARMANE+H];C40H64O5;-7.93148e-4;-0.999491;793.552300;2 out of 4
794.505447;794.505447;1-(2-methoxy-tetracosanyl)-sn-glycero-3-phosphoserine;[M+NORHARMANE+H];C31H64NO9P;-3.34726e-3;-4.212990;794.508794;2 out of 4
794.563537;794.563537;"PC(13:0/22:2(13Z,16Z))";[M+Na];C43H82NO8P;-3.48821e-3;-4.390082;794.567025;2 out of 4
794.563537;794.563537;"PC(15:0/20:2(11Z,14Z))";[M+Na];C43H82NO8P;-3.48821e-3;-4.390082;794.567025;2 out of 4
794.563537;794.563537;"PC(15:1(9Z)/20:1(11Z))";[M+Na];C43H82NO8P;-3.48821e-3;-4.390082;794.567025;2 out of 4
794.563537;794.563537;"PC(16:1(9Z)/19:1(9Z))";[M+Na];C43H82NO8P;-3.48821e-3;-4.390082;794.567025;2 out of 4
794.563537;794.563537;"PC(17:0/18:2(9Z,12Z))";[M+Na];C43H82NO8P;-3.48821e-3;-4.390082;794.567025;2 out of 4
794.563537;794.563537;"PC(17:1(9Z)/18:1(9Z))";[M+Na];C43H82NO8P;-3.48821e-3;-4.390082;794.567025;2 out of 4
794.563537;794.563537;"PC(17:2(9Z,12Z)/18:0)";[M+Na];C43H82NO8P;-3.48821e-3;-4.390082;794.567025;2 out of 4
794.563537;794.563537;"PC(18:0/17:2(9Z,12Z))";[M+Na];C43H82NO8P;-3.48821e-3;-4.390082;794.567025;2 out of 4
794.563537;794.563537;"PC(18:1(9Z)/17:1(9Z))";[M+Na];C43H82NO8P;-3.48821e-3;-4.390082;794.567025;2 out of 4
794.563537;794.563537;"PC(18:2(9Z,12Z)/17:0)";[M+Na];C43H82NO8P;-3.48821e-3;-4.390082;794.567025;2 out of 4
794.563537;794.563537;"PC(19:1(9Z)/16:1(9Z))";[M+Na];C43H82NO8P;-3.48821e-3;-4.390082;794.567025;2 out of 4
794.563537;794.563537;"PC(20:1(11Z)/15:1(9Z))";[M+Na];C43H82NO8P;-3.48821e-3;-4.390082;794.567025;2 out of 4
794.563537;794.563537;"PC(20:2(11Z,14Z)/15:0)";[M+Na];C43H82NO8P;-3.48821e-3;-4.390082;794.567025;2 out of 4
794.563537;794.563537;"PC(22:2(13Z,16Z)/13:0)";[M+Na];C43H82NO8P;-3.48821e-3;-4.390082;794.567025;2 out of 4
794.563537;794.563537;"PE(20:2(5Z,8Z)/18:0)";[M+Na];C43H82NO8P;-3.48821e-3;-4.390082;794.567025;2 out of 4
794.563537;794.563537;"PE(18:0/20:2(11Z,14Z))";[M+Na];C43H82NO8P;-3.48821e-3;-4.390082;794.567025;2 out of 4
794.563537;794.563537;"PE(20:0/18:2(9Z,12Z))";[M+Na];C43H82NO8P;-3.48821e-3;-4.390082;794.567025;2 out of 4
794.563537;794.563537;"PE(18:1(9Z)/20:1(11Z))";[M+Na];C43H82NO8P;-3.48821e-3;-4.390082;794.567025;2 out of 4
794.563537;794.563537;"PE-NMe2(18:1(9Z)/18:1(9Z))";[M+Na];C43H82NO8P;-3.48821e-3;-4.390082;794.567025;2 out of 4
794.563537;794.563537;"PE-NMe2(18:1(9E)/18:1(9E))";[M+Na];C43H82NO8P;-3.48821e-3;-4.390082;794.567025;2 out of 4
794.563537;794.563537;"PE(16:0/22:2(13Z,16Z))";[M+Na];C43H82NO8P;-3.48821e-3;-4.390082;794.567025;2 out of 4
794.563537;794.563537;"PE(16:1(9Z)/22:1(11Z))";[M+Na];C43H82NO8P;-3.48821e-3;-4.390082;794.567025;2 out of 4
794.563537;794.563537;"PE(17:2(9Z,12Z)/21:0)";[M+Na];C43H82NO8P;-3.48821e-3;-4.390082;794.567025;2 out of 4
794.563537;794.563537;"PE(18:2(9Z,12Z)/20:0)";[M+Na];C43H82NO8P;-3.48821e-3;-4.390082;794.567025;2 out of 4
794.563537;794.563537;"PE(19:1(9Z)/19:1(9Z))";[M+Na];C43H82NO8P;-3.48821e-3;-4.390082;794.567025;2 out of 4
794.563537;794.563537;"PE(20:1(11Z)/18:1(9Z))";[M+Na];C43H82NO8P;-3.48821e-3;-4.390082;794.567025;2 out of 4
794.563537;794.563537;"PE(20:2(11Z,14Z)/18:0)";[M+Na];C43H82NO8P;-3.48821e-3;-4.390082;794.567025;2 out of 4
794.563537;794.563537;"PE(21:0/17:2(9Z,12Z))";[M+Na];C43H82NO8P;-3.48821e-3;-4.390082;794.567025;2 out of 4
794.563537;794.563537;"PE(22:1(11Z)/16:1(9Z))";[M+Na];C43H82NO8P;-3.48821e-3;-4.390082;794.567025;2 out of 4
794.563537;794.563537;"PE(22:2(13Z,16Z)/16:0)";[M+Na];C43H82NO8P;-3.48821e-3;-4.390082;794.567025;2 out of 4
794.601634;794.601634;"PC(O-16:0/20:2(11Z,14Z))";[M+Na];C44H86NO7P;-1.77672e-3;-2.235986;794.603411;2 out of 4
794.601634;794.601634;"PC(O-18:0/18:2(9Z,12Z))";[M+Na];C44H86NO7P;-1.77672e-3;-2.235986;794.603411;2 out of 4
794.601634;794.601634;"PC(O-18:1(9Z)/18:1(11Z))";[M+Na];C44H86NO7P;-1.77672e-3;-2.235986;794.603411;2 out of 4
794.601634;794.601634;"PC(P-18:0/18:1(9Z))";[M+Na];C44H86NO7P;-1.77672e-3;-2.235986;794.603411;2 out of 4
794.601634;794.601634;"PC(P-16:0/20:1(11Z))";[M+Na];C44H86NO7P;-1.77672e-3;-2.235986;794.603411;2 out of 4
794.601634;794.601634;"PC(P-20:0/16:1(9Z))";[M+Na];C44H86NO7P;-1.77672e-3;-2.235986;794.603411;2 out of 4
794.601634;794.601634;"PC(P-18:0/18:1(11Z))";[M+Na];C44H86NO7P;-1.77672e-3;-2.235986;794.603411;2 out of 4
794.601634;794.601634;"PC(P-18:1(11Z)/18:0)";[M+Na];C44H86NO7P;-1.77672e-3;-2.235986;794.603411;2 out of 4
794.601634;794.601634;"PC(P-18:1(9Z)/18:0)";[M+Na];C44H86NO7P;-1.77672e-3;-2.235986;794.603411;2 out of 4
794.601634;794.601634;"PE(P-20:0/19:1(9Z))";[M+Na];C44H86NO7P;-1.77672e-3;-2.235986;794.603411;2 out of 4
794.601634;794.601634;N-(3-(15-methyl-hexadecanoyloxy)-13-methyl-tetradecanoyl)-L-serine;[M+NORHARMANE+H];C37H71NO6;-3.42999e-3;-4.316600;794.605064;1 out of 4
795.566695;795.566695;2-methoxy-12-methyloctadec-17-en-5-ynoyl anhydride;[M+NORHARMANE+H];C40H66O5;-1.25521e-3;-1.577756;795.567950;2 out of 4
795.566695;795.566695;"DG(17:2(9Z,12Z)/20:4(5Z,8Z,11Z,14Z)/0:0)[iso2]";[M+NORHARMANE+H];C40H66O5;-1.25521e-3;-1.577756;795.567950;2 out of 4
795.566695;795.566695;"DG(17:1(9Z)/20:5(5Z,8Z,11Z,14Z,17Z)/0:0)[iso2]";[M+NORHARMANE+H];C40H66O5;-1.25521e-3;-1.577756;795.567950;2 out of 4
795.566695;795.566695;"DG(15:0/22:6(4Z,7Z,10Z,13Z,16Z,19Z)/0:0)[iso2]";[M+NORHARMANE+H];C40H66O5;-1.25521e-3;-1.577756;795.567950;2 out of 4
795.566695;795.566695;"DG(15:1(9Z)/22:5(7Z,10Z,13Z,16Z,19Z)/0:0)[iso2]";[M+NORHARMANE+H];C40H66O5;-1.25521e-3;-1.577756;795.567950;2 out of 4
796.433620;796.433620;"PE(18:4(6Z,9Z,12Z,15Z)/20:5(5Z,8Z,11Z,14Z,17Z))";[M+K];C43H68NO8P;2.20823e-3;2.772661;796.431412;1 out of 4
796.433620;796.433620;"PE(20:5(5Z,8Z,11Z,14Z,17Z)/18:4(6Z,9Z,12Z,15Z))";[M+K];C43H68NO8P;2.20823e-3;2.772661;796.431412;1 out of 4
796.521661;796.521661;"(3'-sulfo)Galbeta-Cer(d18:1/16:0(2OH))";[M+H];C40H77NO12S;-2.26290e-3;-2.840974;796.523924;2 out of 4
796.521661;796.521661;"PE(P-18:1(9Z)/22:6(4Z,7Z,10Z,13Z,16Z,19Z))";[M+Na];C45H76NO7P;-3.49940e-3;-4.393335;796.525160;1 out of 4
796.521661;796.521661;Unknown Name;[M+Na];C45H76NO7P;-3.49940e-3;-4.393335;796.525160;221 out of 4
796.521661;796.521661;"PC(16:0/18:2(10E,12Z))";[M+K];C42H80NO8P;-3.65115e-3;-4.583847;796.525312;2 out of 4
796.521661;796.521661;"PC(16:0/18:2(11Z,13Z))";[M+K];C42H80NO8P;-3.65115e-3;-4.583847;796.525312;2 out of 4
796.521661;796.521661;"PC(16:0/18:2(2E,4E))";[M+K];C42H80NO8P;-3.65115e-3;-4.583847;796.525312;2 out of 4
796.521661;796.521661;"PC(16:0/18:2(2Z,4Z))";[M+K];C42H80NO8P;-3.65115e-3;-4.583847;796.525312;2 out of 4
796.521661;796.521661;"PC(16:0/18:2(6Z,9Z))";[M+K];C42H80NO8P;-3.65115e-3;-4.583847;796.525312;2 out of 4
796.521661;796.521661;"PC(16:0/18:2(9E,11E))";[M+K];C42H80NO8P;-3.65115e-3;-4.583847;796.525312;2 out of 4
796.521661;796.521661;"PC(16:0/18:2(9E,11Z))";[M+K];C42H80NO8P;-3.65115e-3;-4.583847;796.525312;2 out of 4
796.521661;796.521661;"PC(16:0/18:2(9E,12E))";[M+K];C42H80NO8P;-3.65115e-3;-4.583847;796.525312;2 out of 4
796.521661;796.521661;"PC(16:0/18:2(9Z,12Z))";[M+K];C42H80NO8P;-3.65115e-3;-4.583847;796.525312;2 out of 4
796.521661;796.521661;"PC(16:1(2Z)/18:1(9Z))";[M+K];C42H80NO8P;-3.65115e-3;-4.583847;796.525312;2 out of 4
796.521661;796.521661;"PC(16:1(9Z)/18:1(11Z))";[M+K];C42H80NO8P;-3.65115e-3;-4.583847;796.525312;2 out of 4
796.521661;796.521661;"PC(16:1(9Z)/18:1(9Z))";[M+K];C42H80NO8P;-3.65115e-3;-4.583847;796.525312;2 out of 4
796.521661;796.521661;"PC(17:1(10Z)/17:1(10Z))";[M+K];C42H80NO8P;-3.65115e-3;-4.583847;796.525312;2 out of 4
796.521661;796.521661;"PC(17:1(9Z)/17:1(9Z))";[M+K];C42H80NO8P;-3.65115e-3;-4.583847;796.525312;2 out of 4
796.521661;796.521661;"PC(18:0/16:2(2E,4E))";[M+K];C42H80NO8P;-3.65115e-3;-4.583847;796.525312;2 out of 4
796.521661;796.521661;"PC(18:1(9Z)/16:1(9Z))";[M+K];C42H80NO8P;-3.65115e-3;-4.583847;796.525312;2 out of 4
796.521661;796.521661;"PC(18:2(2E,4E)/16:0)";[M+K];C42H80NO8P;-3.65115e-3;-4.583847;796.525312;2 out of 4
796.521661;796.521661;"PC(18:2(6Z,9Z)/16:0)";[M+K];C42H80NO8P;-3.65115e-3;-4.583847;796.525312;2 out of 4
796.521661;796.521661;"PC(18:2(9Z,12Z)/16:0)";[M+K];C42H80NO8P;-3.65115e-3;-4.583847;796.525312;2 out of 4
796.521661;796.521661;"PC(12:0/22:2(13Z,16Z))";[M+K];C42H80NO8P;-3.65115e-3;-4.583847;796.525312;2 out of 4
796.521661;796.521661;"PC(14:0/20:2(11Z,14Z))";[M+K];C42H80NO8P;-3.65115e-3;-4.583847;796.525312;2 out of 4
796.521661;796.521661;"PC(14:1(9Z)/20:1(11Z))";[M+K];C42H80NO8P;-3.65115e-3;-4.583847;796.525312;2 out of 4
796.521661;796.521661;"PC(15:1(9Z)/19:1(9Z))";[M+K];C42H80NO8P;-3.65115e-3;-4.583847;796.525312;2 out of 4
796.521661;796.521661;"PC(17:0/17:2(9Z,12Z))";[M+K];C42H80NO8P;-3.65115e-3;-4.583847;796.525312;2 out of 4
796.521661;796.521661;"PC(17:2(9Z,12Z)/17:0)";[M+K];C42H80NO8P;-3.65115e-3;-4.583847;796.525312;2 out of 4
796.521661;796.521661;"PC(19:1(9Z)/15:1(9Z))";[M+K];C42H80NO8P;-3.65115e-3;-4.583847;796.525312;2 out of 4
796.521661;796.521661;"PC(20:1(11Z)/14:1(9Z))";[M+K];C42H80NO8P;-3.65115e-3;-4.583847;796.525312;2 out of 4
796.521661;796.521661;"PC(20:2(11Z,14Z)/14:0)";[M+K];C42H80NO8P;-3.65115e-3;-4.583847;796.525312;2 out of 4
796.521661;796.521661;"PC(22:2(13Z,16Z)/12:0)";[M+K];C42H80NO8P;-3.65115e-3;-4.583847;796.525312;2 out of 4
796.521661;796.521661;"PC(18:1(11Z)/16:1(9Z))";[M+K];C42H80NO8P;-3.65115e-3;-4.583847;796.525312;2 out of 4
796.521661;796.521661;"PE-NMe(18:1(9E)/18:1(9E))";[M+K];C42H80NO8P;-3.65115e-3;-4.583847;796.525312;2 out of 4
796.521661;796.521661;"PE-NMe(18:1(9Z)/18:1(9Z))";[M+K];C42H80NO8P;-3.65115e-3;-4.583847;796.525312;2 out of 4
796.521661;796.521661;"PE(15:0/22:2(13Z,16Z))";[M+K];C42H80NO8P;-3.65115e-3;-4.583847;796.525312;2 out of 4
796.521661;796.521661;"PE(15:1(9Z)/22:1(11Z))";[M+K];C42H80NO8P;-3.65115e-3;-4.583847;796.525312;2 out of 4
796.521661;796.521661;"PE(17:0/20:2(11Z,14Z))";[M+K];C42H80NO8P;-3.65115e-3;-4.583847;796.525312;2 out of 4
796.521661;796.521661;"PE(17:1(9Z)/20:1(11Z))";[M+K];C42H80NO8P;-3.65115e-3;-4.583847;796.525312;2 out of 4
796.521661;796.521661;"PE(17:2(9Z,12Z)/20:0)";[M+K];C42H80NO8P;-3.65115e-3;-4.583847;796.525312;2 out of 4
796.521661;796.521661;"PE(18:1(9Z)/19:1(9Z))";[M+K];C42H80NO8P;-3.65115e-3;-4.583847;796.525312;2 out of 4
796.521661;796.521661;"PE(18:2(9Z,12Z)/19:0)";[M+K];C42H80NO8P;-3.65115e-3;-4.583847;796.525312;2 out of 4
796.521661;796.521661;"PE(19:0/18:2(9Z,12Z))";[M+K];C42H80NO8P;-3.65115e-3;-4.583847;796.525312;2 out of 4
796.521661;796.521661;"PE(19:1(9Z)/18:1(9Z))";[M+K];C42H80NO8P;-3.65115e-3;-4.583847;796.525312;2 out of 4
796.521661;796.521661;"PE(20:0/17:2(9Z,12Z))";[M+K];C42H80NO8P;-3.65115e-3;-4.583847;796.525312;2 out of 4
796.521661;796.521661;"PE(20:1(11Z)/17:1(9Z))";[M+K];C42H80NO8P;-3.65115e-3;-4.583847;796.525312;2 out of 4
796.521661;796.521661;"PE(20:2(11Z,14Z)/17:0)";[M+K];C42H80NO8P;-3.65115e-3;-4.583847;796.525312;2 out of 4
796.521661;796.521661;"PE(22:1(11Z)/15:1(9Z))";[M+K];C42H80NO8P;-3.65115e-3;-4.583847;796.525312;2 out of 4
796.521661;796.521661;"PE(22:2(13Z,16Z)/15:0)";[M+K];C42H80NO8P;-3.65115e-3;-4.583847;796.525312;2 out of 4
796.580046;796.580046;"PC(17:0/18:1(9Z))";[M+Na];C43H84NO8P;-2.62928e-3;-3.300697;796.582675;2 out of 4
796.580046;796.580046;"PC(13:0/22:1(11Z))";[M+Na];C43H84NO8P;-2.62928e-3;-3.300697;796.582675;2 out of 4
796.580046;796.580046;"PC(14:1(9Z)/21:0)";[M+Na];C43H84NO8P;-2.62928e-3;-3.300697;796.582675;2 out of 4
796.580046;796.580046;"PC(15:0/20:1(11Z))";[M+Na];C43H84NO8P;-2.62928e-3;-3.300697;796.582675;2 out of 4
796.580046;796.580046;"PC(15:1(9Z)/20:0)";[M+Na];C43H84NO8P;-2.62928e-3;-3.300697;796.582675;2 out of 4
796.580046;796.580046;"PC(16:0/19:1(9Z))";[M+Na];C43H84NO8P;-2.62928e-3;-3.300697;796.582675;2 out of 4
796.580046;796.580046;"PC(16:1(9Z)/19:0)";[M+Na];C43H84NO8P;-2.62928e-3;-3.300697;796.582675;2 out of 4
796.580046;796.580046;"PC(17:1(9Z)/18:0)";[M+Na];C43H84NO8P;-2.62928e-3;-3.300697;796.582675;2 out of 4
796.580046;796.580046;"PC(18:0/17:1(9Z))";[M+Na];C43H84NO8P;-2.62928e-3;-3.300697;796.582675;2 out of 4
796.580046;796.580046;"PC(18:1(9Z)/17:0)";[M+Na];C43H84NO8P;-2.62928e-3;-3.300697;796.582675;2 out of 4
796.580046;796.580046;"PC(19:0/16:1(9Z))";[M+Na];C43H84NO8P;-2.62928e-3;-3.300697;796.582675;2 out of 4
796.580046;796.580046;"PC(19:1(9Z)/16:0)";[M+Na];C43H84NO8P;-2.62928e-3;-3.300697;796.582675;2 out of 4
796.580046;796.580046;"PC(20:0/15:1(9Z))";[M+Na];C43H84NO8P;-2.62928e-3;-3.300697;796.582675;2 out of 4
796.580046;796.580046;"PC(20:1(11Z)/15:0)";[M+Na];C43H84NO8P;-2.62928e-3;-3.300697;796.582675;2 out of 4
796.580046;796.580046;"PC(21:0/14:1(9Z))";[M+Na];C43H84NO8P;-2.62928e-3;-3.300697;796.582675;2 out of 4
796.580046;796.580046;"PC(22:1(11Z)/13:0)";[M+Na];C43H84NO8P;-2.62928e-3;-3.300697;796.582675;2 out of 4
796.580046;796.580046;"PE(20:0/18:1(9Z))";[M+Na];C43H84NO8P;-2.62928e-3;-3.300697;796.582675;2 out of 4
796.580046;796.580046;"PE(16:0/22:1(13Z))";[M+Na];C43H84NO8P;-2.62928e-3;-3.300697;796.582675;2 out of 4
796.580046;796.580046;"PE(20:0/18:1(13Z))";[M+Na];C43H84NO8P;-2.62928e-3;-3.300697;796.582675;2 out of 4
796.580046;796.580046;"PE(20:0/18:1(11Z))";[M+Na];C43H84NO8P;-2.62928e-3;-3.300697;796.582675;2 out of 4
796.580046;796.580046;"PE(20:0/18:1(7Z))";[M+Na];C43H84NO8P;-2.62928e-3;-3.300697;796.582675;2 out of 4
796.580046;796.580046;"PE(18:0/20:1(11Z))";[M+Na];C43H84NO8P;-2.62928e-3;-3.300697;796.582675;2 out of 4
796.580046;796.580046;"PE(18:1(9Z)/20:0)";[M+Na];C43H84NO8P;-2.62928e-3;-3.300697;796.582675;2 out of 4
796.580046;796.580046;"PE(16:0/22:1(11Z))";[M+Na];C43H84NO8P;-2.62928e-3;-3.300697;796.582675;2 out of 4
796.580046;796.580046;"PE(16:1(9Z)/22:0)";[M+Na];C43H84NO8P;-2.62928e-3;-3.300697;796.582675;2 out of 4
796.580046;796.580046;"PE(17:1(9Z)/21:0)";[M+Na];C43H84NO8P;-2.62928e-3;-3.300697;796.582675;2 out of 4
796.580046;796.580046;"PE(19:0/19:1(9Z))";[M+Na];C43H84NO8P;-2.62928e-3;-3.300697;796.582675;2 out of 4
796.580046;796.580046;"PE(19:1(9Z)/19:0)";[M+Na];C43H84NO8P;-2.62928e-3;-3.300697;796.582675;2 out of 4
796.580046;796.580046;"PE(20:1(11Z)/18:0)";[M+Na];C43H84NO8P;-2.62928e-3;-3.300697;796.582675;2 out of 4
796.580046;796.580046;"PE(21:0/17:1(9Z))";[M+Na];C43H84NO8P;-2.62928e-3;-3.300697;796.582675;2 out of 4
796.580046;796.580046;"PE(22:0/16:1(9Z))";[M+Na];C43H84NO8P;-2.62928e-3;-3.300697;796.582675;2 out of 4
796.580046;796.580046;"PE(22:1(11Z)/16:0)";[M+Na];C43H84NO8P;-2.62928e-3;-3.300697;796.582675;2 out of 4
796.617379;796.617379;"PC(O-16:0/20:1(9Z))";[M+Na];C44H88NO7P;-1.68179e-3;-2.111155;796.619061;1 out of 4
796.617379;796.617379;"PC(O-16:0/20:1(11Z))";[M+Na];C44H88NO7P;-1.68179e-3;-2.111155;796.619061;1 out of 4
796.617379;796.617379;"PC(O-18:0/18:1(9Z))";[M+Na];C44H88NO7P;-1.68179e-3;-2.111155;796.619061;1 out of 4
796.617379;796.617379;"PC(O-20:0/16:1(9Z))";[M+Na];C44H88NO7P;-1.68179e-3;-2.111155;796.619061;1 out of 4
796.617379;796.617379;"PC(O-16:1(9Z)/20:0)";[M+Na];C44H88NO7P;-1.68179e-3;-2.111155;796.619061;1 out of 4
796.617379;796.617379;"PC(P-16:0/20:0)";[M+Na];C44H88NO7P;-1.68179e-3;-2.111155;796.619061;1 out of 4
796.617379;796.617379;"PC(P-18:0/18:0)";[M+Na];C44H88NO7P;-1.68179e-3;-2.111155;796.619061;1 out of 4
796.617379;796.617379;"PC(P-20:0/16:0)";[M+Na];C44H88NO7P;-1.68179e-3;-2.111155;796.619061;1 out of 4
796.617379;796.617379;"PE(O-20:0/19:1(9Z))";[M+Na];C44H88NO7P;-1.68179e-3;-2.111155;796.619061;1 out of 4
796.617379;796.617379;"PE(P-18:0/21:0)";[M+Na];C44H88NO7P;-1.68179e-3;-2.111155;796.619061;1 out of 4
796.617379;796.617379;"PE(P-20:0/19:0)";[M+Na];C44H88NO7P;-1.68179e-3;-2.111155;796.619061;1 out of 4
797.581588;797.581588;"PA(P-20:0/21:0)";[M+K];C44H87O7P;-5.10754e-4;-0.640378;797.582099;1 out of 4
797.581588;797.581588;"DG(17:2(9Z,12Z)/20:3(8Z,11Z,14Z)/0:0)[iso2]";[M+NORHARMANE+H];C40H68O5;-2.01228e-3;-2.522966;797.583600;1 out of 4
797.581588;797.581588;"DG(17:1(9Z)/20:4(5Z,8Z,11Z,14Z)/0:0)[iso2]";[M+NORHARMANE+H];C40H68O5;-2.01228e-3;-2.522966;797.583600;1 out of 4
797.581588;797.581588;"DG(17:0/20:5(5Z,8Z,11Z,14Z,17Z)/0:0)[iso2]";[M+NORHARMANE+H];C40H68O5;-2.01228e-3;-2.522966;797.583600;1 out of 4
797.581588;797.581588;"DG(15:0/22:5(7Z,10Z,13Z,16Z,19Z)/0:0)[iso2]";[M+NORHARMANE+H];C40H68O5;-2.01228e-3;-2.522966;797.583600;1 out of 4
797.581588;797.581588;"DG(15:1(9Z)/22:4(7Z,10Z,13Z,16Z)/0:0)[iso2]";[M+NORHARMANE+H];C40H68O5;-2.01228e-3;-2.522966;797.583600;1 out of 4
797.591184;797.591184;"SM(d18:1/20:0)";[M+K];C43H87N2O6P;-2.14813e-3;-2.693270;797.593332;2 out of 4
797.591184;797.591184;"SM(d16:1/22:0)";[M+K];C43H87N2O6P;-2.14813e-3;-2.693270;797.593332;2 out of 4
798.516391;798.516391;Unknown Name;[M+K];C45H78NO6P;-3.44185e-3;-4.310282;798.519833;292 out of 4
798.537552;798.537552;"PE(P-18:0/22:6(4Z,7Z,10Z,13Z,16Z,19Z))";[M+Na];C45H78NO7P;-3.25847e-3;-4.080525;798.540810;1 out of 4
798.537552;798.537552;"PC(16:0/18:1(9Z))";[M+K];C42H82NO8P;-3.41021e-3;-4.270556;798.540962;3 out of 4
798.537552;798.537552;"PC(16:0/18:1(11E))";[M+K];C42H82NO8P;-3.41021e-3;-4.270556;798.540962;3 out of 4
798.537552;798.537552;"PC(16:0/18:1(11Z))";[M+K];C42H82NO8P;-3.41021e-3;-4.270556;798.540962;3 out of 4
798.537552;798.537552;"PC(16:0/18:1(6E))";[M+K];C42H82NO8P;-3.41021e-3;-4.270556;798.540962;3 out of 4
798.537552;798.537552;"PC(16:0/18:1(6Z))";[M+K];C42H82NO8P;-3.41021e-3;-4.270556;798.540962;3 out of 4
798.537552;798.537552;"PC(16:0/18:1(9E))";[M+K];C42H82NO8P;-3.41021e-3;-4.270556;798.540962;3 out of 4
798.537552;798.537552;"PC(18:0/16:1(9Z))";[M+K];C42H82NO8P;-3.41021e-3;-4.270556;798.540962;3 out of 4
798.537552;798.537552;"PC(18:1(9Z)/16:0)";[M+K];C42H82NO8P;-3.41021e-3;-4.270556;798.540962;3 out of 4
798.537552;798.537552;"PC(12:0/22:1(11Z))";[M+K];C42H82NO8P;-3.41021e-3;-4.270556;798.540962;3 out of 4
798.537552;798.537552;"PC(14:0/20:1(11Z))";[M+K];C42H82NO8P;-3.41021e-3;-4.270556;798.540962;3 out of 4
798.537552;798.537552;"PC(14:1(9Z)/20:0)";[M+K];C42H82NO8P;-3.41021e-3;-4.270556;798.540962;3 out of 4
798.537552;798.537552;"PC(15:0/19:1(9Z))";[M+K];C42H82NO8P;-3.41021e-3;-4.270556;798.540962;3 out of 4
798.537552;798.537552;"PC(15:1(9Z)/19:0)";[M+K];C42H82NO8P;-3.41021e-3;-4.270556;798.540962;3 out of 4
798.537552;798.537552;"PC(16:1(9Z)/18:0)";[M+K];C42H82NO8P;-3.41021e-3;-4.270556;798.540962;3 out of 4
798.537552;798.537552;"PC(17:0/17:1(9Z))";[M+K];C42H82NO8P;-3.41021e-3;-4.270556;798.540962;3 out of 4
798.537552;798.537552;"PC(17:1(9Z)/17:0)";[M+K];C42H82NO8P;-3.41021e-3;-4.270556;798.540962;3 out of 4
798.537552;798.537552;"PC(19:0/15:1(9Z))";[M+K];C42H82NO8P;-3.41021e-3;-4.270556;798.540962;3 out of 4
798.537552;798.537552;"PC(19:1(9Z)/15:0)";[M+K];C42H82NO8P;-3.41021e-3;-4.270556;798.540962;3 out of 4
798.537552;798.537552;"PC(20:0/14:1(9Z))";[M+K];C42H82NO8P;-3.41021e-3;-4.270556;798.540962;3 out of 4
798.537552;798.537552;"PC(20:1(11Z)/14:0)";[M+K];C42H82NO8P;-3.41021e-3;-4.270556;798.540962;3 out of 4
798.537552;798.537552;"PC(22:1(11Z)/12:0)";[M+K];C42H82NO8P;-3.41021e-3;-4.270556;798.540962;3 out of 4
798.537552;798.537552;"PC(18:1(11Z)/16:0)";[M+K];C42H82NO8P;-3.41021e-3;-4.270556;798.540962;3 out of 4
798.537552;798.537552;"PE(15:0/22:1(11Z))";[M+K];C42H82NO8P;-3.41021e-3;-4.270556;798.540962;3 out of 4
798.537552;798.537552;"PE(15:1(9Z)/22:0)";[M+K];C42H82NO8P;-3.41021e-3;-4.270556;798.540962;3 out of 4
798.537552;798.537552;"PE(16:1(9Z)/21:0)";[M+K];C42H82NO8P;-3.41021e-3;-4.270556;798.540962;3 out of 4
798.537552;798.537552;"PE(17:0/20:1(11Z))";[M+K];C42H82NO8P;-3.41021e-3;-4.270556;798.540962;3 out of 4
798.537552;798.537552;"PE(17:1(9Z)/20:0)";[M+K];C42H82NO8P;-3.41021e-3;-4.270556;798.540962;3 out of 4
798.537552;798.537552;"PE(18:0/19:1(9Z))";[M+K];C42H82NO8P;-3.41021e-3;-4.270556;798.540962;3 out of 4
798.537552;798.537552;"PE(18:1(9Z)/19:0)";[M+K];C42H82NO8P;-3.41021e-3;-4.270556;798.540962;3 out of 4
798.537552;798.537552;"PE(19:0/18:1(9Z))";[M+K];C42H82NO8P;-3.41021e-3;-4.270556;798.540962;3 out of 4
798.537552;798.537552;"PE(19:1(9Z)/18:0)";[M+K];C42H82NO8P;-3.41021e-3;-4.270556;798.540962;3 out of 4
798.537552;798.537552;"PE(20:0/17:1(9Z))";[M+K];C42H82NO8P;-3.41021e-3;-4.270556;798.540962;3 out of 4
798.537552;798.537552;"PE(20:1(11Z)/17:0)";[M+K];C42H82NO8P;-3.41021e-3;-4.270556;798.540962;3 out of 4
798.537552;798.537552;"PE(21:0/16:1(9Z))";[M+K];C42H82NO8P;-3.41021e-3;-4.270556;798.540962;3 out of 4
798.537552;798.537552;"PE(22:0/15:1(9Z))";[M+K];C42H82NO8P;-3.41021e-3;-4.270556;798.540962;3 out of 4
798.537552;798.537552;"PE(22:1(11Z)/15:0)";[M+K];C42H82NO8P;-3.41021e-3;-4.270556;798.540962;3 out of 4
798.547172;798.547172;"PI-Cer(t18:0/16:0)";[M+H];C40H80NO12P;-1.91763e-3;-2.401393;798.549090;1 out of 4
798.547172;798.547172;"PI-Cer(d18:0/16:0(2OH))";[M+H];C40H80NO12P;-1.91763e-3;-2.401393;798.549090;1 out of 4
798.547172;798.547172;"PI-Cer(t20:0/14:0)";[M+H];C40H80NO12P;-1.91763e-3;-2.401393;798.549090;1 out of 4
798.547172;798.547172;"GlcCer(t18:1(8Z)/18:0(2OH[S]))";[M+K];C42H81NO10;-2.03279e-3;-2.545606;798.549205;2 out of 4
798.595272;798.595272;"PC(10:0/25:0)";[M+Na];C43H86NO8P;-3.05334e-3;-3.823376;798.598325;2 out of 4
798.595272;798.595272;"PC(11:0/24:0)";[M+Na];C43H86NO8P;-3.05334e-3;-3.823376;798.598325;2 out of 4
798.595272;798.595272;"PC(12:0/23:0)";[M+Na];C43H86NO8P;-3.05334e-3;-3.823376;798.598325;2 out of 4
798.595272;798.595272;"PC(17:0/18:0)";[M+Na];C43H86NO8P;-3.05334e-3;-3.823376;798.598325;2 out of 4
798.595272;798.595272;"PC(21:0/14:0)";[M+Na];C43H86NO8P;-3.05334e-3;-3.823376;798.598325;2 out of 4
798.595272;798.595272;"PC(22:0/13:0)";[M+Na];C43H86NO8P;-3.05334e-3;-3.823376;798.598325;2 out of 4
798.595272;798.595272;"PC(13:0/22:0)";[M+Na];C43H86NO8P;-3.05334e-3;-3.823376;798.598325;2 out of 4
798.595272;798.595272;"PC(14:0/21:0)";[M+Na];C43H86NO8P;-3.05334e-3;-3.823376;798.598325;2 out of 4
798.595272;798.595272;"PC(15:0/20:0)";[M+Na];C43H86NO8P;-3.05334e-3;-3.823376;798.598325;2 out of 4
798.595272;798.595272;"PC(16:0/19:0)";[M+Na];C43H86NO8P;-3.05334e-3;-3.823376;798.598325;2 out of 4
798.595272;798.595272;"PC(18:0/17:0)";[M+Na];C43H86NO8P;-3.05334e-3;-3.823376;798.598325;2 out of 4
798.595272;798.595272;"PC(19:0/16:0)";[M+Na];C43H86NO8P;-3.05334e-3;-3.823376;798.598325;2 out of 4
798.595272;798.595272;"PC(20:0/15:0)";[M+Na];C43H86NO8P;-3.05334e-3;-3.823376;798.598325;2 out of 4
798.595272;798.595272;"PE(18:0/20:0)";[M+Na];C43H86NO8P;-3.05334e-3;-3.823376;798.598325;2 out of 4
798.595272;798.595272;"PE(20:0/18:0)";[M+Na];C43H86NO8P;-3.05334e-3;-3.823376;798.598325;2 out of 4
798.595272;798.595272;"PE(16:0/22:0)";[M+Na];C43H86NO8P;-3.05334e-3;-3.823376;798.598325;2 out of 4
798.595272;798.595272;"PE-NMe2(18:0/18:0)";[M+Na];C43H86NO8P;-3.05334e-3;-3.823376;798.598325;2 out of 4
798.595272;798.595272;"PE(17:0/21:0)";[M+Na];C43H86NO8P;-3.05334e-3;-3.823376;798.598325;2 out of 4
798.595272;798.595272;"PE(21:0/17:0)";[M+Na];C43H86NO8P;-3.05334e-3;-3.823376;798.598325;2 out of 4
798.595272;798.595272;"PE(22:0/16:0)";[M+Na];C43H86NO8P;-3.05334e-3;-3.823376;798.598325;2 out of 4
798.595272;798.595272;"PE(19:0/19:0)";[M+Na];C43H86NO8P;-3.05334e-3;-3.823376;798.598325;2 out of 4
799.540168;799.540168;"PA(P-16:0/16:1(9Z))";[M+NORHARMANE+H];C35H67O7P;8.01886e-4;1.002935;799.539366;1 out of 4
799.540168;799.540168;"PA(P-18:0/14:1(9Z))";[M+NORHARMANE+H];C35H67O7P;8.01886e-4;1.002935;799.539366;1 out of 4
800.543371;800.543371;"PS(13:0/22:0)";[M+Na];C41H80NO10P;2.16661e-3;2.706432;800.541204;1 out of 4
800.543371;800.543371;"PS(14:0/21:0)";[M+Na];C41H80NO10P;2.16661e-3;2.706432;800.541204;1 out of 4
800.543371;800.543371;"PS(15:0/20:0)";[M+Na];C41H80NO10P;2.16661e-3;2.706432;800.541204;1 out of 4
800.543371;800.543371;"PS(18:0/17:0)";[M+Na];C41H80NO10P;2.16661e-3;2.706432;800.541204;1 out of 4
800.543371;800.543371;"PS(20:0/15:0)";[M+Na];C41H80NO10P;2.16661e-3;2.706432;800.541204;1 out of 4
800.543371;800.543371;"PS(22:0/13:0)";[M+Na];C41H80NO10P;2.16661e-3;2.706432;800.541204;1 out of 4
800.543371;800.543371;"PS(21:0/14:0)";[M+Na];C41H80NO10P;2.16661e-3;2.706432;800.541204;1 out of 4
800.543371;800.543371;"PS(17:0/18:0)";[M+Na];C41H80NO10P;2.16661e-3;2.706432;800.541204;1 out of 4
800.543371;800.543371;"PS(19:0/16:0)";[M+Na];C41H80NO10P;2.16661e-3;2.706432;800.541204;1 out of 4
800.543371;800.543371;"PS(16:0/19:0)";[M+Na];C41H80NO10P;2.16661e-3;2.706432;800.541204;1 out of 4
800.543371;800.543371;"PS(15:1(9Z)/22:2(13Z,16Z))";[M+H];C43H78NO10P;-2.39326e-4;-0.298954;800.543610;1 out of 4
800.543371;800.543371;"PS(17:0/20:3(8Z,11Z,14Z))";[M+H];C43H78NO10P;-2.39326e-4;-0.298954;800.543610;1 out of 4
800.543371;800.543371;"PS(17:1(9Z)/20:2(11Z,14Z))";[M+H];C43H78NO10P;-2.39326e-4;-0.298954;800.543610;1 out of 4
800.543371;800.543371;"PS(17:2(9Z,12Z)/20:1(11Z))";[M+H];C43H78NO10P;-2.39326e-4;-0.298954;800.543610;1 out of 4
800.543371;800.543371;"PS(18:2(9Z,12Z)/19:1(9Z))";[M+H];C43H78NO10P;-2.39326e-4;-0.298954;800.543610;1 out of 4
800.543371;800.543371;"PS(18:3(6Z,9Z,12Z)/19:0)";[M+H];C43H78NO10P;-2.39326e-4;-0.298954;800.543610;1 out of 4
800.543371;800.543371;"PS(18:3(9Z,12Z,15Z)/19:0)";[M+H];C43H78NO10P;-2.39326e-4;-0.298954;800.543610;1 out of 4
800.543371;800.543371;"PS(19:0/18:3(6Z,9Z,12Z))";[M+H];C43H78NO10P;-2.39326e-4;-0.298954;800.543610;1 out of 4
800.543371;800.543371;"PS(19:0/18:3(9Z,12Z,15Z))";[M+H];C43H78NO10P;-2.39326e-4;-0.298954;800.543610;1 out of 4
800.543371;800.543371;"PS(19:1(9Z)/18:2(9Z,12Z))";[M+H];C43H78NO10P;-2.39326e-4;-0.298954;800.543610;1 out of 4
800.543371;800.543371;"PS(20:1(11Z)/17:2(9Z,12Z))";[M+H];C43H78NO10P;-2.39326e-4;-0.298954;800.543610;1 out of 4
800.543371;800.543371;"PS(20:2(11Z,14Z)/17:1(9Z))";[M+H];C43H78NO10P;-2.39326e-4;-0.298954;800.543610;1 out of 4
800.543371;800.543371;"PS(20:3(8Z,11Z,14Z)/17:0)";[M+H];C43H78NO10P;-2.39326e-4;-0.298954;800.543610;1 out of 4
800.543371;800.543371;"PS(22:2(13Z,16Z)/15:1(9Z))";[M+H];C43H78NO10P;-2.39326e-4;-0.298954;800.543610;1 out of 4
801.538434;801.538434;"PA(20:1(11Z)/22:4(7Z,10Z,13Z,16Z))";[M+Na];C45H79O8P;-2.04212e-3;-2.547742;801.540476;1 out of 4
801.538434;801.538434;"PA(20:3(8Z,11Z,14Z)/22:2(13Z,16Z))";[M+Na];C45H79O8P;-2.04212e-3;-2.547742;801.540476;1 out of 4
801.538434;801.538434;"PA(20:4(5Z,8Z,11Z,14Z)/22:1(11Z))";[M+Na];C45H79O8P;-2.04212e-3;-2.547742;801.540476;1 out of 4
801.538434;801.538434;"PA(20:5(5Z,8Z,11Z,14Z,17Z)/22:0)";[M+Na];C45H79O8P;-2.04212e-3;-2.547742;801.540476;1 out of 4
801.538434;801.538434;"PA(22:0/20:5(5Z,8Z,11Z,14Z,17Z))";[M+Na];C45H79O8P;-2.04212e-3;-2.547742;801.540476;1 out of 4
801.538434;801.538434;"PA(22:1(11Z)/20:4(5Z,8Z,11Z,14Z))";[M+Na];C45H79O8P;-2.04212e-3;-2.547742;801.540476;1 out of 4
801.538434;801.538434;"PA(22:2(13Z,16Z)/20:3(8Z,11Z,14Z))";[M+Na];C45H79O8P;-2.04212e-3;-2.547742;801.540476;1 out of 4
801.538434;801.538434;"PA(22:4(7Z,10Z,13Z,16Z)/20:1(11Z))";[M+Na];C45H79O8P;-2.04212e-3;-2.547742;801.540476;1 out of 4
801.538434;801.538434;"PG(O-16:0/20:1(11Z))";[M+K];C42H83O9P;-2.19387e-3;-2.737062;801.540628;1 out of 4
801.538434;801.538434;"PG(O-18:0/18:1(9Z))";[M+K];C42H83O9P;-2.19387e-3;-2.737062;801.540628;1 out of 4
801.538434;801.538434;"PG(O-20:0/16:1(9Z))";[M+K];C42H83O9P;-2.19387e-3;-2.737062;801.540628;1 out of 4
801.538434;801.538434;"PG(P-16:0/20:0)";[M+K];C42H83O9P;-2.19387e-3;-2.737062;801.540628;1 out of 4
801.538434;801.538434;"PG(P-18:0/18:0)";[M+K];C42H83O9P;-2.19387e-3;-2.737062;801.540628;1 out of 4
801.538434;801.538434;"PG(P-20:0/16:0)";[M+K];C42H83O9P;-2.19387e-3;-2.737062;801.540628;1 out of 4
801.555880;801.555880;"bacteriohopane-32,33-diol-34,35-dicarbamate";[M+NORHARMANE+H];C37H64N2O6;2.51723e-3;3.140442;801.553363;1 out of 4
801.555880;801.555880;"PA(O-16:0/16:1(9Z))";[M+NORHARMANE+H];C35H69O7P;8.63822e-4;1.077683;801.555016;1 out of 4
801.555880;801.555880;"PA(O-18:0/14:1(9Z))";[M+NORHARMANE+H];C35H69O7P;8.63822e-4;1.077683;801.555016;1 out of 4
801.555880;801.555880;"PA(P-16:0/16:0)";[M+NORHARMANE+H];C35H69O7P;8.63822e-4;1.077683;801.555016;1 out of 4
801.555880;801.555880;"PA(P-18:0/14:0)";[M+NORHARMANE+H];C35H69O7P;8.63822e-4;1.077683;801.555016;1 out of 4
801.555880;801.555880;"PA(P-20:0/12:0)";[M+NORHARMANE+H];C35H69O7P;8.63822e-4;1.077683;801.555016;1 out of 4
801.615975;801.615975;"DG(17:2(9Z,12Z)/20:1(11Z)/0:0)[iso2]";[M+NORHARMANE+H];C40H72O5;1.07460e-3;1.340539;801.614900;1 out of 4
801.615975;801.615975;"DG(17:1(9Z)/20:2(11Z,14Z)/0:0)[iso2]";[M+NORHARMANE+H];C40H72O5;1.07460e-3;1.340539;801.614900;1 out of 4
801.615975;801.615975;"DG(17:0/20:3(8Z,11Z,14Z)/0:0)[iso2]";[M+NORHARMANE+H];C40H72O5;1.07460e-3;1.340539;801.614900;1 out of 4
801.615975;801.615975;"DG(18:3(9Z,12Z,15Z)/19:0/0:0)[iso2]";[M+NORHARMANE+H];C40H72O5;1.07460e-3;1.340539;801.614900;1 out of 4
801.615975;801.615975;"DG(15:0/22:3(10Z,13Z,16Z)/0:0)[iso2]";[M+NORHARMANE+H];C40H72O5;1.07460e-3;1.340539;801.614900;1 out of 4
801.615975;801.615975;"DG(15:1(9Z)/22:2(13Z,16Z)/0:0)[iso2]";[M+NORHARMANE+H];C40H72O5;1.07460e-3;1.340539;801.614900;1 out of 4
801.615975;801.615975;"DG(18:3(6Z,9Z,12Z)/19:0/0:0)[iso2]";[M+NORHARMANE+H];C40H72O5;1.07460e-3;1.340539;801.614900;1 out of 4
801.615975;801.615975;"DG(19:1(9Z)/18:2(9Z,12Z)/0:0)[iso2]";[M+NORHARMANE+H];C40H72O5;1.07460e-3;1.340539;801.614900;1 out of 4
801.680927;801.680927;"SM(d16:1/25:0)";[M+H];C46H93N2O6P;-3.47433e-3;-4.333783;801.684401;3 out of 4
801.680927;801.680927;"SM(d17:1/24:0)";[M+H];C46H93N2O6P;-3.47433e-3;-4.333783;801.684401;3 out of 4
801.680927;801.680927;"SM(d18:1/23:0)";[M+H];C46H93N2O6P;-3.47433e-3;-4.333783;801.684401;3 out of 4
802.628284;802.628284;"PC(15:0/22:1(11Z))";[M+H];C45H88NO8P;-3.74741e-3;-4.668897;802.632031;3 out of 4
802.628284;802.628284;"PC(15:1(9Z)/22:0)";[M+H];C45H88NO8P;-3.74741e-3;-4.668897;802.632031;3 out of 4
802.628284;802.628284;"PC(16:1(9Z)/21:0)";[M+H];C45H88NO8P;-3.74741e-3;-4.668897;802.632031;3 out of 4
802.628284;802.628284;"PC(17:0/20:1(11Z))";[M+H];C45H88NO8P;-3.74741e-3;-4.668897;802.632031;3 out of 4
802.628284;802.628284;"PC(17:1(9Z)/20:0)";[M+H];C45H88NO8P;-3.74741e-3;-4.668897;802.632031;3 out of 4
802.628284;802.628284;"PC(18:0/19:1(9Z))";[M+H];C45H88NO8P;-3.74741e-3;-4.668897;802.632031;3 out of 4
802.628284;802.628284;"PC(18:1(9Z)/19:0)";[M+H];C45H88NO8P;-3.74741e-3;-4.668897;802.632031;3 out of 4
802.628284;802.628284;"PC(19:0/18:1(9Z))";[M+H];C45H88NO8P;-3.74741e-3;-4.668897;802.632031;3 out of 4
802.628284;802.628284;"PC(19:1(9Z)/18:0)";[M+H];C45H88NO8P;-3.74741e-3;-4.668897;802.632031;3 out of 4
802.628284;802.628284;"PC(20:0/17:1(9Z))";[M+H];C45H88NO8P;-3.74741e-3;-4.668897;802.632031;3 out of 4
802.628284;802.628284;"PC(20:1(11Z)/17:0)";[M+H];C45H88NO8P;-3.74741e-3;-4.668897;802.632031;3 out of 4
802.628284;802.628284;"PC(21:0/16:1(9Z))";[M+H];C45H88NO8P;-3.74741e-3;-4.668897;802.632031;3 out of 4
802.628284;802.628284;"PC(22:0/15:1(9Z))";[M+H];C45H88NO8P;-3.74741e-3;-4.668897;802.632031;3 out of 4
802.628284;802.628284;"PC(22:1(11Z)/15:0)";[M+H];C45H88NO8P;-3.74741e-3;-4.668897;802.632031;3 out of 4
802.628284;802.628284;"PE(18:0/22:1(13Z))";[M+H];C45H88NO8P;-3.74741e-3;-4.668897;802.632031;3 out of 4
802.628284;802.628284;"PE(20:0/20:1(11Z))";[M+H];C45H88NO8P;-3.74741e-3;-4.668897;802.632031;3 out of 4
802.628284;802.628284;"PE(22:0/18:1(13Z))";[M+H];C45H88NO8P;-3.74741e-3;-4.668897;802.632031;3 out of 4
802.628284;802.628284;"PE(22:0/18:1(11Z))";[M+H];C45H88NO8P;-3.74741e-3;-4.668897;802.632031;3 out of 4
802.628284;802.628284;"PE(22:0/18:1(9Z))";[M+H];C45H88NO8P;-3.74741e-3;-4.668897;802.632031;3 out of 4
802.628284;802.628284;"PE(22:0/18:1(7Z))";[M+H];C45H88NO8P;-3.74741e-3;-4.668897;802.632031;3 out of 4
802.628284;802.628284;"PE(20:1(13E)/20:0)";[M+H];C45H88NO8P;-3.74741e-3;-4.668897;802.632031;3 out of 4
802.628284;802.628284;"PE(18:1(11E)/22:0)";[M+H];C45H88NO8P;-3.74741e-3;-4.668897;802.632031;3 out of 4
802.628284;802.628284;"PE(20:1(13Z)/20:0)";[M+H];C45H88NO8P;-3.74741e-3;-4.668897;802.632031;3 out of 4
802.628284;802.628284;"PE(18:1(11Z)/22:0)";[M+H];C45H88NO8P;-3.74741e-3;-4.668897;802.632031;3 out of 4
802.628284;802.628284;"PE(18:1(9Z)/22:0)";[M+H];C45H88NO8P;-3.74741e-3;-4.668897;802.632031;3 out of 4
802.628284;802.628284;"PE(18:0/22:1(11Z))";[M+H];C45H88NO8P;-3.74741e-3;-4.668897;802.632031;3 out of 4
802.628284;802.628284;"PE(19:1(9Z)/21:0)";[M+H];C45H88NO8P;-3.74741e-3;-4.668897;802.632031;3 out of 4
802.628284;802.628284;"PE(20:1(11Z)/20:0)";[M+H];C45H88NO8P;-3.74741e-3;-4.668897;802.632031;3 out of 4
802.628284;802.628284;"PE(21:0/19:1(9Z))";[M+H];C45H88NO8P;-3.74741e-3;-4.668897;802.632031;3 out of 4
802.628284;802.628284;"PE(22:1(11Z)/18:0)";[M+H];C45H88NO8P;-3.74741e-3;-4.668897;802.632031;3 out of 4
802.683681;802.683681;"Cer(d18:2/23:0)";[M+NORHARMANE+H];C41H79NO3;7.60612e-4;0.947587;802.682920;1 out of 4
802.683681;802.683681;"Cer(d26:2/15:0)";[M+NORHARMANE+H];C41H79NO3;7.60612e-4;0.947587;802.682920;1 out of 4
803.535026;803.535026;"PA(12:0/19:0)";[M+NORHARMANE+H];C34H67O8P;7.45266e-4;0.927485;803.534281;2 out of 4
803.535026;803.535026;"PA(13:0/18:0)";[M+NORHARMANE+H];C34H67O8P;7.45266e-4;0.927485;803.534281;2 out of 4
803.535026;803.535026;"PA(14:0/17:0)";[M+NORHARMANE+H];C34H67O8P;7.45266e-4;0.927485;803.534281;2 out of 4
803.535026;803.535026;"PA(17:0/14:0)";[M+NORHARMANE+H];C34H67O8P;7.45266e-4;0.927485;803.534281;2 out of 4
803.535026;803.535026;"PA(18:0/13:0)";[M+NORHARMANE+H];C34H67O8P;7.45266e-4;0.927485;803.534281;2 out of 4
803.535026;803.535026;"PA(19:0/12:0)";[M+NORHARMANE+H];C34H67O8P;7.45266e-4;0.927485;803.534281;2 out of 4
803.535026;803.535026;"PA(16:0/15:0)";[M+NORHARMANE+H];C34H67O8P;7.45266e-4;0.927485;803.534281;2 out of 4
803.535026;803.535026;"PA(15:0/16:0)";[M+NORHARMANE+H];C34H67O8P;7.45266e-4;0.927485;803.534281;2 out of 4
803.535026;803.535026;"PA(P-20:0/22:4(7Z,10Z,13Z,16Z))";[M+K];C45H81O7P;-1.22562e-4;-0.152528;803.535149;1 out of 4
803.535026;803.535026;"DG(18:4(6Z,9Z,12Z,15Z)/20:5(5Z,8Z,11Z,14Z,17Z)/0:0)[iso2]";[M+NORHARMANE+H];C41H62O5;-1.62408e-3;-2.021170;803.536650;2 out of 4
803.535026;803.535026;"Loroxanthin ester/ Loroxanthin dodecenoate";[M+K];C52H76O4;-2.49191e-3;-3.101177;803.537518;1 out of 4
804.487750;804.487750;Tacrolimus;[M+H];C44H69NO12;-1.50265e-3;-1.867829;804.489253;1 out of 4
805.550399;805.550399;"PA(O-20:0/22:4(7Z,10Z,13Z,16Z))";[M+K];C45H83O7P;-3.99626e-4;-0.496090;805.550799;1 out of 4
805.550399;805.550399;"DG(18:3(9Z,12Z,15Z)/20:5(5Z,8Z,11Z,14Z,17Z)/0:0)[iso2]";[M+NORHARMANE+H];C41H64O5;-1.90115e-3;-2.360055;805.552300;2 out of 4
805.550399;805.550399;"DG(18:3(6Z,9Z,12Z)/20:5(5Z,8Z,11Z,14Z,17Z)/0:0)[iso2]";[M+NORHARMANE+H];C41H64O5;-1.90115e-3;-2.360055;805.552300;2 out of 4
805.550399;805.550399;"DG(18:4(6Z,9Z,12Z,15Z)/20:4(5Z,8Z,11Z,14Z)/0:0)[iso2]";[M+NORHARMANE+H];C41H64O5;-1.90115e-3;-2.360055;805.552300;2 out of 4
806.505948;806.505948;1-(2-methoxy-18Z-pentacosenyl)-sn-glycero-3-phosphoserine;[M+NORHARMANE+H];C32H64NO9P;-2.84626e-3;-3.529110;806.508794;2 out of 4
806.505948;806.505948;"PC(18:2(9Z,12E)/17:2(9Z,11E))";[M+K];C43H78NO8P;-3.71409e-3;-4.605135;806.509662;1 out of 4
806.505948;806.505948;"PC(13:0/22:4(7Z,10Z,13Z,16Z))";[M+K];C43H78NO8P;-3.71409e-3;-4.605135;806.509662;1 out of 4
806.505948;806.505948;"PC(15:0/20:4(5Z,8Z,11Z,14Z))";[M+K];C43H78NO8P;-3.71409e-3;-4.605135;806.509662;1 out of 4
806.505948;806.505948;"PC(15:1(9Z)/20:3(8Z,11Z,14Z))";[M+K];C43H78NO8P;-3.71409e-3;-4.605135;806.509662;1 out of 4
806.505948;806.505948;"PC(17:0/18:4(6Z,9Z,12Z,15Z))";[M+K];C43H78NO8P;-3.71409e-3;-4.605135;806.509662;1 out of 4
806.505948;806.505948;"PC(17:1(9Z)/18:3(6Z,9Z,12Z))";[M+K];C43H78NO8P;-3.71409e-3;-4.605135;806.509662;1 out of 4
806.505948;806.505948;"PC(17:1(9Z)/18:3(9Z,12Z,15Z))";[M+K];C43H78NO8P;-3.71409e-3;-4.605135;806.509662;1 out of 4
806.505948;806.505948;"PC(17:2(9Z,12Z)/18:2(9Z,12Z))";[M+K];C43H78NO8P;-3.71409e-3;-4.605135;806.509662;1 out of 4
806.505948;806.505948;"PC(18:2(9Z,12Z)/17:2(9Z,12Z))";[M+K];C43H78NO8P;-3.71409e-3;-4.605135;806.509662;1 out of 4
806.505948;806.505948;"PC(18:3(6Z,9Z,12Z)/17:1(9Z))";[M+K];C43H78NO8P;-3.71409e-3;-4.605135;806.509662;1 out of 4
806.505948;806.505948;"PC(18:3(9Z,12Z,15Z)/17:1(9Z))";[M+K];C43H78NO8P;-3.71409e-3;-4.605135;806.509662;1 out of 4
806.505948;806.505948;"PC(18:4(6Z,9Z,12Z,15Z)/17:0)";[M+K];C43H78NO8P;-3.71409e-3;-4.605135;806.509662;1 out of 4
806.505948;806.505948;"PC(20:3(8Z,11Z,14Z)/15:1(9Z))";[M+K];C43H78NO8P;-3.71409e-3;-4.605135;806.509662;1 out of 4
806.505948;806.505948;"PC(20:4(5Z,8Z,11Z,14Z)/15:0)";[M+K];C43H78NO8P;-3.71409e-3;-4.605135;806.509662;1 out of 4
806.505948;806.505948;"PC(22:4(7Z,10Z,13Z,16Z)/13:0)";[M+K];C43H78NO8P;-3.71409e-3;-4.605135;806.509662;1 out of 4
806.505948;806.505948;"PE(20:0/18:4(6Z,9Z,12Z,15Z))";[M+K];C43H78NO8P;-3.71409e-3;-4.605135;806.509662;1 out of 4
806.505948;806.505948;"PE(18:1(9Z)/20:3(5Z,8Z,11Z))";[M+K];C43H78NO8P;-3.71409e-3;-4.605135;806.509662;1 out of 4
806.505948;806.505948;"PE(16:0/22:4(7Z,10Z,13Z,16Z))";[M+K];C43H78NO8P;-3.71409e-3;-4.605135;806.509662;1 out of 4
806.505948;806.505948;"PE(18:0/20:4(5Z,8Z,11Z,14Z))";[M+K];C43H78NO8P;-3.71409e-3;-4.605135;806.509662;1 out of 4
806.505948;806.505948;"PE(18:0/20:4(5E,8E,11E,14E))";[M+K];C43H78NO8P;-3.71409e-3;-4.605135;806.509662;1 out of 4
806.505948;806.505948;"PE(18:1(9Z)/20:3(8Z,11Z,14Z))";[M+K];C43H78NO8P;-3.71409e-3;-4.605135;806.509662;1 out of 4
806.505948;806.505948;"PE(18:2(9Z,12Z)/20:2(11Z,14Z))";[M+K];C43H78NO8P;-3.71409e-3;-4.605135;806.509662;1 out of 4
806.505948;806.505948;"PE(18:3(6Z,9Z,12Z)/20:1(11Z))";[M+K];C43H78NO8P;-3.71409e-3;-4.605135;806.509662;1 out of 4
806.505948;806.505948;"PE(18:3(9Z,12Z,15Z)/20:1(11Z))";[M+K];C43H78NO8P;-3.71409e-3;-4.605135;806.509662;1 out of 4
806.505948;806.505948;"PE(18:4(6Z,9Z,12Z,15Z)/20:0)";[M+K];C43H78NO8P;-3.71409e-3;-4.605135;806.509662;1 out of 4
806.505948;806.505948;"PE(20:1(11Z)/18:3(6Z,9Z,12Z))";[M+K];C43H78NO8P;-3.71409e-3;-4.605135;806.509662;1 out of 4
806.505948;806.505948;"PE(20:1(11Z)/18:3(9Z,12Z,15Z))";[M+K];C43H78NO8P;-3.71409e-3;-4.605135;806.509662;1 out of 4
806.505948;806.505948;"PE(20:2(11Z,14Z)/18:2(9Z,12Z))";[M+K];C43H78NO8P;-3.71409e-3;-4.605135;806.509662;1 out of 4
806.505948;806.505948;"PE(20:3(8Z,11Z,14Z)/18:1(9Z))";[M+K];C43H78NO8P;-3.71409e-3;-4.605135;806.509662;1 out of 4
806.505948;806.505948;"PE(20:4(5Z,8Z,11Z,14Z)/18:0)";[M+K];C43H78NO8P;-3.71409e-3;-4.605135;806.509662;1 out of 4
806.505948;806.505948;"PE(22:4(7Z,10Z,13Z,16Z)/16:0)";[M+K];C43H78NO8P;-3.71409e-3;-4.605135;806.509662;1 out of 4
806.505948;806.505948;"PE(P-18:0/20:4(5Z,8Z,10E,14Z)(12OH[S]))";[M+K];C43H78NO8P;-3.71409e-3;-4.605135;806.509662;1 out of 4
806.505948;806.505948;"PE(P-18:0/20:4(5Z,8Z,11Z,13E)(15OH[S]))";[M+K];C43H78NO8P;-3.71409e-3;-4.605135;806.509662;1 out of 4
806.505948;806.505948;"PE(P-18:0/20:4(6E,8Z,11Z,14Z)(5OH[S]))";[M+K];C43H78NO8P;-3.71409e-3;-4.605135;806.509662;1 out of 4
806.549124;806.549124;"PC(O-16:0/20:4(5E,8E,11E,14E))";[M+K];C44H82NO7P;3.07641e-3;3.814297;806.546048;1 out of 4
806.549124;806.549124;"PC(O-16:0/20:4(5Z,8Z,11Z,14Z))";[M+K];C44H82NO7P;3.07641e-3;3.814297;806.546048;1 out of 4
806.549124;806.549124;"PC(O-18:0/18:4(6Z,9Z,12Z,15Z))";[M+K];C44H82NO7P;3.07641e-3;3.814297;806.546048;1 out of 4
806.549124;806.549124;"PC(O-16:0/20:4(8Z,11Z,14Z,17Z))";[M+K];C44H82NO7P;3.07641e-3;3.814297;806.546048;1 out of 4
806.549124;806.549124;"PC(O-18:2(9Z,12Z)/18:2(9Z,12Z))";[M+K];C44H82NO7P;3.07641e-3;3.814297;806.546048;1 out of 4
806.549124;806.549124;"PC(P-16:0/20:3(8Z,11Z,14Z))";[M+K];C44H82NO7P;3.07641e-3;3.814297;806.546048;1 out of 4
806.549124;806.549124;"PC(P-18:0/18:3(6Z,9Z,12Z))";[M+K];C44H82NO7P;3.07641e-3;3.814297;806.546048;1 out of 4
806.549124;806.549124;"PC(P-18:0/18:3(9Z,12Z,15Z))";[M+K];C44H82NO7P;3.07641e-3;3.814297;806.546048;1 out of 4
806.549124;806.549124;"PC(P-16:0/20:3(5Z,8Z,11Z))";[M+K];C44H82NO7P;3.07641e-3;3.814297;806.546048;1 out of 4
806.563844;806.563844;"LacCer(d18:1/12:0)";[M+H];C42H79NO13;1.42641e-3;1.768508;806.562418;3 out of 4
806.563844;806.563844;"LacCer(d14:1/16:0)";[M+H];C42H79NO13;1.42641e-3;1.768508;806.562418;3 out of 4
806.563844;806.563844;"PC(16:0/20:3(5Z,8Z,11Z))";[M+Na];C44H82NO8P;-3.18121e-3;-3.944141;806.567025;1 out of 4
806.563844;806.563844;"PC(16:0/20:3(8E,11E,14E))";[M+Na];C44H82NO8P;-3.18121e-3;-3.944141;806.567025;1 out of 4
806.563844;806.563844;"PC(16:0/20:3(8Z,11Z,14Z))";[M+Na];C44H82NO8P;-3.18121e-3;-3.944141;806.567025;1 out of 4
806.563844;806.563844;"PC(18:1(9Z)/18:2(6Z,9Z))";[M+Na];C44H82NO8P;-3.18121e-3;-3.944141;806.567025;1 out of 4
806.563844;806.563844;"PC(18:1(9Z)/18:2(9Z,12Z))";[M+Na];C44H82NO8P;-3.18121e-3;-3.944141;806.567025;1 out of 4
806.563844;806.563844;"PC(14:1(9Z)/22:2(13Z,16Z))";[M+Na];C44H82NO8P;-3.18121e-3;-3.944141;806.567025;1 out of 4
806.563844;806.563844;"PC(16:1(9Z)/20:2(11Z,14Z))";[M+Na];C44H82NO8P;-3.18121e-3;-3.944141;806.567025;1 out of 4
806.563844;806.563844;"PC(17:2(9Z,12Z)/19:1(9Z))";[M+Na];C44H82NO8P;-3.18121e-3;-3.944141;806.567025;1 out of 4
806.563844;806.563844;"PC(18:0/18:3(6Z,9Z,12Z))";[M+Na];C44H82NO8P;-3.18121e-3;-3.944141;806.567025;1 out of 4
806.563844;806.563844;"PC(18:0/18:3(9Z,12Z,15Z))";[M+Na];C44H82NO8P;-3.18121e-3;-3.944141;806.567025;1 out of 4
806.563844;806.563844;"PC(18:2(9Z,12Z)/18:1(9Z))";[M+Na];C44H82NO8P;-3.18121e-3;-3.944141;806.567025;1 out of 4
806.563844;806.563844;"PC(18:3(6Z,9Z,12Z)/18:0)";[M+Na];C44H82NO8P;-3.18121e-3;-3.944141;806.567025;1 out of 4
806.563844;806.563844;"PC(18:3(9Z,12Z,15Z)/18:0)";[M+Na];C44H82NO8P;-3.18121e-3;-3.944141;806.567025;1 out of 4
806.563844;806.563844;"PC(19:1(9Z)/17:2(9Z,12Z))";[M+Na];C44H82NO8P;-3.18121e-3;-3.944141;806.567025;1 out of 4
806.563844;806.563844;"PC(20:2(11Z,14Z)/16:1(9Z))";[M+Na];C44H82NO8P;-3.18121e-3;-3.944141;806.567025;1 out of 4
806.563844;806.563844;"PC(20:3(8Z,11Z,14Z)/16:0)";[M+Na];C44H82NO8P;-3.18121e-3;-3.944141;806.567025;1 out of 4
806.563844;806.563844;"PC(22:2(13Z,16Z)/14:1(9Z))";[M+Na];C44H82NO8P;-3.18121e-3;-3.944141;806.567025;1 out of 4
806.563844;806.563844;"PC(18:1(11Z)/18:2(9Z,12Z))";[M+Na];C44H82NO8P;-3.18121e-3;-3.944141;806.567025;1 out of 4
806.563844;806.563844;"PC(18:2(9Z,12Z)/18:1(11Z))";[M+Na];C44H82NO8P;-3.18121e-3;-3.944141;806.567025;1 out of 4
806.563844;806.563844;"PC(20:3(5Z,8Z,11Z)/16:0)";[M+Na];C44H82NO8P;-3.18121e-3;-3.944141;806.567025;1 out of 4
806.563844;806.563844;"PE(17:1(9Z)/22:2(13Z,16Z))";[M+Na];C44H82NO8P;-3.18121e-3;-3.944141;806.567025;1 out of 4
806.563844;806.563844;"PE(17:2(9Z,12Z)/22:1(11Z))";[M+Na];C44H82NO8P;-3.18121e-3;-3.944141;806.567025;1 out of 4
806.563844;806.563844;"PE(18:3(6Z,9Z,12Z)/21:0)";[M+Na];C44H82NO8P;-3.18121e-3;-3.944141;806.567025;1 out of 4
806.563844;806.563844;"PE(18:3(9Z,12Z,15Z)/21:0)";[M+Na];C44H82NO8P;-3.18121e-3;-3.944141;806.567025;1 out of 4
806.563844;806.563844;"PE(19:0/20:3(8Z,11Z,14Z))";[M+Na];C44H82NO8P;-3.18121e-3;-3.944141;806.567025;1 out of 4
806.563844;806.563844;"PE(19:1(9Z)/20:2(11Z,14Z))";[M+Na];C44H82NO8P;-3.18121e-3;-3.944141;806.567025;1 out of 4
806.563844;806.563844;"PE(20:2(11Z,14Z)/19:1(9Z))";[M+Na];C44H82NO8P;-3.18121e-3;-3.944141;806.567025;1 out of 4
806.563844;806.563844;"PE(20:3(8Z,11Z,14Z)/19:0)";[M+Na];C44H82NO8P;-3.18121e-3;-3.944141;806.567025;1 out of 4
806.563844;806.563844;"PE(21:0/18:3(6Z,9Z,12Z))";[M+Na];C44H82NO8P;-3.18121e-3;-3.944141;806.567025;1 out of 4
806.563844;806.563844;"PE(21:0/18:3(9Z,12Z,15Z))";[M+Na];C44H82NO8P;-3.18121e-3;-3.944141;806.567025;1 out of 4
806.563844;806.563844;"PE(22:1(11Z)/17:2(9Z,12Z))";[M+Na];C44H82NO8P;-3.18121e-3;-3.944141;806.567025;1 out of 4
806.563844;806.563844;"PE(22:2(13Z,16Z)/17:1(9Z))";[M+Na];C44H82NO8P;-3.18121e-3;-3.944141;806.567025;1 out of 4
807.552296;807.552296;"PG(O-16:0/22:4(7Z,10Z,13Z,16Z))";[M+Na];C44H81O9P;1.25520e-3;1.554327;807.551041;2 out of 4
807.552296;807.552296;"PG(O-20:0/18:4(6Z,9Z,12Z,15Z))";[M+Na];C44H81O9P;1.25520e-3;1.554327;807.551041;2 out of 4
807.552296;807.552296;"PG(O-18:0/20:4(5Z,8Z,11Z,14Z))";[M+Na];C44H81O9P;1.25520e-3;1.554327;807.551041;2 out of 4
807.552296;807.552296;"PG(P-18:0/20:3(8Z,11Z,14Z))";[M+Na];C44H81O9P;1.25520e-3;1.554327;807.551041;2 out of 4
807.552296;807.552296;"PG(P-20:0/18:3(6Z,9Z,12Z))";[M+Na];C44H81O9P;1.25520e-3;1.554327;807.551041;2 out of 4
807.552296;807.552296;"PG(P-20:0/18:3(9Z,12Z,15Z))";[M+Na];C44H81O9P;1.25520e-3;1.554327;807.551041;2 out of 4
807.552296;807.552296;Squamocin-P;[M+NORHARMANE+H];C37H66O8;-3.98072e-4;-0.492936;807.552694;2 out of 4
807.552296;807.552296;Annosquatin IV;[M+NORHARMANE+H];C37H66O8;-3.98072e-4;-0.492936;807.552694;2 out of 4
807.552296;807.552296;Gigantecin;[M+NORHARMANE+H];C37H66O8;-3.98072e-4;-0.492936;807.552694;2 out of 4
807.552296;807.552296;Annosquatin A;[M+NORHARMANE+H];C37H66O8;-3.98072e-4;-0.492936;807.552694;2 out of 4
807.552296;807.552296;Annosquatin-II;[M+NORHARMANE+H];C37H66O8;-3.98072e-4;-0.492936;807.552694;2 out of 4
807.552296;807.552296;Squamostanin-A;[M+NORHARMANE+H];C37H66O8;-3.98072e-4;-0.492936;807.552694;2 out of 4
807.552296;807.552296;Squamostanin-B;[M+NORHARMANE+H];C37H66O8;-3.98072e-4;-0.492936;807.552694;2 out of 4
807.552296;807.552296;Annosquatin-III;[M+NORHARMANE+H];C37H66O8;-3.98072e-4;-0.492936;807.552694;2 out of 4
807.552296;807.552296;"PG(P-18:0/22:6(4Z,7Z,10Z,13Z,16Z,19Z))";[M+H];C46H79O9P;-1.15074e-3;-1.424968;807.553447;2 out of 4
807.566069;807.566069;"PA(P-20:0/22:2(13Z,16Z))";[M+K];C45H85O7P;-3.79690e-4;-0.470166;807.566449;1 out of 4
807.566069;807.566069;"DG(18:3(9Z,12Z,15Z)/20:4(5Z,8Z,11Z,14Z)/0:0)[iso2]";[M+NORHARMANE+H];C41H66O5;-1.88121e-3;-2.329478;807.567950;2 out of 4
807.566069;807.566069;"DG(18:2(9Z,12Z)/20:5(5Z,8Z,11Z,14Z,17Z)/0:0)[iso2]";[M+NORHARMANE+H];C41H66O5;-1.88121e-3;-2.329478;807.567950;2 out of 4
807.566069;807.566069;"DG(16:1(9Z)/22:6(4Z,7Z,10Z,13Z,16Z,19Z)/0:0)[iso2]";[M+NORHARMANE+H];C41H66O5;-1.88121e-3;-2.329478;807.567950;2 out of 4
807.566069;807.566069;"DG(18:3(6Z,9Z,12Z)/20:4(5Z,8Z,11Z,14Z)/0:0)[iso2]";[M+NORHARMANE+H];C41H66O5;-1.88121e-3;-2.329478;807.567950;2 out of 4
807.566069;807.566069;"DG(18:4(6Z,9Z,12Z,15Z)/20:3(8Z,11Z,14Z)/0:0)[iso2]";[M+NORHARMANE+H];C41H66O5;-1.88121e-3;-2.329478;807.567950;2 out of 4
808.563884;808.563884;"(3'-sulfo)Galbeta-Cer(d18:1/18:0)";[M+H];C42H81NO11S;3.57459e-3;4.420929;808.560309;1 out of 4
808.563884;808.563884;"PC(O-16:0/20:3(8Z,11Z,14Z))";[M+K];C44H84NO7P;2.18634e-3;2.703989;808.561698;3 out of 4
808.563884;808.563884;"PC(O-18:0/18:3(6Z,9Z,12Z))";[M+K];C44H84NO7P;2.18634e-3;2.703989;808.561698;3 out of 4
808.563884;808.563884;"PC(O-18:0/18:3(9Z,12Z,15Z))";[M+K];C44H84NO7P;2.18634e-3;2.703989;808.561698;3 out of 4
808.563884;808.563884;"PC(O-18:1(11Z)/18:2(9Z,12Z))";[M+K];C44H84NO7P;2.18634e-3;2.703989;808.561698;3 out of 4
808.563884;808.563884;"PC(O-18:1(9Z)/18:2(9Z,12Z))";[M+K];C44H84NO7P;2.18634e-3;2.703989;808.561698;3 out of 4
808.563884;808.563884;"PC(P-16:0/20:2(11Z,14Z))";[M+K];C44H84NO7P;2.18634e-3;2.703989;808.561698;3 out of 4
808.563884;808.563884;"PC(P-18:0/18:2(9Z,12Z))";[M+K];C44H84NO7P;2.18634e-3;2.703989;808.561698;3 out of 4
808.563884;808.563884;"PC(P-18:1(11Z)/18:1(11Z))";[M+K];C44H84NO7P;2.18634e-3;2.703989;808.561698;3 out of 4
808.578678;808.578678;"PC(18:0/18:2(10Z,12Z))";[M+Na];C44H84NO8P;-3.99728e-3;-4.943561;808.582675;2 out of 4
808.578678;808.578678;"PC(18:0/18:2(2E,4E))";[M+Na];C44H84NO8P;-3.99728e-3;-4.943561;808.582675;2 out of 4
808.578678;808.578678;"PC(18:0/18:2(6Z,9Z))";[M+Na];C44H84NO8P;-3.99728e-3;-4.943561;808.582675;2 out of 4
808.578678;808.578678;"PC(18:0/18:2(9Z,12Z))";[M+Na];C44H84NO8P;-3.99728e-3;-4.943561;808.582675;2 out of 4
808.578678;808.578678;"PC(18:1(10Z)/18:1(10Z))";[M+Na];C44H84NO8P;-3.99728e-3;-4.943561;808.582675;2 out of 4
808.578678;808.578678;"PC(18:1(11E)/18:1(11E))";[M+Na];C44H84NO8P;-3.99728e-3;-4.943561;808.582675;2 out of 4
808.578678;808.578678;"PC(18:1(11Z)/18:1(11Z))";[M+Na];C44H84NO8P;-3.99728e-3;-4.943561;808.582675;2 out of 4
808.578678;808.578678;"PC(18:1(12Z)/18:1(12Z))";[M+Na];C44H84NO8P;-3.99728e-3;-4.943561;808.582675;2 out of 4
808.578678;808.578678;"PC(18:1(13Z)/18:1(13Z))";[M+Na];C44H84NO8P;-3.99728e-3;-4.943561;808.582675;2 out of 4
808.578678;808.578678;"PC(18:1(14Z)/18:1(14Z))";[M+Na];C44H84NO8P;-3.99728e-3;-4.943561;808.582675;2 out of 4
808.578678;808.578678;"PC(18:1(15Z)/18:1(15Z))";[M+Na];C44H84NO8P;-3.99728e-3;-4.943561;808.582675;2 out of 4
808.578678;808.578678;"PC(18:1(16Z)/18:1(16Z))";[M+Na];C44H84NO8P;-3.99728e-3;-4.943561;808.582675;2 out of 4
808.578678;808.578678;"PC(18:1(17Z)/18:1(17Z))";[M+Na];C44H84NO8P;-3.99728e-3;-4.943561;808.582675;2 out of 4
808.578678;808.578678;"PC(18:1(2Z)/18:1(2Z))";[M+Na];C44H84NO8P;-3.99728e-3;-4.943561;808.582675;2 out of 4
808.578678;808.578678;"PC(18:1(3Z)/18:1(3Z))";[M+Na];C44H84NO8P;-3.99728e-3;-4.943561;808.582675;2 out of 4
808.578678;808.578678;"PC(18:1(5Z)/18:1(5Z))";[M+Na];C44H84NO8P;-3.99728e-3;-4.943561;808.582675;2 out of 4
808.578678;808.578678;"PC(18:1(6E)/18:1(6E))";[M+Na];C44H84NO8P;-3.99728e-3;-4.943561;808.582675;2 out of 4
808.578678;808.578678;"PC(18:1(6Z)/18:1(6Z))";[M+Na];C44H84NO8P;-3.99728e-3;-4.943561;808.582675;2 out of 4
808.578678;808.578678;"PC(18:1(7Z)/18:1(7Z))";[M+Na];C44H84NO8P;-3.99728e-3;-4.943561;808.582675;2 out of 4
808.578678;808.578678;"PC(18:1(8Z)/18:1(8Z))";[M+Na];C44H84NO8P;-3.99728e-3;-4.943561;808.582675;2 out of 4
808.578678;808.578678;"PC(18:1(9E)/18:1(9E))";[M+Na];C44H84NO8P;-3.99728e-3;-4.943561;808.582675;2 out of 4
808.578678;808.578678;"PC(18:1(9Z)/18:1(9Z))";[M+Na];C44H84NO8P;-3.99728e-3;-4.943561;808.582675;2 out of 4
808.578678;808.578678;"PC(18:2(9Z,12Z)/18:0)";[M+Na];C44H84NO8P;-3.99728e-3;-4.943561;808.582675;2 out of 4
808.578678;808.578678;"PC(18:1(4Z)/18:1(4Z))";[M+Na];C44H84NO8P;-3.99728e-3;-4.943561;808.582675;2 out of 4
808.578678;808.578678;"PC(14:0/22:2(13Z,16Z))";[M+Na];C44H84NO8P;-3.99728e-3;-4.943561;808.582675;2 out of 4
808.578678;808.578678;"PC(14:1(9Z)/22:1(11Z))";[M+Na];C44H84NO8P;-3.99728e-3;-4.943561;808.582675;2 out of 4
808.578678;808.578678;"PC(16:0/20:2(11Z,14Z))";[M+Na];C44H84NO8P;-3.99728e-3;-4.943561;808.582675;2 out of 4
808.578678;808.578678;"PC(16:1(9Z)/20:1(11Z))";[M+Na];C44H84NO8P;-3.99728e-3;-4.943561;808.582675;2 out of 4
808.578678;808.578678;"PC(17:1(9Z)/19:1(9Z))";[M+Na];C44H84NO8P;-3.99728e-3;-4.943561;808.582675;2 out of 4
808.578678;808.578678;"PC(17:2(9Z,12Z)/19:0)";[M+Na];C44H84NO8P;-3.99728e-3;-4.943561;808.582675;2 out of 4
808.578678;808.578678;"PC(19:0/17:2(9Z,12Z))";[M+Na];C44H84NO8P;-3.99728e-3;-4.943561;808.582675;2 out of 4
808.578678;808.578678;"PC(19:1(9Z)/17:1(9Z))";[M+Na];C44H84NO8P;-3.99728e-3;-4.943561;808.582675;2 out of 4
808.578678;808.578678;"PC(20:1(11Z)/16:1(9Z))";[M+Na];C44H84NO8P;-3.99728e-3;-4.943561;808.582675;2 out of 4
808.578678;808.578678;"PC(20:2(11Z,14Z)/16:0)";[M+Na];C44H84NO8P;-3.99728e-3;-4.943561;808.582675;2 out of 4
808.578678;808.578678;"PC(22:1(11Z)/14:1(9Z))";[M+Na];C44H84NO8P;-3.99728e-3;-4.943561;808.582675;2 out of 4
808.578678;808.578678;"PC(22:2(13Z,16Z)/14:0)";[M+Na];C44H84NO8P;-3.99728e-3;-4.943561;808.582675;2 out of 4
808.578678;808.578678;"PC(14:1(9Z)/22:1(13Z))";[M+Na];C44H84NO8P;-3.99728e-3;-4.943561;808.582675;2 out of 4
808.578678;808.578678;"PC(18:1(11Z)/18:1(9Z))";[M+Na];C44H84NO8P;-3.99728e-3;-4.943561;808.582675;2 out of 4
808.578678;808.578678;"PC(18:1(9Z)/18:1(11Z))";[M+Na];C44H84NO8P;-3.99728e-3;-4.943561;808.582675;2 out of 4
808.578678;808.578678;"PC(22:1(13Z)/14:1(9Z))";[M+Na];C44H84NO8P;-3.99728e-3;-4.943561;808.582675;2 out of 4
808.578678;808.578678;"PE(17:0/22:2(13Z,16Z))";[M+Na];C44H84NO8P;-3.99728e-3;-4.943561;808.582675;2 out of 4
808.578678;808.578678;"PE(17:1(9Z)/22:1(11Z))";[M+Na];C44H84NO8P;-3.99728e-3;-4.943561;808.582675;2 out of 4
808.578678;808.578678;"PE(17:2(9Z,12Z)/22:0)";[M+Na];C44H84NO8P;-3.99728e-3;-4.943561;808.582675;2 out of 4
808.578678;808.578678;"PE(18:2(9Z,12Z)/21:0)";[M+Na];C44H84NO8P;-3.99728e-3;-4.943561;808.582675;2 out of 4
808.578678;808.578678;"PE(19:0/20:2(11Z,14Z))";[M+Na];C44H84NO8P;-3.99728e-3;-4.943561;808.582675;2 out of 4
808.578678;808.578678;"PE(19:1(9Z)/20:1(11Z))";[M+Na];C44H84NO8P;-3.99728e-3;-4.943561;808.582675;2 out of 4
808.578678;808.578678;"PE(20:1(11Z)/19:1(9Z))";[M+Na];C44H84NO8P;-3.99728e-3;-4.943561;808.582675;2 out of 4
808.578678;808.578678;"PE(20:2(11Z,14Z)/19:0)";[M+Na];C44H84NO8P;-3.99728e-3;-4.943561;808.582675;2 out of 4
808.578678;808.578678;"PE(21:0/18:2(9Z,12Z))";[M+Na];C44H84NO8P;-3.99728e-3;-4.943561;808.582675;2 out of 4
808.578678;808.578678;"PE(22:0/17:2(9Z,12Z))";[M+Na];C44H84NO8P;-3.99728e-3;-4.943561;808.582675;2 out of 4
808.578678;808.578678;"PE(22:1(11Z)/17:1(9Z))";[M+Na];C44H84NO8P;-3.99728e-3;-4.943561;808.582675;2 out of 4
808.578678;808.578678;"PE(22:2(13Z,16Z)/17:0)";[M+Na];C44H84NO8P;-3.99728e-3;-4.943561;808.582675;2 out of 4
809.569111;809.569111;"PG(O-18:0/20:3(8Z,11Z,14Z))";[M+Na];C44H83O9P;2.42013e-3;2.989419;809.566691;2 out of 4
809.569111;809.569111;"PG(O-20:0/18:3(6Z,9Z,12Z))";[M+Na];C44H83O9P;2.42013e-3;2.989419;809.566691;2 out of 4
809.569111;809.569111;"PG(O-20:0/18:3(9Z,12Z,15Z))";[M+Na];C44H83O9P;2.42013e-3;2.989419;809.566691;2 out of 4
809.569111;809.569111;"PG(P-16:0/22:2(13Z,16Z))";[M+Na];C44H83O9P;2.42013e-3;2.989419;809.566691;2 out of 4
809.569111;809.569111;"PG(P-18:0/20:2(11Z,14Z))";[M+Na];C44H83O9P;2.42013e-3;2.989419;809.566691;2 out of 4
809.569111;809.569111;"PG(P-20:0/18:2(9Z,12Z))";[M+Na];C44H83O9P;2.42013e-3;2.989419;809.566691;2 out of 4
809.569111;809.569111;"PG(O-18:0/22:6(4Z,7Z,10Z,13Z,16Z,19Z))";[M+H];C46H81O9P;1.41980e-5;0.017538;809.569097;3 out of 4
809.569111;809.569111;"PG(P-20:0/20:5(5Z,8Z,11Z,14Z,17Z))";[M+H];C46H81O9P;1.41980e-5;0.017538;809.569097;3 out of 4
809.581964;809.581964;Topostin D654;[M+NORHARMANE+H];C36H68N2O7;2.38648e-3;2.947807;809.579578;1 out of 4
809.581964;809.581964;"PA(O-20:0/22:2(13Z,16Z))";[M+K];C45H87O7P;-1.34754e-4;-0.166449;809.582099;1 out of 4
809.581964;809.581964;"PA(P-20:0/22:1(11Z))";[M+K];C45H87O7P;-1.34754e-4;-0.166449;809.582099;1 out of 4
809.581964;809.581964;"DG(18:3(9Z,12Z,15Z)/20:3(8Z,11Z,14Z)/0:0)[iso2]";[M+NORHARMANE+H];C41H68O5;-1.63628e-3;-2.021133;809.583600;2 out of 4
809.581964;809.581964;"DG(18:2(9Z,12Z)/20:4(5Z,8Z,11Z,14Z)/0:0)[iso2]";[M+NORHARMANE+H];C41H68O5;-1.63628e-3;-2.021133;809.583600;2 out of 4
809.581964;809.581964;"DG(18:1(9Z)/20:5(5Z,8Z,11Z,14Z,17Z)/0:0)[iso2]";[M+NORHARMANE+H];C41H68O5;-1.63628e-3;-2.021133;809.583600;2 out of 4
809.581964;809.581964;"DG(16:1(9Z)/22:5(7Z,10Z,13Z,16Z,19Z)/0:0)[iso2]";[M+NORHARMANE+H];C41H68O5;-1.63628e-3;-2.021133;809.583600;2 out of 4
809.581964;809.581964;"DG(16:0/22:6(4Z,7Z,10Z,13Z,16Z,19Z)/0:0)[iso2]";[M+NORHARMANE+H];C41H68O5;-1.63628e-3;-2.021133;809.583600;2 out of 4
809.581964;809.581964;"DG(18:3(6Z,9Z,12Z)/20:3(8Z,11Z,14Z)/0:0)[iso2]";[M+NORHARMANE+H];C41H68O5;-1.63628e-3;-2.021133;809.583600;2 out of 4
809.581964;809.581964;"DG(18:4(6Z,9Z,12Z,15Z)/20:2(11Z,14Z)/0:0)[iso2]";[M+NORHARMANE+H];C41H68O5;-1.63628e-3;-2.021133;809.583600;2 out of 4
809.647224;809.647224;"SM(d18:1/22:0)";[M+Na];C45H91N2O6P;-3.47126e-3;-4.287358;809.650695;3 out of 4
809.647224;809.647224;"SM(d16:1/24:0)";[M+Na];C45H91N2O6P;-3.47126e-3;-4.287358;809.650695;3 out of 4
810.521341;810.521341;Unknown Name;[M+K];C46H78NO6P;1.50815e-3;1.860724;810.519833;292 out of 4
810.581797;810.581797;"PI-Cer(d18:0/18:0)";[M+H];C42H84NO11P;-3.67814e-3;-4.537631;810.585475;2 out of 4
810.581797;810.581797;"PI-Cer(d20:0/16:0)";[M+H];C42H84NO11P;-3.67814e-3;-4.537631;810.585475;2 out of 4
810.581797;810.581797;"GlcCer(d16:1(4E)(15Me)/21:0(2OH)";[M+K];C44H85NO9;-3.79330e-3;-4.679703;810.585590;1 out of 4
810.581797;810.581797;"GlcCer(d16:1(4E)(15Me)/20:0(19Me)(2OH)";[M+K];C44H85NO9;-3.79330e-3;-4.679703;810.585590;1 out of 4
810.581797;810.581797;"GlcCer(d18:1(8Z)/20:0(2OH[R]))";[M+K];C44H85NO9;-3.79330e-3;-4.679703;810.585590;1 out of 4
810.581797;810.581797;"GlcCer(d14:1(4E)/24:0(2OH))";[M+K];C44H85NO9;-3.79330e-3;-4.679703;810.585590;1 out of 4
810.581797;810.581797;"GlcCer(d16:1(4E)/22:0(2OH))";[M+K];C44H85NO9;-3.79330e-3;-4.679703;810.585590;1 out of 4
810.595673;810.595673;"PC(18:0/18:1(11Z))";[M+Na];C44H86NO8P;-2.65234e-3;-3.272079;810.598325;1 out of 4
810.595673;810.595673;"PC(18:0/18:1(12Z))";[M+Na];C44H86NO8P;-2.65234e-3;-3.272079;810.598325;1 out of 4
810.595673;810.595673;"PC(18:0/18:1(13Z))";[M+Na];C44H86NO8P;-2.65234e-3;-3.272079;810.598325;1 out of 4
810.595673;810.595673;"PC(18:0/18:1(16Z))";[M+Na];C44H86NO8P;-2.65234e-3;-3.272079;810.598325;1 out of 4
810.595673;810.595673;"PC(18:0/18:1(6Z))";[M+Na];C44H86NO8P;-2.65234e-3;-3.272079;810.598325;1 out of 4
810.595673;810.595673;"PC(18:0/18:1(7Z))";[M+Na];C44H86NO8P;-2.65234e-3;-3.272079;810.598325;1 out of 4
810.595673;810.595673;"PC(18:0/18:1(9E))";[M+Na];C44H86NO8P;-2.65234e-3;-3.272079;810.598325;1 out of 4
810.595673;810.595673;"PC(18:0/18:1(9Z))";[M+Na];C44H86NO8P;-2.65234e-3;-3.272079;810.598325;1 out of 4
810.595673;810.595673;"PC(18:1(11Z)/18:0)";[M+Na];C44H86NO8P;-2.65234e-3;-3.272079;810.598325;1 out of 4
810.595673;810.595673;"PC(18:1(9Z)/18:0)";[M+Na];C44H86NO8P;-2.65234e-3;-3.272079;810.598325;1 out of 4
810.595673;810.595673;"PC(14:0/22:1(11Z))";[M+Na];C44H86NO8P;-2.65234e-3;-3.272079;810.598325;1 out of 4
810.595673;810.595673;"PC(14:1(9Z)/22:0)";[M+Na];C44H86NO8P;-2.65234e-3;-3.272079;810.598325;1 out of 4
810.595673;810.595673;"PC(15:1(9Z)/21:0)";[M+Na];C44H86NO8P;-2.65234e-3;-3.272079;810.598325;1 out of 4
810.595673;810.595673;"PC(16:0/20:1(11Z))";[M+Na];C44H86NO8P;-2.65234e-3;-3.272079;810.598325;1 out of 4
810.595673;810.595673;"PC(16:1(9Z)/20:0)";[M+Na];C44H86NO8P;-2.65234e-3;-3.272079;810.598325;1 out of 4
810.595673;810.595673;"PC(17:0/19:1(9Z))";[M+Na];C44H86NO8P;-2.65234e-3;-3.272079;810.598325;1 out of 4
810.595673;810.595673;"PC(17:1(9Z)/19:0)";[M+Na];C44H86NO8P;-2.65234e-3;-3.272079;810.598325;1 out of 4
810.595673;810.595673;"PC(19:0/17:1(9Z))";[M+Na];C44H86NO8P;-2.65234e-3;-3.272079;810.598325;1 out of 4
810.595673;810.595673;"PC(19:1(9Z)/17:0)";[M+Na];C44H86NO8P;-2.65234e-3;-3.272079;810.598325;1 out of 4
810.595673;810.595673;"PC(20:0/16:1(9Z))";[M+Na];C44H86NO8P;-2.65234e-3;-3.272079;810.598325;1 out of 4
810.595673;810.595673;"PC(20:1(11Z)/16:0)";[M+Na];C44H86NO8P;-2.65234e-3;-3.272079;810.598325;1 out of 4
810.595673;810.595673;"PC(21:0/15:1(9Z))";[M+Na];C44H86NO8P;-2.65234e-3;-3.272079;810.598325;1 out of 4
810.595673;810.595673;"PC(22:0/14:1(9Z))";[M+Na];C44H86NO8P;-2.65234e-3;-3.272079;810.598325;1 out of 4
810.595673;810.595673;"PC(22:1(11Z)/14:0)";[M+Na];C44H86NO8P;-2.65234e-3;-3.272079;810.598325;1 out of 4
810.595673;810.595673;"PC(14:0/22:1(13Z))";[M+Na];C44H86NO8P;-2.65234e-3;-3.272079;810.598325;1 out of 4
810.595673;810.595673;"PC(22:1(13Z)/14:0)";[M+Na];C44H86NO8P;-2.65234e-3;-3.272079;810.598325;1 out of 4
810.595673;810.595673;"PE(17:0/22:1(11Z))";[M+Na];C44H86NO8P;-2.65234e-3;-3.272079;810.598325;1 out of 4
810.595673;810.595673;"PE(17:1(9Z)/22:0)";[M+Na];C44H86NO8P;-2.65234e-3;-3.272079;810.598325;1 out of 4
810.595673;810.595673;"PE(18:1(9Z)/21:0)";[M+Na];C44H86NO8P;-2.65234e-3;-3.272079;810.598325;1 out of 4
810.595673;810.595673;"PE(19:0/20:1(11Z))";[M+Na];C44H86NO8P;-2.65234e-3;-3.272079;810.598325;1 out of 4
810.595673;810.595673;"PE(19:1(9Z)/20:0)";[M+Na];C44H86NO8P;-2.65234e-3;-3.272079;810.598325;1 out of 4
810.595673;810.595673;"PE(20:0/19:1(9Z))";[M+Na];C44H86NO8P;-2.65234e-3;-3.272079;810.598325;1 out of 4
810.595673;810.595673;"PE(20:1(11Z)/19:0)";[M+Na];C44H86NO8P;-2.65234e-3;-3.272079;810.598325;1 out of 4
810.595673;810.595673;"PE(21:0/18:1(9Z))";[M+Na];C44H86NO8P;-2.65234e-3;-3.272079;810.598325;1 out of 4
810.595673;810.595673;"PE(22:0/17:1(9Z))";[M+Na];C44H86NO8P;-2.65234e-3;-3.272079;810.598325;1 out of 4
810.595673;810.595673;"PE(22:1(11Z)/17:0)";[M+Na];C44H86NO8P;-2.65234e-3;-3.272079;810.598325;1 out of 4
810.606576;810.606576;"GlcCer(t18:1(8Z)/20:0(2OH[S]))";[M+Na];C44H85NO10;8.08000e-6;0.009968;810.606568;2 out of 4
810.649201;810.649201;Oreacerebroside E;[M+H];C47H87NO9;3.84164e-3;4.738985;810.645359;1 out of 4
810.649201;810.649201;Oreacerebroside B;[M+H];C47H87NO9;3.84164e-3;4.738985;810.645359;1 out of 4
810.649201;810.649201;Oreacerebroside G;[M+H];C47H87NO9;3.84164e-3;4.738985;810.645359;1 out of 4
810.649201;810.649201;Ophidiacerebroside C;[M+H];C47H87NO9;3.84164e-3;4.738985;810.645359;1 out of 4
811.539392;811.539392;"PA(P-16:0/17:2(9Z,12Z))";[M+NORHARMANE+H];C36H67O7P;2.58860e-5;0.031897;811.539366;1 out of 4
811.598013;811.598013;"PA(O-20:0/22:1(11Z))";[M+K];C45H89O7P;2.64182e-4;0.325509;811.597749;1 out of 4
811.598013;811.598013;"PA(P-20:0/22:0)";[M+K];C45H89O7P;2.64182e-4;0.325509;811.597749;1 out of 4
811.598013;811.598013;"DG(18:3(9Z,12Z,15Z)/20:2(11Z,14Z)/0:0)[iso2]";[M+NORHARMANE+H];C41H70O5;-1.23734e-3;-1.524570;811.599250;1 out of 4
811.598013;811.598013;"DG(18:2(9Z,12Z)/20:3(8Z,11Z,14Z)/0:0)[iso2]";[M+NORHARMANE+H];C41H70O5;-1.23734e-3;-1.524570;811.599250;1 out of 4
811.598013;811.598013;"DG(18:1(9Z)/20:4(5Z,8Z,11Z,14Z)/0:0)[iso2]";[M+NORHARMANE+H];C41H70O5;-1.23734e-3;-1.524570;811.599250;1 out of 4
811.598013;811.598013;"DG(18:0/20:5(5Z,8Z,11Z,14Z,17Z)/0:0)[iso2]";[M+NORHARMANE+H];C41H70O5;-1.23734e-3;-1.524570;811.599250;1 out of 4
811.598013;811.598013;"DG(16:1(9Z)/22:4(7Z,10Z,13Z,16Z)/0:0)[iso2]";[M+NORHARMANE+H];C41H70O5;-1.23734e-3;-1.524570;811.599250;1 out of 4
811.598013;811.598013;"DG(16:0/22:5(7Z,10Z,13Z,16Z,19Z)/0:0)[iso2]";[M+NORHARMANE+H];C41H70O5;-1.23734e-3;-1.524570;811.599250;1 out of 4
811.598013;811.598013;"DG(18:3(6Z,9Z,12Z)/20:2(11Z,14Z)/0:0)[iso2]";[M+NORHARMANE+H];C41H70O5;-1.23734e-3;-1.524570;811.599250;1 out of 4
811.598013;811.598013;"DG(18:4(6Z,9Z,12Z,15Z)/20:1(11Z)/0:0)[iso2]";[M+NORHARMANE+H];C41H70O5;-1.23734e-3;-1.524570;811.599250;1 out of 4
811.664592;811.664592;"SM(d18:0/22:0)";[M+Na];C45H93N2O6P;-1.75333e-3;-2.160156;811.666345;1 out of 4
811.664592;811.664592;"SM(d16:0/24:0)";[M+Na];C45H93N2O6P;-1.75333e-3;-2.160156;811.666345;1 out of 4
812.537097;812.537097;Unknown Name;[M+K];C46H80NO6P;1.61409e-3;1.986486;812.535483;292 out of 4
812.601838;812.601838;"GlcCer(d18:0/20:0(2OH[R]))";[M+K];C44H87NO9;5.97636e-4;0.735460;812.601240;1 out of 4
812.612795;812.612795;"PC(18:0/18:0)";[M+Na];C44H88NO8P;-1.18041e-3;-1.452604;812.613975;1 out of 4
812.612795;812.612795;"PC(11:0/25:0)";[M+Na];C44H88NO8P;-1.18041e-3;-1.452604;812.613975;1 out of 4
812.612795;812.612795;"PC(12:0/24:0)";[M+Na];C44H88NO8P;-1.18041e-3;-1.452604;812.613975;1 out of 4
812.612795;812.612795;"PC(13:0/23:0)";[M+Na];C44H88NO8P;-1.18041e-3;-1.452604;812.613975;1 out of 4
812.612795;812.612795;"PC(14:0/22:0)";[M+Na];C44H88NO8P;-1.18041e-3;-1.452604;812.613975;1 out of 4
812.612795;812.612795;"PC(15:0/21:0)";[M+Na];C44H88NO8P;-1.18041e-3;-1.452604;812.613975;1 out of 4
812.612795;812.612795;"PC(16:0/20:0)";[M+Na];C44H88NO8P;-1.18041e-3;-1.452604;812.613975;1 out of 4
812.612795;812.612795;"PC(20:0/16:0)";[M+Na];C44H88NO8P;-1.18041e-3;-1.452604;812.613975;1 out of 4
812.612795;812.612795;"PC(22:0/14:0)";[M+Na];C44H88NO8P;-1.18041e-3;-1.452604;812.613975;1 out of 4
812.612795;812.612795;"PC(17:0/19:0)";[M+Na];C44H88NO8P;-1.18041e-3;-1.452604;812.613975;1 out of 4
812.612795;812.612795;"PC(19:0/17:0)";[M+Na];C44H88NO8P;-1.18041e-3;-1.452604;812.613975;1 out of 4
812.612795;812.612795;"PC(21:0/15:0)";[M+Na];C44H88NO8P;-1.18041e-3;-1.452604;812.613975;1 out of 4
812.612795;812.612795;"PE(17:0/22:0)";[M+Na];C44H88NO8P;-1.18041e-3;-1.452604;812.613975;1 out of 4
812.612795;812.612795;"PE(18:0/21:0)";[M+Na];C44H88NO8P;-1.18041e-3;-1.452604;812.613975;1 out of 4
812.612795;812.612795;"PE(19:0/20:0)";[M+Na];C44H88NO8P;-1.18041e-3;-1.452604;812.613975;1 out of 4
812.612795;812.612795;"PE(20:0/19:0)";[M+Na];C44H88NO8P;-1.18041e-3;-1.452604;812.613975;1 out of 4
812.612795;812.612795;"PE(22:0/17:0)";[M+Na];C44H88NO8P;-1.18041e-3;-1.452604;812.613975;1 out of 4
812.612795;812.612795;"PE(21:0/18:0)";[M+Na];C44H88NO8P;-1.18041e-3;-1.452604;812.613975;1 out of 4
812.612795;812.612795;"PC(18:0/20:3(5Z,11Z,14Z))";[M+H];C46H86NO8P;-3.58634e-3;-4.413327;812.616381;2 out of 4
812.612795;812.612795;"PC(18:0/20:3(5Z,8Z,11Z))";[M+H];C46H86NO8P;-3.58634e-3;-4.413327;812.616381;2 out of 4
812.612795;812.612795;"PC(18:0/20:3(5Z,8Z,14Z))";[M+H];C46H86NO8P;-3.58634e-3;-4.413327;812.616381;2 out of 4
812.612795;812.612795;"PC(18:0/20:3(8Z,11Z,14Z))";[M+H];C46H86NO8P;-3.58634e-3;-4.413327;812.616381;2 out of 4
812.612795;812.612795;"PC(18:2(9Z,12Z)/20:1(13Z))";[M+H];C46H86NO8P;-3.58634e-3;-4.413327;812.616381;2 out of 4
812.612795;812.612795;"PC(16:1(9Z)/22:2(13Z,16Z))";[M+H];C46H86NO8P;-3.58634e-3;-4.413327;812.616381;2 out of 4
812.612795;812.612795;"PC(18:1(9Z)/20:2(11Z,14Z))";[M+H];C46H86NO8P;-3.58634e-3;-4.413327;812.616381;2 out of 4
812.612795;812.612795;"PC(18:2(9Z,12Z)/20:1(11Z))";[M+H];C46H86NO8P;-3.58634e-3;-4.413327;812.616381;2 out of 4
812.612795;812.612795;"PC(18:3(6Z,9Z,12Z)/20:0)";[M+H];C46H86NO8P;-3.58634e-3;-4.413327;812.616381;2 out of 4
812.612795;812.612795;"PC(18:3(9Z,12Z,15Z)/20:0)";[M+H];C46H86NO8P;-3.58634e-3;-4.413327;812.616381;2 out of 4
812.612795;812.612795;"PC(20:0/18:3(6Z,9Z,12Z))";[M+H];C46H86NO8P;-3.58634e-3;-4.413327;812.616381;2 out of 4
812.612795;812.612795;"PC(20:0/18:3(9Z,12Z,15Z))";[M+H];C46H86NO8P;-3.58634e-3;-4.413327;812.616381;2 out of 4
812.612795;812.612795;"PC(20:1(11Z)/18:2(9Z,12Z))";[M+H];C46H86NO8P;-3.58634e-3;-4.413327;812.616381;2 out of 4
812.612795;812.612795;"PC(20:2(11Z,14Z)/18:1(9Z))";[M+H];C46H86NO8P;-3.58634e-3;-4.413327;812.616381;2 out of 4
812.612795;812.612795;"PC(20:3(8Z,11Z,14Z)/18:0)";[M+H];C46H86NO8P;-3.58634e-3;-4.413327;812.616381;2 out of 4
812.612795;812.612795;"PC(22:2(13Z,16Z)/16:1(9Z))";[M+H];C46H86NO8P;-3.58634e-3;-4.413327;812.616381;2 out of 4
812.612795;812.612795;"PC(18:1(11Z)/20:2(11Z,14Z))";[M+H];C46H86NO8P;-3.58634e-3;-4.413327;812.616381;2 out of 4
812.612795;812.612795;"PC(20:2(11Z,14Z)/18:1(11Z))";[M+H];C46H86NO8P;-3.58634e-3;-4.413327;812.616381;2 out of 4
812.612795;812.612795;"PC(20:3(5Z,8Z,11Z)/18:0)";[M+H];C46H86NO8P;-3.58634e-3;-4.413327;812.616381;2 out of 4
812.612795;812.612795;"PE(19:1(9Z)/22:2(13Z,16Z))";[M+H];C46H86NO8P;-3.58634e-3;-4.413327;812.616381;2 out of 4
812.612795;812.612795;"PE(20:3(8Z,11Z,14Z)/21:0)";[M+H];C46H86NO8P;-3.58634e-3;-4.413327;812.616381;2 out of 4
812.612795;812.612795;"PE(21:0/20:3(8Z,11Z,14Z))";[M+H];C46H86NO8P;-3.58634e-3;-4.413327;812.616381;2 out of 4
812.612795;812.612795;"PE(22:2(13Z,16Z)/19:1(9Z))";[M+H];C46H86NO8P;-3.58634e-3;-4.413327;812.616381;2 out of 4
813.517290;813.517290;Osirisyne G;[M+H];C47H72O11;2.55088e-3;3.135624;813.514739;1 out of 4
813.517290;813.517290;Osirisyne I;[M+H];C47H72O11;2.55088e-3;3.135624;813.514739;1 out of 4
813.517290;813.517290;Osirisyne C;[M+H];C47H72O11;2.55088e-3;3.135624;813.514739;1 out of 4
813.517290;813.517290;Osirisyne A;[M+H];C47H72O11;2.55088e-3;3.135624;813.514739;1 out of 4
813.517290;813.517290;Fulvyne E;[M+H];C47H72O11;2.55088e-3;3.135624;813.514739;1 out of 4
813.517290;813.517290;Fulvyne F;[M+H];C47H72O11;2.55088e-3;3.135624;813.514739;1 out of 4
813.517290;813.517290;Fulvyne G;[M+H];C47H72O11;2.55088e-3;3.135624;813.514739;1 out of 4
813.517290;813.517290;Fulvyne D;[M+H];C47H72O11;2.55088e-3;3.135624;813.514739;1 out of 4
813.517290;813.517290;"PA(12:0/20:2(11Z,14Z))";[M+NORHARMANE+H];C35H65O8P;-1.34067e-3;-1.647989;813.518631;1 out of 4
813.517290;813.517290;"PA(14:1(9Z)/18:1(9Z))";[M+NORHARMANE+H];C35H65O8P;-1.34067e-3;-1.647989;813.518631;1 out of 4
813.517290;813.517290;"PA(15:0/17:2(9Z,12Z))";[M+NORHARMANE+H];C35H65O8P;-1.34067e-3;-1.647989;813.518631;1 out of 4
813.517290;813.517290;"PA(15:1(9Z)/17:1(9Z))";[M+NORHARMANE+H];C35H65O8P;-1.34067e-3;-1.647989;813.518631;1 out of 4
813.517290;813.517290;"PA(17:1(9Z)/15:1(9Z))";[M+NORHARMANE+H];C35H65O8P;-1.34067e-3;-1.647989;813.518631;1 out of 4
813.517290;813.517290;"PA(17:2(9Z,12Z)/15:0)";[M+NORHARMANE+H];C35H65O8P;-1.34067e-3;-1.647989;813.518631;1 out of 4
813.517290;813.517290;"PA(18:1(9Z)/14:1(9Z))";[M+NORHARMANE+H];C35H65O8P;-1.34067e-3;-1.647989;813.518631;1 out of 4
813.517290;813.517290;"PA(18:2(9Z,12Z)/14:0)";[M+NORHARMANE+H];C35H65O8P;-1.34067e-3;-1.647989;813.518631;1 out of 4
813.517290;813.517290;"PA(20:2(11Z,14Z)/12:0)";[M+NORHARMANE+H];C35H65O8P;-1.34067e-3;-1.647989;813.518631;1 out of 4
813.517290;813.517290;"PA(14:0/18:2(9Z,12Z))";[M+NORHARMANE+H];C35H65O8P;-1.34067e-3;-1.647989;813.518631;1 out of 4
813.517290;813.517290;"PA(16:1(9Z)/16:1(9Z))";[M+NORHARMANE+H];C35H65O8P;-1.34067e-3;-1.647989;813.518631;1 out of 4
813.540252;813.540252;Unknown Name;[M+Na];C46H79O8P;-2.24118e-4;-0.275485;813.540476;221 out of 4
813.540252;813.540252;"PA(21:0/22:6(4Z,7Z,10Z,13Z,16Z,19Z))";[M+Na];C46H79O8P;-2.24118e-4;-0.275485;813.540476;3 out of 4
813.540252;813.540252;"PA(22:6(4Z,7Z,10Z,13Z,16Z,19Z)/21:0)";[M+Na];C46H79O8P;-2.24118e-4;-0.275485;813.540476;3 out of 4
813.540252;813.540252;"PG(O-20:0/17:2(9Z,12Z))";[M+K];C43H83O9P;-3.75866e-4;-0.462013;813.540628;1 out of 4
813.540252;813.540252;"PG(P-18:0/19:1(9Z))";[M+K];C43H83O9P;-3.75866e-4;-0.462013;813.540628;1 out of 4
813.540252;813.540252;"PG(P-20:0/17:1(9Z))";[M+K];C43H83O9P;-3.75866e-4;-0.462013;813.540628;1 out of 4
813.556227;813.556227;"PA(O-16:0/17:2(9Z,12Z))";[M+NORHARMANE+H];C36H69O7P;1.21082e-3;1.488310;813.555016;1 out of 4
813.556227;813.556227;"PA(P-16:0/17:1(9Z))";[M+NORHARMANE+H];C36H69O7P;1.21082e-3;1.488310;813.555016;1 out of 4
813.556227;813.556227;"PA(P-18:0/15:1(9Z))";[M+NORHARMANE+H];C36H69O7P;1.21082e-3;1.488310;813.555016;1 out of 4
813.616138;813.616138;"PA(O-20:0/22:0)";[M+K];C45H91O7P;2.73912e-3;3.366609;813.613399;1 out of 4
813.616138;813.616138;"DG(18:3(9Z,12Z,15Z)/20:1(11Z)/0:0)[iso2]";[M+NORHARMANE+H];C41H72O5;1.23760e-3;1.521108;813.614900;1 out of 4
813.616138;813.616138;"DG(18:2(9Z,12Z)/20:2(11Z,14Z)/0:0)[iso2]";[M+NORHARMANE+H];C41H72O5;1.23760e-3;1.521108;813.614900;1 out of 4
813.616138;813.616138;"DG(18:1(9Z)/20:3(8Z,11Z,14Z)/0:0)[iso2]";[M+NORHARMANE+H];C41H72O5;1.23760e-3;1.521108;813.614900;1 out of 4
813.616138;813.616138;"DG(18:0/20:4(5Z,8Z,11Z,14Z)/0:0)[iso2]";[M+NORHARMANE+H];C41H72O5;1.23760e-3;1.521108;813.614900;1 out of 4
813.616138;813.616138;"DG(16:1(9Z)/22:3(10Z,13Z,16Z)/0:0)[iso2]";[M+NORHARMANE+H];C41H72O5;1.23760e-3;1.521108;813.614900;1 out of 4
813.616138;813.616138;"DG(16:0/22:4(7Z,10Z,13Z,16Z)/0:0)[iso2]";[M+NORHARMANE+H];C41H72O5;1.23760e-3;1.521108;813.614900;1 out of 4
813.616138;813.616138;"DG(18:3(6Z,9Z,12Z)/20:1(11Z)/0:0)[iso2]";[M+NORHARMANE+H];C41H72O5;1.23760e-3;1.521108;813.614900;1 out of 4
813.616138;813.616138;"DG(18:4(6Z,9Z,12Z,15Z)/20:0/0:0)[iso2]";[M+NORHARMANE+H];C41H72O5;1.23760e-3;1.521108;813.614900;1 out of 4
814.531876;814.531876;"PC(15:0/22:6(4Z,7Z,10Z,13Z,16Z,19Z))";[M+Na];C45H78NO8P;-3.84909e-3;-4.725497;814.535725;1 out of 4
814.531876;814.531876;"PC(17:1(9Z)/20:5(5Z,8Z,11Z,14Z,17Z))";[M+Na];C45H78NO8P;-3.84909e-3;-4.725497;814.535725;1 out of 4
814.531876;814.531876;"PC(17:2(9Z,12Z)/20:4(5Z,8Z,11Z,14Z))";[M+Na];C45H78NO8P;-3.84909e-3;-4.725497;814.535725;1 out of 4
814.531876;814.531876;"PC(20:4(5Z,8Z,11Z,14Z)/17:2(9Z,12Z))";[M+Na];C45H78NO8P;-3.84909e-3;-4.725497;814.535725;1 out of 4
814.531876;814.531876;"PC(20:5(5Z,8Z,11Z,14Z,17Z)/17:1(9Z))";[M+Na];C45H78NO8P;-3.84909e-3;-4.725497;814.535725;1 out of 4
814.531876;814.531876;"PC(22:6(4Z,7Z,10Z,13Z,16Z,19Z)/15:0)";[M+Na];C45H78NO8P;-3.84909e-3;-4.725497;814.535725;1 out of 4
814.531876;814.531876;"PE(18:0/22:6(4Z,7Z,10Z,13Z,16Z,19Z))";[M+Na];C45H78NO8P;-3.84909e-3;-4.725497;814.535725;1 out of 4
814.531876;814.531876;"PE(18:2(9Z,12Z)/22:4(7Z,10Z,13Z,16Z))";[M+Na];C45H78NO8P;-3.84909e-3;-4.725497;814.535725;1 out of 4
814.531876;814.531876;"PE(18:4(6Z,9Z,12Z,15Z)/22:2(13Z,16Z))";[M+Na];C45H78NO8P;-3.84909e-3;-4.725497;814.535725;1 out of 4
814.531876;814.531876;"PE(20:1(11Z)/20:5(5Z,8Z,11Z,14Z,17Z))";[M+Na];C45H78NO8P;-3.84909e-3;-4.725497;814.535725;1 out of 4
814.531876;814.531876;"PE(20:2(11Z,14Z)/20:4(5Z,8Z,11Z,14Z))";[M+Na];C45H78NO8P;-3.84909e-3;-4.725497;814.535725;1 out of 4
814.531876;814.531876;"PE(20:3(8Z,11Z,14Z)/20:3(8Z,11Z,14Z))";[M+Na];C45H78NO8P;-3.84909e-3;-4.725497;814.535725;1 out of 4
814.531876;814.531876;"PE(20:4(5Z,8Z,11Z,14Z)/20:2(11Z,14Z))";[M+Na];C45H78NO8P;-3.84909e-3;-4.725497;814.535725;1 out of 4
814.531876;814.531876;"PE(20:5(5Z,8Z,11Z,14Z,17Z)/20:1(11Z))";[M+Na];C45H78NO8P;-3.84909e-3;-4.725497;814.535725;1 out of 4
814.531876;814.531876;"PE(22:2(13Z,16Z)/18:4(6Z,9Z,12Z,15Z))";[M+Na];C45H78NO8P;-3.84909e-3;-4.725497;814.535725;1 out of 4
814.531876;814.531876;"PE(22:4(7Z,10Z,13Z,16Z)/18:2(9Z,12Z))";[M+Na];C45H78NO8P;-3.84909e-3;-4.725497;814.535725;1 out of 4
814.531876;814.531876;"PE(22:6(4Z,7Z,10Z,13Z,16Z,19Z)/18:0)";[M+Na];C45H78NO8P;-3.84909e-3;-4.725497;814.535725;1 out of 4
814.531876;814.531876;"PE(P-18:0/22:6(4Z,7Z,10Z,12E,16Z,19Z)(14OH))";[M+Na];C45H78NO8P;-3.84909e-3;-4.725497;814.535725;1 out of 4
814.531876;814.531876;"PS(O-16:0/20:1(11Z))";[M+K];C42H82NO9P;-4.00083e-3;-4.911796;814.535877;1 out of 4
814.531876;814.531876;"PS(O-18:0/18:1(9Z))";[M+K];C42H82NO9P;-4.00083e-3;-4.911796;814.535877;1 out of 4
814.531876;814.531876;"PS(O-20:0/16:1(9Z))";[M+K];C42H82NO9P;-4.00083e-3;-4.911796;814.535877;1 out of 4
814.531876;814.531876;"PS(P-16:0/20:0)";[M+K];C42H82NO9P;-4.00083e-3;-4.911796;814.535877;1 out of 4
814.531876;814.531876;"PS(P-18:0/18:0)";[M+K];C42H82NO9P;-4.00083e-3;-4.911796;814.535877;1 out of 4
814.531876;814.531876;"PS(P-20:0/16:0)";[M+K];C42H82NO9P;-4.00083e-3;-4.911796;814.535877;1 out of 4
814.627968;814.627968;"PC(18:0/20:2(11Z,14Z))";[M+H];C46H88NO8P;-4.06341e-3;-4.988026;814.632031;3 out of 4
814.627968;814.627968;"PC(18:0/20:2(5Z,11Z))";[M+H];C46H88NO8P;-4.06341e-3;-4.988026;814.632031;3 out of 4
814.627968;814.627968;"PC(18:0/20:2(5Z,14Z))";[M+H];C46H88NO8P;-4.06341e-3;-4.988026;814.632031;3 out of 4
814.627968;814.627968;"PC(18:0/20:2(5Z,8Z))";[M+H];C46H88NO8P;-4.06341e-3;-4.988026;814.632031;3 out of 4
814.627968;814.627968;"PC(18:0/20:2(8Z,11Z))";[M+H];C46H88NO8P;-4.06341e-3;-4.988026;814.632031;3 out of 4
814.627968;814.627968;"PC(18:0/20:2(8Z,14Z))";[M+H];C46H88NO8P;-4.06341e-3;-4.988026;814.632031;3 out of 4
814.627968;814.627968;"PC(18:1(11Z)/20:1(13Z))";[M+H];C46H88NO8P;-4.06341e-3;-4.988026;814.632031;3 out of 4
814.627968;814.627968;"PC(20:0/18:2(9Z,12Z))";[M+H];C46H88NO8P;-4.06341e-3;-4.988026;814.632031;3 out of 4
814.627968;814.627968;"PC(16:0/22:2(13Z,16Z))";[M+H];C46H88NO8P;-4.06341e-3;-4.988026;814.632031;3 out of 4
814.627968;814.627968;"PC(16:1(9Z)/22:1(11Z))";[M+H];C46H88NO8P;-4.06341e-3;-4.988026;814.632031;3 out of 4
814.627968;814.627968;"PC(17:2(9Z,12Z)/21:0)";[M+H];C46H88NO8P;-4.06341e-3;-4.988026;814.632031;3 out of 4
814.627968;814.627968;"PC(18:1(9Z)/20:1(11Z))";[M+H];C46H88NO8P;-4.06341e-3;-4.988026;814.632031;3 out of 4
814.627968;814.627968;"PC(18:2(9Z,12Z)/20:0)";[M+H];C46H88NO8P;-4.06341e-3;-4.988026;814.632031;3 out of 4
814.627968;814.627968;"PC(19:1(9Z)/19:1(9Z))";[M+H];C46H88NO8P;-4.06341e-3;-4.988026;814.632031;3 out of 4
814.627968;814.627968;"PC(20:1(11Z)/18:1(9Z))";[M+H];C46H88NO8P;-4.06341e-3;-4.988026;814.632031;3 out of 4
814.627968;814.627968;"PC(20:2(11Z,14Z)/18:0)";[M+H];C46H88NO8P;-4.06341e-3;-4.988026;814.632031;3 out of 4
814.627968;814.627968;"PC(21:0/17:2(9Z,12Z))";[M+H];C46H88NO8P;-4.06341e-3;-4.988026;814.632031;3 out of 4
814.627968;814.627968;"PC(22:1(11Z)/16:1(9Z))";[M+H];C46H88NO8P;-4.06341e-3;-4.988026;814.632031;3 out of 4
814.627968;814.627968;"PC(22:2(13Z,16Z)/16:0)";[M+H];C46H88NO8P;-4.06341e-3;-4.988026;814.632031;3 out of 4
814.627968;814.627968;"PE(19:0/22:2(13Z,16Z))";[M+H];C46H88NO8P;-4.06341e-3;-4.988026;814.632031;3 out of 4
814.627968;814.627968;"PE(19:1(9Z)/22:1(11Z))";[M+H];C46H88NO8P;-4.06341e-3;-4.988026;814.632031;3 out of 4
814.627968;814.627968;"PE(20:2(11Z,14Z)/21:0)";[M+H];C46H88NO8P;-4.06341e-3;-4.988026;814.632031;3 out of 4
814.627968;814.627968;"PE(21:0/20:2(11Z,14Z))";[M+H];C46H88NO8P;-4.06341e-3;-4.988026;814.632031;3 out of 4
814.627968;814.627968;"PE(22:1(11Z)/19:1(9Z))";[M+H];C46H88NO8P;-4.06341e-3;-4.988026;814.632031;3 out of 4
814.627968;814.627968;"PE(22:2(13Z,16Z)/19:0)";[M+H];C46H88NO8P;-4.06341e-3;-4.988026;814.632031;3 out of 4
815.632283;815.632283;"DG(18:3(9Z,12Z,15Z)/20:0/0:0)[iso2]";[M+NORHARMANE+H];C41H74O5;1.73253e-3;2.124163;815.630550;1 out of 4
815.632283;815.632283;"DG(18:2(9Z,12Z)/20:1(11Z)/0:0)[iso2]";[M+NORHARMANE+H];C41H74O5;1.73253e-3;2.124163;815.630550;1 out of 4
815.632283;815.632283;"DG(18:1(9Z)/20:2(11Z,14Z)/0:0)[iso2]";[M+NORHARMANE+H];C41H74O5;1.73253e-3;2.124163;815.630550;1 out of 4
815.632283;815.632283;"DG(18:0/20:3(8Z,11Z,14Z)/0:0)[iso2]";[M+NORHARMANE+H];C41H74O5;1.73253e-3;2.124163;815.630550;1 out of 4
815.632283;815.632283;"DG(16:0/22:3(10Z,13Z,16Z)/0:0)[iso2]";[M+NORHARMANE+H];C41H74O5;1.73253e-3;2.124163;815.630550;1 out of 4
815.632283;815.632283;"DG(16:1(9Z)/22:2(13Z,16Z)/0:0)[iso2]";[M+NORHARMANE+H];C41H74O5;1.73253e-3;2.124163;815.630550;1 out of 4
815.632283;815.632283;"DG(18:3(6Z,9Z,12Z)/20:0/0:0)[iso2]";[M+NORHARMANE+H];C41H74O5;1.73253e-3;2.124163;815.630550;1 out of 4
815.696515;815.696515;"SM(d18:1/24:0)";[M+H];C47H95N2O6P;-3.53639e-3;-4.335405;815.700051;3 out of 4
815.696515;815.696515;"SM(d18:0/24:1(15Z))";[M+H];C47H95N2O6P;-3.53639e-3;-4.335405;815.700051;3 out of 4
816.547538;816.547538;"PC(15:1(9Z)/22:4(7Z,10Z,13Z,16Z))";[M+Na];C45H80NO8P;-3.83715e-3;-4.699214;816.551375;1 out of 4
816.547538;816.547538;"PC(17:0/20:5(5Z,8Z,11Z,14Z,17Z))";[M+Na];C45H80NO8P;-3.83715e-3;-4.699214;816.551375;1 out of 4
816.547538;816.547538;"PC(17:1(9Z)/20:4(5Z,8Z,11Z,14Z))";[M+Na];C45H80NO8P;-3.83715e-3;-4.699214;816.551375;1 out of 4
816.547538;816.547538;"PC(17:2(9Z,12Z)/20:3(8Z,11Z,14Z))";[M+Na];C45H80NO8P;-3.83715e-3;-4.699214;816.551375;1 out of 4
816.547538;816.547538;"PC(18:4(6Z,9Z,12Z,15Z)/19:1(9Z))";[M+Na];C45H80NO8P;-3.83715e-3;-4.699214;816.551375;1 out of 4
816.547538;816.547538;"PC(19:1(9Z)/18:4(6Z,9Z,12Z,15Z))";[M+Na];C45H80NO8P;-3.83715e-3;-4.699214;816.551375;1 out of 4
816.547538;816.547538;"PC(20:3(8Z,11Z,14Z)/17:2(9Z,12Z))";[M+Na];C45H80NO8P;-3.83715e-3;-4.699214;816.551375;1 out of 4
816.547538;816.547538;"PC(20:4(5Z,8Z,11Z,14Z)/17:1(9Z))";[M+Na];C45H80NO8P;-3.83715e-3;-4.699214;816.551375;1 out of 4
816.547538;816.547538;"PC(20:5(5Z,8Z,11Z,14Z,17Z)/17:0)";[M+Na];C45H80NO8P;-3.83715e-3;-4.699214;816.551375;1 out of 4
816.547538;816.547538;"PC(22:4(7Z,10Z,13Z,16Z)/15:1(9Z))";[M+Na];C45H80NO8P;-3.83715e-3;-4.699214;816.551375;1 out of 4
816.547538;816.547538;"PE(18:1(9Z)/22:4(7Z,10Z,13Z,16Z))";[M+Na];C45H80NO8P;-3.83715e-3;-4.699214;816.551375;1 out of 4
816.547538;816.547538;"PE(18:3(6Z,9Z,12Z)/22:2(13Z,16Z))";[M+Na];C45H80NO8P;-3.83715e-3;-4.699214;816.551375;1 out of 4
816.547538;816.547538;"PE(18:3(9Z,12Z,15Z)/22:2(13Z,16Z))";[M+Na];C45H80NO8P;-3.83715e-3;-4.699214;816.551375;1 out of 4
816.547538;816.547538;"PE(18:4(6Z,9Z,12Z,15Z)/22:1(11Z))";[M+Na];C45H80NO8P;-3.83715e-3;-4.699214;816.551375;1 out of 4
816.547538;816.547538;"PE(20:0/20:5(5Z,8Z,11Z,14Z,17Z))";[M+Na];C45H80NO8P;-3.83715e-3;-4.699214;816.551375;1 out of 4
816.547538;816.547538;"PE(20:1(11Z)/20:4(5Z,8Z,11Z,14Z))";[M+Na];C45H80NO8P;-3.83715e-3;-4.699214;816.551375;1 out of 4
816.547538;816.547538;"PE(20:2(11Z,14Z)/20:3(8Z,11Z,14Z))";[M+Na];C45H80NO8P;-3.83715e-3;-4.699214;816.551375;1 out of 4
816.547538;816.547538;"PE(20:3(8Z,11Z,14Z)/20:2(11Z,14Z))";[M+Na];C45H80NO8P;-3.83715e-3;-4.699214;816.551375;1 out of 4
816.547538;816.547538;"PE(20:4(5Z,8Z,11Z,14Z)/20:1(11Z))";[M+Na];C45H80NO8P;-3.83715e-3;-4.699214;816.551375;1 out of 4
816.547538;816.547538;"PE(20:5(5Z,8Z,11Z,14Z,17Z)/20:0)";[M+Na];C45H80NO8P;-3.83715e-3;-4.699214;816.551375;1 out of 4
816.547538;816.547538;"PE(22:1(11Z)/18:4(6Z,9Z,12Z,15Z))";[M+Na];C45H80NO8P;-3.83715e-3;-4.699214;816.551375;1 out of 4
816.547538;816.547538;"PE(22:2(13Z,16Z)/18:3(6Z,9Z,12Z))";[M+Na];C45H80NO8P;-3.83715e-3;-4.699214;816.551375;1 out of 4
816.547538;816.547538;"PE(22:2(13Z,16Z)/18:3(9Z,12Z,15Z))";[M+Na];C45H80NO8P;-3.83715e-3;-4.699214;816.551375;1 out of 4
816.547538;816.547538;"PE(22:4(7Z,10Z,13Z,16Z)/18:1(9Z))";[M+Na];C45H80NO8P;-3.83715e-3;-4.699214;816.551375;1 out of 4
816.547538;816.547538;"PS(O-20:0/16:0)";[M+K];C42H84NO9P;-3.98890e-3;-4.885054;816.551527;1 out of 4
816.547538;816.547538;"PS(O-18:0/18:0)";[M+K];C42H84NO9P;-3.98890e-3;-4.885054;816.551527;1 out of 4
816.547538;816.547538;"PS(O-16:0/20:0)";[M+K];C42H84NO9P;-3.98890e-3;-4.885054;816.551527;1 out of 4
816.583749;816.583749;"PC(O-16:0/22:5(7Z,10Z,13Z,16Z,19Z))";[M+Na];C46H84NO7P;-4.01166e-3;-4.912709;816.587761;2 out of 4
816.583749;816.583749;"PC(O-18:0/20:5(5Z,8Z,11Z,14Z,17Z))";[M+Na];C46H84NO7P;-4.01166e-3;-4.912709;816.587761;2 out of 4
816.583749;816.583749;"PC(O-18:1(9Z)/20:4(5Z,8Z,11Z,14Z))";[M+Na];C46H84NO7P;-4.01166e-3;-4.912709;816.587761;2 out of 4
816.583749;816.583749;"PC(O-18:1(9Z)/20:4(8Z,11Z,14Z,17Z))";[M+Na];C46H84NO7P;-4.01166e-3;-4.912709;816.587761;2 out of 4
816.583749;816.583749;"PC(P-18:0/20:4(5Z,8Z,11Z,14Z))";[M+Na];C46H84NO7P;-4.01166e-3;-4.912709;816.587761;2 out of 4
816.583749;816.583749;"PC(P-16:0/22:4(7Z,10Z,13Z,16Z))";[M+Na];C46H84NO7P;-4.01166e-3;-4.912709;816.587761;2 out of 4
816.583749;816.583749;"PC(P-20:0/18:4(6Z,9Z,12Z,15Z))";[M+Na];C46H84NO7P;-4.01166e-3;-4.912709;816.587761;2 out of 4
816.699442;816.699442;"Cer(d18:1/24:1(15Z))";[M+NORHARMANE+H];C42H81NO3;8.71548e-4;1.067160;816.698570;1 out of 4
816.699442;816.699442;"Cer(d18:2/24:0)";[M+NORHARMANE+H];C42H81NO3;8.71548e-4;1.067160;816.698570;1 out of 4
817.587852;817.587852;"PA(O-18:0/15:0)";[M+NORHARMANE+H];C36H73O7P;1.53569e-3;1.878326;817.586316;1 out of 4
817.587852;817.587852;"PA(O-20:0/13:0)";[M+NORHARMANE+H];C36H73O7P;1.53569e-3;1.878326;817.586316;1 out of 4
817.587852;817.587852;"PA(O-16:0/17:0)";[M+NORHARMANE+H];C36H73O7P;1.53569e-3;1.878326;817.586316;1 out of 4
817.587852;817.587852;Unknown Name;[M+NORHARMANE+H];C43H68O4;-8.33656e-4;-1.019652;817.588686;302 out of 4
817.587852;817.587852;1-(8-[1]-ladderane-octanoyl)-2-(8-[3]-ladderane-octanyl)-sn-glycerol;[M+NORHARMANE+H];C43H68O4;-8.33656e-4;-1.019652;817.588686;2 out of 4
817.587852;817.587852;1-(8-[5]-ladderane-octanoyl)-2-(8-[3]-ladderane-octanyl)-sn-glycerol;[M+NORHARMANE+H];C43H68O4;-8.33656e-4;-1.019652;817.588686;1 out of 4
817.587852;817.587852;1-(8-[5]-ladderane-octanoyl)-2-(8-[1]-ladderane-octanyl)-sn-glycerol;[M+NORHARMANE+H];C43H68O4;-8.33656e-4;-1.019652;817.588686;1 out of 4
817.587852;817.587852;1-(8-[1]-ladderane-octanoyl)-2-(8-[1]-ladderane-octanyl)-sn-glycerol;[M+NORHARMANE+H];C43H68O4;-8.33656e-4;-1.019652;817.588686;2 out of 4
818.477187;818.477187;"PE(16:0/22:6(4Z,7Z,10Z,12E,16Z,19Z)(14OH))";[M+K];C43H74NO9P;3.91042e-3;4.777703;818.473277;1 out of 4
818.505484;818.505484;"(3'-sulfo)Galbeta-Cer(d18:1/16:0(2OH))";[M+Na];C40H77NO12S;-3.83904e-4;-0.469030;818.505868;2 out of 4
818.505484;818.505484;PON-PC;[M+NORHARMANE+H];C33H64NO9P;-3.31026e-3;-4.044255;818.508794;4 out of 4
818.505484;818.505484;"1-(2-methoxy-5Z,9Z-hexacosadienyl)-sn-glycero-3-phosphoserine";[M+NORHARMANE+H];C33H64NO9P;-3.31026e-3;-4.044255;818.508794;4 out of 4
818.505484;818.505484;"1-(2-methoxy-5Z,19Z-hexacosadienyl)-sn-glycero-3-phosphoserine";[M+NORHARMANE+H];C33H64NO9P;-3.31026e-3;-4.044255;818.508794;4 out of 4
818.563093;818.563093;"PC(17:0/20:4(5Z,8Z,11Z,14Z))";[M+Na];C45H82NO8P;-3.93221e-3;-4.803778;818.567025;2 out of 4
818.563093;818.563093;"PC(15:0/22:4(7Z,10Z,13Z,16Z))";[M+Na];C45H82NO8P;-3.93221e-3;-4.803778;818.567025;2 out of 4
818.563093;818.563093;"PC(17:1(9Z)/20:3(8Z,11Z,14Z))";[M+Na];C45H82NO8P;-3.93221e-3;-4.803778;818.567025;2 out of 4
818.563093;818.563093;"PC(17:2(9Z,12Z)/20:2(11Z,14Z))";[M+Na];C45H82NO8P;-3.93221e-3;-4.803778;818.567025;2 out of 4
818.563093;818.563093;"PC(18:3(6Z,9Z,12Z)/19:1(9Z))";[M+Na];C45H82NO8P;-3.93221e-3;-4.803778;818.567025;2 out of 4
818.563093;818.563093;"PC(18:3(9Z,12Z,15Z)/19:1(9Z))";[M+Na];C45H82NO8P;-3.93221e-3;-4.803778;818.567025;2 out of 4
818.563093;818.563093;"PC(18:4(6Z,9Z,12Z,15Z)/19:0)";[M+Na];C45H82NO8P;-3.93221e-3;-4.803778;818.567025;2 out of 4
818.563093;818.563093;"PC(19:0/18:4(6Z,9Z,12Z,15Z))";[M+Na];C45H82NO8P;-3.93221e-3;-4.803778;818.567025;2 out of 4
818.563093;818.563093;"PC(19:1(9Z)/18:3(6Z,9Z,12Z))";[M+Na];C45H82NO8P;-3.93221e-3;-4.803778;818.567025;2 out of 4
818.563093;818.563093;"PC(19:1(9Z)/18:3(9Z,12Z,15Z))";[M+Na];C45H82NO8P;-3.93221e-3;-4.803778;818.567025;2 out of 4
818.563093;818.563093;"PC(20:2(11Z,14Z)/17:2(9Z,12Z))";[M+Na];C45H82NO8P;-3.93221e-3;-4.803778;818.567025;2 out of 4
818.563093;818.563093;"PC(20:3(8Z,11Z,14Z)/17:1(9Z))";[M+Na];C45H82NO8P;-3.93221e-3;-4.803778;818.567025;2 out of 4
818.563093;818.563093;"PC(20:4(5Z,8Z,11Z,14Z)/17:0)";[M+Na];C45H82NO8P;-3.93221e-3;-4.803778;818.567025;2 out of 4
818.563093;818.563093;"PC(22:4(7Z,10Z,13Z,16Z)/15:0)";[M+Na];C45H82NO8P;-3.93221e-3;-4.803778;818.567025;2 out of 4
818.563093;818.563093;"PE(18:2(9Z,12Z)/22:2(13Z,16Z))";[M+Na];C45H82NO8P;-3.93221e-3;-4.803778;818.567025;2 out of 4
818.563093;818.563093;"PE(18:3(6Z,9Z,12Z)/22:1(11Z))";[M+Na];C45H82NO8P;-3.93221e-3;-4.803778;818.567025;2 out of 4
818.563093;818.563093;"PE(18:3(9Z,12Z,15Z)/22:1(11Z))";[M+Na];C45H82NO8P;-3.93221e-3;-4.803778;818.567025;2 out of 4
818.563093;818.563093;"PE(18:4(6Z,9Z,12Z,15Z)/22:0)";[M+Na];C45H82NO8P;-3.93221e-3;-4.803778;818.567025;2 out of 4
818.563093;818.563093;"PE(20:1(11Z)/20:3(8Z,11Z,14Z))";[M+Na];C45H82NO8P;-3.93221e-3;-4.803778;818.567025;2 out of 4
818.563093;818.563093;"PE(20:2(11Z,14Z)/20:2(11Z,14Z))";[M+Na];C45H82NO8P;-3.93221e-3;-4.803778;818.567025;2 out of 4
818.563093;818.563093;"PE(20:3(8Z,11Z,14Z)/20:1(11Z))";[M+Na];C45H82NO8P;-3.93221e-3;-4.803778;818.567025;2 out of 4
818.563093;818.563093;"PE(20:4(5Z,8Z,11Z,14Z)/20:0)";[M+Na];C45H82NO8P;-3.93221e-3;-4.803778;818.567025;2 out of 4
818.563093;818.563093;"PE(22:0/18:4(6Z,9Z,12Z,15Z))";[M+Na];C45H82NO8P;-3.93221e-3;-4.803778;818.567025;2 out of 4
818.563093;818.563093;"PE(22:1(11Z)/18:3(6Z,9Z,12Z))";[M+Na];C45H82NO8P;-3.93221e-3;-4.803778;818.567025;2 out of 4
818.563093;818.563093;"PE(22:1(11Z)/18:3(9Z,12Z,15Z))";[M+Na];C45H82NO8P;-3.93221e-3;-4.803778;818.567025;2 out of 4
818.563093;818.563093;"PE(22:2(13Z,16Z)/18:2(9Z,12Z))";[M+Na];C45H82NO8P;-3.93221e-3;-4.803778;818.567025;2 out of 4
818.563093;818.563093;"PE(22:4(7Z,10Z,13Z,16Z)/18:0)";[M+Na];C45H82NO8P;-3.93221e-3;-4.803778;818.567025;2 out of 4
818.563093;818.563093;"PE(20:0/20:4(5Z,8Z,11Z,14Z))";[M+Na];C45H82NO8P;-3.93221e-3;-4.803778;818.567025;2 out of 4
818.563093;818.563093;"PE(18:0/22:4(7Z,10Z,13Z,16Z))";[M+Na];C45H82NO8P;-3.93221e-3;-4.803778;818.567025;2 out of 4
818.599483;818.599483;"PC(O-18:0/20:4(5E,8E,11E,14E))";[M+Na];C46H86NO7P;-3.92772e-3;-4.798077;818.603411;2 out of 4
818.599483;818.599483;"PC(O-18:0/20:4(5Z,8Z,11Z,14Z))";[M+Na];C46H86NO7P;-3.92772e-3;-4.798077;818.603411;2 out of 4
818.599483;818.599483;"PC(O-16:0/22:4(7Z,10Z,13Z,16Z))";[M+Na];C46H86NO7P;-3.92772e-3;-4.798077;818.603411;2 out of 4
818.599483;818.599483;"PC(O-20:0/18:4(6Z,9Z,12Z,15Z))";[M+Na];C46H86NO7P;-3.92772e-3;-4.798077;818.603411;2 out of 4
818.599483;818.599483;"PC(O-18:0/20:4(8Z,11Z,14Z,17Z))";[M+Na];C46H86NO7P;-3.92772e-3;-4.798077;818.603411;2 out of 4
818.599483;818.599483;"PC(P-18:0/20:3(8Z,11Z,14Z))";[M+Na];C46H86NO7P;-3.92772e-3;-4.798077;818.603411;2 out of 4
818.599483;818.599483;"PC(P-20:0/18:3(6Z,9Z,12Z))";[M+Na];C46H86NO7P;-3.92772e-3;-4.798077;818.603411;2 out of 4
818.599483;818.599483;"PC(P-20:0/18:3(9Z,12Z,15Z))";[M+Na];C46H86NO7P;-3.92772e-3;-4.798077;818.603411;2 out of 4
818.599483;818.599483;"PC(P-18:0/20:3(5Z,8Z,11Z))";[M+Na];C46H86NO7P;-3.92772e-3;-4.798077;818.603411;2 out of 4
818.599483;818.599483;"PC(P-18:1(11Z)/20:2(11Z,14Z))";[M+Na];C46H86NO7P;-3.92772e-3;-4.798077;818.603411;2 out of 4
819.565994;819.565994;"DG(17:2(9Z,12Z)/22:6(4Z,7Z,10Z,13Z,16Z,19Z)/0:0)[iso2]";[M+NORHARMANE+H];C42H66O5;-1.95621e-3;-2.386882;819.567950;1 out of 4
819.565994;819.565994;3-demethylubiquinone-9;[M+K];C53H80O4;-2.82404e-3;-3.445763;819.568818;2 out of 4
820.455578;820.455578;PHHdiA-PC;[M+NORHARMANE+H];C31H58NO11P;3.90469e-3;4.759200;820.451673;1 out of 4
820.455578;820.455578;PON-PS;[M+NORHARMANE+H];C31H58NO11P;3.90469e-3;4.759200;820.451673;1 out of 4
820.455578;820.455578;"PS(14:1(9Z)/22:4(7Z,10Z,13Z,16Z))";[M+K];C42H72NO10P;3.03687e-3;3.701452;820.452541;1 out of 4
820.455578;820.455578;"PS(18:1(9Z)/18:4(6Z,9Z,12Z,15Z))";[M+K];C42H72NO10P;3.03687e-3;3.701452;820.452541;1 out of 4
820.455578;820.455578;"PS(18:2(9Z,12Z)/18:3(6Z,9Z,12Z))";[M+K];C42H72NO10P;3.03687e-3;3.701452;820.452541;1 out of 4
820.455578;820.455578;"PS(18:2(9Z,12Z)/18:3(9Z,12Z,15Z))";[M+K];C42H72NO10P;3.03687e-3;3.701452;820.452541;1 out of 4
820.455578;820.455578;"PS(18:3(6Z,9Z,12Z)/18:2(9Z,12Z))";[M+K];C42H72NO10P;3.03687e-3;3.701452;820.452541;1 out of 4
820.455578;820.455578;"PS(18:3(9Z,12Z,15Z)/18:2(9Z,12Z))";[M+K];C42H72NO10P;3.03687e-3;3.701452;820.452541;1 out of 4
820.455578;820.455578;"PS(18:4(6Z,9Z,12Z,15Z)/18:1(9Z))";[M+K];C42H72NO10P;3.03687e-3;3.701452;820.452541;1 out of 4
820.455578;820.455578;"PS(20:4(5Z,8Z,11Z,14Z)/16:1(9Z))";[M+K];C42H72NO10P;3.03687e-3;3.701452;820.452541;1 out of 4
820.455578;820.455578;"PS(20:5(5Z,8Z,11Z,14Z,17Z)/16:0)";[M+K];C42H72NO10P;3.03687e-3;3.701452;820.452541;1 out of 4
820.455578;820.455578;"PS(22:4(7Z,10Z,13Z,16Z)/14:1(9Z))";[M+K];C42H72NO10P;3.03687e-3;3.701452;820.452541;1 out of 4
820.455578;820.455578;"PS(16:1(9Z)/20:4(5Z,8Z,11Z,14Z))";[M+K];C42H72NO10P;3.03687e-3;3.701452;820.452541;1 out of 4
820.455578;820.455578;"PS(16:0/20:5(5Z,8Z,11Z,14Z,17Z))";[M+K];C42H72NO10P;3.03687e-3;3.701452;820.452541;1 out of 4
820.520572;820.520572;"PC(O-16:0/9:0(COOH))";[M+NORHARMANE+H];C33H66NO9P;-3.87232e-3;-4.719326;820.524444;2 out of 4
820.520572;820.520572;1-(2-methoxy-19Z-hexacosenyl)-sn-glycero-3-phosphoserine;[M+NORHARMANE+H];C33H66NO9P;-3.87232e-3;-4.719326;820.524444;2 out of 4
821.524205;821.524205;"PA(P-16:0/18:4(6Z,9Z,12Z,15Z))";[M+NORHARMANE+H];C37H65O7P;4.88950e-4;0.595175;821.523716;1 out of 4
822.594600;822.594600;"PC(15:0/22:2(13Z,16Z))";[M+Na];C45H86NO8P;-3.72534e-3;-4.528750;822.598325;1 out of 4
822.594600;822.594600;"PC(15:1(9Z)/22:1(11Z))";[M+Na];C45H86NO8P;-3.72534e-3;-4.528750;822.598325;1 out of 4
822.594600;822.594600;"PC(17:0/20:2(11Z,14Z))";[M+Na];C45H86NO8P;-3.72534e-3;-4.528750;822.598325;1 out of 4
822.594600;822.594600;"PC(17:1(9Z)/20:1(11Z))";[M+Na];C45H86NO8P;-3.72534e-3;-4.528750;822.598325;1 out of 4
822.594600;822.594600;"PC(17:2(9Z,12Z)/20:0)";[M+Na];C45H86NO8P;-3.72534e-3;-4.528750;822.598325;1 out of 4
822.594600;822.594600;"PC(18:1(9Z)/19:1(9Z))";[M+Na];C45H86NO8P;-3.72534e-3;-4.528750;822.598325;1 out of 4
822.594600;822.594600;"PC(18:2(9Z,12Z)/19:0)";[M+Na];C45H86NO8P;-3.72534e-3;-4.528750;822.598325;1 out of 4
822.594600;822.594600;"PC(19:0/18:2(9Z,12Z))";[M+Na];C45H86NO8P;-3.72534e-3;-4.528750;822.598325;1 out of 4
822.594600;822.594600;"PC(19:1(9Z)/18:1(9Z))";[M+Na];C45H86NO8P;-3.72534e-3;-4.528750;822.598325;1 out of 4
822.594600;822.594600;"PC(20:0/17:2(9Z,12Z))";[M+Na];C45H86NO8P;-3.72534e-3;-4.528750;822.598325;1 out of 4
822.594600;822.594600;"PC(20:1(11Z)/17:1(9Z))";[M+Na];C45H86NO8P;-3.72534e-3;-4.528750;822.598325;1 out of 4
822.594600;822.594600;"PC(20:2(11Z,14Z)/17:0)";[M+Na];C45H86NO8P;-3.72534e-3;-4.528750;822.598325;1 out of 4
822.594600;822.594600;"PC(22:1(11Z)/15:1(9Z))";[M+Na];C45H86NO8P;-3.72534e-3;-4.528750;822.598325;1 out of 4
822.594600;822.594600;"PC(22:2(13Z,16Z)/15:0)";[M+Na];C45H86NO8P;-3.72534e-3;-4.528750;822.598325;1 out of 4
822.594600;822.594600;"PE(20:0/20:2(11Z,14Z))";[M+Na];C45H86NO8P;-3.72534e-3;-4.528750;822.598325;1 out of 4
822.594600;822.594600;"PE(18:0/22:2(13Z,16Z))";[M+Na];C45H86NO8P;-3.72534e-3;-4.528750;822.598325;1 out of 4
822.594600;822.594600;"PE(18:1(9Z)/22:1(11Z))";[M+Na];C45H86NO8P;-3.72534e-3;-4.528750;822.598325;1 out of 4
822.594600;822.594600;"PE(18:2(9Z,12Z)/22:0)";[M+Na];C45H86NO8P;-3.72534e-3;-4.528750;822.598325;1 out of 4
822.594600;822.594600;"PE(20:2(11Z,14Z)/20:0)";[M+Na];C45H86NO8P;-3.72534e-3;-4.528750;822.598325;1 out of 4
822.594600;822.594600;"PE(22:0/18:2(9Z,12Z))";[M+Na];C45H86NO8P;-3.72534e-3;-4.528750;822.598325;1 out of 4
822.594600;822.594600;"PE(22:1(11Z)/18:1(9Z))";[M+Na];C45H86NO8P;-3.72534e-3;-4.528750;822.598325;1 out of 4
822.594600;822.594600;"PE(22:2(13Z,16Z)/18:0)";[M+Na];C45H86NO8P;-3.72534e-3;-4.528750;822.598325;1 out of 4
822.594600;822.594600;"PE(20:1(11Z)/20:1(11Z))";[M+Na];C45H86NO8P;-3.72534e-3;-4.528750;822.598325;1 out of 4
823.539879;823.539879;"PA(O-16:0/18:4(6Z,9Z,12Z,15Z))";[M+NORHARMANE+H];C37H67O7P;5.12886e-4;0.622783;823.539366;1 out of 4
823.539879;823.539879;"PA(P-16:0/18:3(6Z,9Z,12Z))";[M+NORHARMANE+H];C37H67O7P;5.12886e-4;0.622783;823.539366;1 out of 4
823.539879;823.539879;"PA(P-16:0/18:3(9Z,12Z,15Z))";[M+NORHARMANE+H];C37H67O7P;5.12886e-4;0.622783;823.539366;1 out of 4
823.539879;823.539879;"FAHFA(22:6/14-O-22:6)";[M+NORHARMANE+H];C44H62O4;-1.85646e-3;-2.254244;823.541735;2 out of 4
823.662670;823.662670;"SM(d16:1/25:0)";[M+Na];C46H93N2O6P;-3.67533e-3;-4.462154;823.666345;3 out of 4
823.662670;823.662670;"SM(d17:1/24:0)";[M+Na];C46H93N2O6P;-3.67533e-3;-4.462154;823.666345;3 out of 4
823.662670;823.662670;"SM(d18:1/23:0)";[M+Na];C46H93N2O6P;-3.67533e-3;-4.462154;823.666345;3 out of 4
824.540661;824.540661;"PS(15:0/22:2(13Z,16Z))";[M+Na];C43H80NO10P;-5.43390e-4;-0.659021;824.541204;1 out of 4
824.540661;824.540661;"PS(15:1(9Z)/22:1(11Z))";[M+Na];C43H80NO10P;-5.43390e-4;-0.659021;824.541204;1 out of 4
824.540661;824.540661;"PS(17:0/20:2(11Z,14Z))";[M+Na];C43H80NO10P;-5.43390e-4;-0.659021;824.541204;1 out of 4
824.540661;824.540661;"PS(17:1(9Z)/20:1(11Z))";[M+Na];C43H80NO10P;-5.43390e-4;-0.659021;824.541204;1 out of 4
824.540661;824.540661;"PS(17:2(9Z,12Z)/20:0)";[M+Na];C43H80NO10P;-5.43390e-4;-0.659021;824.541204;1 out of 4
824.540661;824.540661;"PS(18:1(9Z)/19:1(9Z))";[M+Na];C43H80NO10P;-5.43390e-4;-0.659021;824.541204;1 out of 4
824.540661;824.540661;"PS(18:2(9Z,12Z)/19:0)";[M+Na];C43H80NO10P;-5.43390e-4;-0.659021;824.541204;1 out of 4
824.540661;824.540661;"PS(19:0/18:2(9Z,12Z))";[M+Na];C43H80NO10P;-5.43390e-4;-0.659021;824.541204;1 out of 4
824.540661;824.540661;"PS(19:1(9Z)/18:1(9Z))";[M+Na];C43H80NO10P;-5.43390e-4;-0.659021;824.541204;1 out of 4
824.540661;824.540661;"PS(20:0/17:2(9Z,12Z))";[M+Na];C43H80NO10P;-5.43390e-4;-0.659021;824.541204;1 out of 4
824.540661;824.540661;"PS(20:1(11Z)/17:1(9Z))";[M+Na];C43H80NO10P;-5.43390e-4;-0.659021;824.541204;1 out of 4
824.540661;824.540661;"PS(20:2(11Z,14Z)/17:0)";[M+Na];C43H80NO10P;-5.43390e-4;-0.659021;824.541204;1 out of 4
824.540661;824.540661;"PS(22:1(11Z)/15:1(9Z))";[M+Na];C43H80NO10P;-5.43390e-4;-0.659021;824.541204;1 out of 4
824.540661;824.540661;"PS(22:2(13Z,16Z)/15:0)";[M+Na];C43H80NO10P;-5.43390e-4;-0.659021;824.541204;1 out of 4
824.540661;824.540661;"PS(17:1(9Z)/22:4(7Z,10Z,13Z,16Z))";[M+H];C45H78NO10P;-2.94933e-3;-3.576919;824.543610;2 out of 4
824.540661;824.540661;"PS(19:0/20:5(5Z,8Z,11Z,14Z,17Z))";[M+H];C45H78NO10P;-2.94933e-3;-3.576919;824.543610;2 out of 4
824.540661;824.540661;"PS(19:1(9Z)/20:4(5Z,8Z,11Z,14Z))";[M+H];C45H78NO10P;-2.94933e-3;-3.576919;824.543610;2 out of 4
824.540661;824.540661;"PS(20:4(5Z,8Z,11Z,14Z)/19:1(9Z))";[M+H];C45H78NO10P;-2.94933e-3;-3.576919;824.543610;2 out of 4
824.540661;824.540661;"PS(20:5(5Z,8Z,11Z,14Z,17Z)/19:0)";[M+H];C45H78NO10P;-2.94933e-3;-3.576919;824.543610;2 out of 4
824.540661;824.540661;"PS(22:4(7Z,10Z,13Z,16Z)/17:1(9Z))";[M+H];C45H78NO10P;-2.94933e-3;-3.576919;824.543610;2 out of 4
824.552969;824.552969;"(3'-sulfo)Galbeta-Cer(d18:1/18:0(2OH))";[M+H];C42H81NO12S;-2.25503e-3;-2.734847;824.555224;2 out of 4
824.552969;824.552969;"PC(18:0/18:2(10Z,12Z))";[M+K];C44H84NO8P;-3.64328e-3;-4.418469;824.556612;2 out of 4
824.552969;824.552969;"PC(18:0/18:2(2E,4E))";[M+K];C44H84NO8P;-3.64328e-3;-4.418469;824.556612;2 out of 4
824.552969;824.552969;"PC(18:0/18:2(6Z,9Z))";[M+K];C44H84NO8P;-3.64328e-3;-4.418469;824.556612;2 out of 4
824.552969;824.552969;"PC(18:0/18:2(9Z,12Z))";[M+K];C44H84NO8P;-3.64328e-3;-4.418469;824.556612;2 out of 4
824.552969;824.552969;"PC(18:1(10Z)/18:1(10Z))";[M+K];C44H84NO8P;-3.64328e-3;-4.418469;824.556612;2 out of 4
824.552969;824.552969;"PC(18:1(11E)/18:1(11E))";[M+K];C44H84NO8P;-3.64328e-3;-4.418469;824.556612;2 out of 4
824.552969;824.552969;"PC(18:1(11Z)/18:1(11Z))";[M+K];C44H84NO8P;-3.64328e-3;-4.418469;824.556612;2 out of 4
824.552969;824.552969;"PC(18:1(12Z)/18:1(12Z))";[M+K];C44H84NO8P;-3.64328e-3;-4.418469;824.556612;2 out of 4
824.552969;824.552969;"PC(18:1(13Z)/18:1(13Z))";[M+K];C44H84NO8P;-3.64328e-3;-4.418469;824.556612;2 out of 4
824.552969;824.552969;"PC(18:1(14Z)/18:1(14Z))";[M+K];C44H84NO8P;-3.64328e-3;-4.418469;824.556612;2 out of 4
824.552969;824.552969;"PC(18:1(15Z)/18:1(15Z))";[M+K];C44H84NO8P;-3.64328e-3;-4.418469;824.556612;2 out of 4
824.552969;824.552969;"PC(18:1(16Z)/18:1(16Z))";[M+K];C44H84NO8P;-3.64328e-3;-4.418469;824.556612;2 out of 4
824.552969;824.552969;"PC(18:1(17Z)/18:1(17Z))";[M+K];C44H84NO8P;-3.64328e-3;-4.418469;824.556612;2 out of 4
824.552969;824.552969;"PC(18:1(2Z)/18:1(2Z))";[M+K];C44H84NO8P;-3.64328e-3;-4.418469;824.556612;2 out of 4
824.552969;824.552969;"PC(18:1(3Z)/18:1(3Z))";[M+K];C44H84NO8P;-3.64328e-3;-4.418469;824.556612;2 out of 4
824.552969;824.552969;"PC(18:1(5Z)/18:1(5Z))";[M+K];C44H84NO8P;-3.64328e-3;-4.418469;824.556612;2 out of 4
824.552969;824.552969;"PC(18:1(6E)/18:1(6E))";[M+K];C44H84NO8P;-3.64328e-3;-4.418469;824.556612;2 out of 4
824.552969;824.552969;"PC(18:1(6Z)/18:1(6Z))";[M+K];C44H84NO8P;-3.64328e-3;-4.418469;824.556612;2 out of 4
824.552969;824.552969;"PC(18:1(7Z)/18:1(7Z))";[M+K];C44H84NO8P;-3.64328e-3;-4.418469;824.556612;2 out of 4
824.552969;824.552969;"PC(18:1(8Z)/18:1(8Z))";[M+K];C44H84NO8P;-3.64328e-3;-4.418469;824.556612;2 out of 4
824.552969;824.552969;"PC(18:1(9E)/18:1(9E))";[M+K];C44H84NO8P;-3.64328e-3;-4.418469;824.556612;2 out of 4
824.552969;824.552969;"PC(18:1(9Z)/18:1(9Z))";[M+K];C44H84NO8P;-3.64328e-3;-4.418469;824.556612;2 out of 4
824.552969;824.552969;"PC(18:2(9Z,12Z)/18:0)";[M+K];C44H84NO8P;-3.64328e-3;-4.418469;824.556612;2 out of 4
824.552969;824.552969;"PC(18:1(4Z)/18:1(4Z))";[M+K];C44H84NO8P;-3.64328e-3;-4.418469;824.556612;2 out of 4
824.552969;824.552969;"PC(14:0/22:2(13Z,16Z))";[M+K];C44H84NO8P;-3.64328e-3;-4.418469;824.556612;2 out of 4
824.552969;824.552969;"PC(14:1(9Z)/22:1(11Z))";[M+K];C44H84NO8P;-3.64328e-3;-4.418469;824.556612;2 out of 4
824.552969;824.552969;"PC(16:0/20:2(11Z,14Z))";[M+K];C44H84NO8P;-3.64328e-3;-4.418469;824.556612;2 out of 4
824.552969;824.552969;"PC(16:1(9Z)/20:1(11Z))";[M+K];C44H84NO8P;-3.64328e-3;-4.418469;824.556612;2 out of 4
824.552969;824.552969;"PC(17:1(9Z)/19:1(9Z))";[M+K];C44H84NO8P;-3.64328e-3;-4.418469;824.556612;2 out of 4
824.552969;824.552969;"PC(17:2(9Z,12Z)/19:0)";[M+K];C44H84NO8P;-3.64328e-3;-4.418469;824.556612;2 out of 4
824.552969;824.552969;"PC(19:0/17:2(9Z,12Z))";[M+K];C44H84NO8P;-3.64328e-3;-4.418469;824.556612;2 out of 4
824.552969;824.552969;"PC(19:1(9Z)/17:1(9Z))";[M+K];C44H84NO8P;-3.64328e-3;-4.418469;824.556612;2 out of 4
824.552969;824.552969;"PC(20:1(11Z)/16:1(9Z))";[M+K];C44H84NO8P;-3.64328e-3;-4.418469;824.556612;2 out of 4
824.552969;824.552969;"PC(20:2(11Z,14Z)/16:0)";[M+K];C44H84NO8P;-3.64328e-3;-4.418469;824.556612;2 out of 4
824.552969;824.552969;"PC(22:1(11Z)/14:1(9Z))";[M+K];C44H84NO8P;-3.64328e-3;-4.418469;824.556612;2 out of 4
824.552969;824.552969;"PC(22:2(13Z,16Z)/14:0)";[M+K];C44H84NO8P;-3.64328e-3;-4.418469;824.556612;2 out of 4
824.552969;824.552969;"PC(14:1(9Z)/22:1(13Z))";[M+K];C44H84NO8P;-3.64328e-3;-4.418469;824.556612;2 out of 4
824.552969;824.552969;"PC(18:1(11Z)/18:1(9Z))";[M+K];C44H84NO8P;-3.64328e-3;-4.418469;824.556612;2 out of 4
824.552969;824.552969;"PC(18:1(9Z)/18:1(11Z))";[M+K];C44H84NO8P;-3.64328e-3;-4.418469;824.556612;2 out of 4
824.552969;824.552969;"PC(22:1(13Z)/14:1(9Z))";[M+K];C44H84NO8P;-3.64328e-3;-4.418469;824.556612;2 out of 4
824.552969;824.552969;"PE(17:0/22:2(13Z,16Z))";[M+K];C44H84NO8P;-3.64328e-3;-4.418469;824.556612;2 out of 4
824.552969;824.552969;"PE(17:1(9Z)/22:1(11Z))";[M+K];C44H84NO8P;-3.64328e-3;-4.418469;824.556612;2 out of 4
824.552969;824.552969;"PE(17:2(9Z,12Z)/22:0)";[M+K];C44H84NO8P;-3.64328e-3;-4.418469;824.556612;2 out of 4
824.552969;824.552969;"PE(18:2(9Z,12Z)/21:0)";[M+K];C44H84NO8P;-3.64328e-3;-4.418469;824.556612;2 out of 4
824.552969;824.552969;"PE(19:0/20:2(11Z,14Z))";[M+K];C44H84NO8P;-3.64328e-3;-4.418469;824.556612;2 out of 4
824.552969;824.552969;"PE(19:1(9Z)/20:1(11Z))";[M+K];C44H84NO8P;-3.64328e-3;-4.418469;824.556612;2 out of 4
824.552969;824.552969;"PE(20:1(11Z)/19:1(9Z))";[M+K];C44H84NO8P;-3.64328e-3;-4.418469;824.556612;2 out of 4
824.552969;824.552969;"PE(20:2(11Z,14Z)/19:0)";[M+K];C44H84NO8P;-3.64328e-3;-4.418469;824.556612;2 out of 4
824.552969;824.552969;"PE(21:0/18:2(9Z,12Z))";[M+K];C44H84NO8P;-3.64328e-3;-4.418469;824.556612;2 out of 4
824.552969;824.552969;"PE(22:0/17:2(9Z,12Z))";[M+K];C44H84NO8P;-3.64328e-3;-4.418469;824.556612;2 out of 4
824.552969;824.552969;"PE(22:1(11Z)/17:1(9Z))";[M+K];C44H84NO8P;-3.64328e-3;-4.418469;824.556612;2 out of 4
824.552969;824.552969;"PE(22:2(13Z,16Z)/17:0)";[M+K];C44H84NO8P;-3.64328e-3;-4.418469;824.556612;2 out of 4
824.611433;824.611433;"PC(15:0/22:1(11Z))";[M+Na];C45H88NO8P;-2.54241e-3;-3.083147;824.613975;3 out of 4
824.611433;824.611433;"PC(15:1(9Z)/22:0)";[M+Na];C45H88NO8P;-2.54241e-3;-3.083147;824.613975;3 out of 4
824.611433;824.611433;"PC(16:1(9Z)/21:0)";[M+Na];C45H88NO8P;-2.54241e-3;-3.083147;824.613975;3 out of 4
824.611433;824.611433;"PC(17:0/20:1(11Z))";[M+Na];C45H88NO8P;-2.54241e-3;-3.083147;824.613975;3 out of 4
824.611433;824.611433;"PC(17:1(9Z)/20:0)";[M+Na];C45H88NO8P;-2.54241e-3;-3.083147;824.613975;3 out of 4
824.611433;824.611433;"PC(18:0/19:1(9Z))";[M+Na];C45H88NO8P;-2.54241e-3;-3.083147;824.613975;3 out of 4
824.611433;824.611433;"PC(18:1(9Z)/19:0)";[M+Na];C45H88NO8P;-2.54241e-3;-3.083147;824.613975;3 out of 4
824.611433;824.611433;"PC(19:0/18:1(9Z))";[M+Na];C45H88NO8P;-2.54241e-3;-3.083147;824.613975;3 out of 4
824.611433;824.611433;"PC(19:1(9Z)/18:0)";[M+Na];C45H88NO8P;-2.54241e-3;-3.083147;824.613975;3 out of 4
824.611433;824.611433;"PC(20:0/17:1(9Z))";[M+Na];C45H88NO8P;-2.54241e-3;-3.083147;824.613975;3 out of 4
824.611433;824.611433;"PC(20:1(11Z)/17:0)";[M+Na];C45H88NO8P;-2.54241e-3;-3.083147;824.613975;3 out of 4
824.611433;824.611433;"PC(21:0/16:1(9Z))";[M+Na];C45H88NO8P;-2.54241e-3;-3.083147;824.613975;3 out of 4
824.611433;824.611433;"PC(22:0/15:1(9Z))";[M+Na];C45H88NO8P;-2.54241e-3;-3.083147;824.613975;3 out of 4
824.611433;824.611433;"PC(22:1(11Z)/15:0)";[M+Na];C45H88NO8P;-2.54241e-3;-3.083147;824.613975;3 out of 4
824.611433;824.611433;"PE(18:0/22:1(13Z))";[M+Na];C45H88NO8P;-2.54241e-3;-3.083147;824.613975;3 out of 4
824.611433;824.611433;"PE(20:0/20:1(11Z))";[M+Na];C45H88NO8P;-2.54241e-3;-3.083147;824.613975;3 out of 4
824.611433;824.611433;"PE(22:0/18:1(13Z))";[M+Na];C45H88NO8P;-2.54241e-3;-3.083147;824.613975;3 out of 4
824.611433;824.611433;"PE(22:0/18:1(11Z))";[M+Na];C45H88NO8P;-2.54241e-3;-3.083147;824.613975;3 out of 4
824.611433;824.611433;"PE(22:0/18:1(9Z))";[M+Na];C45H88NO8P;-2.54241e-3;-3.083147;824.613975;3 out of 4
824.611433;824.611433;"PE(22:0/18:1(7Z))";[M+Na];C45H88NO8P;-2.54241e-3;-3.083147;824.613975;3 out of 4
824.611433;824.611433;"PE(20:1(13E)/20:0)";[M+Na];C45H88NO8P;-2.54241e-3;-3.083147;824.613975;3 out of 4
824.611433;824.611433;"PE(18:1(11E)/22:0)";[M+Na];C45H88NO8P;-2.54241e-3;-3.083147;824.613975;3 out of 4
824.611433;824.611433;"PE(20:1(13Z)/20:0)";[M+Na];C45H88NO8P;-2.54241e-3;-3.083147;824.613975;3 out of 4
824.611433;824.611433;"PE(18:1(11Z)/22:0)";[M+Na];C45H88NO8P;-2.54241e-3;-3.083147;824.613975;3 out of 4
824.611433;824.611433;"PE(18:1(9Z)/22:0)";[M+Na];C45H88NO8P;-2.54241e-3;-3.083147;824.613975;3 out of 4
824.611433;824.611433;"PE(18:0/22:1(11Z))";[M+Na];C45H88NO8P;-2.54241e-3;-3.083147;824.613975;3 out of 4
824.611433;824.611433;"PE(19:1(9Z)/21:0)";[M+Na];C45H88NO8P;-2.54241e-3;-3.083147;824.613975;3 out of 4
824.611433;824.611433;"PE(20:1(11Z)/20:0)";[M+Na];C45H88NO8P;-2.54241e-3;-3.083147;824.613975;3 out of 4
824.611433;824.611433;"PE(21:0/19:1(9Z))";[M+Na];C45H88NO8P;-2.54241e-3;-3.083147;824.613975;3 out of 4
824.611433;824.611433;"PE(22:1(11Z)/18:0)";[M+Na];C45H88NO8P;-2.54241e-3;-3.083147;824.613975;3 out of 4
824.664776;824.664776;Oreacerebroside C;[M+H];C48H89NO9;3.76657e-3;4.567419;824.661009;1 out of 4
824.664776;824.664776;Oreacerebroside F;[M+H];C48H89NO9;3.76657e-3;4.567419;824.661009;1 out of 4
824.664776;824.664776;Oreacerebroside H;[M+H];C48H89NO9;3.76657e-3;4.567419;824.661009;1 out of 4
824.664776;824.664776;Ophidiacerebroside D;[M+H];C48H89NO9;3.76657e-3;4.567419;824.661009;1 out of 4
825.556216;825.556216;"PA(O-16:0/18:3(9Z,12Z,15Z))";[M+NORHARMANE+H];C37H69O7P;1.19982e-3;1.453352;825.555016;1 out of 4
825.556216;825.556216;"PA(O-16:0/18:3(6Z,9Z,12Z))";[M+NORHARMANE+H];C37H69O7P;1.19982e-3;1.453352;825.555016;1 out of 4
825.556216;825.556216;"PA(P-16:0/18:2(9Z,12Z))";[M+NORHARMANE+H];C37H69O7P;1.19982e-3;1.453352;825.555016;1 out of 4
825.620992;825.620992;"SM(d18:1/22:0)";[M+K];C45H91N2O6P;-3.64026e-3;-4.409101;825.624632;3 out of 4
825.620992;825.620992;"SM(d16:1/24:0)";[M+K];C45H91N2O6P;-3.64026e-3;-4.409101;825.624632;3 out of 4
826.495953;826.495953;"PS(18:1(9Z)/18:1(9Z))";[M+K];C42H78NO10P;-3.53833e-3;-4.281099;826.499491;1 out of 4
826.495953;826.495953;"PS(18:0/18:2(9Z,12Z))";[M+K];C42H78NO10P;-3.53833e-3;-4.281099;826.499491;1 out of 4
826.495953;826.495953;"PS(14:0/22:2(13Z,16Z))";[M+K];C42H78NO10P;-3.53833e-3;-4.281099;826.499491;1 out of 4
826.495953;826.495953;"PS(14:1(9Z)/22:1(11Z))";[M+K];C42H78NO10P;-3.53833e-3;-4.281099;826.499491;1 out of 4
826.495953;826.495953;"PS(16:0/20:2(11Z,14Z))";[M+K];C42H78NO10P;-3.53833e-3;-4.281099;826.499491;1 out of 4
826.495953;826.495953;"PS(16:1(9Z)/20:1(11Z))";[M+K];C42H78NO10P;-3.53833e-3;-4.281099;826.499491;1 out of 4
826.495953;826.495953;"PS(17:1(9Z)/19:1(9Z))";[M+K];C42H78NO10P;-3.53833e-3;-4.281099;826.499491;1 out of 4
826.495953;826.495953;"PS(17:2(9Z,12Z)/19:0)";[M+K];C42H78NO10P;-3.53833e-3;-4.281099;826.499491;1 out of 4
826.495953;826.495953;"PS(19:0/17:2(9Z,12Z))";[M+K];C42H78NO10P;-3.53833e-3;-4.281099;826.499491;1 out of 4
826.495953;826.495953;"PS(19:1(9Z)/17:1(9Z))";[M+K];C42H78NO10P;-3.53833e-3;-4.281099;826.499491;1 out of 4
826.495953;826.495953;"PS(20:1(11Z)/16:1(9Z))";[M+K];C42H78NO10P;-3.53833e-3;-4.281099;826.499491;1 out of 4
826.495953;826.495953;"PS(20:2(11Z,14Z)/16:0)";[M+K];C42H78NO10P;-3.53833e-3;-4.281099;826.499491;1 out of 4
826.495953;826.495953;"PS(22:1(11Z)/14:1(9Z))";[M+K];C42H78NO10P;-3.53833e-3;-4.281099;826.499491;1 out of 4
826.495953;826.495953;"PS(22:2(13Z,16Z)/14:0)";[M+K];C42H78NO10P;-3.53833e-3;-4.281099;826.499491;1 out of 4
826.495953;826.495953;"PS(18:2(9Z,12Z)/18:0)";[M+K];C42H78NO10P;-3.53833e-3;-4.281099;826.499491;1 out of 4
826.555724;826.555724;"PT(18:0/18:1(9Z))";[M+Na];C43H82NO10P;-1.13045e-3;-1.367666;826.556854;1 out of 4
826.555724;826.555724;"PS(15:0/22:1(11Z))";[M+Na];C43H82NO10P;-1.13045e-3;-1.367666;826.556854;1 out of 4
826.555724;826.555724;"PS(15:1(9Z)/22:0)";[M+Na];C43H82NO10P;-1.13045e-3;-1.367666;826.556854;1 out of 4
826.555724;826.555724;"PS(16:1(9Z)/21:0)";[M+Na];C43H82NO10P;-1.13045e-3;-1.367666;826.556854;1 out of 4
826.555724;826.555724;"PS(17:0/20:1(11Z))";[M+Na];C43H82NO10P;-1.13045e-3;-1.367666;826.556854;1 out of 4
826.555724;826.555724;"PS(17:1(9Z)/20:0)";[M+Na];C43H82NO10P;-1.13045e-3;-1.367666;826.556854;1 out of 4
826.555724;826.555724;"PS(18:0/19:1(9Z))";[M+Na];C43H82NO10P;-1.13045e-3;-1.367666;826.556854;1 out of 4
826.555724;826.555724;"PS(18:1(9Z)/19:0)";[M+Na];C43H82NO10P;-1.13045e-3;-1.367666;826.556854;1 out of 4
826.555724;826.555724;"PS(19:0/18:1(9Z))";[M+Na];C43H82NO10P;-1.13045e-3;-1.367666;826.556854;1 out of 4
826.555724;826.555724;"PS(19:1(9Z)/18:0)";[M+Na];C43H82NO10P;-1.13045e-3;-1.367666;826.556854;1 out of 4
826.555724;826.555724;"PS(20:0/17:1(9Z))";[M+Na];C43H82NO10P;-1.13045e-3;-1.367666;826.556854;1 out of 4
826.555724;826.555724;"PS(20:1(11Z)/17:0)";[M+Na];C43H82NO10P;-1.13045e-3;-1.367666;826.556854;1 out of 4
826.555724;826.555724;"PS(21:0/16:1(9Z))";[M+Na];C43H82NO10P;-1.13045e-3;-1.367666;826.556854;1 out of 4
826.555724;826.555724;"PS(22:0/15:1(9Z))";[M+Na];C43H82NO10P;-1.13045e-3;-1.367666;826.556854;1 out of 4
826.555724;826.555724;"PS(22:1(11Z)/15:0)";[M+Na];C43H82NO10P;-1.13045e-3;-1.367666;826.556854;1 out of 4
826.555724;826.555724;"PS(17:0/22:4(7Z,10Z,13Z,16Z))";[M+H];C45H80NO10P;-3.53639e-3;-4.278447;826.559260;2 out of 4
826.555724;826.555724;"PS(17:2(9Z,12Z)/22:2(13Z,16Z))";[M+H];C45H80NO10P;-3.53639e-3;-4.278447;826.559260;2 out of 4
826.555724;826.555724;"PS(18:4(6Z,9Z,12Z,15Z)/21:0)";[M+H];C45H80NO10P;-3.53639e-3;-4.278447;826.559260;2 out of 4
826.555724;826.555724;"PS(19:0/20:4(5Z,8Z,11Z,14Z))";[M+H];C45H80NO10P;-3.53639e-3;-4.278447;826.559260;2 out of 4
826.555724;826.555724;"PS(19:1(9Z)/20:3(8Z,11Z,14Z))";[M+H];C45H80NO10P;-3.53639e-3;-4.278447;826.559260;2 out of 4
826.555724;826.555724;"PS(20:3(8Z,11Z,14Z)/19:1(9Z))";[M+H];C45H80NO10P;-3.53639e-3;-4.278447;826.559260;2 out of 4
826.555724;826.555724;"PS(20:4(5Z,8Z,11Z,14Z)/19:0)";[M+H];C45H80NO10P;-3.53639e-3;-4.278447;826.559260;2 out of 4
826.555724;826.555724;"PS(21:0/18:4(6Z,9Z,12Z,15Z))";[M+H];C45H80NO10P;-3.53639e-3;-4.278447;826.559260;2 out of 4
826.555724;826.555724;"PS(22:2(13Z,16Z)/17:2(9Z,12Z))";[M+H];C45H80NO10P;-3.53639e-3;-4.278447;826.559260;2 out of 4
826.555724;826.555724;"PS(22:4(7Z,10Z,13Z,16Z)/17:0)";[M+H];C45H80NO10P;-3.53639e-3;-4.278447;826.559260;2 out of 4
826.568091;826.568091;"PE(P-20:0/22:6(4Z,7Z,10Z,13Z,16Z,19Z))";[M+Na];C47H82NO7P;-4.01959e-3;-4.862968;826.572111;1 out of 4
827.558688;827.558688;"PA(22:0/22:6(4Z,7Z,10Z,13Z,16Z,19Z))";[M+Na];C47H81O8P;2.56182e-3;3.095643;827.556126;1 out of 4
827.558688;827.558688;"PA(22:2(13Z,16Z)/22:4(7Z,10Z,13Z,16Z))";[M+Na];C47H81O8P;2.56182e-3;3.095643;827.556126;1 out of 4
827.558688;827.558688;"PA(22:4(7Z,10Z,13Z,16Z)/22:2(13Z,16Z))";[M+Na];C47H81O8P;2.56182e-3;3.095643;827.556126;1 out of 4
827.558688;827.558688;"PA(22:6(4Z,7Z,10Z,13Z,16Z,19Z)/22:0)";[M+Na];C47H81O8P;2.56182e-3;3.095643;827.556126;1 out of 4
827.558688;827.558688;"PG(O-16:0/22:2(13Z,16Z))";[M+K];C44H85O9P;2.41007e-3;2.912273;827.556278;1 out of 4
827.558688;827.558688;"PG(O-18:0/20:2(11Z,14Z))";[M+K];C44H85O9P;2.41007e-3;2.912273;827.556278;1 out of 4
827.558688;827.558688;"PG(O-20:0/18:2(9Z,12Z))";[M+K];C44H85O9P;2.41007e-3;2.912273;827.556278;1 out of 4
827.558688;827.558688;"PG(P-16:0/22:1(11Z))";[M+K];C44H85O9P;2.41007e-3;2.912273;827.556278;1 out of 4
827.558688;827.558688;"PG(P-18:0/20:1(11Z))";[M+K];C44H85O9P;2.41007e-3;2.912273;827.556278;1 out of 4
827.558688;827.558688;"PG(P-20:0/18:1(9Z))";[M+K];C44H85O9P;2.41007e-3;2.912273;827.556278;1 out of 4
827.572119;827.572119;"PA(O-16:0/18:2(9Z,12Z))";[M+NORHARMANE+H];C37H71O7P;1.45276e-3;1.755449;827.570666;1 out of 4
827.572119;827.572119;"PA(P-18:0/16:1(9Z))";[M+NORHARMANE+H];C37H71O7P;1.45276e-3;1.755449;827.570666;1 out of 4
827.572119;827.572119;"PA(P-20:0/14:1(9Z))";[M+NORHARMANE+H];C37H71O7P;1.45276e-3;1.755449;827.570666;1 out of 4
827.572119;827.572119;"PA(P-16:0/18:1(9Z))";[M+NORHARMANE+H];C37H71O7P;1.45276e-3;1.755449;827.570666;1 out of 4
827.706449;827.706449;"TG(16:0/16:0/16:1(9Z))[iso3]";[M+Na];C51H96O6;-3.46179e-3;-4.182374;827.709911;1 out of 4
827.706449;827.706449;"TG(13:0/13:0/22:1(11Z))[iso3]";[M+Na];C51H96O6;-3.46179e-3;-4.182374;827.709911;1 out of 4
827.706449;827.706449;"TG(14:0/14:0/20:1(11Z))[iso3]";[M+Na];C51H96O6;-3.46179e-3;-4.182374;827.709911;1 out of 4
827.706449;827.706449;"TG(14:1(9Z)/17:0/17:0)[iso3]";[M+Na];C51H96O6;-3.46179e-3;-4.182374;827.709911;1 out of 4
827.706449;827.706449;"TG(15:0/15:0/18:1(9Z))[iso3]";[M+Na];C51H96O6;-3.46179e-3;-4.182374;827.709911;1 out of 4
827.706449;827.706449;"TG(12:0/14:0/22:1(11Z))[iso6]";[M+Na];C51H96O6;-3.46179e-3;-4.182374;827.709911;1 out of 4
827.706449;827.706449;"TG(12:0/14:1(9Z)/22:0)[iso6]";[M+Na];C51H96O6;-3.46179e-3;-4.182374;827.709911;1 out of 4
827.706449;827.706449;"TG(12:0/15:1(9Z)/21:0)[iso6]";[M+Na];C51H96O6;-3.46179e-3;-4.182374;827.709911;1 out of 4
827.706449;827.706449;"TG(12:0/16:0/20:1(11Z))[iso6]";[M+Na];C51H96O6;-3.46179e-3;-4.182374;827.709911;1 out of 4
827.706449;827.706449;"TG(12:0/16:1(9Z)/20:0)[iso6]";[M+Na];C51H96O6;-3.46179e-3;-4.182374;827.709911;1 out of 4
827.706449;827.706449;"TG(12:0/17:0/19:1(9Z))[iso6]";[M+Na];C51H96O6;-3.46179e-3;-4.182374;827.709911;1 out of 4
827.706449;827.706449;"TG(12:0/17:1(9Z)/19:0)[iso6]";[M+Na];C51H96O6;-3.46179e-3;-4.182374;827.709911;1 out of 4
827.706449;827.706449;"TG(12:0/18:0/18:1(9Z))[iso6]";[M+Na];C51H96O6;-3.46179e-3;-4.182374;827.709911;1 out of 4
827.706449;827.706449;"TG(13:0/14:1(9Z)/21:0)[iso6]";[M+Na];C51H96O6;-3.46179e-3;-4.182374;827.709911;1 out of 4
827.706449;827.706449;"TG(13:0/15:0/20:1(11Z))[iso6]";[M+Na];C51H96O6;-3.46179e-3;-4.182374;827.709911;1 out of 4
827.706449;827.706449;"TG(13:0/15:1(9Z)/20:0)[iso6]";[M+Na];C51H96O6;-3.46179e-3;-4.182374;827.709911;1 out of 4
827.706449;827.706449;"TG(13:0/16:0/19:1(9Z))[iso6]";[M+Na];C51H96O6;-3.46179e-3;-4.182374;827.709911;1 out of 4
827.706449;827.706449;"TG(13:0/16:1(9Z)/19:0)[iso6]";[M+Na];C51H96O6;-3.46179e-3;-4.182374;827.709911;1 out of 4
827.706449;827.706449;"TG(13:0/17:0/18:1(9Z))[iso6]";[M+Na];C51H96O6;-3.46179e-3;-4.182374;827.709911;1 out of 4
827.706449;827.706449;"TG(13:0/17:1(9Z)/18:0)[iso6]";[M+Na];C51H96O6;-3.46179e-3;-4.182374;827.709911;1 out of 4
827.706449;827.706449;"TG(14:0/14:1(9Z)/20:0)[iso6]";[M+Na];C51H96O6;-3.46179e-3;-4.182374;827.709911;1 out of 4
827.706449;827.706449;"TG(14:0/15:0/19:1(9Z))[iso6]";[M+Na];C51H96O6;-3.46179e-3;-4.182374;827.709911;1 out of 4
827.706449;827.706449;"TG(14:0/15:1(9Z)/19:0)[iso6]";[M+Na];C51H96O6;-3.46179e-3;-4.182374;827.709911;1 out of 4
827.706449;827.706449;"TG(14:0/16:0/18:1(9Z))[iso6]";[M+Na];C51H96O6;-3.46179e-3;-4.182374;827.709911;1 out of 4
827.706449;827.706449;"TG(14:0/16:1(9Z)/18:0)[iso6]";[M+Na];C51H96O6;-3.46179e-3;-4.182374;827.709911;1 out of 4
827.706449;827.706449;"TG(14:0/17:0/17:1(9Z))[iso6]";[M+Na];C51H96O6;-3.46179e-3;-4.182374;827.709911;1 out of 4
827.706449;827.706449;"TG(14:1(9Z)/15:0/19:0)[iso6]";[M+Na];C51H96O6;-3.46179e-3;-4.182374;827.709911;1 out of 4
827.706449;827.706449;"TG(14:1(9Z)/16:0/18:0)[iso6]";[M+Na];C51H96O6;-3.46179e-3;-4.182374;827.709911;1 out of 4
827.706449;827.706449;"TG(15:0/15:1(9Z)/18:0)[iso6]";[M+Na];C51H96O6;-3.46179e-3;-4.182374;827.709911;1 out of 4
827.706449;827.706449;"TG(15:0/16:0/17:1(9Z))[iso6]";[M+Na];C51H96O6;-3.46179e-3;-4.182374;827.709911;1 out of 4
827.706449;827.706449;"TG(15:0/16:1(9Z)/17:0)[iso6]";[M+Na];C51H96O6;-3.46179e-3;-4.182374;827.709911;1 out of 4
827.706449;827.706449;"TG(15:1(9Z)/16:0/17:0)[iso6]";[M+Na];C51H96O6;-3.46179e-3;-4.182374;827.709911;1 out of 4
828.511276;828.511276;"PS(18:0/18:1(9Z))";[M+K];C42H80NO10P;-3.86539e-3;-4.665443;828.515141;1 out of 4
828.511276;828.511276;"PS(18:1(9Z)/18:0)";[M+K];C42H80NO10P;-3.86539e-3;-4.665443;828.515141;1 out of 4
828.511276;828.511276;"PS(14:0/22:1(11Z))";[M+K];C42H80NO10P;-3.86539e-3;-4.665443;828.515141;1 out of 4
828.511276;828.511276;"PS(14:1(9Z)/22:0)";[M+K];C42H80NO10P;-3.86539e-3;-4.665443;828.515141;1 out of 4
828.511276;828.511276;"PS(15:1(9Z)/21:0)";[M+K];C42H80NO10P;-3.86539e-3;-4.665443;828.515141;1 out of 4
828.511276;828.511276;"PS(16:1(9Z)/20:0)";[M+K];C42H80NO10P;-3.86539e-3;-4.665443;828.515141;1 out of 4
828.511276;828.511276;"PS(17:0/19:1(9Z))";[M+K];C42H80NO10P;-3.86539e-3;-4.665443;828.515141;1 out of 4
828.511276;828.511276;"PS(17:1(9Z)/19:0)";[M+K];C42H80NO10P;-3.86539e-3;-4.665443;828.515141;1 out of 4
828.511276;828.511276;"PS(19:0/17:1(9Z))";[M+K];C42H80NO10P;-3.86539e-3;-4.665443;828.515141;1 out of 4
828.511276;828.511276;"PS(19:1(9Z)/17:0)";[M+K];C42H80NO10P;-3.86539e-3;-4.665443;828.515141;1 out of 4
828.511276;828.511276;"PS(20:0/16:1(9Z))";[M+K];C42H80NO10P;-3.86539e-3;-4.665443;828.515141;1 out of 4
828.511276;828.511276;"PS(20:1(11Z)/16:0)";[M+K];C42H80NO10P;-3.86539e-3;-4.665443;828.515141;1 out of 4
828.511276;828.511276;"PS(21:0/15:1(9Z))";[M+K];C42H80NO10P;-3.86539e-3;-4.665443;828.515141;1 out of 4
828.511276;828.511276;"PS(22:0/14:1(9Z))";[M+K];C42H80NO10P;-3.86539e-3;-4.665443;828.515141;1 out of 4
828.511276;828.511276;"PS(22:1(11Z)/14:0)";[M+K];C42H80NO10P;-3.86539e-3;-4.665443;828.515141;1 out of 4
828.511276;828.511276;"PS(16:0/20:1(11Z))";[M+K];C42H80NO10P;-3.86539e-3;-4.665443;828.515141;1 out of 4
828.531986;828.531986;"PE(12:0/18:2(9Z,12Z))";[M+NORHARMANE+H];C35H66NO8P;2.45630e-3;2.964648;828.529530;1 out of 4
828.531986;828.531986;"PE(13:0/17:2(9Z,12Z))";[M+NORHARMANE+H];C35H66NO8P;2.45630e-3;2.964648;828.529530;1 out of 4
828.531986;828.531986;"PE(14:1(9Z)/16:1(9Z))";[M+NORHARMANE+H];C35H66NO8P;2.45630e-3;2.964648;828.529530;1 out of 4
828.531986;828.531986;"PE(15:1(9Z)/15:1(9Z))";[M+NORHARMANE+H];C35H66NO8P;2.45630e-3;2.964648;828.529530;1 out of 4
828.531986;828.531986;"PE(16:1(9Z)/14:1(9Z))";[M+NORHARMANE+H];C35H66NO8P;2.45630e-3;2.964648;828.529530;1 out of 4
828.531986;828.531986;"PE(17:2(9Z,12Z)/13:0)";[M+NORHARMANE+H];C35H66NO8P;2.45630e-3;2.964648;828.529530;1 out of 4
828.531986;828.531986;"PE(18:2(9Z,12Z)/12:0)";[M+NORHARMANE+H];C35H66NO8P;2.45630e-3;2.964648;828.529530;1 out of 4
828.531986;828.531986;"PC(P-16:0/22:6(4Z,7Z,10Z,13Z,16Z,19Z))";[M+K];C46H80NO7P;1.58847e-3;1.917214;828.530398;1 out of 4
828.546484;828.546484;"LacCer(d18:1/12:0)";[M+Na];C42H79NO13;2.12241e-3;2.561615;828.544362;3 out of 4
828.546484;828.546484;"LacCer(d14:1/16:0)";[M+Na];C42H79NO13;2.12241e-3;2.561615;828.544362;3 out of 4
828.565125;828.565125;"PE(P-16:0/15:1(9Z))";[M+NORHARMANE+H];C36H70NO7P;-7.90210e-4;-0.953708;828.565915;1 out of 4
828.574446;828.574446;"PS(15:0/22:0)";[M+Na];C43H84NO10P;1.94148e-3;2.343165;828.572505;1 out of 4
828.574446;828.574446;"PS(16:0/21:0)";[M+Na];C43H84NO10P;1.94148e-3;2.343165;828.572505;1 out of 4
828.574446;828.574446;"PS(18:0/19:0)";[M+Na];C43H84NO10P;1.94148e-3;2.343165;828.572505;1 out of 4
828.574446;828.574446;"PS(20:0/17:0)";[M+Na];C43H84NO10P;1.94148e-3;2.343165;828.572505;1 out of 4
828.574446;828.574446;"PS(21:0/16:0)";[M+Na];C43H84NO10P;1.94148e-3;2.343165;828.572505;1 out of 4
828.574446;828.574446;"PS(22:0/15:0)";[M+Na];C43H84NO10P;1.94148e-3;2.343165;828.572505;1 out of 4
828.574446;828.574446;"PS(19:0/18:0)";[M+Na];C43H84NO10P;1.94148e-3;2.343165;828.572505;1 out of 4
828.574446;828.574446;"PS(17:0/20:0)";[M+Na];C43H84NO10P;1.94148e-3;2.343165;828.572505;1 out of 4
828.574446;828.574446;"GlcAbeta-Cer(d16:0/14:0)";[M+NORHARMANE+H];C36H69NO9;2.88212e-4;0.347841;828.574158;1 out of 4
828.574446;828.574446;"PS(17:1(9Z)/22:2(13Z,16Z))";[M+H];C45H82NO10P;-4.64454e-4;-0.560546;828.574910;2 out of 4
828.574446;828.574446;"PS(17:2(9Z,12Z)/22:1(11Z))";[M+H];C45H82NO10P;-4.64454e-4;-0.560546;828.574910;2 out of 4
828.574446;828.574446;"PS(18:3(6Z,9Z,12Z)/21:0)";[M+H];C45H82NO10P;-4.64454e-4;-0.560546;828.574910;2 out of 4
828.574446;828.574446;"PS(18:3(9Z,12Z,15Z)/21:0)";[M+H];C45H82NO10P;-4.64454e-4;-0.560546;828.574910;2 out of 4
828.574446;828.574446;"PS(19:0/20:3(8Z,11Z,14Z))";[M+H];C45H82NO10P;-4.64454e-4;-0.560546;828.574910;2 out of 4
828.574446;828.574446;"PS(19:1(9Z)/20:2(11Z,14Z))";[M+H];C45H82NO10P;-4.64454e-4;-0.560546;828.574910;2 out of 4
828.574446;828.574446;"PS(20:2(11Z,14Z)/19:1(9Z))";[M+H];C45H82NO10P;-4.64454e-4;-0.560546;828.574910;2 out of 4
828.574446;828.574446;"PS(20:3(8Z,11Z,14Z)/19:0)";[M+H];C45H82NO10P;-4.64454e-4;-0.560546;828.574910;2 out of 4
828.574446;828.574446;"PS(21:0/18:3(6Z,9Z,12Z))";[M+H];C45H82NO10P;-4.64454e-4;-0.560546;828.574910;2 out of 4
828.574446;828.574446;"PS(21:0/18:3(9Z,12Z,15Z))";[M+H];C45H82NO10P;-4.64454e-4;-0.560546;828.574910;2 out of 4
828.574446;828.574446;"PS(22:1(11Z)/17:2(9Z,12Z))";[M+H];C45H82NO10P;-4.64454e-4;-0.560546;828.574910;2 out of 4
828.574446;828.574446;"PS(22:2(13Z,16Z)/17:1(9Z))";[M+H];C45H82NO10P;-4.64454e-4;-0.560546;828.574910;2 out of 4
829.514843;829.514843;Unknown Name;[M+K];C46H79O8P;4.29882e-4;0.518233;829.514413;292 out of 4
829.514843;829.514843;"PA(21:0/22:6(4Z,7Z,10Z,13Z,16Z,19Z))";[M+K];C46H79O8P;4.29882e-4;0.518233;829.514413;3 out of 4
829.514843;829.514843;"PA(22:6(4Z,7Z,10Z,13Z,16Z,19Z)/21:0)";[M+K];C46H79O8P;4.29882e-4;0.518233;829.514413;3 out of 4
829.535603;829.535603;"PG(P-18:0/22:6(4Z,7Z,10Z,13Z,16Z,19Z))";[M+Na];C46H79O9P;2.12262e-4;0.255881;829.535391;2 out of 4
829.535603;829.535603;"PG(15:0/22:1(11Z))";[M+K];C43H83O10P;6.05140e-5;0.072949;829.535542;1 out of 4
829.535603;829.535603;"PG(15:1(9Z)/22:0)";[M+K];C43H83O10P;6.05140e-5;0.072949;829.535542;1 out of 4
829.535603;829.535603;"PG(16:1(9Z)/21:0)";[M+K];C43H83O10P;6.05140e-5;0.072949;829.535542;1 out of 4
829.535603;829.535603;"PG(17:0/20:1(11Z))";[M+K];C43H83O10P;6.05140e-5;0.072949;829.535542;1 out of 4
829.535603;829.535603;"PG(17:1(9Z)/20:0)";[M+K];C43H83O10P;6.05140e-5;0.072949;829.535542;1 out of 4
829.535603;829.535603;"PG(18:0/19:1(9Z))";[M+K];C43H83O10P;6.05140e-5;0.072949;829.535542;1 out of 4
829.535603;829.535603;"PG(18:1(9Z)/19:0)";[M+K];C43H83O10P;6.05140e-5;0.072949;829.535542;1 out of 4
829.535603;829.535603;"PG(19:0/18:1(9Z))";[M+K];C43H83O10P;6.05140e-5;0.072949;829.535542;1 out of 4
829.535603;829.535603;"PG(19:1(9Z)/18:0)";[M+K];C43H83O10P;6.05140e-5;0.072949;829.535542;1 out of 4
829.535603;829.535603;"PG(20:0/17:1(9Z))";[M+K];C43H83O10P;6.05140e-5;0.072949;829.535542;1 out of 4
829.535603;829.535603;"PG(20:1(11Z)/17:0)";[M+K];C43H83O10P;6.05140e-5;0.072949;829.535542;1 out of 4
829.535603;829.535603;"PG(21:0/16:1(9Z))";[M+K];C43H83O10P;6.05140e-5;0.072949;829.535542;1 out of 4
829.535603;829.535603;"PG(22:0/15:1(9Z))";[M+K];C43H83O10P;6.05140e-5;0.072949;829.535542;1 out of 4
829.535603;829.535603;"PG(22:1(11Z)/15:0)";[M+K];C43H83O10P;6.05140e-5;0.072949;829.535542;1 out of 4
829.550136;829.550136;"PA(13:0/20:1(11Z))";[M+NORHARMANE+H];C36H69O8P;2.05202e-4;0.247365;829.549931;2 out of 4
829.550136;829.550136;"PA(14:0/19:1(9Z))";[M+NORHARMANE+H];C36H69O8P;2.05202e-4;0.247365;829.549931;2 out of 4
829.550136;829.550136;"PA(14:1(9Z)/19:0)";[M+NORHARMANE+H];C36H69O8P;2.05202e-4;0.247365;829.549931;2 out of 4
829.550136;829.550136;"PA(15:0/18:1(9Z))";[M+NORHARMANE+H];C36H69O8P;2.05202e-4;0.247365;829.549931;2 out of 4
829.550136;829.550136;"PA(15:1(9Z)/18:0)";[M+NORHARMANE+H];C36H69O8P;2.05202e-4;0.247365;829.549931;2 out of 4
829.550136;829.550136;"PA(16:1(9Z)/17:0)";[M+NORHARMANE+H];C36H69O8P;2.05202e-4;0.247365;829.549931;2 out of 4
829.550136;829.550136;"PA(17:0/16:1(9Z))";[M+NORHARMANE+H];C36H69O8P;2.05202e-4;0.247365;829.549931;2 out of 4
829.550136;829.550136;"PA(17:1(9Z)/16:0)";[M+NORHARMANE+H];C36H69O8P;2.05202e-4;0.247365;829.549931;2 out of 4
829.550136;829.550136;"PA(18:0/15:1(9Z))";[M+NORHARMANE+H];C36H69O8P;2.05202e-4;0.247365;829.549931;2 out of 4
829.550136;829.550136;"PA(18:1(9Z)/15:0)";[M+NORHARMANE+H];C36H69O8P;2.05202e-4;0.247365;829.549931;2 out of 4
829.550136;829.550136;"PA(19:0/14:1(9Z))";[M+NORHARMANE+H];C36H69O8P;2.05202e-4;0.247365;829.549931;2 out of 4
829.550136;829.550136;"PA(19:1(9Z)/14:0)";[M+NORHARMANE+H];C36H69O8P;2.05202e-4;0.247365;829.549931;2 out of 4
829.550136;829.550136;"PA(20:1(11Z)/13:0)";[M+NORHARMANE+H];C36H69O8P;2.05202e-4;0.247365;829.549931;2 out of 4
829.550136;829.550136;"PA(16:0/17:1(9Z))";[M+NORHARMANE+H];C36H69O8P;2.05202e-4;0.247365;829.549931;2 out of 4
829.550136;829.550136;"DG(20:5(5Z,8Z,11Z,14Z,17Z)/20:5(5Z,8Z,11Z,14Z,17Z)/0:0)";[M+NORHARMANE+H];C43H64O5;-2.16415e-3;-2.608814;829.552300;2 out of 4
829.550136;829.550136;"DG(18:4(6Z,9Z,12Z,15Z)/22:6(4Z,7Z,10Z,13Z,16Z,19Z)/0:0)[iso2]";[M+NORHARMANE+H];C43H64O5;-2.16415e-3;-2.608814;829.552300;2 out of 4
829.712109;829.712109;"SM(d18:1/25:0)";[M+H];C48H97N2O6P;-3.59245e-3;-4.329741;829.715701;1 out of 4
829.712109;829.712109;"SM(d19:0/24:1)";[M+H];C48H97N2O6P;-3.59245e-3;-4.329741;829.715701;1 out of 4
829.712109;829.712109;"SM(d19:1/24:0)";[M+H];C48H97N2O6P;-3.59245e-3;-4.329741;829.715701;1 out of 4
829.712109;829.712109;"SM(d20:1/23:0)";[M+H];C48H97N2O6P;-3.59245e-3;-4.329741;829.715701;1 out of 4
829.721456;829.721456;"TG(16:0/16:0/16:0)";[M+Na];C51H98O6;-4.10486e-3;-4.947245;829.725561;1 out of 4
829.721456;829.721456;"TG(12:0/18:0/18:0)[iso3]";[M+Na];C51H98O6;-4.10486e-3;-4.947245;829.725561;1 out of 4
829.721456;829.721456;"TG(13:0/13:0/22:0)[iso3]";[M+Na];C51H98O6;-4.10486e-3;-4.947245;829.725561;1 out of 4
829.721456;829.721456;"TG(14:0/14:0/20:0)[iso3]";[M+Na];C51H98O6;-4.10486e-3;-4.947245;829.725561;1 out of 4
829.721456;829.721456;"TG(14:0/17:0/17:0)[iso3]";[M+Na];C51H98O6;-4.10486e-3;-4.947245;829.725561;1 out of 4
829.721456;829.721456;"TG(15:0/15:0/18:0)[iso3]";[M+Na];C51H98O6;-4.10486e-3;-4.947245;829.725561;1 out of 4
829.721456;829.721456;"TG(12:0/14:0/22:0)[iso6]";[M+Na];C51H98O6;-4.10486e-3;-4.947245;829.725561;1 out of 4
829.721456;829.721456;"TG(12:0/15:0/21:0)[iso6]";[M+Na];C51H98O6;-4.10486e-3;-4.947245;829.725561;1 out of 4
829.721456;829.721456;"TG(12:0/16:0/20:0)[iso6]";[M+Na];C51H98O6;-4.10486e-3;-4.947245;829.725561;1 out of 4
829.721456;829.721456;"TG(12:0/17:0/19:0)[iso6]";[M+Na];C51H98O6;-4.10486e-3;-4.947245;829.725561;1 out of 4
829.721456;829.721456;"TG(13:0/14:0/21:0)[iso6]";[M+Na];C51H98O6;-4.10486e-3;-4.947245;829.725561;1 out of 4
829.721456;829.721456;"TG(13:0/15:0/20:0)[iso6]";[M+Na];C51H98O6;-4.10486e-3;-4.947245;829.725561;1 out of 4
829.721456;829.721456;"TG(13:0/16:0/19:0)[iso6]";[M+Na];C51H98O6;-4.10486e-3;-4.947245;829.725561;1 out of 4
829.721456;829.721456;"TG(13:0/17:0/18:0)[iso6]";[M+Na];C51H98O6;-4.10486e-3;-4.947245;829.725561;1 out of 4
829.721456;829.721456;"TG(14:0/15:0/19:0)[iso6]";[M+Na];C51H98O6;-4.10486e-3;-4.947245;829.725561;1 out of 4
829.721456;829.721456;"TG(14:0/16:0/18:0)[iso6]";[M+Na];C51H98O6;-4.10486e-3;-4.947245;829.725561;1 out of 4
829.721456;829.721456;"TG(15:0/16:0/17:0)[iso6]";[M+Na];C51H98O6;-4.10486e-3;-4.947245;829.725561;1 out of 4
830.547898;830.547898;"PC(12:0/15:1(9Z))";[M+NORHARMANE+H];C35H68NO8P;2.71823e-3;3.272831;830.545180;1 out of 4
830.547898;830.547898;"PC(13:0/14:1(9Z))";[M+NORHARMANE+H];C35H68NO8P;2.71823e-3;3.272831;830.545180;1 out of 4
830.547898;830.547898;"PC(14:1(9Z)/13:0)";[M+NORHARMANE+H];C35H68NO8P;2.71823e-3;3.272831;830.545180;1 out of 4
830.547898;830.547898;"PC(15:1(9Z)/12:0)";[M+NORHARMANE+H];C35H68NO8P;2.71823e-3;3.272831;830.545180;1 out of 4
830.547898;830.547898;"PE(13:0/17:1(9Z))";[M+NORHARMANE+H];C35H68NO8P;2.71823e-3;3.272831;830.545180;1 out of 4
830.547898;830.547898;"PE(14:1(9Z)/16:0)";[M+NORHARMANE+H];C35H68NO8P;2.71823e-3;3.272831;830.545180;1 out of 4
830.547898;830.547898;"PE(15:0/15:1(9Z))";[M+NORHARMANE+H];C35H68NO8P;2.71823e-3;3.272831;830.545180;1 out of 4
830.547898;830.547898;"PE(15:1(9Z)/15:0)";[M+NORHARMANE+H];C35H68NO8P;2.71823e-3;3.272831;830.545180;1 out of 4
830.547898;830.547898;"PE(16:0/14:1(9Z))";[M+NORHARMANE+H];C35H68NO8P;2.71823e-3;3.272831;830.545180;1 out of 4
830.547898;830.547898;"PE(16:1(9Z)/14:0)";[M+NORHARMANE+H];C35H68NO8P;2.71823e-3;3.272831;830.545180;1 out of 4
830.547898;830.547898;"PE(17:1(9Z)/13:0)";[M+NORHARMANE+H];C35H68NO8P;2.71823e-3;3.272831;830.545180;1 out of 4
830.547898;830.547898;"PE(18:1(9Z)/12:0)";[M+NORHARMANE+H];C35H68NO8P;2.71823e-3;3.272831;830.545180;1 out of 4
830.547898;830.547898;"PE(14:0/16:1(9Z))";[M+NORHARMANE+H];C35H68NO8P;2.71823e-3;3.272831;830.545180;1 out of 4
830.547898;830.547898;"PE(12:0/18:1(9Z))";[M+NORHARMANE+H];C35H68NO8P;2.71823e-3;3.272831;830.545180;1 out of 4
830.547898;830.547898;"PC(O-16:0/22:6(4Z,7Z,10Z,13Z,16Z,19Z))";[M+K];C46H82NO7P;1.85041e-3;2.227939;830.546048;1 out of 4
830.547898;830.547898;"PC(P-18:0/20:5(5Z,8Z,11Z,14Z,17Z))";[M+K];C46H82NO7P;1.85041e-3;2.227939;830.546048;1 out of 4
830.547898;830.547898;"PI-Cer(d20:1/16:0)";[M+Na];C42H82NO11P;-3.87107e-3;-4.660846;830.551769;2 out of 4
831.551191;831.551191;"PG(O-18:0/22:6(4Z,7Z,10Z,13Z,16Z,19Z))";[M+Na];C46H81O9P;1.50198e-4;0.180624;831.551041;3 out of 4
831.551191;831.551191;"PG(P-20:0/20:5(5Z,8Z,11Z,14Z,17Z))";[M+Na];C46H81O9P;1.50198e-4;0.180624;831.551041;3 out of 4
831.551191;831.551191;"PG(15:0/22:0)";[M+K];C43H85O10P;-1.55000e-6;-0.001864;831.551193;1 out of 4
831.551191;831.551191;"PG(16:0/21:0)";[M+K];C43H85O10P;-1.55000e-6;-0.001864;831.551193;1 out of 4
831.551191;831.551191;"PG(18:0/19:0)";[M+K];C43H85O10P;-1.55000e-6;-0.001864;831.551193;1 out of 4
831.551191;831.551191;"PG(20:0/17:0)";[M+K];C43H85O10P;-1.55000e-6;-0.001864;831.551193;1 out of 4
831.551191;831.551191;"PG(21:0/16:0)";[M+K];C43H85O10P;-1.55000e-6;-0.001864;831.551193;1 out of 4
831.551191;831.551191;"PG(22:0/15:0)";[M+K];C43H85O10P;-1.55000e-6;-0.001864;831.551193;1 out of 4
831.551191;831.551191;"PG(19:0/18:0)";[M+K];C43H85O10P;-1.55000e-6;-0.001864;831.551193;1 out of 4
831.551191;831.551191;"PG(17:0/20:0)";[M+K];C43H85O10P;-1.55000e-6;-0.001864;831.551193;1 out of 4
831.565795;831.565795;"PA(12:0/21:0)";[M+NORHARMANE+H];C36H71O8P;2.14138e-4;0.257512;831.565581;2 out of 4
831.565795;831.565795;"PA(14:0/19:0)";[M+NORHARMANE+H];C36H71O8P;2.14138e-4;0.257512;831.565581;2 out of 4
831.565795;831.565795;"PA(17:0/16:0)";[M+NORHARMANE+H];C36H71O8P;2.14138e-4;0.257512;831.565581;2 out of 4
831.565795;831.565795;"PA(18:0/15:0)";[M+NORHARMANE+H];C36H71O8P;2.14138e-4;0.257512;831.565581;2 out of 4
831.565795;831.565795;"PA(21:0/12:0)";[M+NORHARMANE+H];C36H71O8P;2.14138e-4;0.257512;831.565581;2 out of 4
831.565795;831.565795;"PA(20:0/13:0)";[M+NORHARMANE+H];C36H71O8P;2.14138e-4;0.257512;831.565581;2 out of 4
831.565795;831.565795;"PA(19:0/14:0)";[M+NORHARMANE+H];C36H71O8P;2.14138e-4;0.257512;831.565581;2 out of 4
831.565795;831.565795;"PA(16:0/17:0)";[M+NORHARMANE+H];C36H71O8P;2.14138e-4;0.257512;831.565581;2 out of 4
831.565795;831.565795;"PA(15:0/18:0)";[M+NORHARMANE+H];C36H71O8P;2.14138e-4;0.257512;831.565581;2 out of 4
831.565795;831.565795;"PA(13:0/20:0)";[M+NORHARMANE+H];C36H71O8P;2.14138e-4;0.257512;831.565581;2 out of 4
831.565795;831.565795;"DG(20:4(5Z,8Z,11Z,14Z)/20:5(5Z,8Z,11Z,14Z,17Z)/0:0)[iso2]";[M+NORHARMANE+H];C43H66O5;-2.15521e-3;-2.591745;831.567950;2 out of 4
831.565795;831.565795;"DG(18:3(9Z,12Z,15Z)/22:6(4Z,7Z,10Z,13Z,16Z,19Z)/0:0)[iso2]";[M+NORHARMANE+H];C43H66O5;-2.15521e-3;-2.591745;831.567950;2 out of 4
831.565795;831.565795;"DG(18:3(6Z,9Z,12Z)/22:6(4Z,7Z,10Z,13Z,16Z,19Z)/0:0)[iso2]";[M+NORHARMANE+H];C43H66O5;-2.15521e-3;-2.591745;831.567950;2 out of 4
831.565795;831.565795;"DG(18:4(6Z,9Z,12Z,15Z)/22:5(7Z,10Z,13Z,16Z,19Z)/0:0)[iso2]";[M+NORHARMANE+H];C43H66O5;-2.15521e-3;-2.591745;831.567950;2 out of 4
832.562140;832.562140;"PC(17:0/10:0)";[M+NORHARMANE+H];C35H70NO8P;1.31017e-3;1.573663;832.560830;1 out of 4
832.562140;832.562140;"PC(8:0/19:0)";[M+NORHARMANE+H];C35H70NO8P;1.31017e-3;1.573663;832.560830;1 out of 4
832.562140;832.562140;"PC(9:0/18:0)";[M+NORHARMANE+H];C35H70NO8P;1.31017e-3;1.573663;832.560830;1 out of 4
832.562140;832.562140;"PC(12:0/15:0)";[M+NORHARMANE+H];C35H70NO8P;1.31017e-3;1.573663;832.560830;1 out of 4
832.562140;832.562140;"PC(13:0/14:0)";[M+NORHARMANE+H];C35H70NO8P;1.31017e-3;1.573663;832.560830;1 out of 4
832.562140;832.562140;"PC(14:0/13:0)";[M+NORHARMANE+H];C35H70NO8P;1.31017e-3;1.573663;832.560830;1 out of 4
832.562140;832.562140;"PC(15:0/12:0)";[M+NORHARMANE+H];C35H70NO8P;1.31017e-3;1.573663;832.560830;1 out of 4
832.562140;832.562140;"PC(11:0/16:0)";[M+NORHARMANE+H];C35H70NO8P;1.31017e-3;1.573663;832.560830;1 out of 4
832.562140;832.562140;"PE(15:0/15:0)";[M+NORHARMANE+H];C35H70NO8P;1.31017e-3;1.573663;832.560830;1 out of 4
832.562140;832.562140;"PE(16:0/14:0)";[M+NORHARMANE+H];C35H70NO8P;1.31017e-3;1.573663;832.560830;1 out of 4
832.562140;832.562140;"PE(14:0/16:0)";[M+NORHARMANE+H];C35H70NO8P;1.31017e-3;1.573663;832.560830;1 out of 4
832.562140;832.562140;"PE-NMe2(14:0/14:0)";[M+NORHARMANE+H];C35H70NO8P;1.31017e-3;1.573663;832.560830;1 out of 4
832.562140;832.562140;"PE(18:0/12:0)";[M+NORHARMANE+H];C35H70NO8P;1.31017e-3;1.573663;832.560830;1 out of 4
832.562140;832.562140;"PE(17:0/13:0)";[M+NORHARMANE+H];C35H70NO8P;1.31017e-3;1.573663;832.560830;1 out of 4
832.562140;832.562140;"PE(13:0/17:0)";[M+NORHARMANE+H];C35H70NO8P;1.31017e-3;1.573663;832.560830;1 out of 4
832.562140;832.562140;"PE(12:0/18:0)";[M+NORHARMANE+H];C35H70NO8P;1.31017e-3;1.573663;832.560830;1 out of 4
832.562140;832.562140;"PE(14:0(13Me)/14:0(13Me))";[M+NORHARMANE+H];C35H70NO8P;1.31017e-3;1.573663;832.560830;1 out of 4
832.562140;832.562140;"PC(O-16:0/22:5(7Z,10Z,13Z,16Z,19Z))";[M+K];C46H84NO7P;4.42342e-4;0.531302;832.561698;2 out of 4
832.562140;832.562140;"PC(O-18:0/20:5(5Z,8Z,11Z,14Z,17Z))";[M+K];C46H84NO7P;4.42342e-4;0.531302;832.561698;2 out of 4
832.562140;832.562140;"PC(O-18:1(9Z)/20:4(5Z,8Z,11Z,14Z))";[M+K];C46H84NO7P;4.42342e-4;0.531302;832.561698;2 out of 4
832.562140;832.562140;"PC(O-18:1(9Z)/20:4(8Z,11Z,14Z,17Z))";[M+K];C46H84NO7P;4.42342e-4;0.531302;832.561698;2 out of 4
832.562140;832.562140;"PC(P-18:0/20:4(5Z,8Z,11Z,14Z))";[M+K];C46H84NO7P;4.42342e-4;0.531302;832.561698;2 out of 4
832.562140;832.562140;"PC(P-16:0/22:4(7Z,10Z,13Z,16Z))";[M+K];C46H84NO7P;4.42342e-4;0.531302;832.561698;2 out of 4
832.562140;832.562140;"PC(P-20:0/18:4(6Z,9Z,12Z,15Z))";[M+K];C46H84NO7P;4.42342e-4;0.531302;832.561698;2 out of 4
833.580791;833.580791;"DG(20:4(5Z,8Z,11Z,14Z)/20:4(5Z,8Z,11Z,14Z)/0:0)";[M+NORHARMANE+H];C43H68O5;-2.80928e-3;-3.370119;833.583600;2 out of 4
833.580791;833.580791;"DG(20:3(8Z,11Z,14Z)/20:5(5Z,8Z,11Z,14Z,17Z)/0:0)[iso2]";[M+NORHARMANE+H];C43H68O5;-2.80928e-3;-3.370119;833.583600;2 out of 4
833.580791;833.580791;"DG(18:3(9Z,12Z,15Z)/22:5(7Z,10Z,13Z,16Z,19Z)/0:0)[iso2]";[M+NORHARMANE+H];C43H68O5;-2.80928e-3;-3.370119;833.583600;2 out of 4
833.580791;833.580791;"DG(18:2(9Z,12Z)/22:6(4Z,7Z,10Z,13Z,16Z,19Z)/0:0)[iso2]";[M+NORHARMANE+H];C43H68O5;-2.80928e-3;-3.370119;833.583600;2 out of 4
833.580791;833.580791;"DG(18:3(6Z,9Z,12Z)/22:5(7Z,10Z,13Z,16Z,19Z)/0:0)[iso2]";[M+NORHARMANE+H];C43H68O5;-2.80928e-3;-3.370119;833.583600;2 out of 4
833.580791;833.580791;"DG(18:4(6Z,9Z,12Z,15Z)/22:4(7Z,10Z,13Z,16Z)/0:0)[iso2]";[M+NORHARMANE+H];C43H68O5;-2.80928e-3;-3.370119;833.583600;2 out of 4
833.580791;833.580791;Coenzyme Q9;[M+K];C54H82O4;-3.67710e-3;-4.411195;833.584468;1 out of 4
834.536796;834.536796;"PS(O-16:0/12:0)";[M+NORHARMANE+H];C34H68NO9P;-3.29839e-3;-3.952340;834.540094;2 out of 4
834.536796;834.536796;1-(2-methoxy-20Z-heptacosenyl)-sn-glycero-3-phosphoserine;[M+NORHARMANE+H];C34H68NO9P;-3.29839e-3;-3.952340;834.540094;2 out of 4
834.536796;834.536796;"PC(17:0/20:4(5Z,8Z,11Z,14Z))";[M+K];C45H82NO8P;-4.16621e-3;-4.992222;834.540962;2 out of 4
834.536796;834.536796;"PC(15:0/22:4(7Z,10Z,13Z,16Z))";[M+K];C45H82NO8P;-4.16621e-3;-4.992222;834.540962;2 out of 4
834.536796;834.536796;"PC(17:1(9Z)/20:3(8Z,11Z,14Z))";[M+K];C45H82NO8P;-4.16621e-3;-4.992222;834.540962;2 out of 4
834.536796;834.536796;"PC(17:2(9Z,12Z)/20:2(11Z,14Z))";[M+K];C45H82NO8P;-4.16621e-3;-4.992222;834.540962;2 out of 4
834.536796;834.536796;"PC(18:3(6Z,9Z,12Z)/19:1(9Z))";[M+K];C45H82NO8P;-4.16621e-3;-4.992222;834.540962;2 out of 4
834.536796;834.536796;"PC(18:3(9Z,12Z,15Z)/19:1(9Z))";[M+K];C45H82NO8P;-4.16621e-3;-4.992222;834.540962;2 out of 4
834.536796;834.536796;"PC(18:4(6Z,9Z,12Z,15Z)/19:0)";[M+K];C45H82NO8P;-4.16621e-3;-4.992222;834.540962;2 out of 4
834.536796;834.536796;"PC(19:0/18:4(6Z,9Z,12Z,15Z))";[M+K];C45H82NO8P;-4.16621e-3;-4.992222;834.540962;2 out of 4
834.536796;834.536796;"PC(19:1(9Z)/18:3(6Z,9Z,12Z))";[M+K];C45H82NO8P;-4.16621e-3;-4.992222;834.540962;2 out of 4
834.536796;834.536796;"PC(19:1(9Z)/18:3(9Z,12Z,15Z))";[M+K];C45H82NO8P;-4.16621e-3;-4.992222;834.540962;2 out of 4
834.536796;834.536796;"PC(20:2(11Z,14Z)/17:2(9Z,12Z))";[M+K];C45H82NO8P;-4.16621e-3;-4.992222;834.540962;2 out of 4
834.536796;834.536796;"PC(20:3(8Z,11Z,14Z)/17:1(9Z))";[M+K];C45H82NO8P;-4.16621e-3;-4.992222;834.540962;2 out of 4
834.536796;834.536796;"PC(20:4(5Z,8Z,11Z,14Z)/17:0)";[M+K];C45H82NO8P;-4.16621e-3;-4.992222;834.540962;2 out of 4
834.536796;834.536796;"PC(22:4(7Z,10Z,13Z,16Z)/15:0)";[M+K];C45H82NO8P;-4.16621e-3;-4.992222;834.540962;2 out of 4
834.536796;834.536796;"PE(18:2(9Z,12Z)/22:2(13Z,16Z))";[M+K];C45H82NO8P;-4.16621e-3;-4.992222;834.540962;2 out of 4
834.536796;834.536796;"PE(18:3(6Z,9Z,12Z)/22:1(11Z))";[M+K];C45H82NO8P;-4.16621e-3;-4.992222;834.540962;2 out of 4
834.536796;834.536796;"PE(18:3(9Z,12Z,15Z)/22:1(11Z))";[M+K];C45H82NO8P;-4.16621e-3;-4.992222;834.540962;2 out of 4
834.536796;834.536796;"PE(18:4(6Z,9Z,12Z,15Z)/22:0)";[M+K];C45H82NO8P;-4.16621e-3;-4.992222;834.540962;2 out of 4
834.536796;834.536796;"PE(20:1(11Z)/20:3(8Z,11Z,14Z))";[M+K];C45H82NO8P;-4.16621e-3;-4.992222;834.540962;2 out of 4
834.536796;834.536796;"PE(20:2(11Z,14Z)/20:2(11Z,14Z))";[M+K];C45H82NO8P;-4.16621e-3;-4.992222;834.540962;2 out of 4
834.536796;834.536796;"PE(20:3(8Z,11Z,14Z)/20:1(11Z))";[M+K];C45H82NO8P;-4.16621e-3;-4.992222;834.540962;2 out of 4
834.536796;834.536796;"PE(20:4(5Z,8Z,11Z,14Z)/20:0)";[M+K];C45H82NO8P;-4.16621e-3;-4.992222;834.540962;2 out of 4
834.536796;834.536796;"PE(22:0/18:4(6Z,9Z,12Z,15Z))";[M+K];C45H82NO8P;-4.16621e-3;-4.992222;834.540962;2 out of 4
834.536796;834.536796;"PE(22:1(11Z)/18:3(6Z,9Z,12Z))";[M+K];C45H82NO8P;-4.16621e-3;-4.992222;834.540962;2 out of 4
834.536796;834.536796;"PE(22:1(11Z)/18:3(9Z,12Z,15Z))";[M+K];C45H82NO8P;-4.16621e-3;-4.992222;834.540962;2 out of 4
834.536796;834.536796;"PE(22:2(13Z,16Z)/18:2(9Z,12Z))";[M+K];C45H82NO8P;-4.16621e-3;-4.992222;834.540962;2 out of 4
834.536796;834.536796;"PE(22:4(7Z,10Z,13Z,16Z)/18:0)";[M+K];C45H82NO8P;-4.16621e-3;-4.992222;834.540962;2 out of 4
834.536796;834.536796;"PE(20:0/20:4(5Z,8Z,11Z,14Z))";[M+K];C45H82NO8P;-4.16621e-3;-4.992222;834.540962;2 out of 4
834.536796;834.536796;"PE(18:0/22:4(7Z,10Z,13Z,16Z))";[M+K];C45H82NO8P;-4.16621e-3;-4.992222;834.540962;2 out of 4
834.579873;834.579873;"PC(O-18:0/20:4(5E,8E,11E,14E))";[M+K];C46H86NO7P;2.52528e-3;3.025817;834.577348;2 out of 4
834.579873;834.579873;"PC(O-18:0/20:4(5Z,8Z,11Z,14Z))";[M+K];C46H86NO7P;2.52528e-3;3.025817;834.577348;2 out of 4
834.579873;834.579873;"PC(O-16:0/22:4(7Z,10Z,13Z,16Z))";[M+K];C46H86NO7P;2.52528e-3;3.025817;834.577348;2 out of 4
834.579873;834.579873;"PC(O-20:0/18:4(6Z,9Z,12Z,15Z))";[M+K];C46H86NO7P;2.52528e-3;3.025817;834.577348;2 out of 4
834.579873;834.579873;"PC(O-18:0/20:4(8Z,11Z,14Z,17Z))";[M+K];C46H86NO7P;2.52528e-3;3.025817;834.577348;2 out of 4
834.579873;834.579873;"PC(P-18:0/20:3(8Z,11Z,14Z))";[M+K];C46H86NO7P;2.52528e-3;3.025817;834.577348;2 out of 4
834.579873;834.579873;"PC(P-20:0/18:3(6Z,9Z,12Z))";[M+K];C46H86NO7P;2.52528e-3;3.025817;834.577348;2 out of 4
834.579873;834.579873;"PC(P-20:0/18:3(9Z,12Z,15Z))";[M+K];C46H86NO7P;2.52528e-3;3.025817;834.577348;2 out of 4
834.579873;834.579873;"PC(P-18:0/20:3(5Z,8Z,11Z))";[M+K];C46H86NO7P;2.52528e-3;3.025817;834.577348;2 out of 4
834.579873;834.579873;"PC(P-18:1(11Z)/20:2(11Z,14Z))";[M+K];C46H86NO7P;2.52528e-3;3.025817;834.577348;2 out of 4
834.579873;834.579873;"DG(20:5(5Z,8Z,11Z,14Z,17Z)/0:0/20:5(5Z,8Z,11Z,14Z,17Z)) (d5)";[M+NORHARMANE+H];C43H59D5O5;-3.81088e-3;-4.566202;834.583684;1 out of 4
834.594583;834.594583;"LacCer(d18:1/14:0)";[M+H];C44H83NO13;8.65284e-4;1.036773;834.593718;3 out of 4
834.594583;834.594583;"PC(18:0/20:3(5Z,11Z,14Z))";[M+Na];C46H86NO8P;-3.74234e-3;-4.484004;834.598325;2 out of 4
834.594583;834.594583;"PC(18:0/20:3(5Z,8Z,11Z))";[M+Na];C46H86NO8P;-3.74234e-3;-4.484004;834.598325;2 out of 4
834.594583;834.594583;"PC(18:0/20:3(5Z,8Z,14Z))";[M+Na];C46H86NO8P;-3.74234e-3;-4.484004;834.598325;2 out of 4
834.594583;834.594583;"PC(18:0/20:3(8Z,11Z,14Z))";[M+Na];C46H86NO8P;-3.74234e-3;-4.484004;834.598325;2 out of 4
834.594583;834.594583;"PC(18:2(9Z,12Z)/20:1(13Z))";[M+Na];C46H86NO8P;-3.74234e-3;-4.484004;834.598325;2 out of 4
834.594583;834.594583;"PC(16:1(9Z)/22:2(13Z,16Z))";[M+Na];C46H86NO8P;-3.74234e-3;-4.484004;834.598325;2 out of 4
834.594583;834.594583;"PC(18:1(9Z)/20:2(11Z,14Z))";[M+Na];C46H86NO8P;-3.74234e-3;-4.484004;834.598325;2 out of 4
834.594583;834.594583;"PC(18:2(9Z,12Z)/20:1(11Z))";[M+Na];C46H86NO8P;-3.74234e-3;-4.484004;834.598325;2 out of 4
834.594583;834.594583;"PC(18:3(6Z,9Z,12Z)/20:0)";[M+Na];C46H86NO8P;-3.74234e-3;-4.484004;834.598325;2 out of 4
834.594583;834.594583;"PC(18:3(9Z,12Z,15Z)/20:0)";[M+Na];C46H86NO8P;-3.74234e-3;-4.484004;834.598325;2 out of 4
834.594583;834.594583;"PC(20:0/18:3(6Z,9Z,12Z))";[M+Na];C46H86NO8P;-3.74234e-3;-4.484004;834.598325;2 out of 4
834.594583;834.594583;"PC(20:0/18:3(9Z,12Z,15Z))";[M+Na];C46H86NO8P;-3.74234e-3;-4.484004;834.598325;2 out of 4
834.594583;834.594583;"PC(20:1(11Z)/18:2(9Z,12Z))";[M+Na];C46H86NO8P;-3.74234e-3;-4.484004;834.598325;2 out of 4
834.594583;834.594583;"PC(20:2(11Z,14Z)/18:1(9Z))";[M+Na];C46H86NO8P;-3.74234e-3;-4.484004;834.598325;2 out of 4
834.594583;834.594583;"PC(20:3(8Z,11Z,14Z)/18:0)";[M+Na];C46H86NO8P;-3.74234e-3;-4.484004;834.598325;2 out of 4
834.594583;834.594583;"PC(22:2(13Z,16Z)/16:1(9Z))";[M+Na];C46H86NO8P;-3.74234e-3;-4.484004;834.598325;2 out of 4
834.594583;834.594583;"PC(18:1(11Z)/20:2(11Z,14Z))";[M+Na];C46H86NO8P;-3.74234e-3;-4.484004;834.598325;2 out of 4
834.594583;834.594583;"PC(20:2(11Z,14Z)/18:1(11Z))";[M+Na];C46H86NO8P;-3.74234e-3;-4.484004;834.598325;2 out of 4
834.594583;834.594583;"PC(20:3(5Z,8Z,11Z)/18:0)";[M+Na];C46H86NO8P;-3.74234e-3;-4.484004;834.598325;2 out of 4
834.594583;834.594583;"PE(19:1(9Z)/22:2(13Z,16Z))";[M+Na];C46H86NO8P;-3.74234e-3;-4.484004;834.598325;2 out of 4
834.594583;834.594583;"PE(20:3(8Z,11Z,14Z)/21:0)";[M+Na];C46H86NO8P;-3.74234e-3;-4.484004;834.598325;2 out of 4
834.594583;834.594583;"PE(21:0/20:3(8Z,11Z,14Z))";[M+Na];C46H86NO8P;-3.74234e-3;-4.484004;834.598325;2 out of 4
834.594583;834.594583;"PE(22:2(13Z,16Z)/19:1(9Z))";[M+Na];C46H86NO8P;-3.74234e-3;-4.484004;834.598325;2 out of 4
835.522374;835.522374;"PG(14:0/14:0)";[M+NORHARMANE+H];C34H67O10P;-1.73597e-3;-2.077707;835.524110;1 out of 4
835.522374;835.522374;"PG(16:0/12:0)";[M+NORHARMANE+H];C34H67O10P;-1.73597e-3;-2.077707;835.524110;1 out of 4
835.522374;835.522374;"PG(15:0/13:0)";[M+NORHARMANE+H];C34H67O10P;-1.73597e-3;-2.077707;835.524110;1 out of 4
835.522374;835.522374;"PG(13:0/15:0)";[M+NORHARMANE+H];C34H67O10P;-1.73597e-3;-2.077707;835.524110;1 out of 4
835.522374;835.522374;"PG(12:0/16:0)";[M+NORHARMANE+H];C34H67O10P;-1.73597e-3;-2.077707;835.524110;1 out of 4
835.583458;835.583458;"PG(O-18:0/22:4(7Z,10Z,13Z,16Z))";[M+Na];C46H85O9P;1.11707e-3;1.336876;835.582341;1 out of 4
835.583458;835.583458;"PG(O-20:0/20:4(5Z,8Z,11Z,14Z))";[M+Na];C46H85O9P;1.11707e-3;1.336876;835.582341;1 out of 4
835.583458;835.583458;"PG(P-20:0/20:3(8Z,11Z,14Z))";[M+Na];C46H85O9P;1.11707e-3;1.336876;835.582341;1 out of 4
835.583458;835.583458;"6'-Hydroxysiphonaxanthin ester/ 6'-Hydroxysiphonaxanthin dodecenoate/ 6'-Hydroxysiphonaxanthin 19-(trans-delta2-dodecenoate)";[M+Na];C53H80O6;-1.25228e-3;-1.498687;835.584710;1 out of 4
835.583458;835.583458;"PG(P-20:0/22:6(4Z,7Z,10Z,13Z,16Z,19Z))";[M+H];C48H83O9P;-1.28887e-3;-1.542472;835.584747;2 out of 4
835.583458;835.583458;16:2-Glc-Campesterol;[M+K];C50H84O7;-1.40403e-3;-1.680294;835.584862;1 out of 4
835.598204;835.598204;N-(3R-(15-methyl-3-(13-methyl-tetradecanoyloxy)-hexadecanoyl)-glycyl)-L-serine methyl ester;[M+NORHARMANE+H];C38H70N2O7;2.97642e-3;3.562036;835.595228;1 out of 4
835.598204;835.598204;"DG(20:3(8Z,11Z,14Z)/20:4(5Z,8Z,11Z,14Z)/0:0)[iso2]";[M+NORHARMANE+H];C43H70O5;-1.04634e-3;-1.252203;835.599250;2 out of 4
835.598204;835.598204;"DG(20:2(11Z,14Z)/20:5(5Z,8Z,11Z,14Z,17Z)/0:0)[iso2]";[M+NORHARMANE+H];C43H70O5;-1.04634e-3;-1.252203;835.599250;2 out of 4
835.598204;835.598204;"DG(18:3(9Z,12Z,15Z)/22:4(7Z,10Z,13Z,16Z)/0:0)[iso2]";[M+NORHARMANE+H];C43H70O5;-1.04634e-3;-1.252203;835.599250;2 out of 4
835.598204;835.598204;"DG(18:2(9Z,12Z)/22:5(7Z,10Z,13Z,16Z,19Z)/0:0)[iso2]";[M+NORHARMANE+H];C43H70O5;-1.04634e-3;-1.252203;835.599250;2 out of 4
835.598204;835.598204;"DG(18:1(9Z)/22:6(4Z,7Z,10Z,13Z,16Z,19Z)/0:0)[iso2]";[M+NORHARMANE+H];C43H70O5;-1.04634e-3;-1.252203;835.599250;2 out of 4
835.598204;835.598204;"DG(18:3(6Z,9Z,12Z)/22:4(7Z,10Z,13Z,16Z)/0:0)[iso2]";[M+NORHARMANE+H];C43H70O5;-1.04634e-3;-1.252203;835.599250;2 out of 4
835.598204;835.598204;"DG(18:4(6Z,9Z,12Z,15Z)/22:3(10Z,13Z,16Z)/0:0)[iso2]";[M+NORHARMANE+H];C43H70O5;-1.04634e-3;-1.252203;835.599250;2 out of 4
835.661405;835.661405;"3-decaprenyl-4,5-dihydroxybenzoic acid";[M+H];C57H86O4;1.51777e-3;1.816251;835.659887;1 out of 4
836.537730;836.537730;"PS(16:1(9Z)/22:2(13Z,16Z))";[M+Na];C44H80NO10P;-3.47439e-3;-4.153280;836.541204;1 out of 4
836.537730;836.537730;"PS(18:1(9Z)/20:2(11Z,14Z))";[M+Na];C44H80NO10P;-3.47439e-3;-4.153280;836.541204;1 out of 4
836.537730;836.537730;"PS(18:2(9Z,12Z)/20:1(11Z))";[M+Na];C44H80NO10P;-3.47439e-3;-4.153280;836.541204;1 out of 4
836.537730;836.537730;"PS(18:3(6Z,9Z,12Z)/20:0)";[M+Na];C44H80NO10P;-3.47439e-3;-4.153280;836.541204;1 out of 4
836.537730;836.537730;"PS(18:3(9Z,12Z,15Z)/20:0)";[M+Na];C44H80NO10P;-3.47439e-3;-4.153280;836.541204;1 out of 4
836.537730;836.537730;"PS(20:0/18:3(6Z,9Z,12Z))";[M+Na];C44H80NO10P;-3.47439e-3;-4.153280;836.541204;1 out of 4
836.537730;836.537730;"PS(20:0/18:3(9Z,12Z,15Z))";[M+Na];C44H80NO10P;-3.47439e-3;-4.153280;836.541204;1 out of 4
836.537730;836.537730;"PS(20:1(11Z)/18:2(9Z,12Z))";[M+Na];C44H80NO10P;-3.47439e-3;-4.153280;836.541204;1 out of 4
836.537730;836.537730;"PS(20:2(11Z,14Z)/18:1(9Z))";[M+Na];C44H80NO10P;-3.47439e-3;-4.153280;836.541204;1 out of 4
836.537730;836.537730;"PS(20:3(8Z,11Z,14Z)/18:0)";[M+Na];C44H80NO10P;-3.47439e-3;-4.153280;836.541204;1 out of 4
836.537730;836.537730;"PS(22:2(13Z,16Z)/16:1(9Z))";[M+Na];C44H80NO10P;-3.47439e-3;-4.153280;836.541204;1 out of 4
836.537730;836.537730;"PS(18:0/20:3(8Z,11Z,14Z))";[M+Na];C44H80NO10P;-3.47439e-3;-4.153280;836.541204;1 out of 4
836.595795;836.595795;"PC(O-18:0/20:3(8Z,11Z,14Z))";[M+K];C46H88NO7P;2.79721e-3;3.343578;836.592998;1 out of 4
836.595795;836.595795;"PC(O-20:0/18:3(6Z,9Z,12Z))";[M+K];C46H88NO7P;2.79721e-3;3.343578;836.592998;1 out of 4
836.595795;836.595795;"PC(O-20:0/18:3(9Z,12Z,15Z))";[M+K];C46H88NO7P;2.79721e-3;3.343578;836.592998;1 out of 4
836.595795;836.595795;"PC(P-16:0/22:2(13Z,16Z))";[M+K];C46H88NO7P;2.79721e-3;3.343578;836.592998;1 out of 4
836.595795;836.595795;"PC(P-18:0/20:2(11Z,14Z))";[M+K];C46H88NO7P;2.79721e-3;3.343578;836.592998;1 out of 4
836.595795;836.595795;"PC(P-20:0/18:2(9Z,12Z))";[M+K];C46H88NO7P;2.79721e-3;3.343578;836.592998;1 out of 4
836.611632;836.611632;"LacCer(d16:0/16:0)";[M+H];C44H85NO13;2.26422e-3;2.706424;836.609368;3 out of 4
836.611632;836.611632;"LacCer(d18:0/14:0)";[M+H];C44H85NO13;2.26422e-3;2.706424;836.609368;3 out of 4
836.611632;836.611632;"LacCer(d14:0/18:0)";[M+H];C44H85NO13;2.26422e-3;2.706424;836.609368;3 out of 4
836.611632;836.611632;"PC(18:0/20:2(11Z,14Z))";[M+Na];C46H88NO8P;-2.34341e-3;-2.801060;836.613975;3 out of 4
836.611632;836.611632;"PC(18:0/20:2(5Z,11Z))";[M+Na];C46H88NO8P;-2.34341e-3;-2.801060;836.613975;3 out of 4
836.611632;836.611632;"PC(18:0/20:2(5Z,14Z))";[M+Na];C46H88NO8P;-2.34341e-3;-2.801060;836.613975;3 out of 4
836.611632;836.611632;"PC(18:0/20:2(5Z,8Z))";[M+Na];C46H88NO8P;-2.34341e-3;-2.801060;836.613975;3 out of 4
836.611632;836.611632;"PC(18:0/20:2(8Z,11Z))";[M+Na];C46H88NO8P;-2.34341e-3;-2.801060;836.613975;3 out of 4
836.611632;836.611632;"PC(18:0/20:2(8Z,14Z))";[M+Na];C46H88NO8P;-2.34341e-3;-2.801060;836.613975;3 out of 4
836.611632;836.611632;"PC(18:1(11Z)/20:1(13Z))";[M+Na];C46H88NO8P;-2.34341e-3;-2.801060;836.613975;3 out of 4
836.611632;836.611632;"PC(20:0/18:2(9Z,12Z))";[M+Na];C46H88NO8P;-2.34341e-3;-2.801060;836.613975;3 out of 4
836.611632;836.611632;"PC(16:0/22:2(13Z,16Z))";[M+Na];C46H88NO8P;-2.34341e-3;-2.801060;836.613975;3 out of 4
836.611632;836.611632;"PC(16:1(9Z)/22:1(11Z))";[M+Na];C46H88NO8P;-2.34341e-3;-2.801060;836.613975;3 out of 4
836.611632;836.611632;"PC(17:2(9Z,12Z)/21:0)";[M+Na];C46H88NO8P;-2.34341e-3;-2.801060;836.613975;3 out of 4
836.611632;836.611632;"PC(18:1(9Z)/20:1(11Z))";[M+Na];C46H88NO8P;-2.34341e-3;-2.801060;836.613975;3 out of 4
836.611632;836.611632;"PC(18:2(9Z,12Z)/20:0)";[M+Na];C46H88NO8P;-2.34341e-3;-2.801060;836.613975;3 out of 4
836.611632;836.611632;"PC(19:1(9Z)/19:1(9Z))";[M+Na];C46H88NO8P;-2.34341e-3;-2.801060;836.613975;3 out of 4
836.611632;836.611632;"PC(20:1(11Z)/18:1(9Z))";[M+Na];C46H88NO8P;-2.34341e-3;-2.801060;836.613975;3 out of 4
836.611632;836.611632;"PC(20:2(11Z,14Z)/18:0)";[M+Na];C46H88NO8P;-2.34341e-3;-2.801060;836.613975;3 out of 4
836.611632;836.611632;"PC(21:0/17:2(9Z,12Z))";[M+Na];C46H88NO8P;-2.34341e-3;-2.801060;836.613975;3 out of 4
836.611632;836.611632;"PC(22:1(11Z)/16:1(9Z))";[M+Na];C46H88NO8P;-2.34341e-3;-2.801060;836.613975;3 out of 4
836.611632;836.611632;"PC(22:2(13Z,16Z)/16:0)";[M+Na];C46H88NO8P;-2.34341e-3;-2.801060;836.613975;3 out of 4
836.611632;836.611632;"PE(19:0/22:2(13Z,16Z))";[M+Na];C46H88NO8P;-2.34341e-3;-2.801060;836.613975;3 out of 4
836.611632;836.611632;"PE(19:1(9Z)/22:1(11Z))";[M+Na];C46H88NO8P;-2.34341e-3;-2.801060;836.613975;3 out of 4
836.611632;836.611632;"PE(20:2(11Z,14Z)/21:0)";[M+Na];C46H88NO8P;-2.34341e-3;-2.801060;836.613975;3 out of 4
836.611632;836.611632;"PE(21:0/20:2(11Z,14Z))";[M+Na];C46H88NO8P;-2.34341e-3;-2.801060;836.613975;3 out of 4
836.611632;836.611632;"PE(22:1(11Z)/19:1(9Z))";[M+Na];C46H88NO8P;-2.34341e-3;-2.801060;836.613975;3 out of 4
836.611632;836.611632;"PE(22:2(13Z,16Z)/19:0)";[M+Na];C46H88NO8P;-2.34341e-3;-2.801060;836.613975;3 out of 4
837.600004;837.600004;"PG(O-20:0/20:3(8Z,11Z,14Z))";[M+Na];C46H87O9P;2.01301e-3;2.403308;837.597991;1 out of 4
837.600004;837.600004;"PG(P-18:0/22:2(13Z,16Z))";[M+Na];C46H87O9P;2.01301e-3;2.403308;837.597991;1 out of 4
837.600004;837.600004;"PG(P-20:0/20:2(11Z,14Z))";[M+Na];C46H87O9P;2.01301e-3;2.403308;837.597991;1 out of 4
837.600004;837.600004;"PG(O-20:0/22:6(4Z,7Z,10Z,13Z,16Z,19Z))";[M+H];C48H85O9P;-3.92930e-4;-0.469114;837.600397;2 out of 4
837.600004;837.600004;16:1-Glc-Campesterol;[M+K];C50H86O7;-5.08092e-4;-0.606604;837.600512;1 out of 4
837.613762;837.613762;"DG(20:3(8Z,11Z,14Z)/20:3(8Z,11Z,14Z)/0:0)";[M+NORHARMANE+H];C43H72O5;-1.13840e-3;-1.359102;837.614900;1 out of 4
837.613762;837.613762;"DG(20:2(11Z,14Z)/20:4(5Z,8Z,11Z,14Z)/0:0)[iso2]";[M+NORHARMANE+H];C43H72O5;-1.13840e-3;-1.359102;837.614900;1 out of 4
837.613762;837.613762;"DG(20:1(11Z)/20:5(5Z,8Z,11Z,14Z,17Z)/0:0)[iso2]";[M+NORHARMANE+H];C43H72O5;-1.13840e-3;-1.359102;837.614900;1 out of 4
837.613762;837.613762;"DG(18:3(9Z,12Z,15Z)/22:3(10Z,13Z,16Z)/0:0)[iso2]";[M+NORHARMANE+H];C43H72O5;-1.13840e-3;-1.359102;837.614900;1 out of 4
837.613762;837.613762;"DG(18:2(9Z,12Z)/22:4(7Z,10Z,13Z,16Z)/0:0)[iso2]";[M+NORHARMANE+H];C43H72O5;-1.13840e-3;-1.359102;837.614900;1 out of 4
837.613762;837.613762;"DG(18:1(9Z)/22:5(7Z,10Z,13Z,16Z,19Z)/0:0)[iso2]";[M+NORHARMANE+H];C43H72O5;-1.13840e-3;-1.359102;837.614900;1 out of 4
837.613762;837.613762;"DG(18:0/22:6(4Z,7Z,10Z,13Z,16Z,19Z)/0:0)[iso2]";[M+NORHARMANE+H];C43H72O5;-1.13840e-3;-1.359102;837.614900;1 out of 4
837.613762;837.613762;"DG(18:3(6Z,9Z,12Z)/22:3(10Z,13Z,16Z)/0:0)[iso2]";[M+NORHARMANE+H];C43H72O5;-1.13840e-3;-1.359102;837.614900;1 out of 4
837.613762;837.613762;"DG(18:4(6Z,9Z,12Z,15Z)/22:2(13Z,16Z)/0:0)[iso2]";[M+NORHARMANE+H];C43H72O5;-1.13840e-3;-1.359102;837.614900;1 out of 4
837.678328;837.678328;"SM(d18:1/24:0)";[M+Na];C47H95N2O6P;-3.66739e-3;-4.378022;837.681995;3 out of 4
837.678328;837.678328;"SM(d18:0/24:1(15Z))";[M+Na];C47H95N2O6P;-3.66739e-3;-4.378022;837.681995;3 out of 4
838.627845;838.627845;"PC(14:0/24:1(15Z))";[M+Na];C46H90NO8P;-1.78047e-3;-2.123071;838.629625;1 out of 4
838.627845;838.627845;"PC(16:0/22:1(13Z))";[M+Na];C46H90NO8P;-1.78047e-3;-2.123071;838.629625;1 out of 4
838.627845;838.627845;"PC(18:0/20:1(11Z))";[M+Na];C46H90NO8P;-1.78047e-3;-2.123071;838.629625;1 out of 4
838.627845;838.627845;"PC(18:0/20:1(13Z))";[M+Na];C46H90NO8P;-1.78047e-3;-2.123071;838.629625;1 out of 4
838.627845;838.627845;"PC(18:0/20:1(14Z))";[M+Na];C46H90NO8P;-1.78047e-3;-2.123071;838.629625;1 out of 4
838.627845;838.627845;"PC(18:0/20:1(5Z))";[M+Na];C46H90NO8P;-1.78047e-3;-2.123071;838.629625;1 out of 4
838.627845;838.627845;"PC(18:0/20:1(8Z))";[M+Na];C46H90NO8P;-1.78047e-3;-2.123071;838.629625;1 out of 4
838.627845;838.627845;"PC(18:1(9E)/20:0)";[M+Na];C46H90NO8P;-1.78047e-3;-2.123071;838.629625;1 out of 4
838.627845;838.627845;"PC(18:1(9Z)/20:0)";[M+Na];C46H90NO8P;-1.78047e-3;-2.123071;838.629625;1 out of 4
838.627845;838.627845;"PC(20:0/18:1(11Z))";[M+Na];C46H90NO8P;-1.78047e-3;-2.123071;838.629625;1 out of 4
838.627845;838.627845;"PC(20:0/18:1(6Z))";[M+Na];C46H90NO8P;-1.78047e-3;-2.123071;838.629625;1 out of 4
838.627845;838.627845;"PC(20:0/18:1(7Z))";[M+Na];C46H90NO8P;-1.78047e-3;-2.123071;838.629625;1 out of 4
838.627845;838.627845;"PC(20:0/18:1(9Z))";[M+Na];C46H90NO8P;-1.78047e-3;-2.123071;838.629625;1 out of 4
838.627845;838.627845;"PC(16:0/22:1(11Z))";[M+Na];C46H90NO8P;-1.78047e-3;-2.123071;838.629625;1 out of 4
838.627845;838.627845;"PC(16:1(9Z)/22:0)";[M+Na];C46H90NO8P;-1.78047e-3;-2.123071;838.629625;1 out of 4
838.627845;838.627845;"PC(17:1(9Z)/21:0)";[M+Na];C46H90NO8P;-1.78047e-3;-2.123071;838.629625;1 out of 4
838.627845;838.627845;"PC(19:0/19:1(9Z))";[M+Na];C46H90NO8P;-1.78047e-3;-2.123071;838.629625;1 out of 4
838.627845;838.627845;"PC(19:1(9Z)/19:0)";[M+Na];C46H90NO8P;-1.78047e-3;-2.123071;838.629625;1 out of 4
838.627845;838.627845;"PC(20:1(11Z)/18:0)";[M+Na];C46H90NO8P;-1.78047e-3;-2.123071;838.629625;1 out of 4
838.627845;838.627845;"PC(21:0/17:1(9Z))";[M+Na];C46H90NO8P;-1.78047e-3;-2.123071;838.629625;1 out of 4
838.627845;838.627845;"PC(22:0/16:1(9Z))";[M+Na];C46H90NO8P;-1.78047e-3;-2.123071;838.629625;1 out of 4
838.627845;838.627845;"PC(22:1(11Z)/16:0)";[M+Na];C46H90NO8P;-1.78047e-3;-2.123071;838.629625;1 out of 4
838.627845;838.627845;"PE(19:0/22:1(11Z))";[M+Na];C46H90NO8P;-1.78047e-3;-2.123071;838.629625;1 out of 4
838.627845;838.627845;"PE(19:1(9Z)/22:0)";[M+Na];C46H90NO8P;-1.78047e-3;-2.123071;838.629625;1 out of 4
838.627845;838.627845;"PE(20:1(11Z)/21:0)";[M+Na];C46H90NO8P;-1.78047e-3;-2.123071;838.629625;1 out of 4
838.627845;838.627845;"PE(21:0/20:1(11Z))";[M+Na];C46H90NO8P;-1.78047e-3;-2.123071;838.629625;1 out of 4
838.627845;838.627845;"PE(22:0/19:1(9Z))";[M+Na];C46H90NO8P;-1.78047e-3;-2.123071;838.629625;1 out of 4
838.627845;838.627845;"PE(22:1(11Z)/19:0)";[M+Na];C46H90NO8P;-1.78047e-3;-2.123071;838.629625;1 out of 4
838.627845;838.627845;"PC(18:0/22:4(7Z,10Z,13Z,16Z))";[M+H];C48H88NO8P;-4.18641e-3;-4.991946;838.632031;1 out of 4
838.627845;838.627845;"PC(20:0/20:4(5Z,8Z,11Z,14Z))";[M+H];C48H88NO8P;-4.18641e-3;-4.991946;838.632031;1 out of 4
838.627845;838.627845;"PC(20:2(11E,14E)/20:2(11E,14E))";[M+H];C48H88NO8P;-4.18641e-3;-4.991946;838.632031;1 out of 4
838.627845;838.627845;"PC(18:2(9Z,12Z)/22:2(13Z,16Z))";[M+H];C48H88NO8P;-4.18641e-3;-4.991946;838.632031;1 out of 4
838.627845;838.627845;"PC(18:3(6Z,9Z,12Z)/22:1(11Z))";[M+H];C48H88NO8P;-4.18641e-3;-4.991946;838.632031;1 out of 4
838.627845;838.627845;"PC(18:3(9Z,12Z,15Z)/22:1(11Z))";[M+H];C48H88NO8P;-4.18641e-3;-4.991946;838.632031;1 out of 4
838.627845;838.627845;"PC(18:4(6Z,9Z,12Z,15Z)/22:0)";[M+H];C48H88NO8P;-4.18641e-3;-4.991946;838.632031;1 out of 4
838.627845;838.627845;"PC(20:1(11Z)/20:3(8Z,11Z,14Z))";[M+H];C48H88NO8P;-4.18641e-3;-4.991946;838.632031;1 out of 4
838.627845;838.627845;"PC(20:2(11Z,14Z)/20:2(11Z,14Z))";[M+H];C48H88NO8P;-4.18641e-3;-4.991946;838.632031;1 out of 4
838.627845;838.627845;"PC(20:3(8Z,11Z,14Z)/20:1(11Z))";[M+H];C48H88NO8P;-4.18641e-3;-4.991946;838.632031;1 out of 4
838.627845;838.627845;"PC(20:4(5Z,8Z,11Z,14Z)/20:0)";[M+H];C48H88NO8P;-4.18641e-3;-4.991946;838.632031;1 out of 4
838.627845;838.627845;"PC(22:0/18:4(6Z,9Z,12Z,15Z))";[M+H];C48H88NO8P;-4.18641e-3;-4.991946;838.632031;1 out of 4
838.627845;838.627845;"PC(22:1(11Z)/18:3(6Z,9Z,12Z))";[M+H];C48H88NO8P;-4.18641e-3;-4.991946;838.632031;1 out of 4
838.627845;838.627845;"PC(22:1(11Z)/18:3(9Z,12Z,15Z))";[M+H];C48H88NO8P;-4.18641e-3;-4.991946;838.632031;1 out of 4
838.627845;838.627845;"PC(22:2(13Z,16Z)/18:2(9Z,12Z))";[M+H];C48H88NO8P;-4.18641e-3;-4.991946;838.632031;1 out of 4
838.627845;838.627845;"PC(22:4(7Z,10Z,13Z,16Z)/18:0)";[M+H];C48H88NO8P;-4.18641e-3;-4.991946;838.632031;1 out of 4
838.627845;838.627845;"PC(18:3(6Z,9Z,12Z)/22:1(13Z))";[M+H];C48H88NO8P;-4.18641e-3;-4.991946;838.632031;1 out of 4
838.627845;838.627845;"PC(18:3(9Z,12Z,15Z)/22:1(13Z))";[M+H];C48H88NO8P;-4.18641e-3;-4.991946;838.632031;1 out of 4
838.627845;838.627845;"PC(20:0/20:4(8Z,11Z,14Z,17Z))";[M+H];C48H88NO8P;-4.18641e-3;-4.991946;838.632031;1 out of 4
838.627845;838.627845;"PC(20:1(11Z)/20:3(5Z,8Z,11Z))";[M+H];C48H88NO8P;-4.18641e-3;-4.991946;838.632031;1 out of 4
838.627845;838.627845;"PC(20:3(5Z,8Z,11Z)/20:1(11Z))";[M+H];C48H88NO8P;-4.18641e-3;-4.991946;838.632031;1 out of 4
838.627845;838.627845;"PC(20:4(8Z,11Z,14Z,17Z)/20:0)";[M+H];C48H88NO8P;-4.18641e-3;-4.991946;838.632031;1 out of 4
838.627845;838.627845;"PC(22:1(13Z)/18:3(6Z,9Z,12Z))";[M+H];C48H88NO8P;-4.18641e-3;-4.991946;838.632031;1 out of 4
838.627845;838.627845;"PC(22:1(13Z)/18:3(9Z,12Z,15Z))";[M+H];C48H88NO8P;-4.18641e-3;-4.991946;838.632031;1 out of 4
838.627845;838.627845;"PE(21:0/22:4(7Z,10Z,13Z,16Z))";[M+H];C48H88NO8P;-4.18641e-3;-4.991946;838.632031;1 out of 4
838.627845;838.627845;"PE(22:4(7Z,10Z,13Z,16Z)/21:0)";[M+H];C48H88NO8P;-4.18641e-3;-4.991946;838.632031;1 out of 4
839.636941;839.636941;"SM(d16:1/25:0)";[M+K];C46H93N2O6P;-3.34133e-3;-3.979473;839.640282;3 out of 4
839.636941;839.636941;"SM(d17:1/24:0)";[M+K];C46H93N2O6P;-3.34133e-3;-3.979473;839.640282;3 out of 4
839.636941;839.636941;"SM(d18:1/23:0)";[M+K];C46H93N2O6P;-3.34133e-3;-3.979473;839.640282;3 out of 4
840.590906;840.590906;"PC(P-18:0/22:6(4Z,7Z,10Z,13Z,16Z,19Z))";[M+Na];C48H84NO7P;3.14534e-3;3.741837;840.587761;2 out of 4
840.590906;840.590906;"PC(15:0/22:1(11Z))";[M+K];C45H88NO8P;2.99359e-3;3.561310;840.587912;3 out of 4
840.590906;840.590906;"PC(15:1(9Z)/22:0)";[M+K];C45H88NO8P;2.99359e-3;3.561310;840.587912;3 out of 4
840.590906;840.590906;"PC(16:1(9Z)/21:0)";[M+K];C45H88NO8P;2.99359e-3;3.561310;840.587912;3 out of 4
840.590906;840.590906;"PC(17:0/20:1(11Z))";[M+K];C45H88NO8P;2.99359e-3;3.561310;840.587912;3 out of 4
840.590906;840.590906;"PC(17:1(9Z)/20:0)";[M+K];C45H88NO8P;2.99359e-3;3.561310;840.587912;3 out of 4
840.590906;840.590906;"PC(18:0/19:1(9Z))";[M+K];C45H88NO8P;2.99359e-3;3.561310;840.587912;3 out of 4
840.590906;840.590906;"PC(18:1(9Z)/19:0)";[M+K];C45H88NO8P;2.99359e-3;3.561310;840.587912;3 out of 4
840.590906;840.590906;"PC(19:0/18:1(9Z))";[M+K];C45H88NO8P;2.99359e-3;3.561310;840.587912;3 out of 4
840.590906;840.590906;"PC(19:1(9Z)/18:0)";[M+K];C45H88NO8P;2.99359e-3;3.561310;840.587912;3 out of 4
840.590906;840.590906;"PC(20:0/17:1(9Z))";[M+K];C45H88NO8P;2.99359e-3;3.561310;840.587912;3 out of 4
840.590906;840.590906;"PC(20:1(11Z)/17:0)";[M+K];C45H88NO8P;2.99359e-3;3.561310;840.587912;3 out of 4
840.590906;840.590906;"PC(21:0/16:1(9Z))";[M+K];C45H88NO8P;2.99359e-3;3.561310;840.587912;3 out of 4
840.590906;840.590906;"PC(22:0/15:1(9Z))";[M+K];C45H88NO8P;2.99359e-3;3.561310;840.587912;3 out of 4
840.590906;840.590906;"PC(22:1(11Z)/15:0)";[M+K];C45H88NO8P;2.99359e-3;3.561310;840.587912;3 out of 4
840.590906;840.590906;"PE(18:0/22:1(13Z))";[M+K];C45H88NO8P;2.99359e-3;3.561310;840.587912;3 out of 4
840.590906;840.590906;"PE(20:0/20:1(11Z))";[M+K];C45H88NO8P;2.99359e-3;3.561310;840.587912;3 out of 4
840.590906;840.590906;"PE(22:0/18:1(13Z))";[M+K];C45H88NO8P;2.99359e-3;3.561310;840.587912;3 out of 4
840.590906;840.590906;"PE(22:0/18:1(11Z))";[M+K];C45H88NO8P;2.99359e-3;3.561310;840.587912;3 out of 4
840.590906;840.590906;"PE(22:0/18:1(9Z))";[M+K];C45H88NO8P;2.99359e-3;3.561310;840.587912;3 out of 4
840.590906;840.590906;"PE(22:0/18:1(7Z))";[M+K];C45H88NO8P;2.99359e-3;3.561310;840.587912;3 out of 4
840.590906;840.590906;"PE(20:1(13E)/20:0)";[M+K];C45H88NO8P;2.99359e-3;3.561310;840.587912;3 out of 4
840.590906;840.590906;"PE(18:1(11E)/22:0)";[M+K];C45H88NO8P;2.99359e-3;3.561310;840.587912;3 out of 4
840.590906;840.590906;"PE(20:1(13Z)/20:0)";[M+K];C45H88NO8P;2.99359e-3;3.561310;840.587912;3 out of 4
840.590906;840.590906;"PE(18:1(11Z)/22:0)";[M+K];C45H88NO8P;2.99359e-3;3.561310;840.587912;3 out of 4
840.590906;840.590906;"PE(18:1(9Z)/22:0)";[M+K];C45H88NO8P;2.99359e-3;3.561310;840.587912;3 out of 4
840.590906;840.590906;"PE(18:0/22:1(11Z))";[M+K];C45H88NO8P;2.99359e-3;3.561310;840.587912;3 out of 4
840.590906;840.590906;"PE(19:1(9Z)/21:0)";[M+K];C45H88NO8P;2.99359e-3;3.561310;840.587912;3 out of 4
840.590906;840.590906;"PE(20:1(11Z)/20:0)";[M+K];C45H88NO8P;2.99359e-3;3.561310;840.587912;3 out of 4
840.590906;840.590906;"PE(21:0/19:1(9Z))";[M+K];C45H88NO8P;2.99359e-3;3.561310;840.587912;3 out of 4
840.590906;840.590906;"PE(22:1(11Z)/18:0)";[M+K];C45H88NO8P;2.99359e-3;3.561310;840.587912;3 out of 4
841.663505;841.663505;20:4 Cholesterol ester;[M+NORHARMANE+H];C47H76O2;2.04833e-3;2.433672;841.661457;1 out of 4
841.663505;841.663505;18:3 Stigmasterol ester;[M+NORHARMANE+H];C47H76O2;2.04833e-3;2.433672;841.661457;1 out of 4
841.711596;841.711596;"SM(d18:1/26:1(17Z))";[M+H];C49H97N2O6P;-4.10545e-3;-4.877483;841.715701;1 out of 4
842.667070;842.667070;"PC(20:0/20:2(11Z,14Z))";[M+H];C48H92NO8P;3.73847e-3;4.436488;842.663332;1 out of 4
842.667070;842.667070;"PC(20:1(11E)/20:1(11E))";[M+H];C48H92NO8P;3.73847e-3;4.436488;842.663332;1 out of 4
842.667070;842.667070;"PC(20:1(11Z)/20:1(11Z))";[M+H];C48H92NO8P;3.73847e-3;4.436488;842.663332;1 out of 4
842.667070;842.667070;"PC(20:1(9E)/20:1(9E))";[M+H];C48H92NO8P;3.73847e-3;4.436488;842.663332;1 out of 4
842.667070;842.667070;"PC(20:1(9Z)/20:1(9Z))";[M+H];C48H92NO8P;3.73847e-3;4.436488;842.663332;1 out of 4
842.667070;842.667070;"PC(18:0/22:2(13Z,16Z))";[M+H];C48H92NO8P;3.73847e-3;4.436488;842.663332;1 out of 4
842.667070;842.667070;"PC(18:1(9Z)/22:1(11Z))";[M+H];C48H92NO8P;3.73847e-3;4.436488;842.663332;1 out of 4
842.667070;842.667070;"PC(18:2(9Z,12Z)/22:0)";[M+H];C48H92NO8P;3.73847e-3;4.436488;842.663332;1 out of 4
842.667070;842.667070;"PC(20:2(11Z,14Z)/20:0)";[M+H];C48H92NO8P;3.73847e-3;4.436488;842.663332;1 out of 4
842.667070;842.667070;"PC(22:0/18:2(9Z,12Z))";[M+H];C48H92NO8P;3.73847e-3;4.436488;842.663332;1 out of 4
842.667070;842.667070;"PC(22:1(11Z)/18:1(9Z))";[M+H];C48H92NO8P;3.73847e-3;4.436488;842.663332;1 out of 4
842.667070;842.667070;"PC(22:2(13Z,16Z)/18:0)";[M+H];C48H92NO8P;3.73847e-3;4.436488;842.663332;1 out of 4
842.667070;842.667070;"PC(16:1(9Z)/24:1(15Z))";[M+H];C48H92NO8P;3.73847e-3;4.436488;842.663332;1 out of 4
842.667070;842.667070;"PC(18:1(11Z)/22:1(13Z))";[M+H];C48H92NO8P;3.73847e-3;4.436488;842.663332;1 out of 4
842.667070;842.667070;"PC(18:1(9Z)/22:1(13Z))";[M+H];C48H92NO8P;3.73847e-3;4.436488;842.663332;1 out of 4
842.667070;842.667070;"PC(22:1(13Z)/18:1(11Z))";[M+H];C48H92NO8P;3.73847e-3;4.436488;842.663332;1 out of 4
842.667070;842.667070;"PC(22:1(13Z)/18:1(9Z))";[M+H];C48H92NO8P;3.73847e-3;4.436488;842.663332;1 out of 4
842.667070;842.667070;"PC(24:1(15Z)/16:1(9Z))";[M+H];C48H92NO8P;3.73847e-3;4.436488;842.663332;1 out of 4
842.667070;842.667070;"PE(21:0/22:2(13Z,16Z))";[M+H];C48H92NO8P;3.73847e-3;4.436488;842.663332;1 out of 4
842.667070;842.667070;"PE(22:2(13Z,16Z)/21:0)";[M+H];C48H92NO8P;3.73847e-3;4.436488;842.663332;1 out of 4
843.678400;843.678400;20:3 Cholesterol ester;[M+NORHARMANE+H];C47H78O2;1.29326e-3;1.532890;843.677107;1 out of 4
843.678400;843.678400;18:2 Stigmasterol ester;[M+NORHARMANE+H];C47H78O2;1.29326e-3;1.532890;843.677107;1 out of 4
843.678400;843.678400;18:3 Sitosterol ester;[M+NORHARMANE+H];C47H78O2;1.29326e-3;1.532890;843.677107;1 out of 4
844.505997;844.505997;"PS(17:2(9Z,12Z)/22:4(7Z,10Z,13Z,16Z))";[M+Na];C45H76NO10P;-3.90726e-3;-4.626662;844.509904;1 out of 4
844.505997;844.505997;"PS(19:1(9Z)/20:5(5Z,8Z,11Z,14Z,17Z))";[M+Na];C45H76NO10P;-3.90726e-3;-4.626662;844.509904;1 out of 4
844.505997;844.505997;"PS(20:5(5Z,8Z,11Z,14Z,17Z)/19:1(9Z))";[M+Na];C45H76NO10P;-3.90726e-3;-4.626662;844.509904;1 out of 4
844.505997;844.505997;"PS(22:4(7Z,10Z,13Z,16Z)/17:2(9Z,12Z))";[M+Na];C45H76NO10P;-3.90726e-3;-4.626662;844.509904;1 out of 4
844.505997;844.505997;"PS(22:6(4Z,7Z,10Z,13Z,16Z,19Z)/17:0)";[M+Na];C45H76NO10P;-3.90726e-3;-4.626662;844.509904;1 out of 4
844.505997;844.505997;"PS(17:0/22:6(4Z,7Z,10Z,13Z,16Z,19Z))";[M+Na];C45H76NO10P;-3.90726e-3;-4.626662;844.509904;1 out of 4
844.521059;844.521059;"LacCer(d18:1/12:0)";[M+K];C42H79NO13;2.76041e-3;3.268623;844.518299;3 out of 4
844.521059;844.521059;"LacCer(d14:1/16:0)";[M+K];C42H79NO13;2.76041e-3;3.268623;844.518299;3 out of 4
844.521059;844.521059;OON-PC;[M+NORHARMANE+H];C35H66NO9P;-3.38532e-3;-4.008554;844.524444;4 out of 4
844.682474;844.682474;"PC(16:0/24:1(15Z))";[M+H];C48H94NO8P;3.49240e-3;4.134591;844.678982;1 out of 4
844.682474;844.682474;"PC(18:0/22:1(13Z))";[M+H];C48H94NO8P;3.49240e-3;4.134591;844.678982;1 out of 4
844.682474;844.682474;"PC(18:1(11E)/22:0)";[M+H];C48H94NO8P;3.49240e-3;4.134591;844.678982;1 out of 4
844.682474;844.682474;"PC(18:1(11Z)/22:0)";[M+H];C48H94NO8P;3.49240e-3;4.134591;844.678982;1 out of 4
844.682474;844.682474;"PC(18:1(9Z)/22:0)";[M+H];C48H94NO8P;3.49240e-3;4.134591;844.678982;1 out of 4
844.682474;844.682474;"PC(20:0/20:1(11Z))";[M+H];C48H94NO8P;3.49240e-3;4.134591;844.678982;1 out of 4
844.682474;844.682474;"PC(20:0/20:1(13Z))";[M+H];C48H94NO8P;3.49240e-3;4.134591;844.678982;1 out of 4
844.682474;844.682474;"PC(20:0/20:1(5Z))";[M+H];C48H94NO8P;3.49240e-3;4.134591;844.678982;1 out of 4
844.682474;844.682474;"PC(20:0/20:1(8Z))";[M+H];C48H94NO8P;3.49240e-3;4.134591;844.678982;1 out of 4
844.682474;844.682474;"PC(22:0/18:1(11Z))";[M+H];C48H94NO8P;3.49240e-3;4.134591;844.678982;1 out of 4
844.682474;844.682474;"PC(22:0/18:1(12Z))";[M+H];C48H94NO8P;3.49240e-3;4.134591;844.678982;1 out of 4
844.682474;844.682474;"PC(22:0/18:1(13Z))";[M+H];C48H94NO8P;3.49240e-3;4.134591;844.678982;1 out of 4
844.682474;844.682474;"PC(22:0/18:1(6Z))";[M+H];C48H94NO8P;3.49240e-3;4.134591;844.678982;1 out of 4
844.682474;844.682474;"PC(22:0/18:1(7Z))";[M+H];C48H94NO8P;3.49240e-3;4.134591;844.678982;1 out of 4
844.682474;844.682474;"PC(22:0/18:1(9Z))";[M+H];C48H94NO8P;3.49240e-3;4.134591;844.678982;1 out of 4
844.682474;844.682474;"PC(18:0/22:1(11Z))";[M+H];C48H94NO8P;3.49240e-3;4.134591;844.678982;1 out of 4
844.682474;844.682474;"PC(19:1(9Z)/21:0)";[M+H];C48H94NO8P;3.49240e-3;4.134591;844.678982;1 out of 4
844.682474;844.682474;"PC(20:1(11Z)/20:0)";[M+H];C48H94NO8P;3.49240e-3;4.134591;844.678982;1 out of 4
844.682474;844.682474;"PC(21:0/19:1(9Z))";[M+H];C48H94NO8P;3.49240e-3;4.134591;844.678982;1 out of 4
844.682474;844.682474;"PC(22:1(11Z)/18:0)";[M+H];C48H94NO8P;3.49240e-3;4.134591;844.678982;1 out of 4
844.682474;844.682474;"PE(21:0/22:1(11Z))";[M+H];C48H94NO8P;3.49240e-3;4.134591;844.678982;1 out of 4
844.682474;844.682474;"PE(22:1(11Z)/21:0)";[M+H];C48H94NO8P;3.49240e-3;4.134591;844.678982;1 out of 4
845.786050;845.786050;hexatetracontanoic acid;[M+NORHARMANE+H];C46H92O2;-6.07184e-4;-0.717893;845.786657;1 out of 4
845.786050;845.786050;Phthioceranic acid (C46);[M+NORHARMANE+H];C46H92O2;-6.07184e-4;-0.717893;845.786657;1 out of 4
846.521569;846.521569;"PS(17:1(9Z)/22:4(7Z,10Z,13Z,16Z))";[M+Na];C45H78NO10P;-3.98533e-3;-4.707863;846.525554;2 out of 4
846.521569;846.521569;"PS(19:0/20:5(5Z,8Z,11Z,14Z,17Z))";[M+Na];C45H78NO10P;-3.98533e-3;-4.707863;846.525554;2 out of 4
846.521569;846.521569;"PS(19:1(9Z)/20:4(5Z,8Z,11Z,14Z))";[M+Na];C45H78NO10P;-3.98533e-3;-4.707863;846.525554;2 out of 4
846.521569;846.521569;"PS(20:4(5Z,8Z,11Z,14Z)/19:1(9Z))";[M+Na];C45H78NO10P;-3.98533e-3;-4.707863;846.525554;2 out of 4
846.521569;846.521569;"PS(20:5(5Z,8Z,11Z,14Z,17Z)/19:0)";[M+Na];C45H78NO10P;-3.98533e-3;-4.707863;846.525554;2 out of 4
846.521569;846.521569;"PS(22:4(7Z,10Z,13Z,16Z)/17:1(9Z))";[M+Na];C45H78NO10P;-3.98533e-3;-4.707863;846.525554;2 out of 4
846.521569;846.521569;"PI-Cer(d20:1/16:0)";[M+K];C42H82NO11P;-4.13707e-3;-4.887122;846.525706;2 out of 4
846.535622;846.535622;"(3'-sulfo)Galbeta-Cer(d18:1/18:0(2OH))";[M+Na];C42H81NO12S;-1.54603e-3;-1.826301;846.537168;2 out of 4
847.524840;847.524840;"PG(12:0/17:1(9Z))";[M+NORHARMANE+H];C35H67O10P;7.30026e-4;0.861363;847.524110;1 out of 4
847.524840;847.524840;"PG(13:0/16:1(9Z))";[M+NORHARMANE+H];C35H67O10P;7.30026e-4;0.861363;847.524110;1 out of 4
847.524840;847.524840;"PG(14:0/15:1(9Z))";[M+NORHARMANE+H];C35H67O10P;7.30026e-4;0.861363;847.524110;1 out of 4
847.524840;847.524840;"PG(14:1(9Z)/15:0)";[M+NORHARMANE+H];C35H67O10P;7.30026e-4;0.861363;847.524110;1 out of 4
847.524840;847.524840;"PG(15:0/14:1(9Z))";[M+NORHARMANE+H];C35H67O10P;7.30026e-4;0.861363;847.524110;1 out of 4
847.524840;847.524840;"PG(15:1(9Z)/14:0)";[M+NORHARMANE+H];C35H67O10P;7.30026e-4;0.861363;847.524110;1 out of 4
847.524840;847.524840;"PG(16:1(9Z)/13:0)";[M+NORHARMANE+H];C35H67O10P;7.30026e-4;0.861363;847.524110;1 out of 4
847.524840;847.524840;"PG(17:1(9Z)/12:0)";[M+NORHARMANE+H];C35H67O10P;7.30026e-4;0.861363;847.524110;1 out of 4
847.524840;847.524840;"PG(O-18:0/22:6(4Z,7Z,10Z,13Z,16Z,19Z))";[M+K];C46H81O9P;-1.37802e-4;-0.162593;847.524978;3 out of 4
847.524840;847.524840;"PG(P-20:0/20:5(5Z,8Z,11Z,14Z,17Z))";[M+K];C46H81O9P;-1.37802e-4;-0.162593;847.524978;3 out of 4
847.540010;847.540010;"PA(P-16:0/20:5(5Z,8Z,11Z,14Z,17Z))";[M+NORHARMANE+H];C39H67O7P;6.43886e-4;0.759712;847.539366;4 out of 4
848.539181;848.539181;"PS(17:0/22:4(7Z,10Z,13Z,16Z))";[M+Na];C45H80NO10P;-2.02339e-3;-2.384551;848.541204;2 out of 4
848.539181;848.539181;"PS(17:2(9Z,12Z)/22:2(13Z,16Z))";[M+Na];C45H80NO10P;-2.02339e-3;-2.384551;848.541204;2 out of 4
848.539181;848.539181;"PS(18:4(6Z,9Z,12Z,15Z)/21:0)";[M+Na];C45H80NO10P;-2.02339e-3;-2.384551;848.541204;2 out of 4
848.539181;848.539181;"PS(19:0/20:4(5Z,8Z,11Z,14Z))";[M+Na];C45H80NO10P;-2.02339e-3;-2.384551;848.541204;2 out of 4
848.539181;848.539181;"PS(19:1(9Z)/20:3(8Z,11Z,14Z))";[M+Na];C45H80NO10P;-2.02339e-3;-2.384551;848.541204;2 out of 4
848.539181;848.539181;"PS(20:3(8Z,11Z,14Z)/19:1(9Z))";[M+Na];C45H80NO10P;-2.02339e-3;-2.384551;848.541204;2 out of 4
848.539181;848.539181;"PS(20:4(5Z,8Z,11Z,14Z)/19:0)";[M+Na];C45H80NO10P;-2.02339e-3;-2.384551;848.541204;2 out of 4
848.539181;848.539181;"PS(21:0/18:4(6Z,9Z,12Z,15Z))";[M+Na];C45H80NO10P;-2.02339e-3;-2.384551;848.541204;2 out of 4
848.539181;848.539181;"PS(22:2(13Z,16Z)/17:2(9Z,12Z))";[M+Na];C45H80NO10P;-2.02339e-3;-2.384551;848.541204;2 out of 4
848.539181;848.539181;"PS(22:4(7Z,10Z,13Z,16Z)/17:0)";[M+Na];C45H80NO10P;-2.02339e-3;-2.384551;848.541204;2 out of 4
848.539181;848.539181;"PI-Cer(d18:0/18:0)";[M+K];C42H84NO11P;-2.17514e-3;-2.563385;848.541356;2 out of 4
848.539181;848.539181;"PI-Cer(d20:0/16:0)";[M+K];C42H84NO11P;-2.17514e-3;-2.563385;848.541356;2 out of 4
848.539181;848.539181;Anthenoside A;[M+NORHARMANE+H];C38H65NO9;-3.67666e-3;-4.332910;848.542858;1 out of 4
849.555954;849.555954;"PA(O-16:0/20:5(5Z,8Z,11Z,14Z,17Z))";[M+NORHARMANE+H];C39H69O7P;9.37822e-4;1.103898;849.555016;1 out of 4
849.555954;849.555954;"PA(P-18:0/18:4(6Z,9Z,12Z,15Z))";[M+NORHARMANE+H];C39H69O7P;9.37822e-4;1.103898;849.555016;1 out of 4
849.555954;849.555954;"PA(P-16:0/20:4(5Z,8Z,11Z,14Z))";[M+NORHARMANE+H];C39H69O7P;9.37822e-4;1.103898;849.555016;1 out of 4
850.558795;850.558795;"PS(17:1(9Z)/22:2(13Z,16Z))";[M+Na];C45H82NO10P;1.94055e-3;2.281501;850.556854;2 out of 4
850.558795;850.558795;"PS(17:2(9Z,12Z)/22:1(11Z))";[M+Na];C45H82NO10P;1.94055e-3;2.281501;850.556854;2 out of 4
850.558795;850.558795;"PS(18:3(6Z,9Z,12Z)/21:0)";[M+Na];C45H82NO10P;1.94055e-3;2.281501;850.556854;2 out of 4
850.558795;850.558795;"PS(18:3(9Z,12Z,15Z)/21:0)";[M+Na];C45H82NO10P;1.94055e-3;2.281501;850.556854;2 out of 4
850.558795;850.558795;"PS(19:0/20:3(8Z,11Z,14Z))";[M+Na];C45H82NO10P;1.94055e-3;2.281501;850.556854;2 out of 4
850.558795;850.558795;"PS(19:1(9Z)/20:2(11Z,14Z))";[M+Na];C45H82NO10P;1.94055e-3;2.281501;850.556854;2 out of 4
850.558795;850.558795;"PS(20:2(11Z,14Z)/19:1(9Z))";[M+Na];C45H82NO10P;1.94055e-3;2.281501;850.556854;2 out of 4
850.558795;850.558795;"PS(20:3(8Z,11Z,14Z)/19:0)";[M+Na];C45H82NO10P;1.94055e-3;2.281501;850.556854;2 out of 4
850.558795;850.558795;"PS(21:0/18:3(6Z,9Z,12Z))";[M+Na];C45H82NO10P;1.94055e-3;2.281501;850.556854;2 out of 4
850.558795;850.558795;"PS(21:0/18:3(9Z,12Z,15Z))";[M+Na];C45H82NO10P;1.94055e-3;2.281501;850.556854;2 out of 4
850.558795;850.558795;"PS(22:1(11Z)/17:2(9Z,12Z))";[M+Na];C45H82NO10P;1.94055e-3;2.281501;850.556854;2 out of 4
850.558795;850.558795;"PS(22:2(13Z,16Z)/17:1(9Z))";[M+Na];C45H82NO10P;1.94055e-3;2.281501;850.556854;2 out of 4
850.558795;850.558795;"PS(19:0/22:6(4Z,7Z,10Z,13Z,16Z,19Z))";[M+H];C47H80NO10P;-4.65390e-4;-0.547158;850.559260;1 out of 4
850.558795;850.558795;"PS(22:6(4Z,7Z,10Z,13Z,16Z,19Z)/19:0)";[M+H];C47H80NO10P;-4.65390e-4;-0.547158;850.559260;1 out of 4
851.571665;851.571665;"PA(O-18:0/18:4(6Z,9Z,12Z,15Z))";[M+NORHARMANE+H];C39H71O7P;9.98758e-4;1.172842;851.570666;2 out of 4
851.571665;851.571665;"PA(O-16:0/20:4(5Z,8Z,11Z,14Z))";[M+NORHARMANE+H];C39H71O7P;9.98758e-4;1.172842;851.570666;2 out of 4
851.571665;851.571665;"PA(P-16:0/20:3(8Z,11Z,14Z))";[M+NORHARMANE+H];C39H71O7P;9.98758e-4;1.172842;851.570666;2 out of 4
851.571665;851.571665;"PA(P-18:0/18:3(6Z,9Z,12Z))";[M+NORHARMANE+H];C39H71O7P;9.98758e-4;1.172842;851.570666;2 out of 4
851.571665;851.571665;"PA(P-18:0/18:3(9Z,12Z,15Z))";[M+NORHARMANE+H];C39H71O7P;9.98758e-4;1.172842;851.570666;2 out of 4
851.636212;851.636212;"SM(d18:1/24:1(15Z))";[M+K];C47H93N2O6P;-4.07033e-3;-4.779396;851.640282;1 out of 4
851.636212;851.636212;"SM(d18:2/24:0)";[M+K];C47H93N2O6P;-4.07033e-3;-4.779396;851.640282;1 out of 4
851.706240;851.706240;"TG(16:1(9Z)/17:1(9Z)/17:1(9Z))[iso3]";[M+Na];C53H96O6;-3.67079e-3;-4.309909;851.709911;1 out of 4
851.706240;851.706240;"TG(16:0/17:1(9Z)/17:2(9Z,12Z))[iso6]";[M+Na];C53H96O6;-3.67079e-3;-4.309909;851.709911;1 out of 4
851.706240;851.706240;"TG(16:1(9Z)/17:0/17:2(9Z,12Z))[iso6]";[M+Na];C53H96O6;-3.67079e-3;-4.309909;851.709911;1 out of 4
851.706240;851.706240;"TG(16:1(9Z)/16:1(9Z)/18:1(9Z))[iso3]";[M+Na];C53H96O6;-3.67079e-3;-4.309909;851.709911;1 out of 4
851.706240;851.706240;"TG(16:0/16:1(9Z)/18:2(9Z,12Z))[iso6]";[M+Na];C53H96O6;-3.67079e-3;-4.309909;851.709911;1 out of 4
851.706240;851.706240;"TG(16:0/16:0/18:3(9Z,12Z,15Z))[iso3]";[M+Na];C53H96O6;-3.67079e-3;-4.309909;851.709911;1 out of 4
851.706240;851.706240;"TG(14:0/14:0/22:3(10Z,13Z,16Z))[iso3]";[M+Na];C53H96O6;-3.67079e-3;-4.309909;851.709911;1 out of 4
851.706240;851.706240;"TG(14:1(9Z)/14:1(9Z)/22:1(11Z))[iso3]";[M+Na];C53H96O6;-3.67079e-3;-4.309909;851.709911;1 out of 4
851.706240;851.706240;"TG(14:1(9Z)/18:1(9Z)/18:1(9Z))[iso3]";[M+Na];C53H96O6;-3.67079e-3;-4.309909;851.709911;1 out of 4
851.706240;851.706240;"TG(15:0/15:0/20:3(8Z,11Z,14Z))[iso3]";[M+Na];C53H96O6;-3.67079e-3;-4.309909;851.709911;1 out of 4
851.706240;851.706240;"TG(15:1(9Z)/15:1(9Z)/20:1(11Z))[iso3]";[M+Na];C53H96O6;-3.67079e-3;-4.309909;851.709911;1 out of 4
851.706240;851.706240;"TG(16:0/16:0/18:3(6Z,9Z,12Z))[iso3]";[M+Na];C53H96O6;-3.67079e-3;-4.309909;851.709911;1 out of 4
851.706240;851.706240;"TG(12:0/16:0/22:3(10Z,13Z,16Z))[iso6]";[M+Na];C53H96O6;-3.67079e-3;-4.309909;851.709911;1 out of 4
851.706240;851.706240;"TG(12:0/16:1(9Z)/22:2(13Z,16Z))[iso6]";[M+Na];C53H96O6;-3.67079e-3;-4.309909;851.709911;1 out of 4
851.706240;851.706240;"TG(12:0/18:0/20:3(8Z,11Z,14Z))[iso6]";[M+Na];C53H96O6;-3.67079e-3;-4.309909;851.709911;1 out of 4
851.706240;851.706240;"TG(12:0/18:1(9Z)/20:2(11Z,14Z))[iso6]";[M+Na];C53H96O6;-3.67079e-3;-4.309909;851.709911;1 out of 4
851.706240;851.706240;"TG(12:0/18:2(9Z,12Z)/20:1(11Z))[iso6]";[M+Na];C53H96O6;-3.67079e-3;-4.309909;851.709911;1 out of 4
851.706240;851.706240;"TG(12:0/18:3(6Z,9Z,12Z)/20:0)[iso6]";[M+Na];C53H96O6;-3.67079e-3;-4.309909;851.709911;1 out of 4
851.706240;851.706240;"TG(12:0/18:3(9Z,12Z,15Z)/20:0)[iso6]";[M+Na];C53H96O6;-3.67079e-3;-4.309909;851.709911;1 out of 4
851.706240;851.706240;"TG(13:0/15:0/22:3(10Z,13Z,16Z))[iso6]";[M+Na];C53H96O6;-3.67079e-3;-4.309909;851.709911;1 out of 4
851.706240;851.706240;"TG(13:0/15:1(9Z)/22:2(13Z,16Z))[iso6]";[M+Na];C53H96O6;-3.67079e-3;-4.309909;851.709911;1 out of 4
851.706240;851.706240;"TG(13:0/17:0/20:3(8Z,11Z,14Z))[iso6]";[M+Na];C53H96O6;-3.67079e-3;-4.309909;851.709911;1 out of 4
851.706240;851.706240;"TG(13:0/17:1(9Z)/20:2(11Z,14Z))[iso6]";[M+Na];C53H96O6;-3.67079e-3;-4.309909;851.709911;1 out of 4
851.706240;851.706240;"TG(13:0/17:2(9Z,12Z)/20:1(11Z))[iso6]";[M+Na];C53H96O6;-3.67079e-3;-4.309909;851.709911;1 out of 4
851.706240;851.706240;"TG(13:0/18:2(9Z,12Z)/19:1(9Z))[iso6]";[M+Na];C53H96O6;-3.67079e-3;-4.309909;851.709911;1 out of 4
851.706240;851.706240;"TG(13:0/18:3(6Z,9Z,12Z)/19:0)[iso6]";[M+Na];C53H96O6;-3.67079e-3;-4.309909;851.709911;1 out of 4
851.706240;851.706240;"TG(13:0/18:3(9Z,12Z,15Z)/19:0)[iso6]";[M+Na];C53H96O6;-3.67079e-3;-4.309909;851.709911;1 out of 4
851.706240;851.706240;"TG(14:0/14:1(9Z)/22:2(13Z,16Z))[iso6]";[M+Na];C53H96O6;-3.67079e-3;-4.309909;851.709911;1 out of 4
851.706240;851.706240;"TG(14:0/16:0/20:3(8Z,11Z,14Z))[iso6]";[M+Na];C53H96O6;-3.67079e-3;-4.309909;851.709911;1 out of 4
851.706240;851.706240;"TG(14:0/16:1(9Z)/20:2(11Z,14Z))[iso6]";[M+Na];C53H96O6;-3.67079e-3;-4.309909;851.709911;1 out of 4
851.706240;851.706240;"TG(14:0/17:2(9Z,12Z)/19:1(9Z))[iso6]";[M+Na];C53H96O6;-3.67079e-3;-4.309909;851.709911;1 out of 4
851.706240;851.706240;"TG(14:0/18:0/18:3(6Z,9Z,12Z))[iso6]";[M+Na];C53H96O6;-3.67079e-3;-4.309909;851.709911;1 out of 4
851.706240;851.706240;"TG(14:0/18:0/18:3(9Z,12Z,15Z))[iso6]";[M+Na];C53H96O6;-3.67079e-3;-4.309909;851.709911;1 out of 4
851.706240;851.706240;"TG(14:0/18:1(9Z)/18:2(9Z,12Z))[iso6]";[M+Na];C53H96O6;-3.67079e-3;-4.309909;851.709911;1 out of 4
851.706240;851.706240;"TG(14:1(9Z)/16:0/20:2(11Z,14Z))[iso6]";[M+Na];C53H96O6;-3.67079e-3;-4.309909;851.709911;1 out of 4
851.706240;851.706240;"TG(14:1(9Z)/16:1(9Z)/20:1(11Z))[iso6]";[M+Na];C53H96O6;-3.67079e-3;-4.309909;851.709911;1 out of 4
851.706240;851.706240;"TG(14:1(9Z)/17:1(9Z)/19:1(9Z))[iso6]";[M+Na];C53H96O6;-3.67079e-3;-4.309909;851.709911;1 out of 4
851.706240;851.706240;"TG(14:1(9Z)/17:2(9Z,12Z)/19:0)[iso6]";[M+Na];C53H96O6;-3.67079e-3;-4.309909;851.709911;1 out of 4
851.706240;851.706240;"TG(14:1(9Z)/18:0/18:2(9Z,12Z))[iso6]";[M+Na];C53H96O6;-3.67079e-3;-4.309909;851.709911;1 out of 4
851.706240;851.706240;"TG(15:0/15:1(9Z)/20:2(11Z,14Z))[iso6]";[M+Na];C53H96O6;-3.67079e-3;-4.309909;851.709911;1 out of 4
851.706240;851.706240;"TG(15:0/17:0/18:3(6Z,9Z,12Z))[iso6]";[M+Na];C53H96O6;-3.67079e-3;-4.309909;851.709911;1 out of 4
851.706240;851.706240;"TG(15:0/17:0/18:3(9Z,12Z,15Z))[iso6]";[M+Na];C53H96O6;-3.67079e-3;-4.309909;851.709911;1 out of 4
851.706240;851.706240;"TG(15:0/17:1(9Z)/18:2(9Z,12Z))[iso6]";[M+Na];C53H96O6;-3.67079e-3;-4.309909;851.709911;1 out of 4
851.706240;851.706240;"TG(15:0/17:2(9Z,12Z)/18:1(9Z))[iso6]";[M+Na];C53H96O6;-3.67079e-3;-4.309909;851.709911;1 out of 4
851.706240;851.706240;"TG(15:1(9Z)/16:1(9Z)/19:1(9Z))[iso6]";[M+Na];C53H96O6;-3.67079e-3;-4.309909;851.709911;1 out of 4
851.706240;851.706240;"TG(15:1(9Z)/17:0/18:2(9Z,12Z))[iso6]";[M+Na];C53H96O6;-3.67079e-3;-4.309909;851.709911;1 out of 4
851.706240;851.706240;"TG(15:1(9Z)/17:1(9Z)/18:1(9Z))[iso6]";[M+Na];C53H96O6;-3.67079e-3;-4.309909;851.709911;1 out of 4
851.706240;851.706240;"TG(15:1(9Z)/17:2(9Z,12Z)/18:0)[iso6]";[M+Na];C53H96O6;-3.67079e-3;-4.309909;851.709911;1 out of 4
852.532126;852.532126;"PE(12:0/20:4(5Z,8Z,11Z,14Z))";[M+NORHARMANE+H];C37H66NO8P;2.59630e-3;3.045405;852.529530;1 out of 4
852.532126;852.532126;"PE(14:1(9Z)/18:3(6Z,9Z,12Z))";[M+NORHARMANE+H];C37H66NO8P;2.59630e-3;3.045405;852.529530;1 out of 4
852.532126;852.532126;"PE(14:1(9Z)/18:3(9Z,12Z,15Z))";[M+NORHARMANE+H];C37H66NO8P;2.59630e-3;3.045405;852.529530;1 out of 4
852.532126;852.532126;"PE(18:3(6Z,9Z,12Z)/14:1(9Z))";[M+NORHARMANE+H];C37H66NO8P;2.59630e-3;3.045405;852.529530;1 out of 4
852.532126;852.532126;"PE(18:3(9Z,12Z,15Z)/14:1(9Z))";[M+NORHARMANE+H];C37H66NO8P;2.59630e-3;3.045405;852.529530;1 out of 4
852.532126;852.532126;"PE(18:4(6Z,9Z,12Z,15Z)/14:0)";[M+NORHARMANE+H];C37H66NO8P;2.59630e-3;3.045405;852.529530;1 out of 4
852.532126;852.532126;"PE(20:4(5Z,8Z,11Z,14Z)/12:0)";[M+NORHARMANE+H];C37H66NO8P;2.59630e-3;3.045405;852.529530;1 out of 4
852.532126;852.532126;"PE(14:0/18:4(6Z,9Z,12Z,15Z))";[M+NORHARMANE+H];C37H66NO8P;2.59630e-3;3.045405;852.529530;1 out of 4
852.532126;852.532126;Unknown Name;[M+K];C48H80NO7P;1.72847e-3;2.027458;852.530398;292 out of 4
852.532126;852.532126;P-IsoPGE2-PC;[M+Na];C44H80NO11P;-3.99301e-3;-4.683684;852.536119;1 out of 4
852.532126;852.532126;P-LGE2-PC;[M+Na];C44H80NO11P;-3.99301e-3;-4.683684;852.536119;1 out of 4
852.532126;852.532126;P-LGD2-PC;[M+Na];C44H80NO11P;-3.99301e-3;-4.683684;852.536119;1 out of 4
852.574888;852.574888;"PS(17:0/22:2(13Z,16Z))";[M+Na];C45H84NO10P;2.38348e-3;2.795636;852.572505;1 out of 4
852.574888;852.574888;"PS(17:1(9Z)/22:1(11Z))";[M+Na];C45H84NO10P;2.38348e-3;2.795636;852.572505;1 out of 4
852.574888;852.574888;"PS(17:2(9Z,12Z)/22:0)";[M+Na];C45H84NO10P;2.38348e-3;2.795636;852.572505;1 out of 4
852.574888;852.574888;"PS(18:2(9Z,12Z)/21:0)";[M+Na];C45H84NO10P;2.38348e-3;2.795636;852.572505;1 out of 4
852.574888;852.574888;"PS(19:0/20:2(11Z,14Z))";[M+Na];C45H84NO10P;2.38348e-3;2.795636;852.572505;1 out of 4
852.574888;852.574888;"PS(19:1(9Z)/20:1(11Z))";[M+Na];C45H84NO10P;2.38348e-3;2.795636;852.572505;1 out of 4
852.574888;852.574888;"PS(20:1(11Z)/19:1(9Z))";[M+Na];C45H84NO10P;2.38348e-3;2.795636;852.572505;1 out of 4
852.574888;852.574888;"PS(20:2(11Z,14Z)/19:0)";[M+Na];C45H84NO10P;2.38348e-3;2.795636;852.572505;1 out of 4
852.574888;852.574888;"PS(21:0/18:2(9Z,12Z))";[M+Na];C45H84NO10P;2.38348e-3;2.795636;852.572505;1 out of 4
852.574888;852.574888;"PS(22:0/17:2(9Z,12Z))";[M+Na];C45H84NO10P;2.38348e-3;2.795636;852.572505;1 out of 4
852.574888;852.574888;"PS(22:1(11Z)/17:1(9Z))";[M+Na];C45H84NO10P;2.38348e-3;2.795636;852.572505;1 out of 4
852.574888;852.574888;"PS(22:2(13Z,16Z)/17:0)";[M+Na];C45H84NO10P;2.38348e-3;2.795636;852.572505;1 out of 4
852.574888;852.574888;"PT(20:1(9Z)/20:4(5Z,8Z,11Z,14Z))";[M+H];C47H82NO10P;-2.24540e-5;-0.026337;852.574910;1 out of 4
852.574888;852.574888;"PS(19:1(9Z)/22:4(7Z,10Z,13Z,16Z))";[M+H];C47H82NO10P;-2.24540e-5;-0.026337;852.574910;1 out of 4
852.574888;852.574888;"PS(20:5(5Z,8Z,11Z,14Z,17Z)/21:0)";[M+H];C47H82NO10P;-2.24540e-5;-0.026337;852.574910;1 out of 4
852.574888;852.574888;"PS(21:0/20:5(5Z,8Z,11Z,14Z,17Z))";[M+H];C47H82NO10P;-2.24540e-5;-0.026337;852.574910;1 out of 4
852.574888;852.574888;"PS(22:4(7Z,10Z,13Z,16Z)/19:1(9Z))";[M+H];C47H82NO10P;-2.24540e-5;-0.026337;852.574910;1 out of 4
852.583660;852.583660;"(3'-sulfo)Galbeta-Cer(d18:1/20:0(2OH))";[M+H];C44H85NO12S;-2.86416e-3;-3.359378;852.586524;2 out of 4
852.583660;852.583660;"PC(18:0/20:2(11Z,14Z))";[M+K];C46H88NO8P;-4.25241e-3;-4.987645;852.587912;3 out of 4
852.583660;852.583660;"PC(18:0/20:2(5Z,11Z))";[M+K];C46H88NO8P;-4.25241e-3;-4.987645;852.587912;3 out of 4
852.583660;852.583660;"PC(18:0/20:2(5Z,14Z))";[M+K];C46H88NO8P;-4.25241e-3;-4.987645;852.587912;3 out of 4
852.583660;852.583660;"PC(18:0/20:2(5Z,8Z))";[M+K];C46H88NO8P;-4.25241e-3;-4.987645;852.587912;3 out of 4
852.583660;852.583660;"PC(18:0/20:2(8Z,11Z))";[M+K];C46H88NO8P;-4.25241e-3;-4.987645;852.587912;3 out of 4
852.583660;852.583660;"PC(18:0/20:2(8Z,14Z))";[M+K];C46H88NO8P;-4.25241e-3;-4.987645;852.587912;3 out of 4
852.583660;852.583660;"PC(18:1(11Z)/20:1(13Z))";[M+K];C46H88NO8P;-4.25241e-3;-4.987645;852.587912;3 out of 4
852.583660;852.583660;"PC(20:0/18:2(9Z,12Z))";[M+K];C46H88NO8P;-4.25241e-3;-4.987645;852.587912;3 out of 4
852.583660;852.583660;"PC(16:0/22:2(13Z,16Z))";[M+K];C46H88NO8P;-4.25241e-3;-4.987645;852.587912;3 out of 4
852.583660;852.583660;"PC(16:1(9Z)/22:1(11Z))";[M+K];C46H88NO8P;-4.25241e-3;-4.987645;852.587912;3 out of 4
852.583660;852.583660;"PC(17:2(9Z,12Z)/21:0)";[M+K];C46H88NO8P;-4.25241e-3;-4.987645;852.587912;3 out of 4
852.583660;852.583660;"PC(18:1(9Z)/20:1(11Z))";[M+K];C46H88NO8P;-4.25241e-3;-4.987645;852.587912;3 out of 4
852.583660;852.583660;"PC(18:2(9Z,12Z)/20:0)";[M+K];C46H88NO8P;-4.25241e-3;-4.987645;852.587912;3 out of 4
852.583660;852.583660;"PC(19:1(9Z)/19:1(9Z))";[M+K];C46H88NO8P;-4.25241e-3;-4.987645;852.587912;3 out of 4
852.583660;852.583660;"PC(20:1(11Z)/18:1(9Z))";[M+K];C46H88NO8P;-4.25241e-3;-4.987645;852.587912;3 out of 4
852.583660;852.583660;"PC(20:2(11Z,14Z)/18:0)";[M+K];C46H88NO8P;-4.25241e-3;-4.987645;852.587912;3 out of 4
852.583660;852.583660;"PC(21:0/17:2(9Z,12Z))";[M+K];C46H88NO8P;-4.25241e-3;-4.987645;852.587912;3 out of 4
852.583660;852.583660;"PC(22:1(11Z)/16:1(9Z))";[M+K];C46H88NO8P;-4.25241e-3;-4.987645;852.587912;3 out of 4
852.583660;852.583660;"PC(22:2(13Z,16Z)/16:0)";[M+K];C46H88NO8P;-4.25241e-3;-4.987645;852.587912;3 out of 4
852.583660;852.583660;"PE(19:0/22:2(13Z,16Z))";[M+K];C46H88NO8P;-4.25241e-3;-4.987645;852.587912;3 out of 4
852.583660;852.583660;"PE(19:1(9Z)/22:1(11Z))";[M+K];C46H88NO8P;-4.25241e-3;-4.987645;852.587912;3 out of 4
852.583660;852.583660;"PE(20:2(11Z,14Z)/21:0)";[M+K];C46H88NO8P;-4.25241e-3;-4.987645;852.587912;3 out of 4
852.583660;852.583660;"PE(21:0/20:2(11Z,14Z))";[M+K];C46H88NO8P;-4.25241e-3;-4.987645;852.587912;3 out of 4
852.583660;852.583660;"PE(22:1(11Z)/19:1(9Z))";[M+K];C46H88NO8P;-4.25241e-3;-4.987645;852.587912;3 out of 4
852.583660;852.583660;"PE(22:2(13Z,16Z)/19:0)";[M+K];C46H88NO8P;-4.25241e-3;-4.987645;852.587912;3 out of 4
853.534317;853.534317;"PG(17:1(9Z)/22:2(13Z,16Z))";[M+K];C45H83O10P;-1.22549e-3;-1.435776;853.535542;1 out of 4
853.534317;853.534317;"PG(17:2(9Z,12Z)/22:1(11Z))";[M+K];C45H83O10P;-1.22549e-3;-1.435776;853.535542;1 out of 4
853.534317;853.534317;"PG(18:3(6Z,9Z,12Z)/21:0)";[M+K];C45H83O10P;-1.22549e-3;-1.435776;853.535542;1 out of 4
853.534317;853.534317;"PG(18:3(9Z,12Z,15Z)/21:0)";[M+K];C45H83O10P;-1.22549e-3;-1.435776;853.535542;1 out of 4
853.534317;853.534317;"PG(19:0/20:3(8Z,11Z,14Z))";[M+K];C45H83O10P;-1.22549e-3;-1.435776;853.535542;1 out of 4
853.534317;853.534317;"PG(19:1(9Z)/20:2(11Z,14Z))";[M+K];C45H83O10P;-1.22549e-3;-1.435776;853.535542;1 out of 4
853.534317;853.534317;"PG(20:2(11Z,14Z)/19:1(9Z))";[M+K];C45H83O10P;-1.22549e-3;-1.435776;853.535542;1 out of 4
853.534317;853.534317;"PG(20:3(8Z,11Z,14Z)/19:0)";[M+K];C45H83O10P;-1.22549e-3;-1.435776;853.535542;1 out of 4
853.534317;853.534317;"PG(21:0/18:3(6Z,9Z,12Z))";[M+K];C45H83O10P;-1.22549e-3;-1.435776;853.535542;1 out of 4
853.534317;853.534317;"PG(21:0/18:3(9Z,12Z,15Z))";[M+K];C45H83O10P;-1.22549e-3;-1.435776;853.535542;1 out of 4
853.534317;853.534317;"PG(22:1(11Z)/17:2(9Z,12Z))";[M+K];C45H83O10P;-1.22549e-3;-1.435776;853.535542;1 out of 4
853.534317;853.534317;"PG(22:2(13Z,16Z)/17:1(9Z))";[M+K];C45H83O10P;-1.22549e-3;-1.435776;853.535542;1 out of 4
853.587072;853.587072;"PA(O-18:0/18:3(6Z,9Z,12Z))";[M+NORHARMANE+H];C39H73O7P;7.55694e-4;0.885316;853.586316;1 out of 4
853.587072;853.587072;"PA(O-18:0/18:3(9Z,12Z,15Z))";[M+NORHARMANE+H];C39H73O7P;7.55694e-4;0.885316;853.586316;1 out of 4
853.587072;853.587072;"PA(O-16:0/20:3(8Z,11Z,14Z))";[M+NORHARMANE+H];C39H73O7P;7.55694e-4;0.885316;853.586316;1 out of 4
853.587072;853.587072;"PA(P-16:0/20:2(11Z,14Z))";[M+NORHARMANE+H];C39H73O7P;7.55694e-4;0.885316;853.586316;1 out of 4
853.587072;853.587072;"PA(P-18:0/18:2(9Z,12Z))";[M+NORHARMANE+H];C39H73O7P;7.55694e-4;0.885316;853.586316;1 out of 4
853.651925;853.651925;"SM(d18:1/24:0)";[M+K];C47H95N2O6P;-4.00739e-3;-4.694385;853.655932;3 out of 4
853.651925;853.651925;"SM(d18:0/24:1(15Z))";[M+K];C47H95N2O6P;-4.00739e-3;-4.694385;853.655932;3 out of 4
854.547681;854.547681;"PE(12:0/20:3(8Z,11Z,14Z))";[M+NORHARMANE+H];C37H68NO8P;2.50123e-3;2.926977;854.545180;1 out of 4
854.547681;854.547681;"PE(14:0/18:3(6Z,9Z,12Z))";[M+NORHARMANE+H];C37H68NO8P;2.50123e-3;2.926977;854.545180;1 out of 4
854.547681;854.547681;"PE(14:1(9Z)/18:2(9Z,12Z))";[M+NORHARMANE+H];C37H68NO8P;2.50123e-3;2.926977;854.545180;1 out of 4
854.547681;854.547681;"PE(15:1(9Z)/17:2(9Z,12Z))";[M+NORHARMANE+H];C37H68NO8P;2.50123e-3;2.926977;854.545180;1 out of 4
854.547681;854.547681;"PE(17:2(9Z,12Z)/15:1(9Z))";[M+NORHARMANE+H];C37H68NO8P;2.50123e-3;2.926977;854.545180;1 out of 4
854.547681;854.547681;"PE(18:2(9Z,12Z)/14:1(9Z))";[M+NORHARMANE+H];C37H68NO8P;2.50123e-3;2.926977;854.545180;1 out of 4
854.547681;854.547681;"PE(18:3(6Z,9Z,12Z)/14:0)";[M+NORHARMANE+H];C37H68NO8P;2.50123e-3;2.926977;854.545180;1 out of 4
854.547681;854.547681;"PE(18:3(9Z,12Z,15Z)/14:0)";[M+NORHARMANE+H];C37H68NO8P;2.50123e-3;2.926977;854.545180;1 out of 4
854.547681;854.547681;"PE(20:3(8Z,11Z,14Z)/12:0)";[M+NORHARMANE+H];C37H68NO8P;2.50123e-3;2.926977;854.545180;1 out of 4
854.547681;854.547681;"PE(14:0/18:3(9Z,12Z,15Z))";[M+NORHARMANE+H];C37H68NO8P;2.50123e-3;2.926977;854.545180;1 out of 4
854.547681;854.547681;Unknown Name;[M+K];C48H82NO7P;1.63341e-3;1.911431;854.546048;292 out of 4
854.547681;854.547681;P-IsoPGF2-PC;[M+Na];C44H82NO11P;-4.08807e-3;-4.783881;854.551769;1 out of 4
854.563103;854.563103;"PC(18:1(11Z)/22:6(4Z,7Z,10Z,13Z,16Z,19Z))";[M+Na];C48H82NO8P;-3.92221e-3;-4.589709;854.567025;1 out of 4
854.563103;854.563103;"PC(18:1(9Z)/22:6(4Z,7Z,10Z,13Z,16Z,19Z))";[M+Na];C48H82NO8P;-3.92221e-3;-4.589709;854.567025;1 out of 4
854.563103;854.563103;"PC(18:2(9Z,12Z)/22:5(4Z,7Z,10Z,13Z,16Z))";[M+Na];C48H82NO8P;-3.92221e-3;-4.589709;854.567025;1 out of 4
854.563103;854.563103;"PC(18:3(6Z,9Z,12Z)/22:4(7Z,10Z,13Z,16Z))";[M+Na];C48H82NO8P;-3.92221e-3;-4.589709;854.567025;1 out of 4
854.563103;854.563103;"PC(18:3(9Z,12Z,15Z)/22:4(7Z,10Z,13Z,16Z))";[M+Na];C48H82NO8P;-3.92221e-3;-4.589709;854.567025;1 out of 4
854.563103;854.563103;"PC(20:2(11Z,14Z)/20:5(5Z,8Z,11Z,14Z,17Z))";[M+Na];C48H82NO8P;-3.92221e-3;-4.589709;854.567025;1 out of 4
854.563103;854.563103;"PC(20:3(8Z,11Z,14Z)/20:4(5Z,8Z,11Z,14Z))";[M+Na];C48H82NO8P;-3.92221e-3;-4.589709;854.567025;1 out of 4
854.563103;854.563103;"PC(20:4(5Z,8Z,11Z,14Z)/20:3(8Z,11Z,14Z))";[M+Na];C48H82NO8P;-3.92221e-3;-4.589709;854.567025;1 out of 4
854.563103;854.563103;"PC(20:5(5Z,8Z,11Z,14Z,17Z)/20:2(11Z,14Z))";[M+Na];C48H82NO8P;-3.92221e-3;-4.589709;854.567025;1 out of 4
854.563103;854.563103;"PC(22:4(7Z,10Z,13Z,16Z)/18:3(6Z,9Z,12Z))";[M+Na];C48H82NO8P;-3.92221e-3;-4.589709;854.567025;1 out of 4
854.563103;854.563103;"PC(22:4(7Z,10Z,13Z,16Z)/18:3(9Z,12Z,15Z))";[M+Na];C48H82NO8P;-3.92221e-3;-4.589709;854.567025;1 out of 4
854.563103;854.563103;"PC(22:6(4Z,7Z,10Z,13Z,16Z,19Z)/18:1(9Z))";[M+Na];C48H82NO8P;-3.92221e-3;-4.589709;854.567025;1 out of 4
854.563103;854.563103;"PS(P-20:0/19:1(9Z))";[M+K];C45H86NO9P;-4.07396e-3;-4.767281;854.567177;1 out of 4
855.565661;855.565661;"PA(13:0/22:2(13Z,16Z))";[M+NORHARMANE+H];C38H71O8P;8.01380e-5;0.093667;855.565581;1 out of 4
855.565661;855.565661;"PA(15:0/20:2(11Z,14Z))";[M+NORHARMANE+H];C38H71O8P;8.01380e-5;0.093667;855.565581;1 out of 4
855.565661;855.565661;"PA(15:1(9Z)/20:1(11Z))";[M+NORHARMANE+H];C38H71O8P;8.01380e-5;0.093667;855.565581;1 out of 4
855.565661;855.565661;"PA(16:1(9Z)/19:1(9Z))";[M+NORHARMANE+H];C38H71O8P;8.01380e-5;0.093667;855.565581;1 out of 4
855.565661;855.565661;"PA(17:0/18:2(9Z,12Z))";[M+NORHARMANE+H];C38H71O8P;8.01380e-5;0.093667;855.565581;1 out of 4
855.565661;855.565661;"PA(17:1(9Z)/18:1(9Z))";[M+NORHARMANE+H];C38H71O8P;8.01380e-5;0.093667;855.565581;1 out of 4
855.565661;855.565661;"PA(17:2(9Z,12Z)/18:0)";[M+NORHARMANE+H];C38H71O8P;8.01380e-5;0.093667;855.565581;1 out of 4
855.565661;855.565661;"PA(18:0/17:2(9Z,12Z))";[M+NORHARMANE+H];C38H71O8P;8.01380e-5;0.093667;855.565581;1 out of 4
855.565661;855.565661;"PA(18:1(9Z)/17:1(9Z))";[M+NORHARMANE+H];C38H71O8P;8.01380e-5;0.093667;855.565581;1 out of 4
855.565661;855.565661;"PA(18:2(9Z,12Z)/17:0)";[M+NORHARMANE+H];C38H71O8P;8.01380e-5;0.093667;855.565581;1 out of 4
855.565661;855.565661;"PA(19:1(9Z)/16:1(9Z))";[M+NORHARMANE+H];C38H71O8P;8.01380e-5;0.093667;855.565581;1 out of 4
855.565661;855.565661;"PA(20:1(11Z)/15:1(9Z))";[M+NORHARMANE+H];C38H71O8P;8.01380e-5;0.093667;855.565581;1 out of 4
855.565661;855.565661;"PA(20:2(11Z,14Z)/15:0)";[M+NORHARMANE+H];C38H71O8P;8.01380e-5;0.093667;855.565581;1 out of 4
855.565661;855.565661;"PA(22:2(13Z,16Z)/13:0)";[M+NORHARMANE+H];C38H71O8P;8.01380e-5;0.093667;855.565581;1 out of 4
855.565661;855.565661;"DG(20:5(5Z,8Z,11Z,14Z,17Z)/22:6(4Z,7Z,10Z,13Z,16Z,19Z)/0:0)[iso2]";[M+NORHARMANE+H];C45H66O5;-2.28921e-3;-2.675664;855.567950;1 out of 4
856.562827;856.562827;"PC(12:0/17:2(9Z,12Z))";[M+NORHARMANE+H];C37H70NO8P;1.99717e-3;2.331615;856.560830;1 out of 4
856.562827;856.562827;"PC(14:1(9Z)/15:1(9Z))";[M+NORHARMANE+H];C37H70NO8P;1.99717e-3;2.331615;856.560830;1 out of 4
856.562827;856.562827;"PC(15:1(9Z)/14:1(9Z))";[M+NORHARMANE+H];C37H70NO8P;1.99717e-3;2.331615;856.560830;1 out of 4
856.562827;856.562827;"PC(17:2(9Z,12Z)/12:0)";[M+NORHARMANE+H];C37H70NO8P;1.99717e-3;2.331615;856.560830;1 out of 4
856.562827;856.562827;"PE(16:1(9Z)/16:1(9Z))";[M+NORHARMANE+H];C37H70NO8P;1.99717e-3;2.331615;856.560830;1 out of 4
856.562827;856.562827;"PE(16:1(11Z)/16:1(11Z))";[M+NORHARMANE+H];C37H70NO8P;1.99717e-3;2.331615;856.560830;1 out of 4
856.562827;856.562827;"PE(16:1(5Z)/16:1(5Z))";[M+NORHARMANE+H];C37H70NO8P;1.99717e-3;2.331615;856.560830;1 out of 4
856.562827;856.562827;"PE(12:0/20:2(11Z,14Z))";[M+NORHARMANE+H];C37H70NO8P;1.99717e-3;2.331615;856.560830;1 out of 4
856.562827;856.562827;"PE(14:1(9Z)/18:1(9Z))";[M+NORHARMANE+H];C37H70NO8P;1.99717e-3;2.331615;856.560830;1 out of 4
856.562827;856.562827;"PE(15:0/17:2(9Z,12Z))";[M+NORHARMANE+H];C37H70NO8P;1.99717e-3;2.331615;856.560830;1 out of 4
856.562827;856.562827;"PE(15:1(9Z)/17:1(9Z))";[M+NORHARMANE+H];C37H70NO8P;1.99717e-3;2.331615;856.560830;1 out of 4
856.562827;856.562827;"PE(17:1(9Z)/15:1(9Z))";[M+NORHARMANE+H];C37H70NO8P;1.99717e-3;2.331615;856.560830;1 out of 4
856.562827;856.562827;"PE(17:2(9Z,12Z)/15:0)";[M+NORHARMANE+H];C37H70NO8P;1.99717e-3;2.331615;856.560830;1 out of 4
856.562827;856.562827;"PE(18:1(9Z)/14:1(9Z))";[M+NORHARMANE+H];C37H70NO8P;1.99717e-3;2.331615;856.560830;1 out of 4
856.562827;856.562827;"PE(18:2(9Z,12Z)/14:0)";[M+NORHARMANE+H];C37H70NO8P;1.99717e-3;2.331615;856.560830;1 out of 4
856.562827;856.562827;"PE(20:2(11Z,14Z)/12:0)";[M+NORHARMANE+H];C37H70NO8P;1.99717e-3;2.331615;856.560830;1 out of 4
856.562827;856.562827;"PE(14:0/18:2(9Z,12Z))";[M+NORHARMANE+H];C37H70NO8P;1.99717e-3;2.331615;856.560830;1 out of 4
856.562827;856.562827;"PC(P-18:0/22:6(4Z,7Z,10Z,13Z,16Z,19Z))";[M+K];C48H84NO7P;1.12934e-3;1.318460;856.561698;2 out of 4
856.577216;856.577216;"LacCer(d18:1/14:0)";[M+Na];C44H83NO13;1.55428e-3;1.814532;856.575662;3 out of 4
857.566757;857.566757;"PG(P-20:0/22:6(4Z,7Z,10Z,13Z,16Z,19Z))";[M+Na];C48H83O9P;6.61340e-5;0.077118;857.566691;2 out of 4
857.566757;857.566757;"PG(17:0/22:1(11Z))";[M+K];C45H87O10P;-8.56140e-5;-0.099834;857.566843;1 out of 4
857.566757;857.566757;"PG(17:1(9Z)/22:0)";[M+K];C45H87O10P;-8.56140e-5;-0.099834;857.566843;1 out of 4
857.566757;857.566757;"PG(18:1(9Z)/21:0)";[M+K];C45H87O10P;-8.56140e-5;-0.099834;857.566843;1 out of 4
857.566757;857.566757;"PG(19:0/20:1(11Z))";[M+K];C45H87O10P;-8.56140e-5;-0.099834;857.566843;1 out of 4
857.566757;857.566757;"PG(19:1(9Z)/20:0)";[M+K];C45H87O10P;-8.56140e-5;-0.099834;857.566843;1 out of 4
857.566757;857.566757;"PG(20:0/19:1(9Z))";[M+K];C45H87O10P;-8.56140e-5;-0.099834;857.566843;1 out of 4
857.566757;857.566757;"PG(20:1(11Z)/19:0)";[M+K];C45H87O10P;-8.56140e-5;-0.099834;857.566843;1 out of 4
857.566757;857.566757;"PG(21:0/18:1(9Z))";[M+K];C45H87O10P;-8.56140e-5;-0.099834;857.566843;1 out of 4
857.566757;857.566757;"PG(22:0/17:1(9Z))";[M+K];C45H87O10P;-8.56140e-5;-0.099834;857.566843;1 out of 4
857.566757;857.566757;"PG(22:1(11Z)/17:0)";[M+K];C45H87O10P;-8.56140e-5;-0.099834;857.566843;1 out of 4
857.581180;857.581180;"PA(13:0/22:1(11Z))";[M+NORHARMANE+H];C38H73O8P;-5.09260e-5;-0.059383;857.581231;1 out of 4
857.581180;857.581180;"PA(14:1(9Z)/21:0)";[M+NORHARMANE+H];C38H73O8P;-5.09260e-5;-0.059383;857.581231;1 out of 4
857.581180;857.581180;"PA(15:0/20:1(11Z))";[M+NORHARMANE+H];C38H73O8P;-5.09260e-5;-0.059383;857.581231;1 out of 4
857.581180;857.581180;"PA(15:1(9Z)/20:0)";[M+NORHARMANE+H];C38H73O8P;-5.09260e-5;-0.059383;857.581231;1 out of 4
857.581180;857.581180;"PA(16:0/19:1(9Z))";[M+NORHARMANE+H];C38H73O8P;-5.09260e-5;-0.059383;857.581231;1 out of 4
857.581180;857.581180;"PA(16:1(9Z)/19:0)";[M+NORHARMANE+H];C38H73O8P;-5.09260e-5;-0.059383;857.581231;1 out of 4
857.581180;857.581180;"PA(17:1(9Z)/18:0)";[M+NORHARMANE+H];C38H73O8P;-5.09260e-5;-0.059383;857.581231;1 out of 4
857.581180;857.581180;"PA(18:0/17:1(9Z))";[M+NORHARMANE+H];C38H73O8P;-5.09260e-5;-0.059383;857.581231;1 out of 4
857.581180;857.581180;"PA(18:1(9Z)/17:0)";[M+NORHARMANE+H];C38H73O8P;-5.09260e-5;-0.059383;857.581231;1 out of 4
857.581180;857.581180;"PA(19:0/16:1(9Z))";[M+NORHARMANE+H];C38H73O8P;-5.09260e-5;-0.059383;857.581231;1 out of 4
857.581180;857.581180;"PA(19:1(9Z)/16:0)";[M+NORHARMANE+H];C38H73O8P;-5.09260e-5;-0.059383;857.581231;1 out of 4
857.581180;857.581180;"PA(20:0/15:1(9Z))";[M+NORHARMANE+H];C38H73O8P;-5.09260e-5;-0.059383;857.581231;1 out of 4
857.581180;857.581180;"PA(20:1(11Z)/15:0)";[M+NORHARMANE+H];C38H73O8P;-5.09260e-5;-0.059383;857.581231;1 out of 4
857.581180;857.581180;"PA(21:0/14:1(9Z))";[M+NORHARMANE+H];C38H73O8P;-5.09260e-5;-0.059383;857.581231;1 out of 4
857.581180;857.581180;"PA(22:1(11Z)/13:0)";[M+NORHARMANE+H];C38H73O8P;-5.09260e-5;-0.059383;857.581231;1 out of 4
857.581180;857.581180;"PA(17:0/18:1(9Z))";[M+NORHARMANE+H];C38H73O8P;-5.09260e-5;-0.059383;857.581231;1 out of 4
857.581180;857.581180;"DG(20:5(5Z,8Z,11Z,14Z,17Z)/22:5(7Z,10Z,13Z,16Z,19Z)/0:0)[iso2]";[M+NORHARMANE+H];C45H68O5;-2.42028e-3;-2.822204;857.583600;1 out of 4
857.581180;857.581180;"DG(20:4(5Z,8Z,11Z,14Z)/22:6(4Z,7Z,10Z,13Z,16Z,19Z)/0:0)[iso2]";[M+NORHARMANE+H];C45H68O5;-2.42028e-3;-2.822204;857.583600;1 out of 4
858.579716;858.579716;"PC(18:0/11:1(10E))";[M+NORHARMANE+H];C37H72NO8P;3.23611e-3;3.769153;858.576480;1 out of 4
858.579716;858.579716;"PC(12:0/17:1(9Z))";[M+NORHARMANE+H];C37H72NO8P;3.23611e-3;3.769153;858.576480;1 out of 4
858.579716;858.579716;"PC(13:0/16:1(9Z))";[M+NORHARMANE+H];C37H72NO8P;3.23611e-3;3.769153;858.576480;1 out of 4
858.579716;858.579716;"PC(14:0/15:1(9Z))";[M+NORHARMANE+H];C37H72NO8P;3.23611e-3;3.769153;858.576480;1 out of 4
858.579716;858.579716;"PC(14:1(9Z)/15:0)";[M+NORHARMANE+H];C37H72NO8P;3.23611e-3;3.769153;858.576480;1 out of 4
858.579716;858.579716;"PC(15:0/14:1(9Z))";[M+NORHARMANE+H];C37H72NO8P;3.23611e-3;3.769153;858.576480;1 out of 4
858.579716;858.579716;"PC(15:1(9Z)/14:0)";[M+NORHARMANE+H];C37H72NO8P;3.23611e-3;3.769153;858.576480;1 out of 4
858.579716;858.579716;"PC(16:1(9Z)/13:0)";[M+NORHARMANE+H];C37H72NO8P;3.23611e-3;3.769153;858.576480;1 out of 4
858.579716;858.579716;"PC(17:1(9Z)/12:0)";[M+NORHARMANE+H];C37H72NO8P;3.23611e-3;3.769153;858.576480;1 out of 4
858.579716;858.579716;"PE(12:0/20:1(11Z))";[M+NORHARMANE+H];C37H72NO8P;3.23611e-3;3.769153;858.576480;1 out of 4
858.579716;858.579716;"PE(13:0/19:1(9Z))";[M+NORHARMANE+H];C37H72NO8P;3.23611e-3;3.769153;858.576480;1 out of 4
858.579716;858.579716;"PE(14:1(9Z)/18:0)";[M+NORHARMANE+H];C37H72NO8P;3.23611e-3;3.769153;858.576480;1 out of 4
858.579716;858.579716;"PE(15:0/17:1(9Z))";[M+NORHARMANE+H];C37H72NO8P;3.23611e-3;3.769153;858.576480;1 out of 4
858.579716;858.579716;"PE(15:1(9Z)/17:0)";[M+NORHARMANE+H];C37H72NO8P;3.23611e-3;3.769153;858.576480;1 out of 4
858.579716;858.579716;"PE(16:1(9Z)/16:0)";[M+NORHARMANE+H];C37H72NO8P;3.23611e-3;3.769153;858.576480;1 out of 4
858.579716;858.579716;"PE(17:0/15:1(9Z))";[M+NORHARMANE+H];C37H72NO8P;3.23611e-3;3.769153;858.576480;1 out of 4
858.579716;858.579716;"PE(17:1(9Z)/15:0)";[M+NORHARMANE+H];C37H72NO8P;3.23611e-3;3.769153;858.576480;1 out of 4
858.579716;858.579716;"PE(18:0/14:1(9Z))";[M+NORHARMANE+H];C37H72NO8P;3.23611e-3;3.769153;858.576480;1 out of 4
858.579716;858.579716;"PE(19:1(9Z)/13:0)";[M+NORHARMANE+H];C37H72NO8P;3.23611e-3;3.769153;858.576480;1 out of 4
858.579716;858.579716;"PE(20:1(11Z)/12:0)";[M+NORHARMANE+H];C37H72NO8P;3.23611e-3;3.769153;858.576480;1 out of 4
858.579716;858.579716;"PE(18:1(9Z)/14:0)";[M+NORHARMANE+H];C37H72NO8P;3.23611e-3;3.769153;858.576480;1 out of 4
858.579716;858.579716;"PE(16:0/16:1(9Z))";[M+NORHARMANE+H];C37H72NO8P;3.23611e-3;3.769153;858.576480;1 out of 4
858.579716;858.579716;"PE(14:0/18:1(9Z))";[M+NORHARMANE+H];C37H72NO8P;3.23611e-3;3.769153;858.576480;1 out of 4
858.579716;858.579716;"PE(15:0/16:0(9Cp))";[M+NORHARMANE+H];C37H72NO8P;3.23611e-3;3.769153;858.576480;1 out of 4
858.579716;858.579716;"PC(O-18:0/22:6(4Z,7Z,10Z,13Z,16Z,19Z))";[M+K];C48H86NO7P;2.36828e-3;2.758375;858.577348;1 out of 4
858.579716;858.579716;"PC(P-20:0/20:5(5Z,8Z,11Z,14Z,17Z))";[M+K];C48H86NO7P;2.36828e-3;2.758375;858.577348;1 out of 4
858.594172;858.594172;"LacCer(d16:0/16:0)";[M+Na];C44H85NO13;2.86022e-3;3.331294;858.591312;3 out of 4
858.594172;858.594172;"LacCer(d18:0/14:0)";[M+Na];C44H85NO13;2.86022e-3;3.331294;858.591312;3 out of 4
858.594172;858.594172;"LacCer(d14:0/18:0)";[M+Na];C44H85NO13;2.86022e-3;3.331294;858.591312;3 out of 4
858.594172;858.594172;"PC(18:0/22:5(4Z,7Z,10Z,13Z,16Z))";[M+Na];C48H86NO8P;-4.15334e-3;-4.837352;858.598325;2 out of 4
858.594172;858.594172;"PC(18:0/22:5(7Z,10Z,13Z,16Z,19Z))";[M+Na];C48H86NO8P;-4.15334e-3;-4.837352;858.598325;2 out of 4
858.594172;858.594172;"PC(18:1(9Z)/22:4(7Z,10Z,13Z,16Z))";[M+Na];C48H86NO8P;-4.15334e-3;-4.837352;858.598325;2 out of 4
858.594172;858.594172;"PC(18:3(6Z,9Z,12Z)/22:2(13Z,16Z))";[M+Na];C48H86NO8P;-4.15334e-3;-4.837352;858.598325;2 out of 4
858.594172;858.594172;"PC(18:3(9Z,12Z,15Z)/22:2(13Z,16Z))";[M+Na];C48H86NO8P;-4.15334e-3;-4.837352;858.598325;2 out of 4
858.594172;858.594172;"PC(18:4(6Z,9Z,12Z,15Z)/22:1(11Z))";[M+Na];C48H86NO8P;-4.15334e-3;-4.837352;858.598325;2 out of 4
858.594172;858.594172;"PC(20:0/20:5(5Z,8Z,11Z,14Z,17Z))";[M+Na];C48H86NO8P;-4.15334e-3;-4.837352;858.598325;2 out of 4
858.594172;858.594172;"PC(20:1(11Z)/20:4(5Z,8Z,11Z,14Z))";[M+Na];C48H86NO8P;-4.15334e-3;-4.837352;858.598325;2 out of 4
858.594172;858.594172;"PC(20:2(11Z,14Z)/20:3(8Z,11Z,14Z))";[M+Na];C48H86NO8P;-4.15334e-3;-4.837352;858.598325;2 out of 4
858.594172;858.594172;"PC(20:3(8Z,11Z,14Z)/20:2(11Z,14Z))";[M+Na];C48H86NO8P;-4.15334e-3;-4.837352;858.598325;2 out of 4
858.594172;858.594172;"PC(20:4(5Z,8Z,11Z,14Z)/20:1(11Z))";[M+Na];C48H86NO8P;-4.15334e-3;-4.837352;858.598325;2 out of 4
858.594172;858.594172;"PC(20:5(5Z,8Z,11Z,14Z,17Z)/20:0)";[M+Na];C48H86NO8P;-4.15334e-3;-4.837352;858.598325;2 out of 4
858.594172;858.594172;"PC(22:1(11Z)/18:4(6Z,9Z,12Z,15Z))";[M+Na];C48H86NO8P;-4.15334e-3;-4.837352;858.598325;2 out of 4
858.594172;858.594172;"PC(22:2(13Z,16Z)/18:3(6Z,9Z,12Z))";[M+Na];C48H86NO8P;-4.15334e-3;-4.837352;858.598325;2 out of 4
858.594172;858.594172;"PC(22:2(13Z,16Z)/18:3(9Z,12Z,15Z))";[M+Na];C48H86NO8P;-4.15334e-3;-4.837352;858.598325;2 out of 4
858.594172;858.594172;"PC(22:4(7Z,10Z,13Z,16Z)/18:1(9Z))";[M+Na];C48H86NO8P;-4.15334e-3;-4.837352;858.598325;2 out of 4
858.594172;858.594172;"PC(18:1(11Z)/22:4(7Z,10Z,13Z,16Z))";[M+Na];C48H86NO8P;-4.15334e-3;-4.837352;858.598325;2 out of 4
858.594172;858.594172;"PC(18:4(6Z,9Z,12Z,15Z)/22:1(13Z))";[M+Na];C48H86NO8P;-4.15334e-3;-4.837352;858.598325;2 out of 4
858.594172;858.594172;"PC(20:1(11Z)/20:4(8Z,11Z,14Z,17Z))";[M+Na];C48H86NO8P;-4.15334e-3;-4.837352;858.598325;2 out of 4
858.594172;858.594172;"PC(20:2(11Z,14Z)/20:3(5Z,8Z,11Z))";[M+Na];C48H86NO8P;-4.15334e-3;-4.837352;858.598325;2 out of 4
858.594172;858.594172;"PC(20:3(5Z,8Z,11Z)/20:2(11Z,14Z))";[M+Na];C48H86NO8P;-4.15334e-3;-4.837352;858.598325;2 out of 4
858.594172;858.594172;"PC(20:4(8Z,11Z,14Z,17Z)/20:1(11Z))";[M+Na];C48H86NO8P;-4.15334e-3;-4.837352;858.598325;2 out of 4
858.594172;858.594172;"PC(22:1(13Z)/18:4(6Z,9Z,12Z,15Z))";[M+Na];C48H86NO8P;-4.15334e-3;-4.837352;858.598325;2 out of 4
858.594172;858.594172;"PC(22:4(7Z,10Z,13Z,16Z)/18:1(11Z))";[M+Na];C48H86NO8P;-4.15334e-3;-4.837352;858.598325;2 out of 4
859.582809;859.582809;"PG(O-20:0/22:6(4Z,7Z,10Z,13Z,16Z,19Z))";[M+Na];C48H85O9P;4.68070e-4;0.544532;859.582341;2 out of 4
859.582809;859.582809;"PG(17:0/22:0)";[M+K];C45H89O10P;3.16322e-4;0.367995;859.582493;1 out of 4
859.582809;859.582809;"PG(18:0/21:0)";[M+K];C45H89O10P;3.16322e-4;0.367995;859.582493;1 out of 4
859.582809;859.582809;"PG(19:0/20:0)";[M+K];C45H89O10P;3.16322e-4;0.367995;859.582493;1 out of 4
859.582809;859.582809;"PG(20:0/19:0)";[M+K];C45H89O10P;3.16322e-4;0.367995;859.582493;1 out of 4
859.582809;859.582809;"PG(22:0/17:0)";[M+K];C45H89O10P;3.16322e-4;0.367995;859.582493;1 out of 4
859.582809;859.582809;"PG(21:0/18:0)";[M+K];C45H89O10P;3.16322e-4;0.367995;859.582493;1 out of 4
859.596185;859.596185;"PA(13:0/22:0)";[M+NORHARMANE+H];C38H75O8P;-6.95990e-4;-0.809670;859.596881;1 out of 4
859.596185;859.596185;"PA(14:0/21:0)";[M+NORHARMANE+H];C38H75O8P;-6.95990e-4;-0.809670;859.596881;1 out of 4
859.596185;859.596185;"PA(15:0/20:0)";[M+NORHARMANE+H];C38H75O8P;-6.95990e-4;-0.809670;859.596881;1 out of 4
859.596185;859.596185;"PA(18:0/17:0)";[M+NORHARMANE+H];C38H75O8P;-6.95990e-4;-0.809670;859.596881;1 out of 4
859.596185;859.596185;"PA(20:0/15:0)";[M+NORHARMANE+H];C38H75O8P;-6.95990e-4;-0.809670;859.596881;1 out of 4
859.596185;859.596185;"PA(22:0/13:0)";[M+NORHARMANE+H];C38H75O8P;-6.95990e-4;-0.809670;859.596881;1 out of 4
859.596185;859.596185;"PA(21:0/14:0)";[M+NORHARMANE+H];C38H75O8P;-6.95990e-4;-0.809670;859.596881;1 out of 4
859.596185;859.596185;"PA(17:0/18:0)";[M+NORHARMANE+H];C38H75O8P;-6.95990e-4;-0.809670;859.596881;1 out of 4
859.596185;859.596185;"PA(19:0/16:0)";[M+NORHARMANE+H];C38H75O8P;-6.95990e-4;-0.809670;859.596881;1 out of 4
859.596185;859.596185;"PA(16:0/19:0)";[M+NORHARMANE+H];C38H75O8P;-6.95990e-4;-0.809670;859.596881;1 out of 4
859.596185;859.596185;"DG(20:5(5Z,8Z,11Z,14Z,17Z)/22:4(7Z,10Z,13Z,16Z)/0:0)[iso2]";[M+NORHARMANE+H];C45H70O5;-3.06534e-3;-3.566011;859.599250;1 out of 4
859.596185;859.596185;"DG(20:4(5Z,8Z,11Z,14Z)/22:5(7Z,10Z,13Z,16Z,19Z)/0:0)[iso2]";[M+NORHARMANE+H];C45H70O5;-3.06534e-3;-3.566011;859.599250;1 out of 4
859.596185;859.596185;"DG(20:3(8Z,11Z,14Z)/22:6(4Z,7Z,10Z,13Z,16Z,19Z)/0:0)[iso2]";[M+NORHARMANE+H];C45H70O5;-3.06534e-3;-3.566011;859.599250;1 out of 4
860.596070;860.596070;"PC(10:0/19:0)";[M+NORHARMANE+H];C37H74NO8P;3.94004e-3;4.578292;860.592130;1 out of 4
860.596070;860.596070;"PC(14:0/15:0)";[M+NORHARMANE+H];C37H74NO8P;3.94004e-3;4.578292;860.592130;1 out of 4
860.596070;860.596070;"PC(19:0/10:0)";[M+NORHARMANE+H];C37H74NO8P;3.94004e-3;4.578292;860.592130;1 out of 4
860.596070;860.596070;"PC(20:0/9:0)";[M+NORHARMANE+H];C37H74NO8P;3.94004e-3;4.578292;860.592130;1 out of 4
860.596070;860.596070;"PC(8:0/21:0)";[M+NORHARMANE+H];C37H74NO8P;3.94004e-3;4.578292;860.592130;1 out of 4
860.596070;860.596070;"PC(9:0/20:0)";[M+NORHARMANE+H];C37H74NO8P;3.94004e-3;4.578292;860.592130;1 out of 4
860.596070;860.596070;"PC(12:0/17:0)";[M+NORHARMANE+H];C37H74NO8P;3.94004e-3;4.578292;860.592130;1 out of 4
860.596070;860.596070;"PC(13:0/16:0)";[M+NORHARMANE+H];C37H74NO8P;3.94004e-3;4.578292;860.592130;1 out of 4
860.596070;860.596070;"PC(15:0/14:0)";[M+NORHARMANE+H];C37H74NO8P;3.94004e-3;4.578292;860.592130;1 out of 4
860.596070;860.596070;"PC(16:0/13:0)";[M+NORHARMANE+H];C37H74NO8P;3.94004e-3;4.578292;860.592130;1 out of 4
860.596070;860.596070;"PC(17:0/12:0)";[M+NORHARMANE+H];C37H74NO8P;3.94004e-3;4.578292;860.592130;1 out of 4
860.596070;860.596070;"PE(16:0/16:0)";[M+NORHARMANE+H];C37H74NO8P;3.94004e-3;4.578292;860.592130;1 out of 4
860.596070;860.596070;"PE(20:0/12:0)";[M+NORHARMANE+H];C37H74NO8P;3.94004e-3;4.578292;860.592130;1 out of 4
860.596070;860.596070;"PE(19:0/13:0)";[M+NORHARMANE+H];C37H74NO8P;3.94004e-3;4.578292;860.592130;1 out of 4
860.596070;860.596070;"PE(18:0/14:0)";[M+NORHARMANE+H];C37H74NO8P;3.94004e-3;4.578292;860.592130;1 out of 4
860.596070;860.596070;"PE(17:0/15:0)";[M+NORHARMANE+H];C37H74NO8P;3.94004e-3;4.578292;860.592130;1 out of 4
860.596070;860.596070;"PE(15:0/17:0)";[M+NORHARMANE+H];C37H74NO8P;3.94004e-3;4.578292;860.592130;1 out of 4
860.596070;860.596070;"PE(14:0/18:0)";[M+NORHARMANE+H];C37H74NO8P;3.94004e-3;4.578292;860.592130;1 out of 4
860.596070;860.596070;"PE(13:0/19:0)";[M+NORHARMANE+H];C37H74NO8P;3.94004e-3;4.578292;860.592130;1 out of 4
860.596070;860.596070;"PE(12:0/20:0)";[M+NORHARMANE+H];C37H74NO8P;3.94004e-3;4.578292;860.592130;1 out of 4
860.596070;860.596070;"PE(16:0(15Me)/14:0(13Me))";[M+NORHARMANE+H];C37H74NO8P;3.94004e-3;4.578292;860.592130;1 out of 4
860.596070;860.596070;"PC(O-18:0/22:5(4Z,7Z,10Z,13Z,16Z))";[M+K];C48H88NO7P;3.07221e-3;3.569880;860.592998;1 out of 4
860.596070;860.596070;"PC(O-18:0/22:5(7Z,10Z,13Z,16Z,19Z))";[M+K];C48H88NO7P;3.07221e-3;3.569880;860.592998;1 out of 4
860.596070;860.596070;"PC(O-20:0/20:5(5Z,8Z,11Z,14Z,17Z))";[M+K];C48H88NO7P;3.07221e-3;3.569880;860.592998;1 out of 4
860.596070;860.596070;"PC(O-20:1(11Z)/20:4(8Z,11Z,14Z,17Z))";[M+K];C48H88NO7P;3.07221e-3;3.569880;860.592998;1 out of 4
860.596070;860.596070;"PC(P-18:0/22:4(7Z,10Z,13Z,16Z))";[M+K];C48H88NO7P;3.07221e-3;3.569880;860.592998;1 out of 4
860.596070;860.596070;"PC(P-20:0/20:4(5Z,8Z,11Z,14Z))";[M+K];C48H88NO7P;3.07221e-3;3.569880;860.592998;1 out of 4
860.596070;860.596070;"PI-Cer(d18:0/20:0)";[M+Na];C44H88NO11P;-2.64927e-3;-3.078399;860.598719;1 out of 4
860.596070;860.596070;"PI-Cer(d20:0/18:0)";[M+Na];C44H88NO11P;-2.64927e-3;-3.078399;860.598719;1 out of 4
863.679491;863.679491;20:3-Glc-Stigmasterol;[M+H];C55H90O7;3.55978e-3;4.121662;863.675931;1 out of 4
863.692994;863.692994;Coenzyme Q10;[M+H];C59H90O4;1.80664e-3;2.091766;863.691187;1 out of 4
867.679102;867.679102;22:5 Cholesterol ester;[M+NORHARMANE+H];C49H78O2;1.99526e-3;2.299547;867.677107;2 out of 4
868.564722;868.564722;"PC(12:0/18:3(6Z,9Z,12Z))";[M+NORHARMANE+H];C38H70NO8P;3.89217e-3;4.481171;868.560830;1 out of 4
868.564722;868.564722;"PC(12:0/18:3(9Z,12Z,15Z))";[M+NORHARMANE+H];C38H70NO8P;3.89217e-3;4.481171;868.560830;1 out of 4
868.564722;868.564722;"PC(18:3(6Z,9Z,12Z)/12:0)";[M+NORHARMANE+H];C38H70NO8P;3.89217e-3;4.481171;868.560830;1 out of 4
868.564722;868.564722;"PC(18:3(9Z,12Z,15Z)/12:0)";[M+NORHARMANE+H];C38H70NO8P;3.89217e-3;4.481171;868.560830;1 out of 4
868.564722;868.564722;"PE(13:0/20:3(8Z,11Z,14Z))";[M+NORHARMANE+H];C38H70NO8P;3.89217e-3;4.481171;868.560830;1 out of 4
868.564722;868.564722;"PE(15:0/18:3(6Z,9Z,12Z))";[M+NORHARMANE+H];C38H70NO8P;3.89217e-3;4.481171;868.560830;1 out of 4
868.564722;868.564722;"PE(15:0/18:3(9Z,12Z,15Z))";[M+NORHARMANE+H];C38H70NO8P;3.89217e-3;4.481171;868.560830;1 out of 4
868.564722;868.564722;"PE(15:1(9Z)/18:2(9Z,12Z))";[M+NORHARMANE+H];C38H70NO8P;3.89217e-3;4.481171;868.560830;1 out of 4
868.564722;868.564722;"PE(16:1(9Z)/17:2(9Z,12Z))";[M+NORHARMANE+H];C38H70NO8P;3.89217e-3;4.481171;868.560830;1 out of 4
868.564722;868.564722;"PE(17:2(9Z,12Z)/16:1(9Z))";[M+NORHARMANE+H];C38H70NO8P;3.89217e-3;4.481171;868.560830;1 out of 4
868.564722;868.564722;"PE(18:2(9Z,12Z)/15:1(9Z))";[M+NORHARMANE+H];C38H70NO8P;3.89217e-3;4.481171;868.560830;1 out of 4
868.564722;868.564722;"PE(18:3(6Z,9Z,12Z)/15:0)";[M+NORHARMANE+H];C38H70NO8P;3.89217e-3;4.481171;868.560830;1 out of 4
868.564722;868.564722;"PE(18:3(9Z,12Z,15Z)/15:0)";[M+NORHARMANE+H];C38H70NO8P;3.89217e-3;4.481171;868.560830;1 out of 4
868.564722;868.564722;"PE(20:3(8Z,11Z,14Z)/13:0)";[M+NORHARMANE+H];C38H70NO8P;3.89217e-3;4.481171;868.560830;1 out of 4
868.681954;868.681954;"PC(20:1(11Z)/22:2(13Z,16Z))";[M+H];C50H94NO8P;2.97240e-3;3.421750;868.678982;1 out of 4
868.681954;868.681954;"PC(20:2(11Z,14Z)/22:1(11Z))";[M+H];C50H94NO8P;2.97240e-3;3.421750;868.678982;1 out of 4
868.681954;868.681954;"PC(20:3(8Z,11Z,14Z)/22:0)";[M+H];C50H94NO8P;2.97240e-3;3.421750;868.678982;1 out of 4
868.681954;868.681954;"PC(22:0/20:3(8Z,11Z,14Z))";[M+H];C50H94NO8P;2.97240e-3;3.421750;868.678982;1 out of 4
868.681954;868.681954;"PC(22:1(11Z)/20:2(11Z,14Z))";[M+H];C50H94NO8P;2.97240e-3;3.421750;868.678982;1 out of 4
868.681954;868.681954;"PC(22:2(13Z,16Z)/20:1(11Z))";[M+H];C50H94NO8P;2.97240e-3;3.421750;868.678982;1 out of 4
868.681954;868.681954;Agelasphin-9b;[M+Na];C48H95NO10;-2.86424e-3;-3.297214;868.684818;1 out of 4
869.693973;869.693973;22:4 Cholesterol ester;[M+NORHARMANE+H];C49H80O2;1.21620e-3;1.398425;869.692757;1 out of 4
869.693973;869.693973;20:3 Stigmasterol ester;[M+NORHARMANE+H];C49H80O2;1.21620e-3;1.398425;869.692757;1 out of 4
870.580282;870.580282;"PC(12:0/18:2(9Z,12Z))";[M+NORHARMANE+H];C38H72NO8P;3.80211e-3;4.367343;870.576480;1 out of 4
870.580282;870.580282;"PC(13:0/17:2(9Z,12Z))";[M+NORHARMANE+H];C38H72NO8P;3.80211e-3;4.367343;870.576480;1 out of 4
870.580282;870.580282;"PC(14:1(9Z)/16:1(9Z))";[M+NORHARMANE+H];C38H72NO8P;3.80211e-3;4.367343;870.576480;1 out of 4
870.580282;870.580282;"PC(15:1(9Z)/15:1(9Z))";[M+NORHARMANE+H];C38H72NO8P;3.80211e-3;4.367343;870.576480;1 out of 4
870.580282;870.580282;"PC(16:1(9Z)/14:1(9Z))";[M+NORHARMANE+H];C38H72NO8P;3.80211e-3;4.367343;870.576480;1 out of 4
870.580282;870.580282;"PC(17:2(9Z,12Z)/13:0)";[M+NORHARMANE+H];C38H72NO8P;3.80211e-3;4.367343;870.576480;1 out of 4
870.580282;870.580282;"PC(18:2(9Z,12Z)/12:0)";[M+NORHARMANE+H];C38H72NO8P;3.80211e-3;4.367343;870.576480;1 out of 4
870.580282;870.580282;"PE(13:0/20:2(11Z,14Z))";[M+NORHARMANE+H];C38H72NO8P;3.80211e-3;4.367343;870.576480;1 out of 4
870.580282;870.580282;"PE(14:1(9Z)/19:1(9Z))";[M+NORHARMANE+H];C38H72NO8P;3.80211e-3;4.367343;870.576480;1 out of 4
870.580282;870.580282;"PE(15:1(9Z)/18:1(9Z))";[M+NORHARMANE+H];C38H72NO8P;3.80211e-3;4.367343;870.576480;1 out of 4
870.580282;870.580282;"PE(16:0/17:2(9Z,12Z))";[M+NORHARMANE+H];C38H72NO8P;3.80211e-3;4.367343;870.576480;1 out of 4
870.580282;870.580282;"PE(16:1(9Z)/17:1(9Z))";[M+NORHARMANE+H];C38H72NO8P;3.80211e-3;4.367343;870.576480;1 out of 4
870.580282;870.580282;"PE(17:1(9Z)/16:1(9Z))";[M+NORHARMANE+H];C38H72NO8P;3.80211e-3;4.367343;870.576480;1 out of 4
870.580282;870.580282;"PE(17:2(9Z,12Z)/16:0)";[M+NORHARMANE+H];C38H72NO8P;3.80211e-3;4.367343;870.576480;1 out of 4
870.580282;870.580282;"PE(18:1(9Z)/15:1(9Z))";[M+NORHARMANE+H];C38H72NO8P;3.80211e-3;4.367343;870.576480;1 out of 4
870.580282;870.580282;"PE(18:2(9Z,12Z)/15:0)";[M+NORHARMANE+H];C38H72NO8P;3.80211e-3;4.367343;870.576480;1 out of 4
870.580282;870.580282;"PE(19:1(9Z)/14:1(9Z))";[M+NORHARMANE+H];C38H72NO8P;3.80211e-3;4.367343;870.576480;1 out of 4
870.580282;870.580282;"PE(20:2(11Z,14Z)/13:0)";[M+NORHARMANE+H];C38H72NO8P;3.80211e-3;4.367343;870.576480;1 out of 4
870.580282;870.580282;"PE(15:0/18:2(9Z,12Z))";[M+NORHARMANE+H];C38H72NO8P;3.80211e-3;4.367343;870.576480;1 out of 4
870.698059;870.698059;"PC(16:0/26:2(5Z,9Z))";[M+H];C50H96NO8P;3.42734e-3;3.936326;870.694632;1 out of 4
870.698059;870.698059;"PC(26:2(5Z,9Z)/16:0)";[M+H];C50H96NO8P;3.42734e-3;3.936326;870.694632;1 out of 4
870.698059;870.698059;"PC(20:0/22:2(13Z,16Z))";[M+H];C50H96NO8P;3.42734e-3;3.936326;870.694632;1 out of 4
870.698059;870.698059;"PC(20:1(11Z)/22:1(11Z))";[M+H];C50H96NO8P;3.42734e-3;3.936326;870.694632;1 out of 4
870.698059;870.698059;"PC(20:2(11Z,14Z)/22:0)";[M+H];C50H96NO8P;3.42734e-3;3.936326;870.694632;1 out of 4
870.698059;870.698059;"PC(22:0/20:2(11Z,14Z))";[M+H];C50H96NO8P;3.42734e-3;3.936326;870.694632;1 out of 4
870.698059;870.698059;"PC(22:1(11Z)/20:1(11Z))";[M+H];C50H96NO8P;3.42734e-3;3.936326;870.694632;1 out of 4
870.698059;870.698059;"PC(22:2(13Z,16Z)/20:0)";[M+H];C50H96NO8P;3.42734e-3;3.936326;870.694632;1 out of 4
870.698059;870.698059;"PC(18:1(11Z)/24:1(15Z))";[M+H];C50H96NO8P;3.42734e-3;3.936326;870.694632;1 out of 4
870.698059;870.698059;"PC(18:1(9Z)/24:1(15Z))";[M+H];C50H96NO8P;3.42734e-3;3.936326;870.694632;1 out of 4
870.698059;870.698059;"PC(18:2(9Z,12Z)/24:0)";[M+H];C50H96NO8P;3.42734e-3;3.936326;870.694632;1 out of 4
870.698059;870.698059;"PC(20:1(11Z)/22:1(13Z))";[M+H];C50H96NO8P;3.42734e-3;3.936326;870.694632;1 out of 4
870.698059;870.698059;"PC(22:1(13Z)/20:1(11Z))";[M+H];C50H96NO8P;3.42734e-3;3.936326;870.694632;1 out of 4
870.698059;870.698059;"PC(24:0/18:2(9Z,12Z))";[M+H];C50H96NO8P;3.42734e-3;3.936326;870.694632;1 out of 4
870.698059;870.698059;"PC(24:1(15Z)/18:1(11Z))";[M+H];C50H96NO8P;3.42734e-3;3.936326;870.694632;1 out of 4
870.698059;870.698059;"PC(24:1(15Z)/18:1(9Z))";[M+H];C50H96NO8P;3.42734e-3;3.936326;870.694632;1 out of 4
871.584125;871.584125;"PG(18:0/22:1(11Z))";[M+K];C46H89O10P;1.63232e-3;1.872826;871.582493;1 out of 4
871.584125;871.584125;"PG(19:1(9Z)/21:0)";[M+K];C46H89O10P;1.63232e-3;1.872826;871.582493;1 out of 4
871.584125;871.584125;"PG(20:1(11Z)/20:0)";[M+K];C46H89O10P;1.63232e-3;1.872826;871.582493;1 out of 4
871.584125;871.584125;"PG(21:0/19:1(9Z))";[M+K];C46H89O10P;1.63232e-3;1.872826;871.582493;1 out of 4
871.584125;871.584125;"PG(22:1(11Z)/18:0)";[M+K];C46H89O10P;1.63232e-3;1.872826;871.582493;1 out of 4
871.584125;871.584125;"PG(22:0/18:1(9Z))";[M+K];C46H89O10P;1.63232e-3;1.872826;871.582493;1 out of 4
871.584125;871.584125;"PG(20:0/20:1(11Z))";[M+K];C46H89O10P;1.63232e-3;1.872826;871.582493;1 out of 4
871.584125;871.584125;"PG(18:1(9Z)/22:0)";[M+K];C46H89O10P;1.63232e-3;1.872826;871.582493;1 out of 4
871.711344;871.711344;22:3 Cholesterol ester;[M+NORHARMANE+H];C49H82O2;2.93714e-3;3.369402;871.708407;1 out of 4
871.711344;871.711344;20:2 Stigmasterol ester;[M+NORHARMANE+H];C49H82O2;2.93714e-3;3.369402;871.708407;1 out of 4
871.711344;871.711344;20:3 Sitosterol ester;[M+NORHARMANE+H];C49H82O2;2.93714e-3;3.369402;871.708407;1 out of 4
871.711344;871.711344;"TG(16:0/16:0/18:1(11E))";[M+K];C53H100O6;-3.80392e-3;-4.363719;871.715148;1 out of 4
871.711344;871.711344;"TG(16:0/16:0/18:1(9Z))";[M+K];C53H100O6;-3.80392e-3;-4.363719;871.715148;1 out of 4
871.711344;871.711344;"TG(16:1(9Z)/17:0/17:0)[iso3]";[M+K];C53H100O6;-3.80392e-3;-4.363719;871.715148;1 out of 4
871.711344;871.711344;"TG(16:0/17:0/17:1(9Z))[iso6]";[M+K];C53H100O6;-3.80392e-3;-4.363719;871.715148;1 out of 4
871.711344;871.711344;"TG(16:0/16:1(9Z)/18:0)[iso6]";[M+K];C53H100O6;-3.80392e-3;-4.363719;871.715148;1 out of 4
871.711344;871.711344;"TG(14:0/14:0/22:1(11Z))[iso3]";[M+K];C53H100O6;-3.80392e-3;-4.363719;871.715148;1 out of 4
871.711344;871.711344;"TG(14:1(9Z)/18:0/18:0)[iso3]";[M+K];C53H100O6;-3.80392e-3;-4.363719;871.715148;1 out of 4
871.711344;871.711344;"TG(15:0/15:0/20:1(11Z))[iso3]";[M+K];C53H100O6;-3.80392e-3;-4.363719;871.715148;1 out of 4
871.711344;871.711344;"TG(12:0/16:0/22:1(11Z))[iso6]";[M+K];C53H100O6;-3.80392e-3;-4.363719;871.715148;1 out of 4
871.711344;871.711344;"TG(12:0/16:1(9Z)/22:0)[iso6]";[M+K];C53H100O6;-3.80392e-3;-4.363719;871.715148;1 out of 4
871.711344;871.711344;"TG(12:0/17:1(9Z)/21:0)[iso6]";[M+K];C53H100O6;-3.80392e-3;-4.363719;871.715148;1 out of 4
871.711344;871.711344;"TG(12:0/18:0/20:1(11Z))[iso6]";[M+K];C53H100O6;-3.80392e-3;-4.363719;871.715148;1 out of 4
871.711344;871.711344;"TG(12:0/18:1(9Z)/20:0)[iso6]";[M+K];C53H100O6;-3.80392e-3;-4.363719;871.715148;1 out of 4
871.711344;871.711344;"TG(12:0/19:0/19:1(9Z))[iso6]";[M+K];C53H100O6;-3.80392e-3;-4.363719;871.715148;1 out of 4
871.711344;871.711344;"TG(13:0/15:0/22:1(11Z))[iso6]";[M+K];C53H100O6;-3.80392e-3;-4.363719;871.715148;1 out of 4
871.711344;871.711344;"TG(13:0/15:1(9Z)/22:0)[iso6]";[M+K];C53H100O6;-3.80392e-3;-4.363719;871.715148;1 out of 4
871.711344;871.711344;"TG(13:0/16:1(9Z)/21:0)[iso6]";[M+K];C53H100O6;-3.80392e-3;-4.363719;871.715148;1 out of 4
871.711344;871.711344;"TG(13:0/17:0/20:1(11Z))[iso6]";[M+K];C53H100O6;-3.80392e-3;-4.363719;871.715148;1 out of 4
871.711344;871.711344;"TG(13:0/17:1(9Z)/20:0)[iso6]";[M+K];C53H100O6;-3.80392e-3;-4.363719;871.715148;1 out of 4
871.711344;871.711344;"TG(13:0/18:0/19:1(9Z))[iso6]";[M+K];C53H100O6;-3.80392e-3;-4.363719;871.715148;1 out of 4
871.711344;871.711344;"TG(13:0/18:1(9Z)/19:0)[iso6]";[M+K];C53H100O6;-3.80392e-3;-4.363719;871.715148;1 out of 4
871.711344;871.711344;"TG(14:0/14:1(9Z)/22:0)[iso6]";[M+K];C53H100O6;-3.80392e-3;-4.363719;871.715148;1 out of 4
871.711344;871.711344;"TG(14:0/15:1(9Z)/21:0)[iso6]";[M+K];C53H100O6;-3.80392e-3;-4.363719;871.715148;1 out of 4
871.711344;871.711344;"TG(14:0/16:0/20:1(11Z))[iso6]";[M+K];C53H100O6;-3.80392e-3;-4.363719;871.715148;1 out of 4
871.711344;871.711344;"TG(14:0/16:1(9Z)/20:0)[iso6]";[M+K];C53H100O6;-3.80392e-3;-4.363719;871.715148;1 out of 4
871.711344;871.711344;"TG(14:0/17:0/19:1(9Z))[iso6]";[M+K];C53H100O6;-3.80392e-3;-4.363719;871.715148;1 out of 4
871.711344;871.711344;"TG(14:0/17:1(9Z)/19:0)[iso6]";[M+K];C53H100O6;-3.80392e-3;-4.363719;871.715148;1 out of 4
871.711344;871.711344;"TG(14:0/18:0/18:1(9Z))[iso6]";[M+K];C53H100O6;-3.80392e-3;-4.363719;871.715148;1 out of 4
871.711344;871.711344;"TG(14:1(9Z)/15:0/21:0)[iso6]";[M+K];C53H100O6;-3.80392e-3;-4.363719;871.715148;1 out of 4
871.711344;871.711344;"TG(14:1(9Z)/16:0/20:0)[iso6]";[M+K];C53H100O6;-3.80392e-3;-4.363719;871.715148;1 out of 4
871.711344;871.711344;"TG(14:1(9Z)/17:0/19:0)[iso6]";[M+K];C53H100O6;-3.80392e-3;-4.363719;871.715148;1 out of 4
871.711344;871.711344;"TG(15:0/15:1(9Z)/20:0)[iso6]";[M+K];C53H100O6;-3.80392e-3;-4.363719;871.715148;1 out of 4
871.711344;871.711344;"TG(15:0/16:0/19:1(9Z))[iso6]";[M+K];C53H100O6;-3.80392e-3;-4.363719;871.715148;1 out of 4
871.711344;871.711344;"TG(15:0/16:1(9Z)/19:0)[iso6]";[M+K];C53H100O6;-3.80392e-3;-4.363719;871.715148;1 out of 4
871.711344;871.711344;"TG(15:0/17:0/18:1(9Z))[iso6]";[M+K];C53H100O6;-3.80392e-3;-4.363719;871.715148;1 out of 4
871.711344;871.711344;"TG(15:0/17:1(9Z)/18:0)[iso6]";[M+K];C53H100O6;-3.80392e-3;-4.363719;871.715148;1 out of 4
871.711344;871.711344;"TG(15:1(9Z)/16:0/19:0)[iso6]";[M+K];C53H100O6;-3.80392e-3;-4.363719;871.715148;1 out of 4
871.711344;871.711344;"TG(15:1(9Z)/17:0/18:0)[iso6]";[M+K];C53H100O6;-3.80392e-3;-4.363719;871.715148;1 out of 4
872.551235;872.551235;"LacCer(d18:1/14:0)";[M+K];C44H83NO13;1.63628e-3;1.875291;872.549599;3 out of 4
872.714353;872.714353;"PC(18:0/24:1(15Z))";[M+H];C50H98NO8P;4.07127e-3;4.665092;872.710282;1 out of 4
872.714353;872.714353;"PC(18:1(9Z)/24:0)";[M+H];C50H98NO8P;4.07127e-3;4.665092;872.710282;1 out of 4
872.714353;872.714353;"PC(20:0/22:1(13Z))";[M+H];C50H98NO8P;4.07127e-3;4.665092;872.710282;1 out of 4
872.714353;872.714353;"PC(20:1(13E)/22:0)";[M+H];C50H98NO8P;4.07127e-3;4.665092;872.710282;1 out of 4
872.714353;872.714353;"PC(20:1(13Z)/22:0)";[M+H];C50H98NO8P;4.07127e-3;4.665092;872.710282;1 out of 4
872.714353;872.714353;"PC(22:0/20:1(11Z))";[M+H];C50H98NO8P;4.07127e-3;4.665092;872.710282;1 out of 4
872.714353;872.714353;"PC(24:0/18:1(6Z))";[M+H];C50H98NO8P;4.07127e-3;4.665092;872.710282;1 out of 4
872.714353;872.714353;"PC(24:0/18:1(9Z))";[M+H];C50H98NO8P;4.07127e-3;4.665092;872.710282;1 out of 4
872.714353;872.714353;"PC(20:0/22:1(11Z))";[M+H];C50H98NO8P;4.07127e-3;4.665092;872.710282;1 out of 4
872.714353;872.714353;"PC(20:1(11Z)/22:0)";[M+H];C50H98NO8P;4.07127e-3;4.665092;872.710282;1 out of 4
872.714353;872.714353;"PC(22:1(11Z)/20:0)";[M+H];C50H98NO8P;4.07127e-3;4.665092;872.710282;1 out of 4
872.714353;872.714353;"PC(18:1(11Z)/24:0)";[M+H];C50H98NO8P;4.07127e-3;4.665092;872.710282;1 out of 4
872.714353;872.714353;"PC(22:1(13Z)/20:0)";[M+H];C50H98NO8P;4.07127e-3;4.665092;872.710282;1 out of 4
872.714353;872.714353;"PC(24:0/18:1(11Z))";[M+H];C50H98NO8P;4.07127e-3;4.665092;872.710282;1 out of 4
872.714353;872.714353;"PC(24:1(15Z)/18:0)";[M+H];C50H98NO8P;4.07127e-3;4.665092;872.710282;1 out of 4
872.714353;872.714353;"GlcCer(t18:1(8Z)/26:0(2OH[R]))";[M+H];C50H97NO10;-4.17130e-3;-4.779667;872.718524;2 out of 4
873.555027;873.555027;"PA(P-16:0/22:6(4Z,7Z,10Z,13Z,16Z,19Z))";[M+NORHARMANE+H];C41H69O7P;1.08220e-5;0.012388;873.555016;2 out of 4
874.568054;874.568054;"LacCer(d16:0/16:0)";[M+K];C44H85NO13;2.80522e-3;3.207559;874.565249;3 out of 4
874.568054;874.568054;"LacCer(d18:0/14:0)";[M+K];C44H85NO13;2.80522e-3;3.207559;874.565249;3 out of 4
874.568054;874.568054;"LacCer(d14:0/18:0)";[M+K];C44H85NO13;2.80522e-3;3.207559;874.565249;3 out of 4
874.568054;874.568054;"(3'-sulfo)Galbeta-Cer(d18:1/20:0(2OH))";[M+Na];C44H85NO12S;-4.14160e-4;-0.473559;874.568468;2 out of 4
874.568054;874.568054;"PS(O-16:0/15:1(9Z))";[M+NORHARMANE+H];C37H72NO9P;-3.34051e-3;-3.819601;874.571395;1 out of 4
874.568054;874.568054;"PS(P-16:0/15:0)";[M+NORHARMANE+H];C37H72NO9P;-3.34051e-3;-3.819601;874.571395;1 out of 4
874.568054;874.568054;"PS(P-18:0/13:0)";[M+NORHARMANE+H];C37H72NO9P;-3.34051e-3;-3.819601;874.571395;1 out of 4
874.568054;874.568054;"PC(18:0/22:5(4Z,7Z,10Z,13Z,16Z))";[M+K];C48H86NO8P;-4.20834e-3;-4.811886;874.572262;2 out of 4
874.568054;874.568054;"PC(18:0/22:5(7Z,10Z,13Z,16Z,19Z))";[M+K];C48H86NO8P;-4.20834e-3;-4.811886;874.572262;2 out of 4
874.568054;874.568054;"PC(18:1(9Z)/22:4(7Z,10Z,13Z,16Z))";[M+K];C48H86NO8P;-4.20834e-3;-4.811886;874.572262;2 out of 4
874.568054;874.568054;"PC(18:3(6Z,9Z,12Z)/22:2(13Z,16Z))";[M+K];C48H86NO8P;-4.20834e-3;-4.811886;874.572262;2 out of 4
874.568054;874.568054;"PC(18:3(9Z,12Z,15Z)/22:2(13Z,16Z))";[M+K];C48H86NO8P;-4.20834e-3;-4.811886;874.572262;2 out of 4
874.568054;874.568054;"PC(18:4(6Z,9Z,12Z,15Z)/22:1(11Z))";[M+K];C48H86NO8P;-4.20834e-3;-4.811886;874.572262;2 out of 4
874.568054;874.568054;"PC(20:0/20:5(5Z,8Z,11Z,14Z,17Z))";[M+K];C48H86NO8P;-4.20834e-3;-4.811886;874.572262;2 out of 4
874.568054;874.568054;"PC(20:1(11Z)/20:4(5Z,8Z,11Z,14Z))";[M+K];C48H86NO8P;-4.20834e-3;-4.811886;874.572262;2 out of 4
874.568054;874.568054;"PC(20:2(11Z,14Z)/20:3(8Z,11Z,14Z))";[M+K];C48H86NO8P;-4.20834e-3;-4.811886;874.572262;2 out of 4
874.568054;874.568054;"PC(20:3(8Z,11Z,14Z)/20:2(11Z,14Z))";[M+K];C48H86NO8P;-4.20834e-3;-4.811886;874.572262;2 out of 4
874.568054;874.568054;"PC(20:4(5Z,8Z,11Z,14Z)/20:1(11Z))";[M+K];C48H86NO8P;-4.20834e-3;-4.811886;874.572262;2 out of 4
874.568054;874.568054;"PC(20:5(5Z,8Z,11Z,14Z,17Z)/20:0)";[M+K];C48H86NO8P;-4.20834e-3;-4.811886;874.572262;2 out of 4
874.568054;874.568054;"PC(22:1(11Z)/18:4(6Z,9Z,12Z,15Z))";[M+K];C48H86NO8P;-4.20834e-3;-4.811886;874.572262;2 out of 4
874.568054;874.568054;"PC(22:2(13Z,16Z)/18:3(6Z,9Z,12Z))";[M+K];C48H86NO8P;-4.20834e-3;-4.811886;874.572262;2 out of 4
874.568054;874.568054;"PC(22:2(13Z,16Z)/18:3(9Z,12Z,15Z))";[M+K];C48H86NO8P;-4.20834e-3;-4.811886;874.572262;2 out of 4
874.568054;874.568054;"PC(22:4(7Z,10Z,13Z,16Z)/18:1(9Z))";[M+K];C48H86NO8P;-4.20834e-3;-4.811886;874.572262;2 out of 4
874.568054;874.568054;"PC(18:1(11Z)/22:4(7Z,10Z,13Z,16Z))";[M+K];C48H86NO8P;-4.20834e-3;-4.811886;874.572262;2 out of 4
874.568054;874.568054;"PC(18:4(6Z,9Z,12Z,15Z)/22:1(13Z))";[M+K];C48H86NO8P;-4.20834e-3;-4.811886;874.572262;2 out of 4
874.568054;874.568054;"PC(20:1(11Z)/20:4(8Z,11Z,14Z,17Z))";[M+K];C48H86NO8P;-4.20834e-3;-4.811886;874.572262;2 out of 4
874.568054;874.568054;"PC(20:2(11Z,14Z)/20:3(5Z,8Z,11Z))";[M+K];C48H86NO8P;-4.20834e-3;-4.811886;874.572262;2 out of 4
874.568054;874.568054;"PC(20:3(5Z,8Z,11Z)/20:2(11Z,14Z))";[M+K];C48H86NO8P;-4.20834e-3;-4.811886;874.572262;2 out of 4
874.568054;874.568054;"PC(20:4(8Z,11Z,14Z,17Z)/20:1(11Z))";[M+K];C48H86NO8P;-4.20834e-3;-4.811886;874.572262;2 out of 4
874.568054;874.568054;"PC(22:1(13Z)/18:4(6Z,9Z,12Z,15Z))";[M+K];C48H86NO8P;-4.20834e-3;-4.811886;874.572262;2 out of 4
874.568054;874.568054;"PC(22:4(7Z,10Z,13Z,16Z)/18:1(11Z))";[M+K];C48H86NO8P;-4.20834e-3;-4.811886;874.572262;2 out of 4
878.570403;878.570403;"PC(20:3(8Z,11Z,14Z)/22:6(4Z,7Z,10Z,13Z,16Z,19Z))";[M+Na];C50H82NO8P;3.37779e-3;3.844654;878.567025;1 out of 4
878.570403;878.570403;"PC(20:5(5Z,8Z,11Z,14Z,17Z)/22:4(7Z,10Z,13Z,16Z))";[M+Na];C50H82NO8P;3.37779e-3;3.844654;878.567025;1 out of 4
878.570403;878.570403;"PC(22:4(7Z,10Z,13Z,16Z)/20:5(5Z,8Z,11Z,14Z,17Z))";[M+Na];C50H82NO8P;3.37779e-3;3.844654;878.567025;1 out of 4
878.570403;878.570403;"PC(22:6(4Z,7Z,10Z,13Z,16Z,19Z)/20:3(8Z,11Z,14Z))";[M+Na];C50H82NO8P;3.37779e-3;3.844654;878.567025;1 out of 4
878.570403;878.570403;"PC(22:6(4Z,7Z,10Z,13Z,16Z,19Z)/22:6(4Z,7Z,10Z,13Z,16Z,19Z))";[M+H];C52H80NO8P;9.71850e-4;1.106173;878.569431;1 out of 4
879.578763;879.578763;"1,2-(8R,9R-epoxy-17E-octadecen-4,6-diynoyl)-3-(hexadecanoyl)sn-glycerol";[M+Na];C54H80O8;4.22348e-3;4.801731;879.574540;1 out of 4
879.578763;879.578763;"1,3-(8R,9R-epoxy-octadec-13Z,15Z-dien-4,6-diynoyl)-2-(oleoyl)-sn-glycerol";[M+H];C56H78O8;1.81754e-3;2.066384;879.576945;3 out of 4
880.562537;880.562537;"PC(13:0/18:4(6Z,9Z,12Z,15Z))";[M+NORHARMANE+H];C39H70NO8P;1.70717e-3;1.938730;880.560830;1 out of 4
880.562537;880.562537;"PC(18:4(6Z,9Z,12Z,15Z)/13:0)";[M+NORHARMANE+H];C39H70NO8P;1.70717e-3;1.938730;880.560830;1 out of 4
880.562537;880.562537;"PE(12:0/22:4(7Z,10Z,13Z,16Z))";[M+NORHARMANE+H];C39H70NO8P;1.70717e-3;1.938730;880.560830;1 out of 4
880.562537;880.562537;"PE(14:1(9Z)/20:3(8Z,11Z,14Z))";[M+NORHARMANE+H];C39H70NO8P;1.70717e-3;1.938730;880.560830;1 out of 4
880.562537;880.562537;"PE(16:1(9Z)/18:3(6Z,9Z,12Z))";[M+NORHARMANE+H];C39H70NO8P;1.70717e-3;1.938730;880.560830;1 out of 4
880.562537;880.562537;"PE(16:1(9Z)/18:3(9Z,12Z,15Z))";[M+NORHARMANE+H];C39H70NO8P;1.70717e-3;1.938730;880.560830;1 out of 4
880.562537;880.562537;"PE(18:3(6Z,9Z,12Z)/16:1(9Z))";[M+NORHARMANE+H];C39H70NO8P;1.70717e-3;1.938730;880.560830;1 out of 4
880.562537;880.562537;"PE(18:3(9Z,12Z,15Z)/16:1(9Z))";[M+NORHARMANE+H];C39H70NO8P;1.70717e-3;1.938730;880.560830;1 out of 4
880.562537;880.562537;"PE(18:4(6Z,9Z,12Z,15Z)/16:0)";[M+NORHARMANE+H];C39H70NO8P;1.70717e-3;1.938730;880.560830;1 out of 4
880.562537;880.562537;"PE(20:3(8Z,11Z,14Z)/14:1(9Z))";[M+NORHARMANE+H];C39H70NO8P;1.70717e-3;1.938730;880.560830;1 out of 4
880.562537;880.562537;"PE(20:4(5Z,8Z,11Z,14Z)/14:0)";[M+NORHARMANE+H];C39H70NO8P;1.70717e-3;1.938730;880.560830;1 out of 4
880.562537;880.562537;"PE(22:4(7Z,10Z,13Z,16Z)/12:0)";[M+NORHARMANE+H];C39H70NO8P;1.70717e-3;1.938730;880.560830;1 out of 4
880.562537;880.562537;"PE(17:2(9Z,12Z)/17:2(9Z,12Z))";[M+NORHARMANE+H];C39H70NO8P;1.70717e-3;1.938730;880.560830;1 out of 4
880.562537;880.562537;"PE(16:0/18:4(6Z,9Z,12Z,15Z))";[M+NORHARMANE+H];C39H70NO8P;1.70717e-3;1.938730;880.560830;1 out of 4
880.562537;880.562537;"PE(14:0/20:4(5Z,8Z,11Z,14Z))";[M+NORHARMANE+H];C39H70NO8P;1.70717e-3;1.938730;880.560830;1 out of 4
881.752542;881.752542;"TG(17:0/17:2(9Z,12Z)/18:0)[iso6]";[M+Na];C55H102O6;-4.31898e-3;-4.898158;881.756861;1 out of 4
881.752542;881.752542;"TG(17:1(9Z)/17:1(9Z)/18:0)[iso3]";[M+Na];C55H102O6;-4.31898e-3;-4.898158;881.756861;1 out of 4
881.752542;881.752542;"TG(17:0/17:1(9Z)/18:1(9Z))[iso6]";[M+Na];C55H102O6;-4.31898e-3;-4.898158;881.756861;1 out of 4
881.752542;881.752542;"TG(17:0/17:0/18:2(9Z,12Z))[iso3]";[M+Na];C55H102O6;-4.31898e-3;-4.898158;881.756861;1 out of 4
881.752542;881.752542;"TG(16:0/18:1(9Z)/18:1(9Z))[iso3]";[M+Na];C55H102O6;-4.31898e-3;-4.898158;881.756861;1 out of 4
881.752542;881.752542;"TG(16:1(9Z)/18:0/18:1(9Z))[iso6]";[M+Na];C55H102O6;-4.31898e-3;-4.898158;881.756861;1 out of 4
881.752542;881.752542;"TG(16:0/18:0/18:2(9Z,12Z))[iso6]";[M+Na];C55H102O6;-4.31898e-3;-4.898158;881.756861;1 out of 4
881.752542;881.752542;"TG(16:1(9Z)/16:1(9Z)/20:0)[iso3]";[M+Na];C55H102O6;-4.31898e-3;-4.898158;881.756861;1 out of 4
881.752542;881.752542;"TG(16:0/16:1(9Z)/20:1(11Z))[iso6]";[M+Na];C55H102O6;-4.31898e-3;-4.898158;881.756861;1 out of 4
881.752542;881.752542;"TG(16:0/16:0/20:2(11Z,14Z))[iso3]";[M+Na];C55H102O6;-4.31898e-3;-4.898158;881.756861;1 out of 4
881.752542;881.752542;"TG(16:0/17:2(9Z,12Z)/19:0)[iso6]";[M+Na];C55H102O6;-4.31898e-3;-4.898158;881.756861;1 out of 4
881.752542;881.752542;"TG(16:1(9Z)/17:1(9Z)/19:0)[iso6]";[M+Na];C55H102O6;-4.31898e-3;-4.898158;881.756861;1 out of 4
881.752542;881.752542;"TG(12:0/20:1(11Z)/20:1(11Z))[iso3]";[M+Na];C55H102O6;-4.31898e-3;-4.898158;881.756861;1 out of 4
881.752542;881.752542;"TG(14:0/19:1(9Z)/19:1(9Z))[iso3]";[M+Na];C55H102O6;-4.31898e-3;-4.898158;881.756861;1 out of 4
881.752542;881.752542;"TG(15:0/15:0/22:2(13Z,16Z))[iso3]";[M+Na];C55H102O6;-4.31898e-3;-4.898158;881.756861;1 out of 4
881.752542;881.752542;"TG(15:1(9Z)/15:1(9Z)/22:0)[iso3]";[M+Na];C55H102O6;-4.31898e-3;-4.898158;881.756861;1 out of 4
881.752542;881.752542;"TG(12:0/18:0/22:2(13Z,16Z))[iso6]";[M+Na];C55H102O6;-4.31898e-3;-4.898158;881.756861;1 out of 4
881.752542;881.752542;"TG(12:0/18:1(9Z)/22:1(11Z))[iso6]";[M+Na];C55H102O6;-4.31898e-3;-4.898158;881.756861;1 out of 4
881.752542;881.752542;"TG(12:0/18:2(9Z,12Z)/22:0)[iso6]";[M+Na];C55H102O6;-4.31898e-3;-4.898158;881.756861;1 out of 4
881.752542;881.752542;"TG(12:0/20:0/20:2(11Z,14Z))[iso6]";[M+Na];C55H102O6;-4.31898e-3;-4.898158;881.756861;1 out of 4
881.752542;881.752542;"TG(13:0/17:0/22:2(13Z,16Z))[iso6]";[M+Na];C55H102O6;-4.31898e-3;-4.898158;881.756861;1 out of 4
881.752542;881.752542;"TG(13:0/17:1(9Z)/22:1(11Z))[iso6]";[M+Na];C55H102O6;-4.31898e-3;-4.898158;881.756861;1 out of 4
881.752542;881.752542;"TG(13:0/17:2(9Z,12Z)/22:0)[iso6]";[M+Na];C55H102O6;-4.31898e-3;-4.898158;881.756861;1 out of 4
881.752542;881.752542;"TG(13:0/18:2(9Z,12Z)/21:0)[iso6]";[M+Na];C55H102O6;-4.31898e-3;-4.898158;881.756861;1 out of 4
881.752542;881.752542;"TG(13:0/19:0/20:2(11Z,14Z))[iso6]";[M+Na];C55H102O6;-4.31898e-3;-4.898158;881.756861;1 out of 4
881.752542;881.752542;"TG(13:0/19:1(9Z)/20:1(11Z))[iso6]";[M+Na];C55H102O6;-4.31898e-3;-4.898158;881.756861;1 out of 4
881.752542;881.752542;"TG(14:0/16:0/22:2(13Z,16Z))[iso6]";[M+Na];C55H102O6;-4.31898e-3;-4.898158;881.756861;1 out of 4
881.752542;881.752542;"TG(14:0/16:1(9Z)/22:1(11Z))[iso6]";[M+Na];C55H102O6;-4.31898e-3;-4.898158;881.756861;1 out of 4
881.752542;881.752542;"TG(14:0/17:2(9Z,12Z)/21:0)[iso6]";[M+Na];C55H102O6;-4.31898e-3;-4.898158;881.756861;1 out of 4
881.752542;881.752542;"TG(14:0/18:0/20:2(11Z,14Z))[iso6]";[M+Na];C55H102O6;-4.31898e-3;-4.898158;881.756861;1 out of 4
881.752542;881.752542;"TG(14:0/18:1(9Z)/20:1(11Z))[iso6]";[M+Na];C55H102O6;-4.31898e-3;-4.898158;881.756861;1 out of 4
881.752542;881.752542;"TG(14:0/18:2(9Z,12Z)/20:0)[iso6]";[M+Na];C55H102O6;-4.31898e-3;-4.898158;881.756861;1 out of 4
881.752542;881.752542;"TG(14:1(9Z)/16:0/22:1(11Z))[iso6]";[M+Na];C55H102O6;-4.31898e-3;-4.898158;881.756861;1 out of 4
881.752542;881.752542;"TG(14:1(9Z)/16:1(9Z)/22:0)[iso6]";[M+Na];C55H102O6;-4.31898e-3;-4.898158;881.756861;1 out of 4
881.752542;881.752542;"TG(14:1(9Z)/17:1(9Z)/21:0)[iso6]";[M+Na];C55H102O6;-4.31898e-3;-4.898158;881.756861;1 out of 4
881.752542;881.752542;"TG(14:1(9Z)/18:0/20:1(11Z))[iso6]";[M+Na];C55H102O6;-4.31898e-3;-4.898158;881.756861;1 out of 4
881.752542;881.752542;"TG(14:1(9Z)/18:1(9Z)/20:0)[iso6]";[M+Na];C55H102O6;-4.31898e-3;-4.898158;881.756861;1 out of 4
881.752542;881.752542;"TG(14:1(9Z)/19:0/19:1(9Z))[iso6]";[M+Na];C55H102O6;-4.31898e-3;-4.898158;881.756861;1 out of 4
881.752542;881.752542;"TG(15:0/15:1(9Z)/22:1(11Z))[iso6]";[M+Na];C55H102O6;-4.31898e-3;-4.898158;881.756861;1 out of 4
881.752542;881.752542;"TG(15:0/17:0/20:2(11Z,14Z))[iso6]";[M+Na];C55H102O6;-4.31898e-3;-4.898158;881.756861;1 out of 4
881.752542;881.752542;"TG(15:0/17:1(9Z)/20:1(11Z))[iso6]";[M+Na];C55H102O6;-4.31898e-3;-4.898158;881.756861;1 out of 4
881.752542;881.752542;"TG(15:0/17:2(9Z,12Z)/20:0)[iso6]";[M+Na];C55H102O6;-4.31898e-3;-4.898158;881.756861;1 out of 4
881.752542;881.752542;"TG(15:0/18:1(9Z)/19:1(9Z))[iso6]";[M+Na];C55H102O6;-4.31898e-3;-4.898158;881.756861;1 out of 4
881.752542;881.752542;"TG(15:0/18:2(9Z,12Z)/19:0)[iso6]";[M+Na];C55H102O6;-4.31898e-3;-4.898158;881.756861;1 out of 4
881.752542;881.752542;"TG(15:1(9Z)/16:1(9Z)/21:0)[iso6]";[M+Na];C55H102O6;-4.31898e-3;-4.898158;881.756861;1 out of 4
881.752542;881.752542;"TG(15:1(9Z)/17:0/20:1(11Z))[iso6]";[M+Na];C55H102O6;-4.31898e-3;-4.898158;881.756861;1 out of 4
881.752542;881.752542;"TG(15:1(9Z)/17:1(9Z)/20:0)[iso6]";[M+Na];C55H102O6;-4.31898e-3;-4.898158;881.756861;1 out of 4
881.752542;881.752542;"TG(15:1(9Z)/18:0/19:1(9Z))[iso6]";[M+Na];C55H102O6;-4.31898e-3;-4.898158;881.756861;1 out of 4
881.752542;881.752542;"TG(15:1(9Z)/18:1(9Z)/19:0)[iso6]";[M+Na];C55H102O6;-4.31898e-3;-4.898158;881.756861;1 out of 4
881.752542;881.752542;"TG(16:0/17:1(9Z)/19:1(9Z))[iso6]";[M+Na];C55H102O6;-4.31898e-3;-4.898158;881.756861;1 out of 4
881.752542;881.752542;"TG(16:1(9Z)/17:0/19:1(9Z))[iso6]";[M+Na];C55H102O6;-4.31898e-3;-4.898158;881.756861;1 out of 4
882.580176;882.580176;"PC(13:0/18:3(6Z,9Z,12Z))";[M+NORHARMANE+H];C39H72NO8P;3.69611e-3;4.187859;882.576480;1 out of 4
882.580176;882.580176;"PC(13:0/18:3(9Z,12Z,15Z))";[M+NORHARMANE+H];C39H72NO8P;3.69611e-3;4.187859;882.576480;1 out of 4
882.580176;882.580176;"PC(14:1(9Z)/17:2(9Z,12Z))";[M+NORHARMANE+H];C39H72NO8P;3.69611e-3;4.187859;882.576480;1 out of 4
882.580176;882.580176;"PC(17:2(9Z,12Z)/14:1(9Z))";[M+NORHARMANE+H];C39H72NO8P;3.69611e-3;4.187859;882.576480;1 out of 4
882.580176;882.580176;"PC(18:3(6Z,9Z,12Z)/13:0)";[M+NORHARMANE+H];C39H72NO8P;3.69611e-3;4.187859;882.576480;1 out of 4
882.580176;882.580176;"PC(18:3(9Z,12Z,15Z)/13:0)";[M+NORHARMANE+H];C39H72NO8P;3.69611e-3;4.187859;882.576480;1 out of 4
882.580176;882.580176;"PE(16:0/18:3(9Z,12Z,15Z))";[M+NORHARMANE+H];C39H72NO8P;3.69611e-3;4.187859;882.576480;1 out of 4
882.580176;882.580176;"PE(18:3(9Z,12Z,15Z)/16:0)";[M+NORHARMANE+H];C39H72NO8P;3.69611e-3;4.187859;882.576480;1 out of 4
882.580176;882.580176;"PE(14:0/20:3(8Z,11Z,14Z))";[M+NORHARMANE+H];C39H72NO8P;3.69611e-3;4.187859;882.576480;1 out of 4
882.580176;882.580176;"PE(14:1(9Z)/20:2(11Z,14Z))";[M+NORHARMANE+H];C39H72NO8P;3.69611e-3;4.187859;882.576480;1 out of 4
882.580176;882.580176;"PE(17:1(9Z)/17:2(9Z,12Z))";[M+NORHARMANE+H];C39H72NO8P;3.69611e-3;4.187859;882.576480;1 out of 4
882.580176;882.580176;"PE(17:2(9Z,12Z)/17:1(9Z))";[M+NORHARMANE+H];C39H72NO8P;3.69611e-3;4.187859;882.576480;1 out of 4
882.580176;882.580176;"PE(18:2(9Z,12Z)/16:1(9Z))";[M+NORHARMANE+H];C39H72NO8P;3.69611e-3;4.187859;882.576480;1 out of 4
882.580176;882.580176;"PE(18:3(6Z,9Z,12Z)/16:0)";[M+NORHARMANE+H];C39H72NO8P;3.69611e-3;4.187859;882.576480;1 out of 4
882.580176;882.580176;"PE(20:2(11Z,14Z)/14:1(9Z))";[M+NORHARMANE+H];C39H72NO8P;3.69611e-3;4.187859;882.576480;1 out of 4
882.580176;882.580176;"PE(20:3(8Z,11Z,14Z)/14:0)";[M+NORHARMANE+H];C39H72NO8P;3.69611e-3;4.187859;882.576480;1 out of 4
882.580176;882.580176;"PE(16:1(9Z)/18:2(9Z,12Z))";[M+NORHARMANE+H];C39H72NO8P;3.69611e-3;4.187859;882.576480;1 out of 4
882.580176;882.580176;"PE(16:0/18:3(6Z,9Z,12Z))";[M+NORHARMANE+H];C39H72NO8P;3.69611e-3;4.187859;882.576480;1 out of 4
883.646058;883.646058;"PG(22:0/22:4(7Z,10Z,13Z,16Z))";[M+H];C50H91O10P;3.79626e-3;4.296148;883.642262;1 out of 4
883.646058;883.646058;"PG(22:2(13Z,16Z)/22:2(13Z,16Z))";[M+H];C50H91O10P;3.79626e-3;4.296148;883.642262;1 out of 4
883.646058;883.646058;"PG(22:4(7Z,10Z,13Z,16Z)/22:0)";[M+H];C50H91O10P;3.79626e-3;4.296148;883.642262;1 out of 4
883.646058;883.646058;"PE-Cer(d14:1(4E)/24:1(15Z))";[M+NORHARMANE+H];C40H79N2O6P;1.55812e-3;1.763291;883.644500;1 out of 4
883.646058;883.646058;"PE-Cer(d16:1(4E)/22:1(13Z))";[M+NORHARMANE+H];C40H79N2O6P;1.55812e-3;1.763291;883.644500;1 out of 4
883.646058;883.646058;"PE-Cer(d14:2(4E,6E)/24:0)";[M+NORHARMANE+H];C40H79N2O6P;1.55812e-3;1.763291;883.644500;1 out of 4
883.646058;883.646058;"PE-Cer(d16:2(4E,6E)/22:0)";[M+NORHARMANE+H];C40H79N2O6P;1.55812e-3;1.763291;883.644500;1 out of 4
883.769753;883.769753;"TG(17:0/17:1(9Z)/18:0)[iso6]";[M+Na];C55H104O6;-2.75805e-3;-3.120767;883.772511;2 out of 4
883.769753;883.769753;"TG(17:0/17:0/18:1(9Z))[iso3]";[M+Na];C55H104O6;-2.75805e-3;-3.120767;883.772511;2 out of 4
883.769753;883.769753;"TG(16:1(9Z)/18:0/18:0)[iso3]";[M+Na];C55H104O6;-2.75805e-3;-3.120767;883.772511;2 out of 4
883.769753;883.769753;"TG(16:0/18:0/18:1(9Z))[iso6]";[M+Na];C55H104O6;-2.75805e-3;-3.120767;883.772511;2 out of 4
883.769753;883.769753;"TG(16:0/16:1(9Z)/20:0)[iso6]";[M+Na];C55H104O6;-2.75805e-3;-3.120767;883.772511;2 out of 4
883.769753;883.769753;"TG(16:0/16:0/20:1(11Z))[iso3]";[M+Na];C55H104O6;-2.75805e-3;-3.120767;883.772511;2 out of 4
883.769753;883.769753;"TG(16:0/17:1(9Z)/19:0)[iso6]";[M+Na];C55H104O6;-2.75805e-3;-3.120767;883.772511;2 out of 4
883.769753;883.769753;"TG(16:1(9Z)/17:0/19:0)[iso6]";[M+Na];C55H104O6;-2.75805e-3;-3.120767;883.772511;2 out of 4
883.769753;883.769753;"TG(14:1(9Z)/19:0/19:0)[iso3]";[M+Na];C55H104O6;-2.75805e-3;-3.120767;883.772511;2 out of 4
883.769753;883.769753;"TG(15:0/15:0/22:1(11Z))[iso3]";[M+Na];C55H104O6;-2.75805e-3;-3.120767;883.772511;2 out of 4
883.769753;883.769753;"TG(12:0/18:0/22:1(11Z))[iso6]";[M+Na];C55H104O6;-2.75805e-3;-3.120767;883.772511;2 out of 4
883.769753;883.769753;"TG(12:0/18:1(9Z)/22:0)[iso6]";[M+Na];C55H104O6;-2.75805e-3;-3.120767;883.772511;2 out of 4
883.769753;883.769753;"TG(12:0/19:1(9Z)/21:0)[iso6]";[M+Na];C55H104O6;-2.75805e-3;-3.120767;883.772511;2 out of 4
883.769753;883.769753;"TG(12:0/20:0/20:1(11Z))[iso6]";[M+Na];C55H104O6;-2.75805e-3;-3.120767;883.772511;2 out of 4
883.769753;883.769753;"TG(13:0/17:0/22:1(11Z))[iso6]";[M+Na];C55H104O6;-2.75805e-3;-3.120767;883.772511;2 out of 4
883.769753;883.769753;"TG(13:0/17:1(9Z)/22:0)[iso6]";[M+Na];C55H104O6;-2.75805e-3;-3.120767;883.772511;2 out of 4
883.769753;883.769753;"TG(13:0/18:1(9Z)/21:0)[iso6]";[M+Na];C55H104O6;-2.75805e-3;-3.120767;883.772511;2 out of 4
883.769753;883.769753;"TG(13:0/19:0/20:1(11Z))[iso6]";[M+Na];C55H104O6;-2.75805e-3;-3.120767;883.772511;2 out of 4
883.769753;883.769753;"TG(13:0/19:1(9Z)/20:0)[iso6]";[M+Na];C55H104O6;-2.75805e-3;-3.120767;883.772511;2 out of 4
883.769753;883.769753;"TG(14:0/16:0/22:1(11Z))[iso6]";[M+Na];C55H104O6;-2.75805e-3;-3.120767;883.772511;2 out of 4
883.769753;883.769753;"TG(14:0/16:1(9Z)/22:0)[iso6]";[M+Na];C55H104O6;-2.75805e-3;-3.120767;883.772511;2 out of 4
883.769753;883.769753;"TG(14:0/17:1(9Z)/21:0)[iso6]";[M+Na];C55H104O6;-2.75805e-3;-3.120767;883.772511;2 out of 4
883.769753;883.769753;"TG(14:0/18:0/20:1(11Z))[iso6]";[M+Na];C55H104O6;-2.75805e-3;-3.120767;883.772511;2 out of 4
883.769753;883.769753;"TG(14:0/18:1(9Z)/20:0)[iso6]";[M+Na];C55H104O6;-2.75805e-3;-3.120767;883.772511;2 out of 4
883.769753;883.769753;"TG(14:0/19:0/19:1(9Z))[iso6]";[M+Na];C55H104O6;-2.75805e-3;-3.120767;883.772511;2 out of 4
883.769753;883.769753;"TG(14:1(9Z)/16:0/22:0)[iso6]";[M+Na];C55H104O6;-2.75805e-3;-3.120767;883.772511;2 out of 4
883.769753;883.769753;"TG(14:1(9Z)/17:0/21:0)[iso6]";[M+Na];C55H104O6;-2.75805e-3;-3.120767;883.772511;2 out of 4
883.769753;883.769753;"TG(14:1(9Z)/18:0/20:0)[iso6]";[M+Na];C55H104O6;-2.75805e-3;-3.120767;883.772511;2 out of 4
883.769753;883.769753;"TG(15:0/15:1(9Z)/22:0)[iso6]";[M+Na];C55H104O6;-2.75805e-3;-3.120767;883.772511;2 out of 4
883.769753;883.769753;"TG(15:0/16:1(9Z)/21:0)[iso6]";[M+Na];C55H104O6;-2.75805e-3;-3.120767;883.772511;2 out of 4
883.769753;883.769753;"TG(15:0/17:0/20:1(11Z))[iso6]";[M+Na];C55H104O6;-2.75805e-3;-3.120767;883.772511;2 out of 4
883.769753;883.769753;"TG(15:0/17:1(9Z)/20:0)[iso6]";[M+Na];C55H104O6;-2.75805e-3;-3.120767;883.772511;2 out of 4
883.769753;883.769753;"TG(15:0/18:0/19:1(9Z))[iso6]";[M+Na];C55H104O6;-2.75805e-3;-3.120767;883.772511;2 out of 4
883.769753;883.769753;"TG(15:0/18:1(9Z)/19:0)[iso6]";[M+Na];C55H104O6;-2.75805e-3;-3.120767;883.772511;2 out of 4
883.769753;883.769753;"TG(15:1(9Z)/16:0/21:0)[iso6]";[M+Na];C55H104O6;-2.75805e-3;-3.120767;883.772511;2 out of 4
883.769753;883.769753;"TG(15:1(9Z)/17:0/20:0)[iso6]";[M+Na];C55H104O6;-2.75805e-3;-3.120767;883.772511;2 out of 4
883.769753;883.769753;"TG(15:1(9Z)/18:0/19:0)[iso6]";[M+Na];C55H104O6;-2.75805e-3;-3.120767;883.772511;2 out of 4
883.769753;883.769753;"TG(16:0/17:0/19:1(9Z))[iso6]";[M+Na];C55H104O6;-2.75805e-3;-3.120767;883.772511;2 out of 4
885.541808;885.541808;"PG(12:0/20:3(8Z,11Z,14Z))";[M+NORHARMANE+H];C38H69O10P;2.04796e-3;2.312671;885.539760;1 out of 4
885.541808;885.541808;"PG(14:0/18:3(6Z,9Z,12Z))";[M+NORHARMANE+H];C38H69O10P;2.04796e-3;2.312671;885.539760;1 out of 4
885.541808;885.541808;"PG(14:1(9Z)/18:2(9Z,12Z))";[M+NORHARMANE+H];C38H69O10P;2.04796e-3;2.312671;885.539760;1 out of 4
885.541808;885.541808;"PG(15:1(9Z)/17:2(9Z,12Z))";[M+NORHARMANE+H];C38H69O10P;2.04796e-3;2.312671;885.539760;1 out of 4
885.541808;885.541808;"PG(17:2(9Z,12Z)/15:1(9Z))";[M+NORHARMANE+H];C38H69O10P;2.04796e-3;2.312671;885.539760;1 out of 4
885.541808;885.541808;"PG(18:2(9Z,12Z)/14:1(9Z))";[M+NORHARMANE+H];C38H69O10P;2.04796e-3;2.312671;885.539760;1 out of 4
885.541808;885.541808;"PG(18:3(6Z,9Z,12Z)/14:0)";[M+NORHARMANE+H];C38H69O10P;2.04796e-3;2.312671;885.539760;1 out of 4
885.541808;885.541808;"PG(18:3(9Z,12Z,15Z)/14:0)";[M+NORHARMANE+H];C38H69O10P;2.04796e-3;2.312671;885.539760;1 out of 4
885.541808;885.541808;"PG(20:3(8Z,11Z,14Z)/12:0)";[M+NORHARMANE+H];C38H69O10P;2.04796e-3;2.312671;885.539760;1 out of 4
885.541808;885.541808;"PG(14:0/18:3(9Z,12Z,15Z))";[M+NORHARMANE+H];C38H69O10P;2.04796e-3;2.312671;885.539760;1 out of 4
887.557400;887.557400;"PG(12:0/20:2(11Z,14Z))";[M+NORHARMANE+H];C38H71O10P;1.98990e-3;2.241999;887.555410;1 out of 4
887.557400;887.557400;"PG(14:1(9Z)/18:1(9Z))";[M+NORHARMANE+H];C38H71O10P;1.98990e-3;2.241999;887.555410;1 out of 4
887.557400;887.557400;"PG(15:0/17:2(9Z,12Z))";[M+NORHARMANE+H];C38H71O10P;1.98990e-3;2.241999;887.555410;1 out of 4
887.557400;887.557400;"PG(15:1(9Z)/17:1(9Z))";[M+NORHARMANE+H];C38H71O10P;1.98990e-3;2.241999;887.555410;1 out of 4
887.557400;887.557400;"PG(17:1(9Z)/15:1(9Z))";[M+NORHARMANE+H];C38H71O10P;1.98990e-3;2.241999;887.555410;1 out of 4
887.557400;887.557400;"PG(17:2(9Z,12Z)/15:0)";[M+NORHARMANE+H];C38H71O10P;1.98990e-3;2.241999;887.555410;1 out of 4
887.557400;887.557400;"PG(18:1(9Z)/14:1(9Z))";[M+NORHARMANE+H];C38H71O10P;1.98990e-3;2.241999;887.555410;1 out of 4
887.557400;887.557400;"PG(18:2(9Z,12Z)/14:0)";[M+NORHARMANE+H];C38H71O10P;1.98990e-3;2.241999;887.555410;1 out of 4
887.557400;887.557400;"PG(20:2(11Z,14Z)/12:0)";[M+NORHARMANE+H];C38H71O10P;1.98990e-3;2.241999;887.555410;1 out of 4
887.557400;887.557400;"PG(14:0/18:2(9Z,12Z))";[M+NORHARMANE+H];C38H71O10P;1.98990e-3;2.241999;887.555410;1 out of 4
887.557400;887.557400;"PG(16:1(9Z)/16:1(9Z))";[M+NORHARMANE+H];C38H71O10P;1.98990e-3;2.241999;887.555410;1 out of 4
894.579769;894.579769;"PC(14:0/18:4(6Z,9Z,12Z,15Z))";[M+NORHARMANE+H];C40H72NO8P;3.28911e-3;3.676719;894.576480;1 out of 4
894.579769;894.579769;"PC(14:0/18:4(9E,11E,13E,15E))";[M+NORHARMANE+H];C40H72NO8P;3.28911e-3;3.676719;894.576480;1 out of 4
894.579769;894.579769;"PC(16:0/16:4(2E,4E,12E,14E))";[M+NORHARMANE+H];C40H72NO8P;3.28911e-3;3.676719;894.576480;1 out of 4
894.579769;894.579769;"PC(16:2(2E,4E)/16:2(2E,4E))";[M+NORHARMANE+H];C40H72NO8P;3.28911e-3;3.676719;894.576480;1 out of 4
894.579769;894.579769;"PC(12:0/20:4(5Z,8Z,11Z,14Z))";[M+NORHARMANE+H];C40H72NO8P;3.28911e-3;3.676719;894.576480;1 out of 4
894.579769;894.579769;"PC(14:1(9Z)/18:3(6Z,9Z,12Z))";[M+NORHARMANE+H];C40H72NO8P;3.28911e-3;3.676719;894.576480;1 out of 4
894.579769;894.579769;"PC(14:1(9Z)/18:3(9Z,12Z,15Z))";[M+NORHARMANE+H];C40H72NO8P;3.28911e-3;3.676719;894.576480;1 out of 4
894.579769;894.579769;"PC(18:3(6Z,9Z,12Z)/14:1(9Z))";[M+NORHARMANE+H];C40H72NO8P;3.28911e-3;3.676719;894.576480;1 out of 4
894.579769;894.579769;"PC(18:3(9Z,12Z,15Z)/14:1(9Z))";[M+NORHARMANE+H];C40H72NO8P;3.28911e-3;3.676719;894.576480;1 out of 4
894.579769;894.579769;"PC(18:4(6Z,9Z,12Z,15Z)/14:0)";[M+NORHARMANE+H];C40H72NO8P;3.28911e-3;3.676719;894.576480;1 out of 4
894.579769;894.579769;"PC(20:4(5Z,8Z,11Z,14Z)/12:0)";[M+NORHARMANE+H];C40H72NO8P;3.28911e-3;3.676719;894.576480;1 out of 4
894.579769;894.579769;"PE(13:0/22:4(7Z,10Z,13Z,16Z))";[M+NORHARMANE+H];C40H72NO8P;3.28911e-3;3.676719;894.576480;1 out of 4
894.579769;894.579769;"PE(15:0/20:4(5Z,8Z,11Z,14Z))";[M+NORHARMANE+H];C40H72NO8P;3.28911e-3;3.676719;894.576480;1 out of 4
894.579769;894.579769;"PE(15:1(9Z)/20:3(8Z,11Z,14Z))";[M+NORHARMANE+H];C40H72NO8P;3.28911e-3;3.676719;894.576480;1 out of 4
894.579769;894.579769;"PE(17:0/18:4(6Z,9Z,12Z,15Z))";[M+NORHARMANE+H];C40H72NO8P;3.28911e-3;3.676719;894.576480;1 out of 4
894.579769;894.579769;"PE(17:1(9Z)/18:3(6Z,9Z,12Z))";[M+NORHARMANE+H];C40H72NO8P;3.28911e-3;3.676719;894.576480;1 out of 4
894.579769;894.579769;"PE(17:1(9Z)/18:3(9Z,12Z,15Z))";[M+NORHARMANE+H];C40H72NO8P;3.28911e-3;3.676719;894.576480;1 out of 4
894.579769;894.579769;"PE(17:2(9Z,12Z)/18:2(9Z,12Z))";[M+NORHARMANE+H];C40H72NO8P;3.28911e-3;3.676719;894.576480;1 out of 4
894.579769;894.579769;"PE(18:2(9Z,12Z)/17:2(9Z,12Z))";[M+NORHARMANE+H];C40H72NO8P;3.28911e-3;3.676719;894.576480;1 out of 4
894.579769;894.579769;"PE(18:3(6Z,9Z,12Z)/17:1(9Z))";[M+NORHARMANE+H];C40H72NO8P;3.28911e-3;3.676719;894.576480;1 out of 4
894.579769;894.579769;"PE(18:3(9Z,12Z,15Z)/17:1(9Z))";[M+NORHARMANE+H];C40H72NO8P;3.28911e-3;3.676719;894.576480;1 out of 4
894.579769;894.579769;"PE(18:4(6Z,9Z,12Z,15Z)/17:0)";[M+NORHARMANE+H];C40H72NO8P;3.28911e-3;3.676719;894.576480;1 out of 4
894.579769;894.579769;"PE(20:3(8Z,11Z,14Z)/15:1(9Z))";[M+NORHARMANE+H];C40H72NO8P;3.28911e-3;3.676719;894.576480;1 out of 4
894.579769;894.579769;"PE(20:4(5Z,8Z,11Z,14Z)/15:0)";[M+NORHARMANE+H];C40H72NO8P;3.28911e-3;3.676719;894.576480;1 out of 4
894.579769;894.579769;"PE(22:4(7Z,10Z,13Z,16Z)/13:0)";[M+NORHARMANE+H];C40H72NO8P;3.28911e-3;3.676719;894.576480;1 out of 4
894.696885;894.696885;"PC(22:0/22:4(7Z,10Z,13Z,16Z))";[M+H];C52H96NO8P;2.25334e-3;2.518555;894.694632;1 out of 4
894.696885;894.696885;"PC(22:2(13Z,16Z)/22:2(13Z,16Z))";[M+H];C52H96NO8P;2.25334e-3;2.518555;894.694632;1 out of 4
894.696885;894.696885;"PC(22:4(7Z,10Z,13Z,16Z)/22:0)";[M+H];C52H96NO8P;2.25334e-3;2.518555;894.694632;1 out of 4
894.696885;894.696885;"GlcCer(t18:1(8Z)/26:0(2OH[R]))";[M+Na];C50H97NO10;-3.58330e-3;-4.005032;894.700468;2 out of 4
895.582885;895.582885;"PG(20:1(11Z)/22:2(13Z,16Z))";[M+K];C48H89O10P;3.92322e-4;0.438063;895.582493;1 out of 4
895.582885;895.582885;"PG(20:2(11Z,14Z)/22:1(11Z))";[M+K];C48H89O10P;3.92322e-4;0.438063;895.582493;1 out of 4
895.582885;895.582885;"PG(20:3(8Z,11Z,14Z)/22:0)";[M+K];C48H89O10P;3.92322e-4;0.438063;895.582493;1 out of 4
895.582885;895.582885;"PG(22:0/20:3(8Z,11Z,14Z))";[M+K];C48H89O10P;3.92322e-4;0.438063;895.582493;1 out of 4
895.582885;895.582885;"PG(22:1(11Z)/20:2(11Z,14Z))";[M+K];C48H89O10P;3.92322e-4;0.438063;895.582493;1 out of 4
895.582885;895.582885;"PG(22:2(13Z,16Z)/20:1(11Z))";[M+K];C48H89O10P;3.92322e-4;0.438063;895.582493;1 out of 4
896.595529;896.595529;"PC(14:0/18:3(9Z,12Z,15Z))";[M+NORHARMANE+H];C40H74NO8P;3.39904e-3;3.791068;896.592130;1 out of 4
896.595529;896.595529;"PC(12:0/20:3(8Z,11Z,14Z))";[M+NORHARMANE+H];C40H74NO8P;3.39904e-3;3.791068;896.592130;1 out of 4
896.595529;896.595529;"PC(14:0/18:3(6Z,9Z,12Z))";[M+NORHARMANE+H];C40H74NO8P;3.39904e-3;3.791068;896.592130;1 out of 4
896.595529;896.595529;"PC(14:1(9Z)/18:2(9Z,12Z))";[M+NORHARMANE+H];C40H74NO8P;3.39904e-3;3.791068;896.592130;1 out of 4
896.595529;896.595529;"PC(15:1(9Z)/17:2(9Z,12Z))";[M+NORHARMANE+H];C40H74NO8P;3.39904e-3;3.791068;896.592130;1 out of 4
896.595529;896.595529;"PC(17:2(9Z,12Z)/15:1(9Z))";[M+NORHARMANE+H];C40H74NO8P;3.39904e-3;3.791068;896.592130;1 out of 4
896.595529;896.595529;"PC(18:2(9Z,12Z)/14:1(9Z))";[M+NORHARMANE+H];C40H74NO8P;3.39904e-3;3.791068;896.592130;1 out of 4
896.595529;896.595529;"PC(18:3(6Z,9Z,12Z)/14:0)";[M+NORHARMANE+H];C40H74NO8P;3.39904e-3;3.791068;896.592130;1 out of 4
896.595529;896.595529;"PC(18:3(9Z,12Z,15Z)/14:0)";[M+NORHARMANE+H];C40H74NO8P;3.39904e-3;3.791068;896.592130;1 out of 4
896.595529;896.595529;"PC(20:3(8Z,11Z,14Z)/12:0)";[M+NORHARMANE+H];C40H74NO8P;3.39904e-3;3.791068;896.592130;1 out of 4
896.595529;896.595529;"PE(15:0/20:3(8Z,11Z,14Z))";[M+NORHARMANE+H];C40H74NO8P;3.39904e-3;3.791068;896.592130;1 out of 4
896.595529;896.595529;"PE(15:1(9Z)/20:2(11Z,14Z))";[M+NORHARMANE+H];C40H74NO8P;3.39904e-3;3.791068;896.592130;1 out of 4
896.595529;896.595529;"PE(17:0/18:3(6Z,9Z,12Z))";[M+NORHARMANE+H];C40H74NO8P;3.39904e-3;3.791068;896.592130;1 out of 4
896.595529;896.595529;"PE(17:0/18:3(9Z,12Z,15Z))";[M+NORHARMANE+H];C40H74NO8P;3.39904e-3;3.791068;896.592130;1 out of 4
896.595529;896.595529;"PE(17:1(9Z)/18:2(9Z,12Z))";[M+NORHARMANE+H];C40H74NO8P;3.39904e-3;3.791068;896.592130;1 out of 4
896.595529;896.595529;"PE(17:2(9Z,12Z)/18:1(9Z))";[M+NORHARMANE+H];C40H74NO8P;3.39904e-3;3.791068;896.592130;1 out of 4
896.595529;896.595529;"PE(18:1(9Z)/17:2(9Z,12Z))";[M+NORHARMANE+H];C40H74NO8P;3.39904e-3;3.791068;896.592130;1 out of 4
896.595529;896.595529;"PE(18:2(9Z,12Z)/17:1(9Z))";[M+NORHARMANE+H];C40H74NO8P;3.39904e-3;3.791068;896.592130;1 out of 4
896.595529;896.595529;"PE(18:3(6Z,9Z,12Z)/17:0)";[M+NORHARMANE+H];C40H74NO8P;3.39904e-3;3.791068;896.592130;1 out of 4
896.595529;896.595529;"PE(18:3(9Z,12Z,15Z)/17:0)";[M+NORHARMANE+H];C40H74NO8P;3.39904e-3;3.791068;896.592130;1 out of 4
896.595529;896.595529;"PE(20:2(11Z,14Z)/15:1(9Z))";[M+NORHARMANE+H];C40H74NO8P;3.39904e-3;3.791068;896.592130;1 out of 4
896.595529;896.595529;"PE(20:3(8Z,11Z,14Z)/15:0)";[M+NORHARMANE+H];C40H74NO8P;3.39904e-3;3.791068;896.592130;1 out of 4
896.713173;896.713173;"PC(22:1(11Z)/22:2(13Z,16Z))";[M+H];C52H98NO8P;2.89127e-3;3.224312;896.710282;1 out of 4
896.713173;896.713173;"PC(22:2(13Z,16Z)/22:1(11Z))";[M+H];C52H98NO8P;2.89127e-3;3.224312;896.710282;1 out of 4
897.599527;897.599527;"PG(20:0/22:2(13Z,16Z))";[M+K];C48H91O10P;1.38426e-3;1.542180;897.598143;1 out of 4
897.599527;897.599527;"PG(20:1(11Z)/22:1(11Z))";[M+K];C48H91O10P;1.38426e-3;1.542180;897.598143;1 out of 4
897.599527;897.599527;"PG(20:2(11Z,14Z)/22:0)";[M+K];C48H91O10P;1.38426e-3;1.542180;897.598143;1 out of 4
897.599527;897.599527;"PG(22:0/20:2(11Z,14Z))";[M+K];C48H91O10P;1.38426e-3;1.542180;897.598143;1 out of 4
897.599527;897.599527;"PG(22:1(11Z)/20:1(11Z))";[M+K];C48H91O10P;1.38426e-3;1.542180;897.598143;1 out of 4
897.599527;897.599527;"PG(22:2(13Z,16Z)/20:0)";[M+K];C48H91O10P;1.38426e-3;1.542180;897.598143;1 out of 4
897.599527;897.599527;Fucoxanthinol 3-stearidonate;[M+Na];C58H82O6;-8.33344e-4;-0.928413;897.600360;1 out of 4
897.724729;897.724729;22:3 Stigmasterol ester;[M+NORHARMANE+H];C51H84O2;6.72072e-4;0.748640;897.724057;1 out of 4
898.728822;898.728822;"PC(22:1(13E)/22:1(13E))";[M+H];C52H100NO8P;2.89021e-3;3.215897;898.725932;1 out of 4
898.728822;898.728822;"PC(22:1(13Z)/22:1(13Z))";[M+H];C52H100NO8P;2.89021e-3;3.215897;898.725932;1 out of 4
898.728822;898.728822;"PC(22:0/22:2(13Z,16Z))";[M+H];C52H100NO8P;2.89021e-3;3.215897;898.725932;1 out of 4
898.728822;898.728822;"PC(22:1(11Z)/22:1(11Z))";[M+H];C52H100NO8P;2.89021e-3;3.215897;898.725932;1 out of 4
898.728822;898.728822;"PC(22:2(13Z,16Z)/22:0)";[M+H];C52H100NO8P;2.89021e-3;3.215897;898.725932;1 out of 4
899.742491;899.742491;22:2 Stigmasterol ester;[M+NORHARMANE+H];C51H86O2;2.78401e-3;3.094237;899.739707;1 out of 4
899.742491;899.742491;22:3 Sitosterol ester;[M+NORHARMANE+H];C51H86O2;2.78401e-3;3.094237;899.739707;1 out of 4
899.742491;899.742491;"TG(17:0/17:1(9Z)/18:0)[iso6]";[M+K];C55H104O6;-3.95705e-3;-4.397959;899.746448;2 out of 4
899.742491;899.742491;"TG(17:0/17:0/18:1(9Z))[iso3]";[M+K];C55H104O6;-3.95705e-3;-4.397959;899.746448;2 out of 4
899.742491;899.742491;"TG(16:1(9Z)/18:0/18:0)[iso3]";[M+K];C55H104O6;-3.95705e-3;-4.397959;899.746448;2 out of 4
899.742491;899.742491;"TG(16:0/18:0/18:1(9Z))[iso6]";[M+K];C55H104O6;-3.95705e-3;-4.397959;899.746448;2 out of 4
899.742491;899.742491;"TG(16:0/16:1(9Z)/20:0)[iso6]";[M+K];C55H104O6;-3.95705e-3;-4.397959;899.746448;2 out of 4
899.742491;899.742491;"TG(16:0/16:0/20:1(11Z))[iso3]";[M+K];C55H104O6;-3.95705e-3;-4.397959;899.746448;2 out of 4
899.742491;899.742491;"TG(16:0/17:1(9Z)/19:0)[iso6]";[M+K];C55H104O6;-3.95705e-3;-4.397959;899.746448;2 out of 4
899.742491;899.742491;"TG(16:1(9Z)/17:0/19:0)[iso6]";[M+K];C55H104O6;-3.95705e-3;-4.397959;899.746448;2 out of 4
899.742491;899.742491;"TG(14:1(9Z)/19:0/19:0)[iso3]";[M+K];C55H104O6;-3.95705e-3;-4.397959;899.746448;2 out of 4
899.742491;899.742491;"TG(15:0/15:0/22:1(11Z))[iso3]";[M+K];C55H104O6;-3.95705e-3;-4.397959;899.746448;2 out of 4
899.742491;899.742491;"TG(12:0/18:0/22:1(11Z))[iso6]";[M+K];C55H104O6;-3.95705e-3;-4.397959;899.746448;2 out of 4
899.742491;899.742491;"TG(12:0/18:1(9Z)/22:0)[iso6]";[M+K];C55H104O6;-3.95705e-3;-4.397959;899.746448;2 out of 4
899.742491;899.742491;"TG(12:0/19:1(9Z)/21:0)[iso6]";[M+K];C55H104O6;-3.95705e-3;-4.397959;899.746448;2 out of 4
899.742491;899.742491;"TG(12:0/20:0/20:1(11Z))[iso6]";[M+K];C55H104O6;-3.95705e-3;-4.397959;899.746448;2 out of 4
899.742491;899.742491;"TG(13:0/17:0/22:1(11Z))[iso6]";[M+K];C55H104O6;-3.95705e-3;-4.397959;899.746448;2 out of 4
899.742491;899.742491;"TG(13:0/17:1(9Z)/22:0)[iso6]";[M+K];C55H104O6;-3.95705e-3;-4.397959;899.746448;2 out of 4
899.742491;899.742491;"TG(13:0/18:1(9Z)/21:0)[iso6]";[M+K];C55H104O6;-3.95705e-3;-4.397959;899.746448;2 out of 4
899.742491;899.742491;"TG(13:0/19:0/20:1(11Z))[iso6]";[M+K];C55H104O6;-3.95705e-3;-4.397959;899.746448;2 out of 4
899.742491;899.742491;"TG(13:0/19:1(9Z)/20:0)[iso6]";[M+K];C55H104O6;-3.95705e-3;-4.397959;899.746448;2 out of 4
899.742491;899.742491;"TG(14:0/16:0/22:1(11Z))[iso6]";[M+K];C55H104O6;-3.95705e-3;-4.397959;899.746448;2 out of 4
899.742491;899.742491;"TG(14:0/16:1(9Z)/22:0)[iso6]";[M+K];C55H104O6;-3.95705e-3;-4.397959;899.746448;2 out of 4
899.742491;899.742491;"TG(14:0/17:1(9Z)/21:0)[iso6]";[M+K];C55H104O6;-3.95705e-3;-4.397959;899.746448;2 out of 4
899.742491;899.742491;"TG(14:0/18:0/20:1(11Z))[iso6]";[M+K];C55H104O6;-3.95705e-3;-4.397959;899.746448;2 out of 4
899.742491;899.742491;"TG(14:0/18:1(9Z)/20:0)[iso6]";[M+K];C55H104O6;-3.95705e-3;-4.397959;899.746448;2 out of 4
899.742491;899.742491;"TG(14:0/19:0/19:1(9Z))[iso6]";[M+K];C55H104O6;-3.95705e-3;-4.397959;899.746448;2 out of 4
899.742491;899.742491;"TG(14:1(9Z)/16:0/22:0)[iso6]";[M+K];C55H104O6;-3.95705e-3;-4.397959;899.746448;2 out of 4
899.742491;899.742491;"TG(14:1(9Z)/17:0/21:0)[iso6]";[M+K];C55H104O6;-3.95705e-3;-4.397959;899.746448;2 out of 4
899.742491;899.742491;"TG(14:1(9Z)/18:0/20:0)[iso6]";[M+K];C55H104O6;-3.95705e-3;-4.397959;899.746448;2 out of 4
899.742491;899.742491;"TG(15:0/15:1(9Z)/22:0)[iso6]";[M+K];C55H104O6;-3.95705e-3;-4.397959;899.746448;2 out of 4
899.742491;899.742491;"TG(15:0/16:1(9Z)/21:0)[iso6]";[M+K];C55H104O6;-3.95705e-3;-4.397959;899.746448;2 out of 4
899.742491;899.742491;"TG(15:0/17:0/20:1(11Z))[iso6]";[M+K];C55H104O6;-3.95705e-3;-4.397959;899.746448;2 out of 4
899.742491;899.742491;"TG(15:0/17:1(9Z)/20:0)[iso6]";[M+K];C55H104O6;-3.95705e-3;-4.397959;899.746448;2 out of 4
899.742491;899.742491;"TG(15:0/18:0/19:1(9Z))[iso6]";[M+K];C55H104O6;-3.95705e-3;-4.397959;899.746448;2 out of 4
899.742491;899.742491;"TG(15:0/18:1(9Z)/19:0)[iso6]";[M+K];C55H104O6;-3.95705e-3;-4.397959;899.746448;2 out of 4
899.742491;899.742491;"TG(15:1(9Z)/16:0/21:0)[iso6]";[M+K];C55H104O6;-3.95705e-3;-4.397959;899.746448;2 out of 4
899.742491;899.742491;"TG(15:1(9Z)/17:0/20:0)[iso6]";[M+K];C55H104O6;-3.95705e-3;-4.397959;899.746448;2 out of 4
899.742491;899.742491;"TG(15:1(9Z)/18:0/19:0)[iso6]";[M+K];C55H104O6;-3.95705e-3;-4.397959;899.746448;2 out of 4
899.742491;899.742491;"TG(16:0/17:0/19:1(9Z))[iso6]";[M+K];C55H104O6;-3.95705e-3;-4.397959;899.746448;2 out of 4
900.744986;900.744986;"PC(20:0/24:1(15Z))";[M+H];C52H102NO8P;3.40415e-3;3.779270;900.741582;1 out of 4
900.744986;900.744986;"PC(22:0/22:1(13Z))";[M+H];C52H102NO8P;3.40415e-3;3.779270;900.741582;1 out of 4
900.744986;900.744986;"PC(24:0/20:1(11Z))";[M+H];C52H102NO8P;3.40415e-3;3.779270;900.741582;1 out of 4
900.744986;900.744986;"PC(22:0/22:1(11Z))";[M+H];C52H102NO8P;3.40415e-3;3.779270;900.741582;1 out of 4
900.744986;900.744986;"PC(22:1(11Z)/22:0)";[M+H];C52H102NO8P;3.40415e-3;3.779270;900.741582;1 out of 4
901.560853;901.560853;"PI(O-20:0/17:2(9Z,12Z))";[M+K];C46H87O12P;4.18115e-3;4.637696;901.556672;1 out of 4
901.560853;901.560853;"PI(P-18:0/19:1(9Z))";[M+K];C46H87O12P;4.18115e-3;4.637696;901.556672;1 out of 4
901.560853;901.560853;"PI(P-20:0/17:1(9Z))";[M+K];C46H87O12P;4.18115e-3;4.637696;901.556672;1 out of 4
901.560853;901.560853;"1,3-(8R,9R-epoxy-octadec-13Z,15Z-dien-4,6-diynoyl)-2-(oleoyl)-sn-glycerol";[M+Na];C56H78O8;1.96354e-3;2.177943;901.558889;3 out of 4
902.563720;902.563720;"PS(12:0/20:1(11Z))";[M+NORHARMANE+H];C38H72NO10P;-2.58913e-3;-2.868636;902.566309;2 out of 4
902.563720;902.563720;"PS(13:0/19:1(9Z))";[M+NORHARMANE+H];C38H72NO10P;-2.58913e-3;-2.868636;902.566309;2 out of 4
902.563720;902.563720;"PS(14:1(9Z)/18:0)";[M+NORHARMANE+H];C38H72NO10P;-2.58913e-3;-2.868636;902.566309;2 out of 4
902.563720;902.563720;"PS(15:0/17:1(9Z))";[M+NORHARMANE+H];C38H72NO10P;-2.58913e-3;-2.868636;902.566309;2 out of 4
902.563720;902.563720;"PS(15:1(9Z)/17:0)";[M+NORHARMANE+H];C38H72NO10P;-2.58913e-3;-2.868636;902.566309;2 out of 4
902.563720;902.563720;"PS(16:1(9Z)/16:0)";[M+NORHARMANE+H];C38H72NO10P;-2.58913e-3;-2.868636;902.566309;2 out of 4
902.563720;902.563720;"PS(17:0/15:1(9Z))";[M+NORHARMANE+H];C38H72NO10P;-2.58913e-3;-2.868636;902.566309;2 out of 4
902.563720;902.563720;"PS(17:1(9Z)/15:0)";[M+NORHARMANE+H];C38H72NO10P;-2.58913e-3;-2.868636;902.566309;2 out of 4
902.563720;902.563720;"PS(18:0/14:1(9Z))";[M+NORHARMANE+H];C38H72NO10P;-2.58913e-3;-2.868636;902.566309;2 out of 4
902.563720;902.563720;"PS(19:1(9Z)/13:0)";[M+NORHARMANE+H];C38H72NO10P;-2.58913e-3;-2.868636;902.566309;2 out of 4
902.563720;902.563720;"PS(20:1(11Z)/12:0)";[M+NORHARMANE+H];C38H72NO10P;-2.58913e-3;-2.868636;902.566309;2 out of 4
902.563720;902.563720;"PS(18:1(9Z)/14:0)";[M+NORHARMANE+H];C38H72NO10P;-2.58913e-3;-2.868636;902.566309;2 out of 4
902.563720;902.563720;"PS(16:0/16:1(9Z))";[M+NORHARMANE+H];C38H72NO10P;-2.58913e-3;-2.868636;902.566309;2 out of 4
902.563720;902.563720;"PS(14:0/18:1(9Z))";[M+NORHARMANE+H];C38H72NO10P;-2.58913e-3;-2.868636;902.566309;2 out of 4
907.768308;907.768308;"TG(17:1(9Z)/17:2(9Z,12Z)/20:0)[iso6]";[M+Na];C57H104O6;-4.20305e-3;-4.630067;907.772511;1 out of 4
907.768308;907.768308;"TG(17:0/17:2(9Z,12Z)/20:1(11Z))[iso6]";[M+Na];C57H104O6;-4.20305e-3;-4.630067;907.772511;1 out of 4
907.768308;907.768308;"TG(17:1(9Z)/17:1(9Z)/20:1(11Z))[iso3]";[M+Na];C57H104O6;-4.20305e-3;-4.630067;907.772511;1 out of 4
907.768308;907.768308;"TG(17:0/17:1(9Z)/20:2(11Z,14Z))[iso6]";[M+Na];C57H104O6;-4.20305e-3;-4.630067;907.772511;1 out of 4
907.768308;907.768308;"TG(17:0/17:0/20:3(8Z,11Z,14Z))[iso3]";[M+Na];C57H104O6;-4.20305e-3;-4.630067;907.772511;1 out of 4
907.768308;907.768308;"TG(18:1(9Z)/18:1(9Z)/18:1(9Z))";[M+Na];C57H104O6;-4.20305e-3;-4.630067;907.772511;1 out of 4
907.768308;907.768308;"TG(18:0/18:1(9Z)/18:2(9Z,12Z))[iso6]";[M+Na];C57H104O6;-4.20305e-3;-4.630067;907.772511;1 out of 4
907.768308;907.768308;"TG(18:0/18:0/18:3(9Z,12Z,15Z))[iso3]";[M+Na];C57H104O6;-4.20305e-3;-4.630067;907.772511;1 out of 4
907.768308;907.768308;"TG(16:0/18:3(9Z,12Z,15Z)/20:0)[iso6]";[M+Na];C57H104O6;-4.20305e-3;-4.630067;907.772511;1 out of 4
907.768308;907.768308;"TG(16:1(9Z)/18:2(9Z,12Z)/20:0)[iso6]";[M+Na];C57H104O6;-4.20305e-3;-4.630067;907.772511;1 out of 4
907.768308;907.768308;"TG(16:0/18:2(9Z,12Z)/20:1(11Z))[iso6]";[M+Na];C57H104O6;-4.20305e-3;-4.630067;907.772511;1 out of 4
907.768308;907.768308;"TG(16:1(9Z)/18:1(9Z)/20:1(11Z))[iso6]";[M+Na];C57H104O6;-4.20305e-3;-4.630067;907.772511;1 out of 4
907.768308;907.768308;"TG(16:0/18:1(9Z)/20:2(11Z,14Z))[iso6]";[M+Na];C57H104O6;-4.20305e-3;-4.630067;907.772511;1 out of 4
907.768308;907.768308;"TG(16:1(9Z)/18:0/20:2(11Z,14Z))[iso6]";[M+Na];C57H104O6;-4.20305e-3;-4.630067;907.772511;1 out of 4
907.768308;907.768308;"TG(16:0/18:0/20:3(8Z,11Z,14Z))[iso6]";[M+Na];C57H104O6;-4.20305e-3;-4.630067;907.772511;1 out of 4
907.768308;907.768308;"TG(17:0/18:3(9Z,12Z,15Z)/19:0)[iso6]";[M+Na];C57H104O6;-4.20305e-3;-4.630067;907.772511;1 out of 4
907.768308;907.768308;"TG(17:1(9Z)/18:2(9Z,12Z)/19:0)[iso6]";[M+Na];C57H104O6;-4.20305e-3;-4.630067;907.772511;1 out of 4
907.768308;907.768308;"TG(17:2(9Z,12Z)/18:1(9Z)/19:0)[iso6]";[M+Na];C57H104O6;-4.20305e-3;-4.630067;907.772511;1 out of 4
907.768308;907.768308;"TG(16:0/16:0/22:3(10Z,13Z,16Z))[iso3]";[M+Na];C57H104O6;-4.20305e-3;-4.630067;907.772511;1 out of 4
907.768308;907.768308;"TG(16:1(9Z)/16:1(9Z)/22:1(13Z))[iso3]";[M+Na];C57H104O6;-4.20305e-3;-4.630067;907.772511;1 out of 4
907.768308;907.768308;"TG(16:1(9Z)/17:2(9Z,12Z)/21:0)[iso6]";[M+Na];C57H104O6;-4.20305e-3;-4.630067;907.772511;1 out of 4
907.768308;907.768308;"TG(16:0/16:1(9Z)/22:2(13Z,16Z))[iso6]";[M+Na];C57H104O6;-4.20305e-3;-4.630067;907.772511;1 out of 4
907.768308;907.768308;"TG(18:1(9Z)/18:1(6Z)/18:1(9Z))";[M+Na];C57H104O6;-4.20305e-3;-4.630067;907.772511;1 out of 4
907.768308;907.768308;"TG(18:1(6Z)/18:1(9Z)/18:1(6Z))";[M+Na];C57H104O6;-4.20305e-3;-4.630067;907.772511;1 out of 4
907.768308;907.768308;"TG(14:1(9Z)/20:1(11Z)/20:1(11Z))[iso3]";[M+Na];C57H104O6;-4.20305e-3;-4.630067;907.772511;1 out of 4
907.768308;907.768308;"TG(16:1(9Z)/16:1(9Z)/22:1(11Z))[iso3]";[M+Na];C57H104O6;-4.20305e-3;-4.630067;907.772511;1 out of 4
907.768308;907.768308;"TG(16:1(9Z)/19:1(9Z)/19:1(9Z))[iso3]";[M+Na];C57H104O6;-4.20305e-3;-4.630067;907.772511;1 out of 4
907.768308;907.768308;"TG(18:0/18:0/18:3(6Z,9Z,12Z))[iso3]";[M+Na];C57H104O6;-4.20305e-3;-4.630067;907.772511;1 out of 4
907.768308;907.768308;"TG(12:0/20:0/22:3(10Z,13Z,16Z))[iso6]";[M+Na];C57H104O6;-4.20305e-3;-4.630067;907.772511;1 out of 4
907.768308;907.768308;"TG(12:0/20:1(11Z)/22:2(13Z,16Z))[iso6]";[M+Na];C57H104O6;-4.20305e-3;-4.630067;907.772511;1 out of 4
907.768308;907.768308;"TG(12:0/20:2(11Z,14Z)/22:1(11Z))[iso6]";[M+Na];C57H104O6;-4.20305e-3;-4.630067;907.772511;1 out of 4
907.768308;907.768308;"TG(12:0/20:3(8Z,11Z,14Z)/22:0)[iso6]";[M+Na];C57H104O6;-4.20305e-3;-4.630067;907.772511;1 out of 4
907.768308;907.768308;"TG(13:0/19:0/22:3(10Z,13Z,16Z))[iso6]";[M+Na];C57H104O6;-4.20305e-3;-4.630067;907.772511;1 out of 4
907.768308;907.768308;"TG(13:0/19:1(9Z)/22:2(13Z,16Z))[iso6]";[M+Na];C57H104O6;-4.20305e-3;-4.630067;907.772511;1 out of 4
907.768308;907.768308;"TG(13:0/20:3(8Z,11Z,14Z)/21:0)[iso6]";[M+Na];C57H104O6;-4.20305e-3;-4.630067;907.772511;1 out of 4
907.768308;907.768308;"TG(14:0/18:0/22:3(10Z,13Z,16Z))[iso6]";[M+Na];C57H104O6;-4.20305e-3;-4.630067;907.772511;1 out of 4
907.768308;907.768308;"TG(14:0/18:1(9Z)/22:2(13Z,16Z))[iso6]";[M+Na];C57H104O6;-4.20305e-3;-4.630067;907.772511;1 out of 4
907.768308;907.768308;"TG(14:0/18:2(9Z,12Z)/22:1(11Z))[iso6]";[M+Na];C57H104O6;-4.20305e-3;-4.630067;907.772511;1 out of 4
907.768308;907.768308;"TG(14:0/18:3(6Z,9Z,12Z)/22:0)[iso6]";[M+Na];C57H104O6;-4.20305e-3;-4.630067;907.772511;1 out of 4
907.768308;907.768308;"TG(14:0/18:3(9Z,12Z,15Z)/22:0)[iso6]";[M+Na];C57H104O6;-4.20305e-3;-4.630067;907.772511;1 out of 4
907.768308;907.768308;"TG(14:0/20:0/20:3(8Z,11Z,14Z))[iso6]";[M+Na];C57H104O6;-4.20305e-3;-4.630067;907.772511;1 out of 4
907.768308;907.768308;"TG(14:0/20:1(11Z)/20:2(11Z,14Z))[iso6]";[M+Na];C57H104O6;-4.20305e-3;-4.630067;907.772511;1 out of 4
907.768308;907.768308;"TG(14:1(9Z)/18:0/22:2(13Z,16Z))[iso6]";[M+Na];C57H104O6;-4.20305e-3;-4.630067;907.772511;1 out of 4
907.768308;907.768308;"TG(14:1(9Z)/18:1(9Z)/22:1(11Z))[iso6]";[M+Na];C57H104O6;-4.20305e-3;-4.630067;907.772511;1 out of 4
907.768308;907.768308;"TG(14:1(9Z)/18:2(9Z,12Z)/22:0)[iso6]";[M+Na];C57H104O6;-4.20305e-3;-4.630067;907.772511;1 out of 4
907.768308;907.768308;"TG(14:1(9Z)/20:0/20:2(11Z,14Z))[iso6]";[M+Na];C57H104O6;-4.20305e-3;-4.630067;907.772511;1 out of 4
907.768308;907.768308;"TG(15:0/17:0/22:3(10Z,13Z,16Z))[iso6]";[M+Na];C57H104O6;-4.20305e-3;-4.630067;907.772511;1 out of 4
907.768308;907.768308;"TG(15:0/17:1(9Z)/22:2(13Z,16Z))[iso6]";[M+Na];C57H104O6;-4.20305e-3;-4.630067;907.772511;1 out of 4
907.768308;907.768308;"TG(15:0/17:2(9Z,12Z)/22:1(11Z))[iso6]";[M+Na];C57H104O6;-4.20305e-3;-4.630067;907.772511;1 out of 4
907.768308;907.768308;"TG(15:0/18:3(6Z,9Z,12Z)/21:0)[iso6]";[M+Na];C57H104O6;-4.20305e-3;-4.630067;907.772511;1 out of 4
907.768308;907.768308;"TG(15:0/18:3(9Z,12Z,15Z)/21:0)[iso6]";[M+Na];C57H104O6;-4.20305e-3;-4.630067;907.772511;1 out of 4
907.768308;907.768308;"TG(15:0/19:0/20:3(8Z,11Z,14Z))[iso6]";[M+Na];C57H104O6;-4.20305e-3;-4.630067;907.772511;1 out of 4
907.768308;907.768308;"TG(15:0/19:1(9Z)/20:2(11Z,14Z))[iso6]";[M+Na];C57H104O6;-4.20305e-3;-4.630067;907.772511;1 out of 4
907.768308;907.768308;"TG(15:1(9Z)/17:0/22:2(13Z,16Z))[iso6]";[M+Na];C57H104O6;-4.20305e-3;-4.630067;907.772511;1 out of 4
907.768308;907.768308;"TG(15:1(9Z)/17:1(9Z)/22:1(11Z))[iso6]";[M+Na];C57H104O6;-4.20305e-3;-4.630067;907.772511;1 out of 4
907.768308;907.768308;"TG(15:1(9Z)/17:2(9Z,12Z)/22:0)[iso6]";[M+Na];C57H104O6;-4.20305e-3;-4.630067;907.772511;1 out of 4
907.768308;907.768308;"TG(15:1(9Z)/18:2(9Z,12Z)/21:0)[iso6]";[M+Na];C57H104O6;-4.20305e-3;-4.630067;907.772511;1 out of 4
907.768308;907.768308;"TG(15:1(9Z)/19:0/20:2(11Z,14Z))[iso6]";[M+Na];C57H104O6;-4.20305e-3;-4.630067;907.772511;1 out of 4
907.768308;907.768308;"TG(15:1(9Z)/19:1(9Z)/20:1(11Z))[iso6]";[M+Na];C57H104O6;-4.20305e-3;-4.630067;907.772511;1 out of 4
907.768308;907.768308;"TG(16:0/18:3(6Z,9Z,12Z)/20:0)[iso6]";[M+Na];C57H104O6;-4.20305e-3;-4.630067;907.772511;1 out of 4
907.768308;907.768308;"TG(17:0/18:2(9Z,12Z)/19:1(9Z))[iso6]";[M+Na];C57H104O6;-4.20305e-3;-4.630067;907.772511;1 out of 4
907.768308;907.768308;"TG(17:0/18:3(6Z,9Z,12Z)/19:0)[iso6]";[M+Na];C57H104O6;-4.20305e-3;-4.630067;907.772511;1 out of 4
907.768308;907.768308;"TG(17:1(9Z)/18:1(9Z)/19:1(9Z))[iso6]";[M+Na];C57H104O6;-4.20305e-3;-4.630067;907.772511;1 out of 4
907.768308;907.768308;"TG(17:2(9Z,12Z)/18:0/19:1(9Z))[iso6]";[M+Na];C57H104O6;-4.20305e-3;-4.630067;907.772511;1 out of 4
909.540661;909.540661;"PG(14:1(9Z)/20:4(5Z,8Z,11Z,14Z))";[M+NORHARMANE+H];C40H69O10P;9.00962e-4;0.990569;909.539760;1 out of 4
909.540661;909.540661;"PG(18:4(6Z,9Z,12Z,15Z)/16:1(9Z))";[M+NORHARMANE+H];C40H69O10P;9.00962e-4;0.990569;909.539760;1 out of 4
909.540661;909.540661;"PG(20:4(5Z,8Z,11Z,14Z)/14:1(9Z))";[M+NORHARMANE+H];C40H69O10P;9.00962e-4;0.990569;909.539760;1 out of 4
909.540661;909.540661;"PG(20:5(5Z,8Z,11Z,14Z,17Z)/14:0)";[M+NORHARMANE+H];C40H69O10P;9.00962e-4;0.990569;909.539760;1 out of 4
909.540661;909.540661;"PG(16:1(9Z)/18:4(6Z,9Z,12Z,15Z))";[M+NORHARMANE+H];C40H69O10P;9.00962e-4;0.990569;909.539760;1 out of 4
909.540661;909.540661;"PG(14:0/20:5(5Z,8Z,11Z,14Z,17Z))";[M+NORHARMANE+H];C40H69O10P;9.00962e-4;0.990569;909.539760;1 out of 4
909.565620;909.565620;6-O-oleoyl-6'-O-oleoyltrehalose;[M+K];C48H86O13;-4.37981e-3;-4.815256;909.570000;1 out of 4
909.784074;909.784074;"TG(17:0/17:2(9Z,12Z)/20:0)[iso6]";[M+Na];C57H106O6;-4.08711e-3;-4.492378;909.788161;1 out of 4
909.784074;909.784074;"TG(17:1(9Z)/17:1(9Z)/20:0)[iso3]";[M+Na];C57H106O6;-4.08711e-3;-4.492378;909.788161;1 out of 4
909.784074;909.784074;"TG(17:0/17:1(9Z)/20:1(11Z))[iso6]";[M+Na];C57H106O6;-4.08711e-3;-4.492378;909.788161;1 out of 4
909.784074;909.784074;"TG(17:0/17:0/20:2(11Z,14Z))[iso3]";[M+Na];C57H106O6;-4.08711e-3;-4.492378;909.788161;1 out of 4
909.784074;909.784074;"TG(18:0/18:1(9Z)/18:1(9Z))[iso3]";[M+Na];C57H106O6;-4.08711e-3;-4.492378;909.788161;1 out of 4
909.784074;909.784074;"TG(18:0/18:0/18:2(9Z,12Z))[iso3]";[M+Na];C57H106O6;-4.08711e-3;-4.492378;909.788161;1 out of 4
909.784074;909.784074;"TG(16:0/18:2(9Z,12Z)/20:0)[iso6]";[M+Na];C57H106O6;-4.08711e-3;-4.492378;909.788161;1 out of 4
909.784074;909.784074;"TG(16:1(9Z)/18:1(9Z)/20:0)[iso6]";[M+Na];C57H106O6;-4.08711e-3;-4.492378;909.788161;1 out of 4
909.784074;909.784074;"TG(16:0/18:1(9Z)/20:1(11Z))[iso6]";[M+Na];C57H106O6;-4.08711e-3;-4.492378;909.788161;1 out of 4
909.784074;909.784074;"TG(16:1(9Z)/18:0/20:1(11Z))[iso6]";[M+Na];C57H106O6;-4.08711e-3;-4.492378;909.788161;1 out of 4
909.784074;909.784074;"TG(16:0/18:0/20:2(11Z,14Z))[iso6]";[M+Na];C57H106O6;-4.08711e-3;-4.492378;909.788161;1 out of 4
909.784074;909.784074;"TG(17:0/18:2(9Z,12Z)/19:0)[iso6]";[M+Na];C57H106O6;-4.08711e-3;-4.492378;909.788161;1 out of 4
909.784074;909.784074;"TG(17:1(9Z)/18:1(9Z)/19:0)[iso6]";[M+Na];C57H106O6;-4.08711e-3;-4.492378;909.788161;1 out of 4
909.784074;909.784074;"TG(17:2(9Z,12Z)/18:0/19:0)[iso6]";[M+Na];C57H106O6;-4.08711e-3;-4.492378;909.788161;1 out of 4
909.784074;909.784074;"TG(16:1(9Z)/16:1(9Z)/22:0)[iso3]";[M+Na];C57H106O6;-4.08711e-3;-4.492378;909.788161;1 out of 4
909.784074;909.784074;"TG(16:0/16:1(9Z)/22:1(13Z))[iso6]";[M+Na];C57H106O6;-4.08711e-3;-4.492378;909.788161;1 out of 4
909.784074;909.784074;"TG(16:0/17:2(9Z,12Z)/21:0)[iso6]";[M+Na];C57H106O6;-4.08711e-3;-4.492378;909.788161;1 out of 4
909.784074;909.784074;"TG(16:1(9Z)/17:1(9Z)/21:0)[iso6]";[M+Na];C57H106O6;-4.08711e-3;-4.492378;909.788161;1 out of 4
909.784074;909.784074;"TG(16:0/16:0/22:2(13Z,16Z))[iso3]";[M+Na];C57H106O6;-4.08711e-3;-4.492378;909.788161;1 out of 4
909.784074;909.784074;"TG(14:0/20:1(11Z)/20:1(11Z))[iso3]";[M+Na];C57H106O6;-4.08711e-3;-4.492378;909.788161;1 out of 4
909.784074;909.784074;"TG(16:0/19:1(9Z)/19:1(9Z))[iso3]";[M+Na];C57H106O6;-4.08711e-3;-4.492378;909.788161;1 out of 4
909.784074;909.784074;"TG(12:0/20:0/22:2(13Z,16Z))[iso6]";[M+Na];C57H106O6;-4.08711e-3;-4.492378;909.788161;1 out of 4
909.784074;909.784074;"TG(12:0/20:1(11Z)/22:1(11Z))[iso6]";[M+Na];C57H106O6;-4.08711e-3;-4.492378;909.788161;1 out of 4
909.784074;909.784074;"TG(12:0/20:2(11Z,14Z)/22:0)[iso6]";[M+Na];C57H106O6;-4.08711e-3;-4.492378;909.788161;1 out of 4
909.784074;909.784074;"TG(13:0/19:0/22:2(13Z,16Z))[iso6]";[M+Na];C57H106O6;-4.08711e-3;-4.492378;909.788161;1 out of 4
909.784074;909.784074;"TG(13:0/19:1(9Z)/22:1(11Z))[iso6]";[M+Na];C57H106O6;-4.08711e-3;-4.492378;909.788161;1 out of 4
909.784074;909.784074;"TG(13:0/20:2(11Z,14Z)/21:0)[iso6]";[M+Na];C57H106O6;-4.08711e-3;-4.492378;909.788161;1 out of 4
909.784074;909.784074;"TG(14:0/18:0/22:2(13Z,16Z))[iso6]";[M+Na];C57H106O6;-4.08711e-3;-4.492378;909.788161;1 out of 4
909.784074;909.784074;"TG(14:0/18:1(9Z)/22:1(11Z))[iso6]";[M+Na];C57H106O6;-4.08711e-3;-4.492378;909.788161;1 out of 4
909.784074;909.784074;"TG(14:0/18:2(9Z,12Z)/22:0)[iso6]";[M+Na];C57H106O6;-4.08711e-3;-4.492378;909.788161;1 out of 4
909.784074;909.784074;"TG(14:0/20:0/20:2(11Z,14Z))[iso6]";[M+Na];C57H106O6;-4.08711e-3;-4.492378;909.788161;1 out of 4
909.784074;909.784074;"TG(14:1(9Z)/18:0/22:1(11Z))[iso6]";[M+Na];C57H106O6;-4.08711e-3;-4.492378;909.788161;1 out of 4
909.784074;909.784074;"TG(14:1(9Z)/18:1(9Z)/22:0)[iso6]";[M+Na];C57H106O6;-4.08711e-3;-4.492378;909.788161;1 out of 4
909.784074;909.784074;"TG(14:1(9Z)/19:1(9Z)/21:0)[iso6]";[M+Na];C57H106O6;-4.08711e-3;-4.492378;909.788161;1 out of 4
909.784074;909.784074;"TG(14:1(9Z)/20:0/20:1(11Z))[iso6]";[M+Na];C57H106O6;-4.08711e-3;-4.492378;909.788161;1 out of 4
909.784074;909.784074;"TG(15:0/17:0/22:2(13Z,16Z))[iso6]";[M+Na];C57H106O6;-4.08711e-3;-4.492378;909.788161;1 out of 4
909.784074;909.784074;"TG(15:0/17:1(9Z)/22:1(11Z))[iso6]";[M+Na];C57H106O6;-4.08711e-3;-4.492378;909.788161;1 out of 4
909.784074;909.784074;"TG(15:0/17:2(9Z,12Z)/22:0)[iso6]";[M+Na];C57H106O6;-4.08711e-3;-4.492378;909.788161;1 out of 4
909.784074;909.784074;"TG(15:0/18:2(9Z,12Z)/21:0)[iso6]";[M+Na];C57H106O6;-4.08711e-3;-4.492378;909.788161;1 out of 4
909.784074;909.784074;"TG(15:0/19:0/20:2(11Z,14Z))[iso6]";[M+Na];C57H106O6;-4.08711e-3;-4.492378;909.788161;1 out of 4
909.784074;909.784074;"TG(15:0/19:1(9Z)/20:1(11Z))[iso6]";[M+Na];C57H106O6;-4.08711e-3;-4.492378;909.788161;1 out of 4
909.784074;909.784074;"TG(15:1(9Z)/17:0/22:1(11Z))[iso6]";[M+Na];C57H106O6;-4.08711e-3;-4.492378;909.788161;1 out of 4
909.784074;909.784074;"TG(15:1(9Z)/17:1(9Z)/22:0)[iso6]";[M+Na];C57H106O6;-4.08711e-3;-4.492378;909.788161;1 out of 4
909.784074;909.784074;"TG(15:1(9Z)/18:1(9Z)/21:0)[iso6]";[M+Na];C57H106O6;-4.08711e-3;-4.492378;909.788161;1 out of 4
909.784074;909.784074;"TG(15:1(9Z)/19:0/20:1(11Z))[iso6]";[M+Na];C57H106O6;-4.08711e-3;-4.492378;909.788161;1 out of 4
909.784074;909.784074;"TG(15:1(9Z)/19:1(9Z)/20:0)[iso6]";[M+Na];C57H106O6;-4.08711e-3;-4.492378;909.788161;1 out of 4
909.784074;909.784074;"TG(16:0/16:1(9Z)/22:1(11Z))[iso6]";[M+Na];C57H106O6;-4.08711e-3;-4.492378;909.788161;1 out of 4
909.784074;909.784074;"TG(16:1(9Z)/19:0/19:1(9Z))[iso6]";[M+Na];C57H106O6;-4.08711e-3;-4.492378;909.788161;1 out of 4
909.784074;909.784074;"TG(17:0/18:1(9Z)/19:1(9Z))[iso6]";[M+Na];C57H106O6;-4.08711e-3;-4.492378;909.788161;1 out of 4
909.784074;909.784074;"TG(17:1(9Z)/18:0/19:1(9Z))[iso6]";[M+Na];C57H106O6;-4.08711e-3;-4.492378;909.788161;1 out of 4
911.556794;911.556794;"PG(12:0/22:4(7Z,10Z,13Z,16Z))";[M+NORHARMANE+H];C40H71O10P;1.38390e-3;1.518172;911.555410;1 out of 4
911.556794;911.556794;"PG(14:1(9Z)/20:3(8Z,11Z,14Z))";[M+NORHARMANE+H];C40H71O10P;1.38390e-3;1.518172;911.555410;1 out of 4
911.556794;911.556794;"PG(16:1(9Z)/18:3(6Z,9Z,12Z))";[M+NORHARMANE+H];C40H71O10P;1.38390e-3;1.518172;911.555410;1 out of 4
911.556794;911.556794;"PG(16:1(9Z)/18:3(9Z,12Z,15Z))";[M+NORHARMANE+H];C40H71O10P;1.38390e-3;1.518172;911.555410;1 out of 4
911.556794;911.556794;"PG(18:3(6Z,9Z,12Z)/16:1(9Z))";[M+NORHARMANE+H];C40H71O10P;1.38390e-3;1.518172;911.555410;1 out of 4
911.556794;911.556794;"PG(18:3(9Z,12Z,15Z)/16:1(9Z))";[M+NORHARMANE+H];C40H71O10P;1.38390e-3;1.518172;911.555410;1 out of 4
911.556794;911.556794;"PG(18:4(6Z,9Z,12Z,15Z)/16:0)";[M+NORHARMANE+H];C40H71O10P;1.38390e-3;1.518172;911.555410;1 out of 4
911.556794;911.556794;"PG(20:3(8Z,11Z,14Z)/14:1(9Z))";[M+NORHARMANE+H];C40H71O10P;1.38390e-3;1.518172;911.555410;1 out of 4
911.556794;911.556794;"PG(20:4(5Z,8Z,11Z,14Z)/14:0)";[M+NORHARMANE+H];C40H71O10P;1.38390e-3;1.518172;911.555410;1 out of 4
911.556794;911.556794;"PG(22:4(7Z,10Z,13Z,16Z)/12:0)";[M+NORHARMANE+H];C40H71O10P;1.38390e-3;1.518172;911.555410;1 out of 4
911.556794;911.556794;"PG(17:2(9Z,12Z)/17:2(9Z,12Z))";[M+NORHARMANE+H];C40H71O10P;1.38390e-3;1.518172;911.555410;1 out of 4
911.556794;911.556794;"PG(16:0/18:4(6Z,9Z,12Z,15Z))";[M+NORHARMANE+H];C40H71O10P;1.38390e-3;1.518172;911.555410;1 out of 4
911.556794;911.556794;"PG(14:0/20:4(5Z,8Z,11Z,14Z))";[M+NORHARMANE+H];C40H71O10P;1.38390e-3;1.518172;911.555410;1 out of 4
917.534705;917.534705;"1,3-(8R,9R-epoxy-octadec-13Z,15Z-dien-4,6-diynoyl)-2-(oleoyl)-sn-glycerol";[M+K];C56H78O8;1.87854e-3;2.047386;917.532826;3 out of 4
918.579809;918.579809;"PC(12:0/22:6(4Z,7Z,10Z,13Z,16Z,19Z))";[M+NORHARMANE+H];C42H72NO8P;3.32911e-3;3.624201;918.576480;2 out of 4
918.579809;918.579809;"PC(14:1(9Z)/20:5(5Z,8Z,11Z,14Z,17Z))";[M+NORHARMANE+H];C42H72NO8P;3.32911e-3;3.624201;918.576480;2 out of 4
918.579809;918.579809;"PC(20:5(5Z,8Z,11Z,14Z,17Z)/14:1(9Z))";[M+NORHARMANE+H];C42H72NO8P;3.32911e-3;3.624201;918.576480;2 out of 4
918.579809;918.579809;"PC(22:6(4Z,7Z,10Z,13Z,16Z,19Z)/12:0)";[M+NORHARMANE+H];C42H72NO8P;3.32911e-3;3.624201;918.576480;2 out of 4
918.579809;918.579809;"PE(15:0/22:6(4Z,7Z,10Z,13Z,16Z,19Z))";[M+NORHARMANE+H];C42H72NO8P;3.32911e-3;3.624201;918.576480;2 out of 4
918.579809;918.579809;"PE(17:1(9Z)/20:5(5Z,8Z,11Z,14Z,17Z))";[M+NORHARMANE+H];C42H72NO8P;3.32911e-3;3.624201;918.576480;2 out of 4
918.579809;918.579809;"PE(17:2(9Z,12Z)/20:4(5Z,8Z,11Z,14Z))";[M+NORHARMANE+H];C42H72NO8P;3.32911e-3;3.624201;918.576480;2 out of 4
918.579809;918.579809;"PE(20:4(5Z,8Z,11Z,14Z)/17:2(9Z,12Z))";[M+NORHARMANE+H];C42H72NO8P;3.32911e-3;3.624201;918.576480;2 out of 4
918.579809;918.579809;"PE(20:5(5Z,8Z,11Z,14Z,17Z)/17:1(9Z))";[M+NORHARMANE+H];C42H72NO8P;3.32911e-3;3.624201;918.576480;2 out of 4
918.579809;918.579809;"PE(22:6(4Z,7Z,10Z,13Z,16Z,19Z)/15:0)";[M+NORHARMANE+H];C42H72NO8P;3.32911e-3;3.624201;918.576480;2 out of 4
919.583922;919.583922;"PG(22:1(11Z)/22:4(7Z,10Z,13Z,16Z))";[M+K];C50H89O10P;1.42932e-3;1.554316;919.582493;1 out of 4
919.583922;919.583922;"PG(22:4(7Z,10Z,13Z,16Z)/22:1(11Z))";[M+K];C50H89O10P;1.42932e-3;1.554316;919.582493;1 out of 4
919.710229;919.710229;Plastochromanol-8;[M+NORHARMANE+H];C53H82O2;1.82214e-3;1.981211;919.708407;2 out of 4
920.596626;920.596626;"PC(14:0/20:5(5Z,8Z,11Z,14Z,17Z))";[M+NORHARMANE+H];C42H74NO8P;4.49604e-3;4.883859;920.592130;1 out of 4
920.596626;920.596626;"PC(16:1(9Z)/18:4(6Z,9Z,12Z,15Z))";[M+NORHARMANE+H];C42H74NO8P;4.49604e-3;4.883859;920.592130;1 out of 4
920.596626;920.596626;"PC(14:1(9Z)/20:4(5Z,8Z,11Z,14Z))";[M+NORHARMANE+H];C42H74NO8P;4.49604e-3;4.883859;920.592130;1 out of 4
920.596626;920.596626;"PC(18:4(6Z,9Z,12Z,15Z)/16:1(9Z))";[M+NORHARMANE+H];C42H74NO8P;4.49604e-3;4.883859;920.592130;1 out of 4
920.596626;920.596626;"PC(20:4(5Z,8Z,11Z,14Z)/14:1(9Z))";[M+NORHARMANE+H];C42H74NO8P;4.49604e-3;4.883859;920.592130;1 out of 4
920.596626;920.596626;"PC(20:5(5Z,8Z,11Z,14Z,17Z)/14:0)";[M+NORHARMANE+H];C42H74NO8P;4.49604e-3;4.883859;920.592130;1 out of 4
920.596626;920.596626;"PE(15:1(9Z)/22:4(7Z,10Z,13Z,16Z))";[M+NORHARMANE+H];C42H74NO8P;4.49604e-3;4.883859;920.592130;1 out of 4
920.596626;920.596626;"PE(17:0/20:5(5Z,8Z,11Z,14Z,17Z))";[M+NORHARMANE+H];C42H74NO8P;4.49604e-3;4.883859;920.592130;1 out of 4
920.596626;920.596626;"PE(17:1(9Z)/20:4(5Z,8Z,11Z,14Z))";[M+NORHARMANE+H];C42H74NO8P;4.49604e-3;4.883859;920.592130;1 out of 4
920.596626;920.596626;"PE(17:2(9Z,12Z)/20:3(8Z,11Z,14Z))";[M+NORHARMANE+H];C42H74NO8P;4.49604e-3;4.883859;920.592130;1 out of 4
920.596626;920.596626;"PE(18:4(6Z,9Z,12Z,15Z)/19:1(9Z))";[M+NORHARMANE+H];C42H74NO8P;4.49604e-3;4.883859;920.592130;1 out of 4
920.596626;920.596626;"PE(19:1(9Z)/18:4(6Z,9Z,12Z,15Z))";[M+NORHARMANE+H];C42H74NO8P;4.49604e-3;4.883859;920.592130;1 out of 4
920.596626;920.596626;"PE(20:3(8Z,11Z,14Z)/17:2(9Z,12Z))";[M+NORHARMANE+H];C42H74NO8P;4.49604e-3;4.883859;920.592130;1 out of 4
920.596626;920.596626;"PE(20:4(5Z,8Z,11Z,14Z)/17:1(9Z))";[M+NORHARMANE+H];C42H74NO8P;4.49604e-3;4.883859;920.592130;1 out of 4
920.596626;920.596626;"PE(20:5(5Z,8Z,11Z,14Z,17Z)/17:0)";[M+NORHARMANE+H];C42H74NO8P;4.49604e-3;4.883859;920.592130;1 out of 4
920.596626;920.596626;"PE(22:4(7Z,10Z,13Z,16Z)/15:1(9Z))";[M+NORHARMANE+H];C42H74NO8P;4.49604e-3;4.883859;920.592130;1 out of 4
920.596626;920.596626;"PI-Cer(t18:0/22:0)";[M+K];C46H92NO12P;-2.24501e-3;-2.438645;920.598871;1 out of 4
920.596626;920.596626;"PI-Cer(t20:0/20:0)";[M+K];C46H92NO12P;-2.24501e-3;-2.438645;920.598871;1 out of 4
920.596626;920.596626;"PI-Cer(d18:0/22:0(2OH))";[M+K];C46H92NO12P;-2.24501e-3;-2.438645;920.598871;1 out of 4
920.596626;920.596626;"PI-Cer(d20:0/20:0(2OH))";[M+K];C46H92NO12P;-2.24501e-3;-2.438645;920.598871;1 out of 4
922.610761;922.610761;"PC(14:0/20:4(5Z,8Z,11Z,14Z))";[M+NORHARMANE+H];C42H76NO8P;2.98098e-3;3.231035;922.607780;1 out of 4
922.610761;922.610761;"PC(16:0/18:4(6Z,9Z,12Z,15Z))";[M+NORHARMANE+H];C42H76NO8P;2.98098e-3;3.231035;922.607780;1 out of 4
922.610761;922.610761;"PC(16:0/18:4(9E,11E,13E,15E))";[M+NORHARMANE+H];C42H76NO8P;2.98098e-3;3.231035;922.607780;1 out of 4
922.610761;922.610761;"PC(16:0/18:4(9Z,11E,13E,15Z))";[M+NORHARMANE+H];C42H76NO8P;2.98098e-3;3.231035;922.607780;1 out of 4
922.610761;922.610761;"PC(16:0/18:4(9Z,11Z,13Z,15Z))";[M+NORHARMANE+H];C42H76NO8P;2.98098e-3;3.231035;922.607780;1 out of 4
922.610761;922.610761;"PC(16:2(2E,4E)/18:2(2E,4E))";[M+NORHARMANE+H];C42H76NO8P;2.98098e-3;3.231035;922.607780;1 out of 4
922.610761;922.610761;"PC(17:2(9Z,12Z)/17:2(9Z,12Z))";[M+NORHARMANE+H];C42H76NO8P;2.98098e-3;3.231035;922.607780;1 out of 4
922.610761;922.610761;"PC(18:4(9Z,11E,13E,15Z)/16:0)";[M+NORHARMANE+H];C42H76NO8P;2.98098e-3;3.231035;922.607780;1 out of 4
922.610761;922.610761;"PC(12:0/22:4(7Z,10Z,13Z,16Z))";[M+NORHARMANE+H];C42H76NO8P;2.98098e-3;3.231035;922.607780;1 out of 4
922.610761;922.610761;"PC(14:1(9Z)/20:3(8Z,11Z,14Z))";[M+NORHARMANE+H];C42H76NO8P;2.98098e-3;3.231035;922.607780;1 out of 4
922.610761;922.610761;"PC(16:1(9Z)/18:3(6Z,9Z,12Z))";[M+NORHARMANE+H];C42H76NO8P;2.98098e-3;3.231035;922.607780;1 out of 4
922.610761;922.610761;"PC(16:1(9Z)/18:3(9Z,12Z,15Z))";[M+NORHARMANE+H];C42H76NO8P;2.98098e-3;3.231035;922.607780;1 out of 4
922.610761;922.610761;"PC(18:3(6Z,9Z,12Z)/16:1(9Z))";[M+NORHARMANE+H];C42H76NO8P;2.98098e-3;3.231035;922.607780;1 out of 4
922.610761;922.610761;"PC(18:3(9Z,12Z,15Z)/16:1(9Z))";[M+NORHARMANE+H];C42H76NO8P;2.98098e-3;3.231035;922.607780;1 out of 4
922.610761;922.610761;"PC(18:4(6Z,9Z,12Z,15Z)/16:0)";[M+NORHARMANE+H];C42H76NO8P;2.98098e-3;3.231035;922.607780;1 out of 4
922.610761;922.610761;"PC(20:3(8Z,11Z,14Z)/14:1(9Z))";[M+NORHARMANE+H];C42H76NO8P;2.98098e-3;3.231035;922.607780;1 out of 4
922.610761;922.610761;"PC(20:4(5Z,8Z,11Z,14Z)/14:0)";[M+NORHARMANE+H];C42H76NO8P;2.98098e-3;3.231035;922.607780;1 out of 4
922.610761;922.610761;"PC(22:4(7Z,10Z,13Z,16Z)/12:0)";[M+NORHARMANE+H];C42H76NO8P;2.98098e-3;3.231035;922.607780;1 out of 4
922.610761;922.610761;"PC(14:0/20:4(8Z,11Z,14Z,17Z))";[M+NORHARMANE+H];C42H76NO8P;2.98098e-3;3.231035;922.607780;1 out of 4
922.610761;922.610761;"PC(14:1(9Z)/20:3(5Z,8Z,11Z))";[M+NORHARMANE+H];C42H76NO8P;2.98098e-3;3.231035;922.607780;1 out of 4
922.610761;922.610761;"PC(20:3(5Z,8Z,11Z)/14:1(9Z))";[M+NORHARMANE+H];C42H76NO8P;2.98098e-3;3.231035;922.607780;1 out of 4
922.610761;922.610761;"PC(20:4(8Z,11Z,14Z,17Z)/14:0)";[M+NORHARMANE+H];C42H76NO8P;2.98098e-3;3.231035;922.607780;1 out of 4
922.610761;922.610761;"PE(17:0/20:4(5Z,8Z,11Z,14Z))";[M+NORHARMANE+H];C42H76NO8P;2.98098e-3;3.231035;922.607780;1 out of 4
922.610761;922.610761;"PE(15:0/22:4(7Z,10Z,13Z,16Z))";[M+NORHARMANE+H];C42H76NO8P;2.98098e-3;3.231035;922.607780;1 out of 4
922.610761;922.610761;"PE(17:1(9Z)/20:3(8Z,11Z,14Z))";[M+NORHARMANE+H];C42H76NO8P;2.98098e-3;3.231035;922.607780;1 out of 4
922.610761;922.610761;"PE(17:2(9Z,12Z)/20:2(11Z,14Z))";[M+NORHARMANE+H];C42H76NO8P;2.98098e-3;3.231035;922.607780;1 out of 4
922.610761;922.610761;"PE(18:3(6Z,9Z,12Z)/19:1(9Z))";[M+NORHARMANE+H];C42H76NO8P;2.98098e-3;3.231035;922.607780;1 out of 4
922.610761;922.610761;"PE(18:3(9Z,12Z,15Z)/19:1(9Z))";[M+NORHARMANE+H];C42H76NO8P;2.98098e-3;3.231035;922.607780;1 out of 4
922.610761;922.610761;"PE(18:4(6Z,9Z,12Z,15Z)/19:0)";[M+NORHARMANE+H];C42H76NO8P;2.98098e-3;3.231035;922.607780;1 out of 4
922.610761;922.610761;"PE(19:0/18:4(6Z,9Z,12Z,15Z))";[M+NORHARMANE+H];C42H76NO8P;2.98098e-3;3.231035;922.607780;1 out of 4
922.610761;922.610761;"PE(19:1(9Z)/18:3(6Z,9Z,12Z))";[M+NORHARMANE+H];C42H76NO8P;2.98098e-3;3.231035;922.607780;1 out of 4
922.610761;922.610761;"PE(19:1(9Z)/18:3(9Z,12Z,15Z))";[M+NORHARMANE+H];C42H76NO8P;2.98098e-3;3.231035;922.607780;1 out of 4
922.610761;922.610761;"PE(20:2(11Z,14Z)/17:2(9Z,12Z))";[M+NORHARMANE+H];C42H76NO8P;2.98098e-3;3.231035;922.607780;1 out of 4
922.610761;922.610761;"PE(20:3(8Z,11Z,14Z)/17:1(9Z))";[M+NORHARMANE+H];C42H76NO8P;2.98098e-3;3.231035;922.607780;1 out of 4
922.610761;922.610761;"PE(20:4(5Z,8Z,11Z,14Z)/17:0)";[M+NORHARMANE+H];C42H76NO8P;2.98098e-3;3.231035;922.607780;1 out of 4
922.610761;922.610761;"PE(22:4(7Z,10Z,13Z,16Z)/15:0)";[M+NORHARMANE+H];C42H76NO8P;2.98098e-3;3.231035;922.607780;1 out of 4
923.613416;923.613416;"PG(22:1(11Z)/22:2(13Z,16Z))";[M+K];C50H93O10P;-3.76806e-4;-0.407969;923.613793;1 out of 4
923.613416;923.613416;"PG(22:2(13Z,16Z)/22:1(11Z))";[M+K];C50H93O10P;-3.76806e-4;-0.407969;923.613793;1 out of 4
923.613416;923.613416;"Fucoxanthinol 3-(5Z,8Z,11Z,14Z,17-eicosapentaenoate)";[M+Na];C60H84O6;-2.59441e-3;-2.808968;923.616010;1 out of 4
924.625991;924.625991;"PC(16:0/18:3(6Z,9Z,12Z))";[M+NORHARMANE+H];C42H78NO8P;2.56091e-3;2.769683;924.623430;2 out of 4
924.625991;924.625991;"PC(16:0/18:3(9Z,12Z,15Z))";[M+NORHARMANE+H];C42H78NO8P;2.56091e-3;2.769683;924.623430;2 out of 4
924.625991;924.625991;"PC(16:1(9Z)/18:2(9Z,12Z))";[M+NORHARMANE+H];C42H78NO8P;2.56091e-3;2.769683;924.623430;2 out of 4
924.625991;924.625991;"PC(14:0/20:3(8Z,11Z,14Z))";[M+NORHARMANE+H];C42H78NO8P;2.56091e-3;2.769683;924.623430;2 out of 4
924.625991;924.625991;"PC(14:1(9Z)/20:2(11Z,14Z))";[M+NORHARMANE+H];C42H78NO8P;2.56091e-3;2.769683;924.623430;2 out of 4
924.625991;924.625991;"PC(17:1(9Z)/17:2(9Z,12Z))";[M+NORHARMANE+H];C42H78NO8P;2.56091e-3;2.769683;924.623430;2 out of 4
924.625991;924.625991;"PC(17:2(9Z,12Z)/17:1(9Z))";[M+NORHARMANE+H];C42H78NO8P;2.56091e-3;2.769683;924.623430;2 out of 4
924.625991;924.625991;"PC(18:2(9Z,12Z)/16:1(9Z))";[M+NORHARMANE+H];C42H78NO8P;2.56091e-3;2.769683;924.623430;2 out of 4
924.625991;924.625991;"PC(18:3(6Z,9Z,12Z)/16:0)";[M+NORHARMANE+H];C42H78NO8P;2.56091e-3;2.769683;924.623430;2 out of 4
924.625991;924.625991;"PC(18:3(9Z,12Z,15Z)/16:0)";[M+NORHARMANE+H];C42H78NO8P;2.56091e-3;2.769683;924.623430;2 out of 4
924.625991;924.625991;"PC(20:2(11Z,14Z)/14:1(9Z))";[M+NORHARMANE+H];C42H78NO8P;2.56091e-3;2.769683;924.623430;2 out of 4
924.625991;924.625991;"PC(20:3(8Z,11Z,14Z)/14:0)";[M+NORHARMANE+H];C42H78NO8P;2.56091e-3;2.769683;924.623430;2 out of 4
924.625991;924.625991;"PC(14:0/20:3(5Z,8Z,11Z))";[M+NORHARMANE+H];C42H78NO8P;2.56091e-3;2.769683;924.623430;2 out of 4
924.625991;924.625991;"PC(20:3(5Z,8Z,11Z)/14:0)";[M+NORHARMANE+H];C42H78NO8P;2.56091e-3;2.769683;924.623430;2 out of 4
924.625991;924.625991;"PE(15:1(9Z)/22:2(13Z,16Z))";[M+NORHARMANE+H];C42H78NO8P;2.56091e-3;2.769683;924.623430;2 out of 4
924.625991;924.625991;"PE(17:0/20:3(8Z,11Z,14Z))";[M+NORHARMANE+H];C42H78NO8P;2.56091e-3;2.769683;924.623430;2 out of 4
924.625991;924.625991;"PE(17:1(9Z)/20:2(11Z,14Z))";[M+NORHARMANE+H];C42H78NO8P;2.56091e-3;2.769683;924.623430;2 out of 4
924.625991;924.625991;"PE(17:2(9Z,12Z)/20:1(11Z))";[M+NORHARMANE+H];C42H78NO8P;2.56091e-3;2.769683;924.623430;2 out of 4
924.625991;924.625991;"PE(18:2(9Z,12Z)/19:1(9Z))";[M+NORHARMANE+H];C42H78NO8P;2.56091e-3;2.769683;924.623430;2 out of 4
924.625991;924.625991;"PE(18:3(6Z,9Z,12Z)/19:0)";[M+NORHARMANE+H];C42H78NO8P;2.56091e-3;2.769683;924.623430;2 out of 4
924.625991;924.625991;"PE(18:3(9Z,12Z,15Z)/19:0)";[M+NORHARMANE+H];C42H78NO8P;2.56091e-3;2.769683;924.623430;2 out of 4
924.625991;924.625991;"PE(19:0/18:3(6Z,9Z,12Z))";[M+NORHARMANE+H];C42H78NO8P;2.56091e-3;2.769683;924.623430;2 out of 4
924.625991;924.625991;"PE(19:0/18:3(9Z,12Z,15Z))";[M+NORHARMANE+H];C42H78NO8P;2.56091e-3;2.769683;924.623430;2 out of 4
924.625991;924.625991;"PE(19:1(9Z)/18:2(9Z,12Z))";[M+NORHARMANE+H];C42H78NO8P;2.56091e-3;2.769683;924.623430;2 out of 4
924.625991;924.625991;"PE(20:1(11Z)/17:2(9Z,12Z))";[M+NORHARMANE+H];C42H78NO8P;2.56091e-3;2.769683;924.623430;2 out of 4
924.625991;924.625991;"PE(20:2(11Z,14Z)/17:1(9Z))";[M+NORHARMANE+H];C42H78NO8P;2.56091e-3;2.769683;924.623430;2 out of 4
924.625991;924.625991;"PE(20:3(8Z,11Z,14Z)/17:0)";[M+NORHARMANE+H];C42H78NO8P;2.56091e-3;2.769683;924.623430;2 out of 4
924.625991;924.625991;"PE(22:2(13Z,16Z)/15:1(9Z))";[M+NORHARMANE+H];C42H78NO8P;2.56091e-3;2.769683;924.623430;2 out of 4
926.760159;926.760159;"PC(23:1(9Z)/23:1(9Z))";[M+H];C54H104NO8P;2.92708e-3;3.158413;926.757232;2 out of 4
931.522648;931.522648;"PG(18:4(6Z,9Z,12Z,15Z)/18:4(6Z,9Z,12Z,15Z))";[M+NORHARMANE+H];C42H67O10P;-1.46197e-3;-1.569443;931.524110;1 out of 4
932.770472;932.770472;"TG(20:4(5Z,8Z,11Z,14Z)/18:2(9Z,12Z)/20:4(5Z,8Z,11Z,14Z)) (d5)";[M+H];C61H93D5O6;-4.52859e-3;-4.854961;932.775001;1 out of 4
933.556005;933.556005;"DGDG(18:4(6Z,9Z,12Z,15Z)/18:4(6Z,9Z,12Z,15Z))";[M+H];C51H80O15;-9.92860e-4;-1.063524;933.556998;1 out of 4
933.783505;933.783505;"TG(18:1(9Z)/18:3(9Z,12Z,15Z)/20:0)[iso6]";[M+Na];C59H106O6;-4.65611e-3;-4.986262;933.788161;2 out of 4
933.783505;933.783505;"TG(18:2(9Z,12Z)/18:2(9Z,12Z)/20:0)[iso3]";[M+Na];C59H106O6;-4.65611e-3;-4.986262;933.788161;2 out of 4
933.783505;933.783505;"TG(18:0/18:3(9Z,12Z,15Z)/20:1(11Z))[iso6]";[M+Na];C59H106O6;-4.65611e-3;-4.986262;933.788161;2 out of 4
933.783505;933.783505;"TG(18:1(9Z)/18:2(9Z,12Z)/20:1(11Z))[iso6]";[M+Na];C59H106O6;-4.65611e-3;-4.986262;933.788161;2 out of 4
933.783505;933.783505;"TG(16:0/20:2(11Z,14Z)/20:2(11Z,14Z))[iso3]";[M+Na];C59H106O6;-4.65611e-3;-4.986262;933.788161;2 out of 4
933.783505;933.783505;"TG(16:1(9Z)/20:1(11Z)/20:2(11Z,14Z))[iso6]";[M+Na];C59H106O6;-4.65611e-3;-4.986262;933.788161;2 out of 4
933.783505;933.783505;"TG(18:0/18:2(9Z,12Z)/20:2(11Z,14Z))[iso6]";[M+Na];C59H106O6;-4.65611e-3;-4.986262;933.788161;2 out of 4
933.783505;933.783505;"TG(18:1(9Z)/18:1(9Z)/20:2(11Z,14Z))[iso3]";[M+Na];C59H106O6;-4.65611e-3;-4.986262;933.788161;2 out of 4
933.783505;933.783505;"TG(16:0/20:1(11Z)/20:3(8Z,11Z,14Z))[iso6]";[M+Na];C59H106O6;-4.65611e-3;-4.986262;933.788161;2 out of 4
933.783505;933.783505;"TG(16:1(9Z)/20:0/20:3(8Z,11Z,14Z))[iso6]";[M+Na];C59H106O6;-4.65611e-3;-4.986262;933.788161;2 out of 4
933.783505;933.783505;"TG(18:0/18:1(9Z)/20:3(8Z,11Z,14Z))[iso6]";[M+Na];C59H106O6;-4.65611e-3;-4.986262;933.788161;2 out of 4
933.783505;933.783505;"TG(16:0/20:0/20:4(5Z,8Z,11Z,14Z))[iso6]";[M+Na];C59H106O6;-4.65611e-3;-4.986262;933.788161;2 out of 4
933.783505;933.783505;"TG(18:0/18:0/20:4(5Z,8Z,11Z,14Z))[iso3]";[M+Na];C59H106O6;-4.65611e-3;-4.986262;933.788161;2 out of 4
933.783505;933.783505;"TG(17:0/17:1(9Z)/22:3(10Z,13Z,16Z))[iso6]";[M+Na];C59H106O6;-4.65611e-3;-4.986262;933.788161;2 out of 4
933.783505;933.783505;"TG(17:2(9Z,12Z)/19:0/20:2(11Z,14Z))[iso6]";[M+Na];C59H106O6;-4.65611e-3;-4.986262;933.788161;2 out of 4
933.783505;933.783505;"TG(17:1(9Z)/19:0/20:3(8Z,11Z,14Z))[iso6]";[M+Na];C59H106O6;-4.65611e-3;-4.986262;933.788161;2 out of 4
933.783505;933.783505;"TG(17:0/19:0/20:4(5Z,8Z,11Z,14Z))[iso6]";[M+Na];C59H106O6;-4.65611e-3;-4.986262;933.788161;2 out of 4
933.783505;933.783505;"TG(17:2(9Z,12Z)/17:2(9Z,12Z)/22:0)[iso3]";[M+Na];C59H106O6;-4.65611e-3;-4.986262;933.788161;2 out of 4
933.783505;933.783505;"TG(17:1(9Z)/17:2(9Z,12Z)/22:1(13Z))[iso6]";[M+Na];C59H106O6;-4.65611e-3;-4.986262;933.788161;2 out of 4
933.783505;933.783505;"TG(16:0/18:1(9Z)/22:3(10Z,13Z,16Z))[iso6]";[M+Na];C59H106O6;-4.65611e-3;-4.986262;933.788161;2 out of 4
933.783505;933.783505;"TG(16:1(9Z)/18:0/22:3(10Z,13Z,16Z))[iso6]";[M+Na];C59H106O6;-4.65611e-3;-4.986262;933.788161;2 out of 4
933.783505;933.783505;"TG(17:0/17:0/22:4(7Z,10Z,13Z,16Z))[iso3]";[M+Na];C59H106O6;-4.65611e-3;-4.986262;933.788161;2 out of 4
933.783505;933.783505;"TG(16:1(9Z)/18:3(9Z,12Z,15Z)/22:0)[iso6]";[M+Na];C59H106O6;-4.65611e-3;-4.986262;933.788161;2 out of 4
933.783505;933.783505;"TG(16:0/18:3(9Z,12Z,15Z)/22:1(13Z))[iso6]";[M+Na];C59H106O6;-4.65611e-3;-4.986262;933.788161;2 out of 4
933.783505;933.783505;"TG(16:1(9Z)/18:2(9Z,12Z)/22:1(13Z))[iso6]";[M+Na];C59H106O6;-4.65611e-3;-4.986262;933.788161;2 out of 4
933.783505;933.783505;"TG(17:0/17:2(9Z,12Z)/22:2(13Z,16Z))[iso6]";[M+Na];C59H106O6;-4.65611e-3;-4.986262;933.788161;2 out of 4
933.783505;933.783505;"TG(17:1(9Z)/17:1(9Z)/22:2(13Z,16Z))[iso3]";[M+Na];C59H106O6;-4.65611e-3;-4.986262;933.788161;2 out of 4
933.783505;933.783505;"TG(16:0/18:0/22:4(7Z,10Z,13Z,16Z))[iso6]";[M+Na];C59H106O6;-4.65611e-3;-4.986262;933.788161;2 out of 4
933.783505;933.783505;"TG(17:1(9Z)/18:3(9Z,12Z,15Z)/21:0)[iso6]";[M+Na];C59H106O6;-4.65611e-3;-4.986262;933.788161;2 out of 4
933.783505;933.783505;"TG(17:2(9Z,12Z)/18:2(9Z,12Z)/21:0)[iso6]";[M+Na];C59H106O6;-4.65611e-3;-4.986262;933.788161;2 out of 4
933.783505;933.783505;"TG(16:0/18:2(9Z,12Z)/22:2(13Z,16Z))[iso6]";[M+Na];C59H106O6;-4.65611e-3;-4.986262;933.788161;2 out of 4
933.783505;933.783505;"TG(16:1(9Z)/18:1(9Z)/22:2(13Z,16Z))[iso6]";[M+Na];C59H106O6;-4.65611e-3;-4.986262;933.788161;2 out of 4
933.783505;933.783505;"TG(12:0/22:2(13Z,16Z)/22:2(13Z,16Z))[iso3]";[M+Na];C59H106O6;-4.65611e-3;-4.986262;933.788161;2 out of 4
933.783505;933.783505;"TG(18:2(9Z,12Z)/19:1(9Z)/19:1(9Z))[iso3]";[M+Na];C59H106O6;-4.65611e-3;-4.986262;933.788161;2 out of 4
933.783505;933.783505;"TG(18:4(6Z,9Z,12Z,15Z)/19:0/19:0)[iso3]";[M+Na];C59H106O6;-4.65611e-3;-4.986262;933.788161;2 out of 4
933.783505;933.783505;"TG(12:0/22:0/22:4(7Z,10Z,13Z,16Z))[iso6]";[M+Na];C59H106O6;-4.65611e-3;-4.986262;933.788161;2 out of 4
933.783505;933.783505;"TG(12:0/22:1(11Z)/22:3(10Z,13Z,16Z))[iso6]";[M+Na];C59H106O6;-4.65611e-3;-4.986262;933.788161;2 out of 4
933.783505;933.783505;"TG(13:0/21:0/22:4(7Z,10Z,13Z,16Z))[iso6]";[M+Na];C59H106O6;-4.65611e-3;-4.986262;933.788161;2 out of 4
933.783505;933.783505;"TG(14:0/20:0/22:4(7Z,10Z,13Z,16Z))[iso6]";[M+Na];C59H106O6;-4.65611e-3;-4.986262;933.788161;2 out of 4
933.783505;933.783505;"TG(14:0/20:1(11Z)/22:3(10Z,13Z,16Z))[iso6]";[M+Na];C59H106O6;-4.65611e-3;-4.986262;933.788161;2 out of 4
933.783505;933.783505;"TG(14:0/20:2(11Z,14Z)/22:2(13Z,16Z))[iso6]";[M+Na];C59H106O6;-4.65611e-3;-4.986262;933.788161;2 out of 4
933.783505;933.783505;"TG(14:0/20:3(8Z,11Z,14Z)/22:1(11Z))[iso6]";[M+Na];C59H106O6;-4.65611e-3;-4.986262;933.788161;2 out of 4
933.783505;933.783505;"TG(14:0/20:4(5Z,8Z,11Z,14Z)/22:0)[iso6]";[M+Na];C59H106O6;-4.65611e-3;-4.986262;933.788161;2 out of 4
933.783505;933.783505;"TG(14:1(9Z)/20:0/22:3(10Z,13Z,16Z))[iso6]";[M+Na];C59H106O6;-4.65611e-3;-4.986262;933.788161;2 out of 4
933.783505;933.783505;"TG(14:1(9Z)/20:1(11Z)/22:2(13Z,16Z))[iso6]";[M+Na];C59H106O6;-4.65611e-3;-4.986262;933.788161;2 out of 4
933.783505;933.783505;"TG(14:1(9Z)/20:2(11Z,14Z)/22:1(11Z))[iso6]";[M+Na];C59H106O6;-4.65611e-3;-4.986262;933.788161;2 out of 4
933.783505;933.783505;"TG(14:1(9Z)/20:3(8Z,11Z,14Z)/22:0)[iso6]";[M+Na];C59H106O6;-4.65611e-3;-4.986262;933.788161;2 out of 4
933.783505;933.783505;"TG(15:0/19:0/22:4(7Z,10Z,13Z,16Z))[iso6]";[M+Na];C59H106O6;-4.65611e-3;-4.986262;933.788161;2 out of 4
933.783505;933.783505;"TG(15:0/19:1(9Z)/22:3(10Z,13Z,16Z))[iso6]";[M+Na];C59H106O6;-4.65611e-3;-4.986262;933.788161;2 out of 4
933.783505;933.783505;"TG(15:0/20:4(5Z,8Z,11Z,14Z)/21:0)[iso6]";[M+Na];C59H106O6;-4.65611e-3;-4.986262;933.788161;2 out of 4
933.783505;933.783505;"TG(15:1(9Z)/19:0/22:3(10Z,13Z,16Z))[iso6]";[M+Na];C59H106O6;-4.65611e-3;-4.986262;933.788161;2 out of 4
933.783505;933.783505;"TG(15:1(9Z)/19:1(9Z)/22:2(13Z,16Z))[iso6]";[M+Na];C59H106O6;-4.65611e-3;-4.986262;933.788161;2 out of 4
933.783505;933.783505;"TG(15:1(9Z)/20:3(8Z,11Z,14Z)/21:0)[iso6]";[M+Na];C59H106O6;-4.65611e-3;-4.986262;933.788161;2 out of 4
933.783505;933.783505;"TG(16:0/18:3(6Z,9Z,12Z)/22:1(11Z))[iso6]";[M+Na];C59H106O6;-4.65611e-3;-4.986262;933.788161;2 out of 4
933.783505;933.783505;"TG(16:0/18:3(9Z,12Z,15Z)/22:1(11Z))[iso6]";[M+Na];C59H106O6;-4.65611e-3;-4.986262;933.788161;2 out of 4
933.783505;933.783505;"TG(16:0/18:4(6Z,9Z,12Z,15Z)/22:0)[iso6]";[M+Na];C59H106O6;-4.65611e-3;-4.986262;933.788161;2 out of 4
933.783505;933.783505;"TG(16:1(9Z)/18:2(9Z,12Z)/22:1(11Z))[iso6]";[M+Na];C59H106O6;-4.65611e-3;-4.986262;933.788161;2 out of 4
933.783505;933.783505;"TG(16:1(9Z)/18:3(6Z,9Z,12Z)/22:0)[iso6]";[M+Na];C59H106O6;-4.65611e-3;-4.986262;933.788161;2 out of 4
933.783505;933.783505;"TG(17:0/18:4(6Z,9Z,12Z,15Z)/21:0)[iso6]";[M+Na];C59H106O6;-4.65611e-3;-4.986262;933.788161;2 out of 4
933.783505;933.783505;"TG(17:0/19:1(9Z)/20:3(8Z,11Z,14Z))[iso6]";[M+Na];C59H106O6;-4.65611e-3;-4.986262;933.788161;2 out of 4
933.783505;933.783505;"TG(17:1(9Z)/17:2(9Z,12Z)/22:1(11Z))[iso6]";[M+Na];C59H106O6;-4.65611e-3;-4.986262;933.788161;2 out of 4
933.783505;933.783505;"TG(17:1(9Z)/18:3(6Z,9Z,12Z)/21:0)[iso6]";[M+Na];C59H106O6;-4.65611e-3;-4.986262;933.788161;2 out of 4
933.783505;933.783505;"TG(17:1(9Z)/19:1(9Z)/20:2(11Z,14Z))[iso6]";[M+Na];C59H106O6;-4.65611e-3;-4.986262;933.788161;2 out of 4
933.783505;933.783505;"TG(17:2(9Z,12Z)/19:1(9Z)/20:1(11Z))[iso6]";[M+Na];C59H106O6;-4.65611e-3;-4.986262;933.788161;2 out of 4
933.783505;933.783505;"TG(18:0/18:3(6Z,9Z,12Z)/20:1(11Z))[iso6]";[M+Na];C59H106O6;-4.65611e-3;-4.986262;933.788161;2 out of 4
933.783505;933.783505;"TG(18:0/18:4(6Z,9Z,12Z,15Z)/20:0)[iso6]";[M+Na];C59H106O6;-4.65611e-3;-4.986262;933.788161;2 out of 4
933.783505;933.783505;"TG(18:1(9Z)/18:3(6Z,9Z,12Z)/20:0)[iso6]";[M+Na];C59H106O6;-4.65611e-3;-4.986262;933.788161;2 out of 4
933.783505;933.783505;"TG(18:3(6Z,9Z,12Z)/19:0/19:1(9Z))[iso6]";[M+Na];C59H106O6;-4.65611e-3;-4.986262;933.788161;2 out of 4
933.783505;933.783505;"TG(18:3(9Z,12Z,15Z)/19:0/19:1(9Z))[iso6]";[M+Na];C59H106O6;-4.65611e-3;-4.986262;933.788161;2 out of 4
935.579773;935.579773;"PI(O-16:0/14:1(9Z))";[M+NORHARMANE+H];C39H75O12P;3.23353e-3;3.456190;935.576539;1 out of 4
935.579773;935.579773;"PI(P-16:0/14:0)";[M+NORHARMANE+H];C39H75O12P;3.23353e-3;3.456190;935.576539;1 out of 4
935.579773;935.579773;"PI(P-18:0/12:0)";[M+NORHARMANE+H];C39H75O12P;3.23353e-3;3.456190;935.576539;1 out of 4
936.583041;936.583041;"PS(O-16:0/20:5(5Z,8Z,11Z,14Z,17Z))";[M+NORHARMANE+H];C42H74NO9P;-4.00358e-3;-4.274646;936.587045;1 out of 4
936.583041;936.583041;"PS(P-18:0/18:4(6Z,9Z,12Z,15Z))";[M+NORHARMANE+H];C42H74NO9P;-4.00358e-3;-4.274646;936.587045;1 out of 4
936.583041;936.583041;"PS(P-16:0/20:4(5Z,8Z,11Z,14Z))";[M+NORHARMANE+H];C42H74NO9P;-4.00358e-3;-4.274646;936.587045;1 out of 4
942.575752;942.575752;"PC(18:4(9E,11E,13E,15E)/18:4(9E,11E,13E,15E))";[M+NORHARMANE+H];C44H72NO8P;-7.27894e-4;-0.772239;942.576480;1 out of 4
942.575752;942.575752;"PC(18:4(9Z,11E,13E,15Z)/18:4(9Z,11E,13E,15Z))";[M+NORHARMANE+H];C44H72NO8P;-7.27894e-4;-0.772239;942.576480;1 out of 4
942.575752;942.575752;"PC(18:4(6Z,9Z,12Z,15Z)/18:4(6Z,9Z,12Z,15Z))";[M+NORHARMANE+H];C44H72NO8P;-7.27894e-4;-0.772239;942.576480;1 out of 4
942.575752;942.575752;"PE(17:2(9Z,12Z)/22:6(4Z,7Z,10Z,13Z,16Z,19Z))";[M+NORHARMANE+H];C44H72NO8P;-7.27894e-4;-0.772239;942.576480;1 out of 4
942.575752;942.575752;"PE(22:6(4Z,7Z,10Z,13Z,16Z,19Z)/17:2(9Z,12Z))";[M+NORHARMANE+H];C44H72NO8P;-7.27894e-4;-0.772239;942.576480;1 out of 4
944.593092;944.593092;"(3'-sulfo)Galbeta-Cer(d18:1/24:1(15Z)(2OH))";[M+K];C48H91NO12S;3.73665e-3;3.955844;944.589355;1 out of 4
944.593092;944.593092;"PC(14:1(9Z)/22:6(4Z,7Z,10Z,13Z,16Z,19Z))";[M+NORHARMANE+H];C44H74NO8P;9.62042e-4;1.018473;944.592130;1 out of 4
944.593092;944.593092;"PC(18:3(6Z,9Z,12Z)/18:4(6Z,9Z,12Z,15Z))";[M+NORHARMANE+H];C44H74NO8P;9.62042e-4;1.018473;944.592130;1 out of 4
944.593092;944.593092;"PC(18:3(9Z,12Z,15Z)/18:4(6Z,9Z,12Z,15Z))";[M+NORHARMANE+H];C44H74NO8P;9.62042e-4;1.018473;944.592130;1 out of 4
944.593092;944.593092;"PC(18:4(6Z,9Z,12Z,15Z)/18:3(6Z,9Z,12Z))";[M+NORHARMANE+H];C44H74NO8P;9.62042e-4;1.018473;944.592130;1 out of 4
944.593092;944.593092;"PC(18:4(6Z,9Z,12Z,15Z)/18:3(9Z,12Z,15Z))";[M+NORHARMANE+H];C44H74NO8P;9.62042e-4;1.018473;944.592130;1 out of 4
944.593092;944.593092;"PC(22:6(4Z,7Z,10Z,13Z,16Z,19Z)/14:1(9Z))";[M+NORHARMANE+H];C44H74NO8P;9.62042e-4;1.018473;944.592130;1 out of 4
944.593092;944.593092;"PE(17:1(9Z)/22:6(4Z,7Z,10Z,13Z,16Z,19Z))";[M+NORHARMANE+H];C44H74NO8P;9.62042e-4;1.018473;944.592130;1 out of 4
944.593092;944.593092;"PE(22:6(4Z,7Z,10Z,13Z,16Z,19Z)/17:1(9Z))";[M+NORHARMANE+H];C44H74NO8P;9.62042e-4;1.018473;944.592130;1 out of 4
945.725068;945.725068;"DAT(16:0/23:0(2Me[S],4Me[S]))";[M+H];C53H100O13;1.39874e-3;1.479016;945.723669;1 out of 4
946.612327;946.612327;"PC(14:0/22:6(4Z,7Z,10Z,13Z,16Z,19Z))";[M+NORHARMANE+H];C44H76NO8P;4.54698e-3;4.803445;946.607780;1 out of 4
946.612327;946.612327;"PC(18:3(9E,11E,13E)/18:3(9E,11E,13E))";[M+NORHARMANE+H];C44H76NO8P;4.54698e-3;4.803445;946.607780;1 out of 4
946.612327;946.612327;"PC(18:3(9Z,11E,13E)/18:3(9Z,11E,13E))";[M+NORHARMANE+H];C44H76NO8P;4.54698e-3;4.803445;946.607780;1 out of 4
946.612327;946.612327;"PC(18:3(9Z,12Z,15Z)/18:3(9Z,12Z,15Z))";[M+NORHARMANE+H];C44H76NO8P;4.54698e-3;4.803445;946.607780;1 out of 4
946.612327;946.612327;"PC(18:4(9E,11E,13E,15E)/18:2(9Z,12Z))";[M+NORHARMANE+H];C44H76NO8P;4.54698e-3;4.803445;946.607780;1 out of 4
946.612327;946.612327;"PC(16:1(9Z)/20:5(5Z,8Z,11Z,14Z,17Z))";[M+NORHARMANE+H];C44H76NO8P;4.54698e-3;4.803445;946.607780;1 out of 4
946.612327;946.612327;"PC(18:2(9Z,12Z)/18:4(6Z,9Z,12Z,15Z))";[M+NORHARMANE+H];C44H76NO8P;4.54698e-3;4.803445;946.607780;1 out of 4
946.612327;946.612327;"PC(18:3(6Z,9Z,12Z)/18:3(6Z,9Z,12Z))";[M+NORHARMANE+H];C44H76NO8P;4.54698e-3;4.803445;946.607780;1 out of 4
946.612327;946.612327;"PC(18:3(6Z,9Z,12Z)/18:3(9Z,12Z,15Z))";[M+NORHARMANE+H];C44H76NO8P;4.54698e-3;4.803445;946.607780;1 out of 4
946.612327;946.612327;"PC(18:3(9Z,12Z,15Z)/18:3(6Z,9Z,12Z))";[M+NORHARMANE+H];C44H76NO8P;4.54698e-3;4.803445;946.607780;1 out of 4
946.612327;946.612327;"PC(18:4(6Z,9Z,12Z,15Z)/18:2(9Z,12Z))";[M+NORHARMANE+H];C44H76NO8P;4.54698e-3;4.803445;946.607780;1 out of 4
946.612327;946.612327;"PC(20:5(5Z,8Z,11Z,14Z,17Z)/16:1(9Z))";[M+NORHARMANE+H];C44H76NO8P;4.54698e-3;4.803445;946.607780;1 out of 4
946.612327;946.612327;"PC(22:6(4Z,7Z,10Z,13Z,16Z,19Z)/14:0)";[M+NORHARMANE+H];C44H76NO8P;4.54698e-3;4.803445;946.607780;1 out of 4
946.612327;946.612327;"PC(14:1(9Z)/22:5(4Z,7Z,10Z,13Z,16Z))";[M+NORHARMANE+H];C44H76NO8P;4.54698e-3;4.803445;946.607780;1 out of 4
946.612327;946.612327;"PC(14:1(9Z)/22:5(7Z,10Z,13Z,16Z,19Z))";[M+NORHARMANE+H];C44H76NO8P;4.54698e-3;4.803445;946.607780;1 out of 4
946.612327;946.612327;"PC(22:5(4Z,7Z,10Z,13Z,16Z)/14:1(9Z))";[M+NORHARMANE+H];C44H76NO8P;4.54698e-3;4.803445;946.607780;1 out of 4
946.612327;946.612327;"PC(22:5(7Z,10Z,13Z,16Z,19Z)/14:1(9Z))";[M+NORHARMANE+H];C44H76NO8P;4.54698e-3;4.803445;946.607780;1 out of 4
946.612327;946.612327;"PE(17:2(9Z,12Z)/22:4(7Z,10Z,13Z,16Z))";[M+NORHARMANE+H];C44H76NO8P;4.54698e-3;4.803445;946.607780;1 out of 4
946.612327;946.612327;"PE(19:1(9Z)/20:5(5Z,8Z,11Z,14Z,17Z))";[M+NORHARMANE+H];C44H76NO8P;4.54698e-3;4.803445;946.607780;1 out of 4
946.612327;946.612327;"PE(20:5(5Z,8Z,11Z,14Z,17Z)/19:1(9Z))";[M+NORHARMANE+H];C44H76NO8P;4.54698e-3;4.803445;946.607780;1 out of 4
946.612327;946.612327;"PE(22:4(7Z,10Z,13Z,16Z)/17:2(9Z,12Z))";[M+NORHARMANE+H];C44H76NO8P;4.54698e-3;4.803445;946.607780;1 out of 4
946.612327;946.612327;"PE(22:6(4Z,7Z,10Z,13Z,16Z,19Z)/17:0)";[M+NORHARMANE+H];C44H76NO8P;4.54698e-3;4.803445;946.607780;1 out of 4
946.612327;946.612327;"PE(17:0/22:6(4Z,7Z,10Z,13Z,16Z,19Z))";[M+NORHARMANE+H];C44H76NO8P;4.54698e-3;4.803445;946.607780;1 out of 4
948.743398;948.743398;"PC(23:1(9Z)/23:1(9Z))";[M+Na];C54H104NO8P;4.22208e-3;4.450203;948.739176;2 out of 4
949.757423;949.757423;"TG(18:1(9Z)/18:3(9Z,12Z,15Z)/20:0)[iso6]";[M+K];C59H106O6;-4.67511e-3;-4.922403;949.762098;2 out of 4
949.757423;949.757423;"TG(18:2(9Z,12Z)/18:2(9Z,12Z)/20:0)[iso3]";[M+K];C59H106O6;-4.67511e-3;-4.922403;949.762098;2 out of 4
949.757423;949.757423;"TG(18:0/18:3(9Z,12Z,15Z)/20:1(11Z))[iso6]";[M+K];C59H106O6;-4.67511e-3;-4.922403;949.762098;2 out of 4
949.757423;949.757423;"TG(18:1(9Z)/18:2(9Z,12Z)/20:1(11Z))[iso6]";[M+K];C59H106O6;-4.67511e-3;-4.922403;949.762098;2 out of 4
949.757423;949.757423;"TG(16:0/20:2(11Z,14Z)/20:2(11Z,14Z))[iso3]";[M+K];C59H106O6;-4.67511e-3;-4.922403;949.762098;2 out of 4
949.757423;949.757423;"TG(16:1(9Z)/20:1(11Z)/20:2(11Z,14Z))[iso6]";[M+K];C59H106O6;-4.67511e-3;-4.922403;949.762098;2 out of 4
949.757423;949.757423;"TG(18:0/18:2(9Z,12Z)/20:2(11Z,14Z))[iso6]";[M+K];C59H106O6;-4.67511e-3;-4.922403;949.762098;2 out of 4
949.757423;949.757423;"TG(18:1(9Z)/18:1(9Z)/20:2(11Z,14Z))[iso3]";[M+K];C59H106O6;-4.67511e-3;-4.922403;949.762098;2 out of 4
949.757423;949.757423;"TG(16:0/20:1(11Z)/20:3(8Z,11Z,14Z))[iso6]";[M+K];C59H106O6;-4.67511e-3;-4.922403;949.762098;2 out of 4
949.757423;949.757423;"TG(16:1(9Z)/20:0/20:3(8Z,11Z,14Z))[iso6]";[M+K];C59H106O6;-4.67511e-3;-4.922403;949.762098;2 out of 4
949.757423;949.757423;"TG(18:0/18:1(9Z)/20:3(8Z,11Z,14Z))[iso6]";[M+K];C59H106O6;-4.67511e-3;-4.922403;949.762098;2 out of 4
949.757423;949.757423;"TG(16:0/20:0/20:4(5Z,8Z,11Z,14Z))[iso6]";[M+K];C59H106O6;-4.67511e-3;-4.922403;949.762098;2 out of 4
949.757423;949.757423;"TG(18:0/18:0/20:4(5Z,8Z,11Z,14Z))[iso3]";[M+K];C59H106O6;-4.67511e-3;-4.922403;949.762098;2 out of 4
949.757423;949.757423;"TG(17:0/17:1(9Z)/22:3(10Z,13Z,16Z))[iso6]";[M+K];C59H106O6;-4.67511e-3;-4.922403;949.762098;2 out of 4
949.757423;949.757423;"TG(17:2(9Z,12Z)/19:0/20:2(11Z,14Z))[iso6]";[M+K];C59H106O6;-4.67511e-3;-4.922403;949.762098;2 out of 4
949.757423;949.757423;"TG(17:1(9Z)/19:0/20:3(8Z,11Z,14Z))[iso6]";[M+K];C59H106O6;-4.67511e-3;-4.922403;949.762098;2 out of 4
949.757423;949.757423;"TG(17:0/19:0/20:4(5Z,8Z,11Z,14Z))[iso6]";[M+K];C59H106O6;-4.67511e-3;-4.922403;949.762098;2 out of 4
949.757423;949.757423;"TG(17:2(9Z,12Z)/17:2(9Z,12Z)/22:0)[iso3]";[M+K];C59H106O6;-4.67511e-3;-4.922403;949.762098;2 out of 4
949.757423;949.757423;"TG(17:1(9Z)/17:2(9Z,12Z)/22:1(13Z))[iso6]";[M+K];C59H106O6;-4.67511e-3;-4.922403;949.762098;2 out of 4
949.757423;949.757423;"TG(16:0/18:1(9Z)/22:3(10Z,13Z,16Z))[iso6]";[M+K];C59H106O6;-4.67511e-3;-4.922403;949.762098;2 out of 4
949.757423;949.757423;"TG(16:1(9Z)/18:0/22:3(10Z,13Z,16Z))[iso6]";[M+K];C59H106O6;-4.67511e-3;-4.922403;949.762098;2 out of 4
949.757423;949.757423;"TG(17:0/17:0/22:4(7Z,10Z,13Z,16Z))[iso3]";[M+K];C59H106O6;-4.67511e-3;-4.922403;949.762098;2 out of 4
949.757423;949.757423;"TG(16:1(9Z)/18:3(9Z,12Z,15Z)/22:0)[iso6]";[M+K];C59H106O6;-4.67511e-3;-4.922403;949.762098;2 out of 4
949.757423;949.757423;"TG(16:0/18:3(9Z,12Z,15Z)/22:1(13Z))[iso6]";[M+K];C59H106O6;-4.67511e-3;-4.922403;949.762098;2 out of 4
949.757423;949.757423;"TG(16:1(9Z)/18:2(9Z,12Z)/22:1(13Z))[iso6]";[M+K];C59H106O6;-4.67511e-3;-4.922403;949.762098;2 out of 4
949.757423;949.757423;"TG(17:0/17:2(9Z,12Z)/22:2(13Z,16Z))[iso6]";[M+K];C59H106O6;-4.67511e-3;-4.922403;949.762098;2 out of 4
949.757423;949.757423;"TG(17:1(9Z)/17:1(9Z)/22:2(13Z,16Z))[iso3]";[M+K];C59H106O6;-4.67511e-3;-4.922403;949.762098;2 out of 4
949.757423;949.757423;"TG(16:0/18:0/22:4(7Z,10Z,13Z,16Z))[iso6]";[M+K];C59H106O6;-4.67511e-3;-4.922403;949.762098;2 out of 4
949.757423;949.757423;"TG(17:1(9Z)/18:3(9Z,12Z,15Z)/21:0)[iso6]";[M+K];C59H106O6;-4.67511e-3;-4.922403;949.762098;2 out of 4
949.757423;949.757423;"TG(17:2(9Z,12Z)/18:2(9Z,12Z)/21:0)[iso6]";[M+K];C59H106O6;-4.67511e-3;-4.922403;949.762098;2 out of 4
949.757423;949.757423;"TG(16:0/18:2(9Z,12Z)/22:2(13Z,16Z))[iso6]";[M+K];C59H106O6;-4.67511e-3;-4.922403;949.762098;2 out of 4
949.757423;949.757423;"TG(16:1(9Z)/18:1(9Z)/22:2(13Z,16Z))[iso6]";[M+K];C59H106O6;-4.67511e-3;-4.922403;949.762098;2 out of 4
949.757423;949.757423;"TG(12:0/22:2(13Z,16Z)/22:2(13Z,16Z))[iso3]";[M+K];C59H106O6;-4.67511e-3;-4.922403;949.762098;2 out of 4
949.757423;949.757423;"TG(18:2(9Z,12Z)/19:1(9Z)/19:1(9Z))[iso3]";[M+K];C59H106O6;-4.67511e-3;-4.922403;949.762098;2 out of 4
949.757423;949.757423;"TG(18:4(6Z,9Z,12Z,15Z)/19:0/19:0)[iso3]";[M+K];C59H106O6;-4.67511e-3;-4.922403;949.762098;2 out of 4
949.757423;949.757423;"TG(12:0/22:0/22:4(7Z,10Z,13Z,16Z))[iso6]";[M+K];C59H106O6;-4.67511e-3;-4.922403;949.762098;2 out of 4
949.757423;949.757423;"TG(12:0/22:1(11Z)/22:3(10Z,13Z,16Z))[iso6]";[M+K];C59H106O6;-4.67511e-3;-4.922403;949.762098;2 out of 4
949.757423;949.757423;"TG(13:0/21:0/22:4(7Z,10Z,13Z,16Z))[iso6]";[M+K];C59H106O6;-4.67511e-3;-4.922403;949.762098;2 out of 4
949.757423;949.757423;"TG(14:0/20:0/22:4(7Z,10Z,13Z,16Z))[iso6]";[M+K];C59H106O6;-4.67511e-3;-4.922403;949.762098;2 out of 4
949.757423;949.757423;"TG(14:0/20:1(11Z)/22:3(10Z,13Z,16Z))[iso6]";[M+K];C59H106O6;-4.67511e-3;-4.922403;949.762098;2 out of 4
949.757423;949.757423;"TG(14:0/20:2(11Z,14Z)/22:2(13Z,16Z))[iso6]";[M+K];C59H106O6;-4.67511e-3;-4.922403;949.762098;2 out of 4
949.757423;949.757423;"TG(14:0/20:3(8Z,11Z,14Z)/22:1(11Z))[iso6]";[M+K];C59H106O6;-4.67511e-3;-4.922403;949.762098;2 out of 4
949.757423;949.757423;"TG(14:0/20:4(5Z,8Z,11Z,14Z)/22:0)[iso6]";[M+K];C59H106O6;-4.67511e-3;-4.922403;949.762098;2 out of 4
949.757423;949.757423;"TG(14:1(9Z)/20:0/22:3(10Z,13Z,16Z))[iso6]";[M+K];C59H106O6;-4.67511e-3;-4.922403;949.762098;2 out of 4
949.757423;949.757423;"TG(14:1(9Z)/20:1(11Z)/22:2(13Z,16Z))[iso6]";[M+K];C59H106O6;-4.67511e-3;-4.922403;949.762098;2 out of 4
949.757423;949.757423;"TG(14:1(9Z)/20:2(11Z,14Z)/22:1(11Z))[iso6]";[M+K];C59H106O6;-4.67511e-3;-4.922403;949.762098;2 out of 4
949.757423;949.757423;"TG(14:1(9Z)/20:3(8Z,11Z,14Z)/22:0)[iso6]";[M+K];C59H106O6;-4.67511e-3;-4.922403;949.762098;2 out of 4
949.757423;949.757423;"TG(15:0/19:0/22:4(7Z,10Z,13Z,16Z))[iso6]";[M+K];C59H106O6;-4.67511e-3;-4.922403;949.762098;2 out of 4
949.757423;949.757423;"TG(15:0/19:1(9Z)/22:3(10Z,13Z,16Z))[iso6]";[M+K];C59H106O6;-4.67511e-3;-4.922403;949.762098;2 out of 4
949.757423;949.757423;"TG(15:0/20:4(5Z,8Z,11Z,14Z)/21:0)[iso6]";[M+K];C59H106O6;-4.67511e-3;-4.922403;949.762098;2 out of 4
949.757423;949.757423;"TG(15:1(9Z)/19:0/22:3(10Z,13Z,16Z))[iso6]";[M+K];C59H106O6;-4.67511e-3;-4.922403;949.762098;2 out of 4
949.757423;949.757423;"TG(15:1(9Z)/19:1(9Z)/22:2(13Z,16Z))[iso6]";[M+K];C59H106O6;-4.67511e-3;-4.922403;949.762098;2 out of 4
949.757423;949.757423;"TG(15:1(9Z)/20:3(8Z,11Z,14Z)/21:0)[iso6]";[M+K];C59H106O6;-4.67511e-3;-4.922403;949.762098;2 out of 4
949.757423;949.757423;"TG(16:0/18:3(6Z,9Z,12Z)/22:1(11Z))[iso6]";[M+K];C59H106O6;-4.67511e-3;-4.922403;949.762098;2 out of 4
949.757423;949.757423;"TG(16:0/18:3(9Z,12Z,15Z)/22:1(11Z))[iso6]";[M+K];C59H106O6;-4.67511e-3;-4.922403;949.762098;2 out of 4
949.757423;949.757423;"TG(16:0/18:4(6Z,9Z,12Z,15Z)/22:0)[iso6]";[M+K];C59H106O6;-4.67511e-3;-4.922403;949.762098;2 out of 4
949.757423;949.757423;"TG(16:1(9Z)/18:2(9Z,12Z)/22:1(11Z))[iso6]";[M+K];C59H106O6;-4.67511e-3;-4.922403;949.762098;2 out of 4
949.757423;949.757423;"TG(16:1(9Z)/18:3(6Z,9Z,12Z)/22:0)[iso6]";[M+K];C59H106O6;-4.67511e-3;-4.922403;949.762098;2 out of 4
949.757423;949.757423;"TG(17:0/18:4(6Z,9Z,12Z,15Z)/21:0)[iso6]";[M+K];C59H106O6;-4.67511e-3;-4.922403;949.762098;2 out of 4
949.757423;949.757423;"TG(17:0/19:1(9Z)/20:3(8Z,11Z,14Z))[iso6]";[M+K];C59H106O6;-4.67511e-3;-4.922403;949.762098;2 out of 4
949.757423;949.757423;"TG(17:1(9Z)/17:2(9Z,12Z)/22:1(11Z))[iso6]";[M+K];C59H106O6;-4.67511e-3;-4.922403;949.762098;2 out of 4
949.757423;949.757423;"TG(17:1(9Z)/18:3(6Z,9Z,12Z)/21:0)[iso6]";[M+K];C59H106O6;-4.67511e-3;-4.922403;949.762098;2 out of 4
949.757423;949.757423;"TG(17:1(9Z)/19:1(9Z)/20:2(11Z,14Z))[iso6]";[M+K];C59H106O6;-4.67511e-3;-4.922403;949.762098;2 out of 4
949.757423;949.757423;"TG(17:2(9Z,12Z)/19:1(9Z)/20:1(11Z))[iso6]";[M+K];C59H106O6;-4.67511e-3;-4.922403;949.762098;2 out of 4
949.757423;949.757423;"TG(18:0/18:3(6Z,9Z,12Z)/20:1(11Z))[iso6]";[M+K];C59H106O6;-4.67511e-3;-4.922403;949.762098;2 out of 4
949.757423;949.757423;"TG(18:0/18:4(6Z,9Z,12Z,15Z)/20:0)[iso6]";[M+K];C59H106O6;-4.67511e-3;-4.922403;949.762098;2 out of 4
949.757423;949.757423;"TG(18:1(9Z)/18:3(6Z,9Z,12Z)/20:0)[iso6]";[M+K];C59H106O6;-4.67511e-3;-4.922403;949.762098;2 out of 4
949.757423;949.757423;"TG(18:3(6Z,9Z,12Z)/19:0/19:1(9Z))[iso6]";[M+K];C59H106O6;-4.67511e-3;-4.922403;949.762098;2 out of 4
949.757423;949.757423;"TG(18:3(9Z,12Z,15Z)/19:0/19:1(9Z))[iso6]";[M+K];C59H106O6;-4.67511e-3;-4.922403;949.762098;2 out of 4
959.572097;959.572097;"DGDG(18:3(9Z,12Z,15Z)/18:3(6Z,9Z,12Z))";[M+Na];C51H84O15;1.85501e-3;1.933170;959.570242;2 out of 4
959.572097;959.572097;"PIM1(17:0/14:0)";[M+H];C46H87O18P;1.81843e-3;1.895042;959.570279;2 out of 4
960.587143;960.587143;"PS(P-16:0/22:6(4Z,7Z,10Z,13Z,16Z,19Z))";[M+NORHARMANE+H];C44H74NO9P;9.84220e-5;0.102460;960.587045;1 out of 4
961.595968;961.595968;"PI(P-16:0/16:1(9Z))";[M+NORHARMANE+H];C41H77O12P;3.77847e-3;3.929385;961.592190;1 out of 4
961.595968;961.595968;"PI(P-18:0/14:1(9Z))";[M+NORHARMANE+H];C41H77O12P;3.77847e-3;3.929385;961.592190;1 out of 4
963.611586;963.611586;"PI(O-16:0/16:1(9Z))";[M+NORHARMANE+H];C41H79O12P;3.74640e-3;3.887891;963.607840;1 out of 4
963.611586;963.611586;"PI(O-18:0/14:1(9Z))";[M+NORHARMANE+H];C41H79O12P;3.74640e-3;3.887891;963.607840;1 out of 4
963.611586;963.611586;"PI(P-16:0/16:0)";[M+NORHARMANE+H];C41H79O12P;3.74640e-3;3.887891;963.607840;1 out of 4
963.611586;963.611586;"PI(P-18:0/14:0)";[M+NORHARMANE+H];C41H79O12P;3.74640e-3;3.887891;963.607840;1 out of 4
963.611586;963.611586;"PI(P-20:0/12:0)";[M+NORHARMANE+H];C41H79O12P;3.74640e-3;3.887891;963.607840;1 out of 4
965.628638;965.628638;Fulvyne H;[M+NORHARMANE+H];C48H76O9;2.77899e-3;2.877914;965.625859;1 out of 4
966.921620;966.921620;"1-O-cerotoyl-Cer(d18:1/18:0)";[M+Na];C62H121NO4;2.83865e-3;2.935767;966.918781;1 out of 4
975.546072;975.546072;"DGDG(18:3(9Z,12Z,15Z)/18:3(6Z,9Z,12Z))";[M+K];C51H84O15;1.89301e-3;1.940468;975.544179;2 out of 4
981.556551;981.556551;"PIM1(17:0/14:0)";[M+Na];C46H87O18P;4.32843e-3;4.409777;981.552223;2 out of 4
983.572158;983.572158;"PIM1(17:0/16:2(9Z,12Z))";[M+H];C48H87O18P;1.87943e-3;1.910820;983.570279;1 out of 4
983.572158;983.572158;"PIM1(19:2(9Z,12Z)/14:0)";[M+H];C48H87O18P;1.87943e-3;1.910820;983.570279;1 out of 4
983.572158;983.572158;"PI(P-16:0/18:4(6Z,9Z,12Z,15Z))";[M+NORHARMANE+H];C43H75O12P;-4.38147e-3;-4.454630;983.576539;1 out of 4
985.587268;985.587268;"PIM1(17:0/16:1(9Z))";[M+H];C48H89O18P;1.33936e-3;1.358950;985.585929;1 out of 4
985.587268;985.587268;"PIM1(19:1(9Z)/14:0)";[M+H];C48H89O18P;1.33936e-3;1.358950;985.585929;1 out of 4
985.587268;985.587268;"PI(O-16:0/18:4(6Z,9Z,12Z,15Z))";[M+NORHARMANE+H];C43H77O12P;-4.92153e-3;-4.993479;985.592190;1 out of 4
985.587268;985.587268;"PI(P-16:0/18:3(6Z,9Z,12Z))";[M+NORHARMANE+H];C43H77O12P;-4.92153e-3;-4.993479;985.592190;1 out of 4
985.587268;985.587268;"PI(P-16:0/18:3(9Z,12Z,15Z))";[M+NORHARMANE+H];C43H77O12P;-4.92153e-3;-4.993479;985.592190;1 out of 4
987.603295;987.603295;"PIM1(17:0/16:0)";[M+H];C48H91O18P;1.71630e-3;1.737845;987.601579;1 out of 4
987.603295;987.603295;"PIM1(19:0/14:0)";[M+H];C48H91O18P;1.71630e-3;1.737845;987.601579;1 out of 4
987.603295;987.603295;"PI(O-16:0/18:3(9Z,12Z,15Z))";[M+NORHARMANE+H];C43H79O12P;-4.54460e-3;-4.601622;987.607840;1 out of 4
987.603295;987.603295;"PI(O-16:0/18:3(6Z,9Z,12Z))";[M+NORHARMANE+H];C43H79O12P;-4.54460e-3;-4.601622;987.607840;1 out of 4
987.603295;987.603295;"PI(P-16:0/18:2(9Z,12Z))";[M+NORHARMANE+H];C43H79O12P;-4.54460e-3;-4.601622;987.607840;1 out of 4
