"Observed m/z";"Adjusted m/z";Matched name;Adduct;Formula;Matched delta mass (Da);Matched difference (ppm);Matched theoretical mass;Coverage
136.015940;136.015940;2-Hydroxypent-3-enenitrile;[M+K];C5H7NO;1.91510e-5;0.140800;136.015921;1 out of 4
136.015940;136.015940;4-Oxopentanenitrile;[M+K];C5H7NO;1.91510e-5;0.140800;136.015921;1 out of 4
136.015940;136.015940;Cyanohydroxybutene;[M+K];C5H7NO;1.91510e-5;0.140800;136.015921;1 out of 4
136.015940;136.015940;1-Cyano-2-hydroxy-3-butene;[M+K];C5H7NO;1.91490e-5;0.140785;136.015921;1 out of 4
136.015940;136.015940;"2,4-Dimethyloxazole";[M+K];C5H7NO;1.91490e-5;0.140785;136.015921;1 out of 4
136.015940;136.015940;"2,5-Dimethyloxazole";[M+K];C5H7NO;1.91490e-5;0.140785;136.015921;1 out of 4
136.015940;136.015940;"4,5-Dimethyloxazole";[M+K];C5H7NO;1.91490e-5;0.140785;136.015921;1 out of 4
137.023740;137.023740;Prolyl;[M+K];C5H8NO;-5.88200e-6;-0.042927;137.023746;1 out of 4
138.031582;138.031582;2-Ethyl-2-oxazoline;[M+K];C5H9NO;1.10860e-5;0.080315;138.031571;1 out of 4
138.031582;138.031582;"4,4-Dimethyl-2-oxazoline";[M+K];C5H9NO;1.10860e-5;0.080315;138.031571;1 out of 4
138.031582;138.031582;"N,N-Dimethylacrylamide";[M+K];C5H9NO;1.10860e-5;0.080315;138.031571;1 out of 4
138.031582;138.031582;PYRROLIDINE-2-CARBALDEHYDE;[M+K];C5H9NO;1.10860e-5;0.080315;138.031571;1 out of 4
138.031582;138.031582;2-Piperidinone;[M+K];C5H9NO;1.10850e-5;0.080308;138.031571;1 out of 4
138.031582;138.031582;1-Pyrrolidinecarboxaldehyde;[M+K];C5H9NO;1.10850e-5;0.080308;138.031571;1 out of 4
138.031582;138.031582;"2,5-Dihydro-2,4-dimethyloxazole";[M+K];C5H9NO;1.10850e-5;0.080308;138.031571;1 out of 4
138.031582;138.031582;(2R)-2-Hydroxy-2-methylbutanenitrile;[M+K];C5H9NO;1.10850e-5;0.080308;138.031571;1 out of 4
138.031582;138.031582;Salicylates;[M+H];C7H5O3;-1.11601e-4;-0.808517;138.031694;1 out of 4
154.026444;154.026444;indol-2-one;[M+Na];C8H5NO;1.10215e-4;0.715559;154.026334;1 out of 4
154.026444;154.026444;5-(Hydroxymethyl)pyrrolidin-2-one;[M+K];C5H9NO2;-4.15340e-5;-0.269655;154.026486;1 out of 4
154.026444;154.026444;5-Hydroxy-1-methylpyrrolidin-2-one;[M+K];C5H9NO2;-4.15340e-5;-0.269655;154.026486;1 out of 4
154.026444;154.026444;DL-Allylglycine;[M+K];C5H9NO2;-4.15340e-5;-0.269655;154.026486;1 out of 4
154.026444;154.026444;N-(2-Hydroxyethyl)acrylamide;[M+K];C5H9NO2;-4.15340e-5;-0.269655;154.026486;1 out of 4
154.026444;154.026444;N-Allylglycine;[M+K];C5H9NO2;-4.15340e-5;-0.269655;154.026486;1 out of 4
154.026444;154.026444;L-Proline;[M+K];C5H9NO2;-4.15370e-5;-0.269674;154.026486;1 out of 4
154.026444;154.026444;D-Proline;[M+K];C5H9NO2;-4.15370e-5;-0.269674;154.026486;1 out of 4
154.026444;154.026444;Acetamidopropanal;[M+K];C5H9NO2;-4.15370e-5;-0.269674;154.026486;1 out of 4
154.026444;154.026444;4-Amino-2-methylenebutanoic acid;[M+K];C5H9NO2;-4.15370e-5;-0.269674;154.026486;1 out of 4
154.026444;154.026444;Pterolactam;[M+K];C5H9NO2;-4.15370e-5;-0.269674;154.026486;1 out of 4
154.026444;154.026444;DL-Proline;[M+K];C5H9NO2;-4.15370e-5;-0.269674;154.026486;1 out of 4
155.034275;155.034275;Doxyl;[M+K];C5H10NO2;-3.55660e-5;-0.229407;155.034311;1 out of 4
155.034275;155.034275;"N,N-dimethyl-beta-alanine";[M+K];C5H10NO2;-3.55660e-5;-0.229407;155.034311;1 out of 4
156.042121;156.042121;1H-Indol-2-ol;[M+Na];C8H7NO;1.37151e-4;0.878937;156.041984;1 out of 4
156.042121;156.042121;4h-Benzoxazine;[M+Na];C8H7NO;1.37151e-4;0.878937;156.041984;1 out of 4
156.042121;156.042121;Benzoxazine;[M+Na];C8H7NO;1.37151e-4;0.878937;156.041984;1 out of 4
156.042121;156.042121;Isoindolin-1-one;[M+Na];C8H7NO;1.37151e-4;0.878937;156.041984;1 out of 4
156.042121;156.042121;p-Tolyl isocyanate;[M+Na];C8H7NO;1.37151e-4;0.878937;156.041984;1 out of 4
156.042121;156.042121;Indoxyl;[M+Na];C8H7NO;1.37149e-4;0.878924;156.041984;1 out of 4
156.042121;156.042121;4-Hydroxybenzeneacetonitrile;[M+Na];C8H7NO;1.37149e-4;0.878924;156.041984;1 out of 4
156.042121;156.042121;"2-Methyl-4,5-benzoxazole";[M+Na];C8H7NO;1.37149e-4;0.878924;156.041984;1 out of 4
156.042121;156.042121;(±)-2-Hydroxy-2-phenylacetonitrile;[M+Na];C8H7NO;1.37149e-4;0.878924;156.041984;1 out of 4
156.042121;156.042121;5-Hydroxyindole;[M+Na];C8H7NO;1.37149e-4;0.878924;156.041984;1 out of 4
156.042121;156.042121;Mandelonitrile;[M+Na];C8H7NO;1.37149e-4;0.878924;156.041984;1 out of 4
156.042121;156.042121;"1,3-Dihydro-(2H)-indol-2-one";[M+Na];C8H7NO;1.37149e-4;0.878924;156.041984;1 out of 4
156.042121;156.042121;N-Methylethanolaminium phosphate;[M+H];C3H10NO4P;1.00675e-4;0.645179;156.042020;3 out of 4
156.042121;156.042121;"3-Amino-2,2-dimethylpropanoic acid";[M+K];C5H11NO2;-1.45980e-5;-0.093552;156.042136;1 out of 4
156.042121;156.042121;3-Amino-3-methylbutanoic acid;[M+K];C5H11NO2;-1.45980e-5;-0.093552;156.042136;1 out of 4
156.042121;156.042121;Tert-Butyl carbamate;[M+K];C5H11NO2;-1.45980e-5;-0.093552;156.042136;1 out of 4
156.042121;156.042121;2R-Hydroxymethyl-3S-hydroxypyrolidine;[M+K];C5H11NO2;-1.45980e-5;-0.093552;156.042136;1 out of 4
156.042121;156.042121;L-Valine;[M+K];C5H11NO2;-1.46010e-5;-0.093571;156.042136;1 out of 4
156.042121;156.042121;Vaporole;[M+K];C5H11NO2;-1.46010e-5;-0.093571;156.042136;1 out of 4
156.042121;156.042121;N-Methyl-a-aminoisobutyric acid;[M+K];C5H11NO2;-1.46010e-5;-0.093571;156.042136;1 out of 4
156.042121;156.042121;5-Aminopentanoic acid;[M+K];C5H11NO2;-1.46010e-5;-0.093571;156.042136;1 out of 4
156.042121;156.042121;Norvaline;[M+K];C5H11NO2;-1.46010e-5;-0.093571;156.042136;1 out of 4
156.042121;156.042121;Amyl Nitrite;[M+K];C5H11NO2;-1.46010e-5;-0.093571;156.042136;1 out of 4
156.042121;156.042121;D-Valine;[M+K];C5H11NO2;-1.46010e-5;-0.093571;156.042136;1 out of 4
156.042121;156.042121;DL-Norvaline;[M+K];C5H11NO2;-1.46010e-5;-0.093571;156.042136;1 out of 4
156.042121;156.042121;6-hydroxy-2-cyclohexen-one-carboxylate;[M+H];C7H7O4;-1.37285e-4;-0.879794;156.042258;1 out of 4
178.023989;178.023989;N-Methylethanolaminium phosphate;[M+Na];C3H10NO4P;2.46750e-5;0.138605;178.023964;3 out of 4
184.073618;184.073618;2-Aminoheptanoic acid;[M+K];C7H15NO2;1.82273e-4;0.990219;184.073436;1 out of 4
184.073618;184.073618;[(3-Methylbutyl)amino]acetic acid;[M+K];C7H15NO2;1.82273e-4;0.990219;184.073436;1 out of 4
184.073618;184.073618;4-(3-Hydroxypropyl)morpholine;[M+K];C7H15NO2;1.82273e-4;0.990219;184.073436;1 out of 4
184.073618;184.073618;Methyl L-leucinate;[M+K];C7H15NO2;1.82273e-4;0.990219;184.073436;1 out of 4
184.073618;184.073618;4-Trimethylammoniobutanoic acid;[M+K];C7H15NO2;1.82271e-4;0.990208;184.073436;1 out of 4
184.073618;184.073618;2-Aminoheptanoate;[M+K];C7H15NO2;1.82271e-4;0.990208;184.073436;1 out of 4
184.073618;184.073618;7-Aminoheptanoic acid;[M+K];C7H15NO2;1.82271e-4;0.990208;184.073436;1 out of 4
186.076365;186.076365;Carbachol;[M+K];C6H15N2O2;-1.44734e-4;-0.777820;186.076510;1 out of 4
191.058295;191.058295;2-Isopropyl-6-methyl-4-pyrimidone;[M+K];C8H12N2O;1.74986e-4;0.915878;191.058120;1 out of 4
191.058295;191.058295;2-Methoxy-(3 or 5 or 6)-isopropylpyrazine;[M+K];C8H12N2O;1.74984e-4;0.915868;191.058120;1 out of 4
191.058295;191.058295;2-Isopropyl-5-methoxypyrazine;[M+K];C8H12N2O;1.74984e-4;0.915868;191.058120;1 out of 4
191.058295;191.058295;2-Isopropyl-6-methoxypyrazine;[M+K];C8H12N2O;1.74984e-4;0.915868;191.058120;1 out of 4
191.058295;191.058295;2-Isopropyl-3-methoxypyrazine;[M+K];C8H12N2O;1.74984e-4;0.915868;191.058120;1 out of 4
191.982226;191.982226;Chlorzoxazone;[M+Na];C7H4ClNO2;-5.00840e-5;-0.260878;191.982276;1 out of 4
191.982226;191.982226;6-Chloro-2-benzoxazolinone;[M+Na];C7H4ClNO2;-5.01000e-5;-0.260962;191.982276;1 out of 4
191.982226;191.982226;5-Chlorobenzo[d]isoxazol-3-ol;[M+Na];C7H4ClNO2;-5.01000e-5;-0.260962;191.982276;1 out of 4
192.910309;192.910309;Calcium phosphinate;[M+Na];CaH4O4P2;1.62050e-5;0.084003;192.910293;1 out of 4
193.997910;193.997910;N-Methylethanolaminium phosphate;[M+K];C3H10NO4P;8.67500e-6;0.044717;193.997901;3 out of 4
193.997910;193.997910;4-Amino-2-chlorobenzoic acid;[M+Na];C7H6ClNO2;-1.61000e-5;-0.082991;193.997926;1 out of 4
198.998023;198.998023;1-Iodopentane;[M+H];C5H11I;1.97000e-4;0.989961;198.997826;1 out of 4
198.998023;198.998023;2-Naphthalenethiol;[M+K];C10H8S;1.95054e-4;0.980182;198.997828;1 out of 4
198.998023;198.998023;1-Benzothiepin;[M+K];C10H8S;1.94568e-4;0.977739;198.997828;1 out of 4
200.001387;200.001387;5-Mercapto-2-nitro-benzoic acid;[M+H];C7H5NO4S;1.82657e-4;0.913280;200.001204;1 out of 4
204.086936;204.086936;Pyridostigmine;[M+Na];C9H13N2O2;1.33300e-5;0.065315;204.086923;1 out of 4
214.971958;214.971958;2-Chloromaleylacetate;[M+Na];C6H5ClO5;1.87023e-4;0.869989;214.971771;2 out of 4
216.063386;216.063386;N-Methyl-1-deoxynojirimycin;[M+K];C7H15NO4;1.21027e-4;0.560146;216.063265;1 out of 4
221.044640;221.044640;Dracunculin;[M+H];C11H8O5;1.90634e-4;0.862424;221.044449;2 out of 4
221.044640;221.044640;Buntansin A;[M+H];C11H8O5;1.90634e-4;0.862424;221.044449;2 out of 4
221.044640;221.044640;7-Hydroxy-2-methyl-4-oxo-4H-1-benzopyran-5-carboxylic acid;[M+H];C11H8O5;1.90634e-4;0.862424;221.044449;2 out of 4
221.044640;221.044640;"8-Methoxy-6,7-methylenedioxycoumarin";[M+H];C11H8O5;1.90634e-4;0.862424;221.044449;2 out of 4
221.044640;221.044640;purpurogallin;[M+H];C11H8O5;1.90634e-4;0.862424;221.044449;2 out of 4
222.029383;222.029383;(2S)-2-(4-Chloroanilino)propanoic acid;[M+Na];C9H10ClNO2;1.56700e-4;0.705763;222.029226;1 out of 4
222.029383;222.029383;4-Chloro-L-phenylalanine;[M+Na];C9H10ClNO2;1.56700e-4;0.705763;222.029226;1 out of 4
222.029383;222.029383;N-Chlorophenylalanine;[M+Na];C9H10ClNO2;1.56700e-4;0.705763;222.029226;1 out of 4
224.055564;224.055564;"4-(2-Amino-3-hydroxyphenyl)-2,4-dioxobutanoic acid";[M+H];C10H9NO5;2.15597e-4;0.962249;224.055348;1 out of 4
224.055564;224.055564;"(R)-2,3-Dihydro-3,5-dihydroxy-2-oxo-3-indoleacetic acid";[M+H];C10H9NO5;2.15597e-4;0.962249;224.055348;1 out of 4
224.055564;224.055564;2-(Malonylamino)benzoic acid;[M+H];C10H9NO5;2.15597e-4;0.962249;224.055348;1 out of 4
224.104799;224.104799;(E)-1-Cinnamoylpyrrolidine;[M+Na];C13H15NO;2.14893e-4;0.958896;224.104584;1 out of 4
224.104799;224.104799;"2,3-Dihydro-6-methyl-5-(5-methyl-2-furanyl)-1H-pyrrolizine";[M+Na];C13H15NO;2.14893e-4;0.958896;224.104584;1 out of 4
224.104799;224.104799;5-(Tetrahydro-2H-pyran-4-yl)-1H-indole;[M+Na];C13H15NO;2.14893e-4;0.958896;224.104584;1 out of 4
224.104799;224.104799;1-Methylpiperidin-4-yl butanoate;[M+K];C10H19NO2;6.31440e-5;0.281761;224.104736;1 out of 4
224.104799;224.104799;2-(Diethylamino)ethyl methacrylate;[M+K];C10H19NO2;6.31440e-5;0.281761;224.104736;1 out of 4
225.205161;225.205161;Spermine;[M+Na];C10H26N4;1.94148e-4;0.862095;225.204967;1 out of 4
226.105184;226.105184;N-Lactoylleucine;[M+Na];C9H17NO4;2.05969e-4;0.910944;226.104978;2 out of 4
226.105184;226.105184;1-Carboxyethylleucine;[M+Na];C9H17NO4;2.05969e-4;0.910944;226.104978;2 out of 4
226.105184;226.105184;Acetyl-D-carnitine;[M+Na];C9H17NO4;2.05969e-4;0.910944;226.104978;2 out of 4
226.105184;226.105184;1-Carboxyethylisoleucine;[M+Na];C9H17NO4;2.05969e-4;0.910944;226.104978;2 out of 4
226.105184;226.105184;Glutamic acid diethyl ester;[M+Na];C9H17NO4;2.05969e-4;0.910944;226.104978;2 out of 4
226.105184;226.105184;DL-Acetylcarnitine;[M+Na];C9H17NO4;2.05963e-4;0.910918;226.104978;2 out of 4
229.049704;229.049704;Urolithin A;[M+H];C13H8O4;1.69256e-4;0.738949;229.049535;1 out of 4
229.049704;229.049704;"1,5-Dihydroxyxanthone";[M+H];C13H8O4;1.69256e-4;0.738949;229.049535;1 out of 4
229.049704;229.049704;Euxanthone;[M+H];C13H8O4;1.69256e-4;0.738949;229.049535;1 out of 4
229.938024;229.938024;"2,4-Dichloro-6-nitrophenol";[M+Na];C6H3Cl2NO3;-1.94400e-4;-0.845444;229.938218;1 out of 4
229.938024;229.938024;"2,6-Dichloro-4-nitrophenol";[M+Na];C6H3Cl2NO3;-1.94400e-4;-0.845444;229.938218;1 out of 4
230.945767;230.945767;2-Chloromaleylacetate;[M+K];C6H5ClO5;5.90230e-5;0.255571;230.945708;2 out of 4
232.154502;232.154502;Butyrylcarnitine;[M+H];C11H21NO4;1.67840e-4;0.722967;232.154334;1 out of 4
240.123233;240.123233;Methyldopate;[M+H];C12H17NO4;1.98969e-4;0.828613;240.123034;1 out of 4
242.079023;242.079023;N-Lactoylleucine;[M+K];C9H17NO4;1.07969e-4;0.446007;242.078915;2 out of 4
242.079023;242.079023;1-Carboxyethylleucine;[M+K];C9H17NO4;1.07969e-4;0.446007;242.078915;2 out of 4
242.079023;242.079023;Acetyl-D-carnitine;[M+K];C9H17NO4;1.07969e-4;0.446007;242.078915;2 out of 4
242.079023;242.079023;1-Carboxyethylisoleucine;[M+K];C9H17NO4;1.07969e-4;0.446007;242.078915;2 out of 4
242.079023;242.079023;Glutamic acid diethyl ester;[M+K];C9H17NO4;1.07969e-4;0.446007;242.078915;2 out of 4
242.079023;242.079023;DL-Acetylcarnitine;[M+K];C9H17NO4;1.07963e-4;0.445983;242.078915;2 out of 4
243.026498;243.026498;Dracunculin;[M+Na];C11H8O5;1.04634e-4;0.430546;243.026393;2 out of 4
243.026498;243.026498;Buntansin A;[M+Na];C11H8O5;1.04634e-4;0.430546;243.026393;2 out of 4
243.026498;243.026498;7-Hydroxy-2-methyl-4-oxo-4H-1-benzopyran-5-carboxylic acid;[M+Na];C11H8O5;1.04634e-4;0.430546;243.026393;2 out of 4
243.026498;243.026498;"8-Methoxy-6,7-methylenedioxycoumarin";[M+Na];C11H8O5;1.04634e-4;0.430546;243.026393;2 out of 4
243.026498;243.026498;purpurogallin;[M+Na];C11H8O5;1.04634e-4;0.430546;243.026393;2 out of 4
243.026498;243.026498;Inositol cyclic phosphate;[M+H];C6H11O8P;6.81600e-5;0.280463;243.026430;1 out of 4
243.026498;243.026498;Phosphohexose;[M+H];C6H11O8P;6.76880e-5;0.278521;243.026430;1 out of 4
243.026498;243.026498;"(6S,7R)-2,6,7,8-Tetrahydroxy-2-oxo-1,3,2lambda5-dioxaphosphonan-5-one";[M+H];C6H11O8P;6.76880e-5;0.278521;243.026430;1 out of 4
243.026498;243.026498;2-(2-Hydroxyethyl)-4-oxohexanedioic acid;[M+K];C8H12O6;-4.71060e-5;-0.193831;243.026545;1 out of 4
243.026498;243.026498;"3,5,6-Trihydroxy-5-(hydroxymethyl)-2-methoxy-2-cyclohexen-1-one";[M+K];C8H12O6;-4.71160e-5;-0.193872;243.026545;1 out of 4
245.044558;245.044558;Urolithin C;[M+H];C13H8O5;1.08634e-4;0.443324;245.044449;1 out of 4
245.044558;245.044558;Gentisein;[M+H];C13H8O5;1.08634e-4;0.443324;245.044449;1 out of 4
246.052417;246.052417;9-Nitrophenanthrene;[M+Na];C14H9NO2;-1.31534e-4;-0.534577;246.052549;1 out of 4
246.052417;246.052417;"Benzo[d][2]benzazepine-5,7-dione";[M+Na];C14H9NO2;-1.31534e-4;-0.534577;246.052549;1 out of 4
246.052417;246.052417;N-Phenylphthalimide;[M+Na];C14H9NO2;-1.31534e-4;-0.534577;246.052549;1 out of 4
246.052417;246.052417;Ethyl 4-nitrophenyl methylphosphonate;[M+H];C9H12NO5P;-1.68488e-4;-0.684764;246.052585;1 out of 4
247.060221;247.060221;Isopimpinellin;[M+H];C13H10O5;1.21578e-4;0.492099;247.060099;2 out of 4
247.060221;247.060221;"2,2',4,4'-Tetrahydroxybenzophenone";[M+H];C13H10O5;1.21578e-4;0.492099;247.060099;2 out of 4
247.060221;247.060221;Hispidin;[M+H];C13H10O5;1.21578e-4;0.492099;247.060099;2 out of 4
247.060221;247.060221;Iriflophenone;[M+H];C13H10O5;1.21578e-4;0.492099;247.060099;2 out of 4
247.060221;247.060221;Pimpinellidine;[M+H];C13H10O5;1.21578e-4;0.492099;247.060099;2 out of 4
247.060221;247.060221;Coriandrone C;[M+H];C13H10O5;1.21570e-4;0.492067;247.060099;2 out of 4
247.144225;247.144225;Nefiracetam;[M+H];C14H18N2O2;1.21172e-4;0.490289;247.144104;3 out of 4
247.144225;247.144225;Parsalmide;[M+H];C14H18N2O2;1.21172e-4;0.490289;247.144104;3 out of 4
247.144225;247.144225;Lenticin;[M+H];C14H18N2O2;1.21170e-4;0.490281;247.144104;3 out of 4
248.068054;248.068054;Methyl 3-carbazolecarboxylate;[M+Na];C14H11NO2;-1.44601e-4;-0.582908;248.068199;1 out of 4
248.068054;248.068054;1-Hydroxy-10-methylacridone;[M+Na];C14H11NO2;-1.44601e-4;-0.582908;248.068199;1 out of 4
248.068054;248.068054;6-Methoxy-9H-carbazole-3-carboxaldehyde;[M+Na];C14H11NO2;-1.44601e-4;-0.582908;248.068199;1 out of 4
248.068054;248.068054;Murrayanine;[M+Na];C14H11NO2;-1.44601e-4;-0.582908;248.068199;1 out of 4
248.068054;248.068054;Mukolidine;[M+Na];C14H11NO2;-1.44601e-4;-0.582908;248.068199;1 out of 4
248.149400;248.149400;3-Hydroxybutyrylcarnitine;[M+H];C11H21NO5;1.51220e-4;0.609391;248.149249;1 out of 4
248.149400;248.149400;(R)-3-hydroxybutyrylcarnitine;[M+H];C11H21NO5;1.51220e-4;0.609391;248.149249;1 out of 4
250.093585;250.093585;4-Nitro-7-piperazinobenzofurazan;[M+H];C10H11N5O3;1.19766e-4;0.478885;250.093465;1 out of 4
250.093585;250.093585;"2',3'-Didehydro-2',3'-dideoxyguanosine";[M+H];C10H11N5O3;1.19766e-4;0.478885;250.093465;1 out of 4
254.019213;254.019213;Glycerylphosphorylethanolamine;[M+K];C5H14NO6P;1.82303e-4;0.717675;254.019031;2 out of 4
254.019213;254.019213;sn-glycero-3-Phosphoethanolamine;[M+K];C5H14NO6P;1.82303e-4;0.717675;254.019031;2 out of 4
257.044550;257.044550;PURPURIN;[M+H];C14H8O5;1.00642e-4;0.391535;257.044449;1 out of 4
258.110237;258.110237;(2Z)-2-(3-Phenylpropoxyimino)butanoic acid;[M+Na];C13H17NO3;1.73589e-4;0.672539;258.110063;1 out of 4
258.110237;258.110237;Dibutylone;[M+Na];C13H17NO3;1.73589e-4;0.672539;258.110063;1 out of 4
258.110237;258.110237;Pentylone;[M+Na];C13H17NO3;1.73589e-4;0.672539;258.110063;1 out of 4
258.110237;258.110237;Pandamarilactam 3x;[M+Na];C13H17NO3;1.73585e-4;0.672523;258.110063;1 out of 4
258.110237;258.110237;Glycerylphosphorylcholine;[M+H];C8H20NO6P;1.37111e-4;0.531211;258.110100;3 out of 4
258.110237;258.110237;Glycerophosphocholine;[M+H];C8H20NO6P;1.36634e-4;0.529363;258.110100;3 out of 4
258.110237;258.110237;Lucerastat;[M+K];C10H21NO4;2.18400e-5;0.084615;258.110215;1 out of 4
258.110237;258.110237;Miglustat;[M+K];C10H21NO4;2.18350e-5;0.084596;258.110215;1 out of 4
260.185701;260.185701;4-Methylpentanoylcarnitine;[M+H];C13H25NO4;6.67110e-5;0.256398;260.185634;1 out of 4
260.185701;260.185701;3-Methylpentanoylcarnitine;[M+H];C13H25NO4;6.67110e-5;0.256398;260.185634;1 out of 4
262.047213;262.047213;Marcanine A;[M+Na];C14H9NO3;-2.50159e-4;-0.954632;262.047463;1 out of 4
263.055044;263.055044;Maclurin;[M+H];C13H10O6;2.99480e-5;0.113847;263.055014;3 out of 4
263.237010;263.237010;"6,10,14-Trimethyl-5,9,13-pentadecatrien-2-one";[M+H];C18H30O;6.84180e-5;0.259910;263.236942;1 out of 4
263.237010;263.237010;"2-(5,8-Tetradecadienyl)cyclobutanone";[M+H];C18H30O;6.84180e-5;0.259910;263.236942;1 out of 4
263.237010;263.237010;"2,4,6-Tri-tert-butylphenol";[M+H];C18H30O;6.84140e-5;0.259895;263.236942;1 out of 4
263.237010;263.237010;Buagafuran;[M+H];C18H30O;6.84140e-5;0.259895;263.236942;1 out of 4
263.237010;263.237010;Sclareol oxide;[M+H];C18H30O;6.84140e-5;0.259895;263.236942;1 out of 4
264.062873;264.062873;7-Ethoxyresorufin;[M+Na];C14H11NO3;-2.40218e-4;-0.909699;264.063113;1 out of 4
264.062873;264.062873;"1,3-dihydroxy-N-methylacridone";[M+Na];C14H11NO3;-2.40218e-4;-0.909699;264.063113;1 out of 4
264.062873;264.062873;Mukonidine;[M+Na];C14H11NO3;-2.40223e-4;-0.909718;264.063113;1 out of 4
264.062873;264.062873;Koeniginequinone A;[M+Na];C14H11NO3;-2.40223e-4;-0.909718;264.063113;1 out of 4
264.062873;264.062873;N-Benzoylanthranilic acid;[M+Na];C14H11NO3;-2.40223e-4;-0.909718;264.063113;1 out of 4
265.252618;265.252618;(±)-(Z)-2-(5-Tetradecenyl)cyclobutanone;[M+H];C18H32O;2.63540e-5;0.099354;265.252592;1 out of 4
265.252618;265.252618;"Octadeca-9,12-dienal";[M+H];C18H32O;2.63500e-5;0.099339;265.252592;1 out of 4
268.104071;268.104071;"3'-Azido-3'-deoxythymidine, 98%";[M+H];C10H13N5O4;4.10810e-5;0.153228;268.104030;1 out of 4
268.104071;268.104071;8-Oxo-2'-deoxyadenosine;[M+H];C10H13N5O4;4.10810e-5;0.153228;268.104030;1 out of 4
268.104071;268.104071;Adenosine;[M+H];C10H13N5O4;4.10710e-5;0.153191;268.104030;1 out of 4
268.104071;268.104071;Deoxyguanosine;[M+H];C10H13N5O4;4.10710e-5;0.153191;268.104030;1 out of 4
268.104071;268.104071;Vidarabine;[M+H];C10H13N5O4;4.10710e-5;0.153191;268.104030;1 out of 4
268.104071;268.104071;Zidovudine;[M+H];C10H13N5O4;4.10710e-5;0.153191;268.104030;1 out of 4
268.104071;268.104071;9-Arabinofuranosyladenine;[M+H];C10H13N5O4;4.10710e-5;0.153191;268.104030;1 out of 4
268.104071;268.104071;Formycin A;[M+H];C10H13N5O4;4.10710e-5;0.153191;268.104030;1 out of 4
269.042020;269.042020;Isopimpinellin;[M+Na];C13H10O5;-2.34220e-5;-0.087057;269.042043;2 out of 4
269.042020;269.042020;"2,2',4,4'-Tetrahydroxybenzophenone";[M+Na];C13H10O5;-2.34220e-5;-0.087057;269.042043;2 out of 4
269.042020;269.042020;Hispidin;[M+Na];C13H10O5;-2.34220e-5;-0.087057;269.042043;2 out of 4
269.042020;269.042020;Iriflophenone;[M+Na];C13H10O5;-2.34220e-5;-0.087057;269.042043;2 out of 4
269.042020;269.042020;Pimpinellidine;[M+Na];C13H10O5;-2.34220e-5;-0.087057;269.042043;2 out of 4
269.042020;269.042020;Coriandrone C;[M+Na];C13H10O5;-2.34300e-5;-0.087087;269.042043;2 out of 4
269.042020;269.042020;"Galactitol, 1,2:5,6-dianhydro-, diacetate";[M+K];C10H14O6;-1.75171e-4;-0.651091;269.042195;1 out of 4
269.088106;269.088106;Ara-HX;[M+H];C10H12N4O5;6.04980e-5;0.224826;269.088046;3 out of 4
269.088106;269.088106;Formycin b;[M+H];C10H12N4O5;6.04980e-5;0.224826;269.088046;3 out of 4
269.088106;269.088106;Inosine;[M+H];C10H12N4O5;6.04860e-5;0.224781;269.088046;3 out of 4
269.088106;269.088106;Allopurinol riboside;[M+H];C10H12N4O5;6.04860e-5;0.224781;269.088046;3 out of 4
269.088106;269.088106;Arabinosylhypoxanthine;[M+H];C10H12N4O5;6.04860e-5;0.224781;269.088046;3 out of 4
269.126123;269.126123;Nefiracetam;[M+Na];C14H18N2O2;7.51720e-5;0.279319;269.126048;3 out of 4
269.126123;269.126123;Parsalmide;[M+Na];C14H18N2O2;7.51720e-5;0.279319;269.126048;3 out of 4
269.126123;269.126123;Lenticin;[M+Na];C14H18N2O2;7.51700e-5;0.279311;269.126048;3 out of 4
269.126123;269.126123;Valylisoleucine;[M+K];C11H22N2O3;-7.65760e-5;-0.284536;269.126200;1 out of 4
269.126123;269.126123;Valylleucine;[M+K];C11H22N2O3;-7.65760e-5;-0.284536;269.126200;1 out of 4
269.126123;269.126123;Isoleucyl-Valine;[M+K];C11H22N2O3;-7.65800e-5;-0.284551;269.126200;1 out of 4
269.126123;269.126123;Leucyl-Valine;[M+K];C11H22N2O3;-7.65800e-5;-0.284551;269.126200;1 out of 4
271.023702;271.023702;Nasutin A;[M+H];C14H6O6;-1.19130e-5;-0.043956;271.023714;1 out of 4
271.057723;271.057723;Coriandrone E;[M+Na];C13H12O5;2.95060e-5;0.108855;271.057693;1 out of 4
271.057723;271.057723;Glycerol 1-propanoate diacetate;[M+K];C10H16O6;-1.22244e-4;-0.450989;271.057845;1 out of 4
273.039404;273.039404;quinalizarin;[M+H];C14H8O6;4.00120e-5;0.146543;273.039364;3 out of 4
274.047268;274.047268;3-(2-Furoyl)quinoline-2-carboxaldehyde;[M+Na];C15H9NO3;-1.95154e-4;-0.712118;274.047463;1 out of 4
274.092139;274.092139;"(2,5-Dioxopyrrolidin-1-yl) 5-(2-hydroxyethoxy)-4-oxopentanoate";[M+H];C11H15NO7;1.11730e-5;0.040764;274.092128;1 out of 4
275.046052;275.046052;Hydroxyzileuton;[M+Na];C11H12N2O3S;-3.09500e-5;-0.112527;275.046083;1 out of 4
275.046052;275.046052;Zileuton sulfoxide;[M+Na];C11H12N2O3S;-3.09500e-5;-0.112527;275.046083;1 out of 4
275.046052;275.046052;Methionyl-Serine;[M+K];C8H16N2O4S;-1.82700e-4;-0.664252;275.046235;1 out of 4
275.046052;275.046052;Serylmethionine;[M+K];C8H16N2O4S;-1.83177e-4;-0.665986;275.046235;1 out of 4
275.054953;275.054953;Bellidifolin;[M+H];C14H10O6;-6.10420e-5;-0.221927;275.055014;3 out of 4
275.054953;275.054953;BR-Xanthone B;[M+H];C14H10O6;-6.10520e-5;-0.221963;275.055014;3 out of 4
275.054953;275.054953;Alloathyriol;[M+H];C14H10O6;-6.10520e-5;-0.221963;275.055014;3 out of 4
275.054953;275.054953;"1,3,6-Trihydroxy-5-methoxyxanthone";[M+H];C14H10O6;-6.10520e-5;-0.221963;275.055014;3 out of 4
278.042361;278.042361;Alrestatin;[M+Na];C14H9NO4;-1.67810e-5;-0.060354;278.042378;1 out of 4
278.042361;278.042361;(3s)-3-(Benzyloxy)-L-Aspartic Acid;[M+K];C11H13NO5;-1.68523e-4;-0.606105;278.042530;1 out of 4
278.042361;278.042361;hydroxytyrosyl acetate;[M+K];C11H13NO5;-1.68523e-4;-0.606105;278.042530;1 out of 4
279.229461;279.229461;Palmitic acid;[M+Na];C16H32O2;1.07320e-5;0.038434;279.229450;2 out of 4
279.229461;279.229461;Trimethyltridecanoic acid;[M+Na];C16H32O2;1.07320e-5;0.038434;279.229450;2 out of 4
279.229461;279.229461;Isopalmitic acid;[M+Na];C16H32O2;1.07320e-5;0.038434;279.229450;2 out of 4
279.229461;279.229461;Butyl dodecanoate;[M+Na];C16H32O2;1.07320e-5;0.038434;279.229450;2 out of 4
279.229461;279.229461;Dodecyl butyrate;[M+Na];C16H32O2;1.07320e-5;0.038434;279.229450;2 out of 4
279.229461;279.229461;Hexyl decanoate;[M+Na];C16H32O2;1.07320e-5;0.038434;279.229450;2 out of 4
279.229461;279.229461;Octyl octanoate;[M+Na];C16H32O2;1.07320e-5;0.038434;279.229450;2 out of 4
279.229461;279.229461;Ethyl tetradecanoate;[M+Na];C16H32O2;1.07320e-5;0.038434;279.229450;2 out of 4
279.229461;279.229461;Dodecyl 2-methylpropanoate;[M+Na];C16H32O2;1.07320e-5;0.038434;279.229450;2 out of 4
279.229461;279.229461;Methyl pentadecanoate;[M+Na];C16H32O2;1.07320e-5;0.038434;279.229450;2 out of 4
279.229461;279.229461;Tetradecyl acetate;[M+Na];C16H32O2;1.07300e-5;0.038427;279.229450;2 out of 4
279.229461;279.229461;Sodium palmitate;[M+H];C16H31NaO2;1.00890e-5;0.036132;279.229451;1 out of 4
280.092016;280.092016;Glycerylphosphorylcholine;[M+Na];C8H20NO6P;-2.78890e-5;-0.099571;280.092044;3 out of 4
280.092016;280.092016;Glycerophosphocholine;[M+Na];C8H20NO6P;-2.83660e-5;-0.101274;280.092044;3 out of 4
281.095375;281.095375;N-Despyridinyl rosiglitazone;[M+H];C13H16N2O3S;-6.40780e-5;-0.227958;281.095439;1 out of 4
283.092501;283.092501;Netivudine;[M+H];C12H14N2O6;3.88210e-5;0.137132;283.092462;1 out of 4
283.092501;283.092501;Dinoseb acetate;[M+H];C12H14N2O6;3.88100e-5;0.137093;283.092462;1 out of 4
283.092501;283.092501;Nitroparacetamol;[M+H];C12H14N2O6;3.88100e-5;0.137093;283.092462;1 out of 4
283.128773;283.128773;Threonyltyrosine;[M+H];C13H18N2O5;-7.46880e-5;-0.263795;283.128848;1 out of 4
283.128773;283.128773;Tyrosyl-Threonine;[M+H];C13H18N2O5;-7.46960e-5;-0.263823;283.128848;1 out of 4
283.128773;283.128773;Hydroxy-lacosamide;[M+H];C13H18N2O5;-7.46960e-5;-0.263823;283.128848;1 out of 4
284.098882;284.098882;8-Hydroxy-2-desoxyguanosine;[M+H];C10H13N5O5;-6.25390e-5;-0.220131;284.098945;3 out of 4
284.098882;284.098882;hydroxydeoxyguanosine;[M+H];C10H13N5O5;-6.25390e-5;-0.220131;284.098945;3 out of 4
284.098882;284.098882;"1-[(2R,5R)-4-Azidooxy-5-(hydroxymethyl)oxolan-2-yl]-5-methylpyrimidine-2,4-dione";[M+H];C10H13N5O5;-6.25390e-5;-0.220131;284.098945;3 out of 4
284.098882;284.098882;"2-Amino-9-[(2R,4S,5R)-5-(hydroperoxymethyl)-4-hydroxyoxolan-2-yl]-1H-purin-6-one";[M+H];C10H13N5O5;-6.25390e-5;-0.220131;284.098945;3 out of 4
284.098882;284.098882;Guanosine;[M+H];C10H13N5O5;-6.25510e-5;-0.220173;284.098945;3 out of 4
284.098882;284.098882;8-Hydroxy-deoxyguanosine;[M+H];C10H13N5O5;-6.25510e-5;-0.220173;284.098945;3 out of 4
284.098882;284.098882;9-beta-d-Arabinofuranosylguanine;[M+H];C10H13N5O5;-6.25510e-5;-0.220173;284.098945;3 out of 4
285.036926;285.036926;Maclurin;[M+Na];C13H10O6;-3.20520e-5;-0.112449;285.036958;3 out of 4
285.036926;285.036926;trioxyethylene dimethacrylate;[M+K];C10H14O7;-1.83791e-4;-0.644797;285.037110;1 out of 4
285.099936;285.099936;9-Hydroxyellipticine;[M+Na];C17H14N2O;1.02921e-4;0.361000;285.099833;1 out of 4
285.099936;285.099936;Psilocybine;[M+H];C12H17N2O4P;6.64460e-5;0.233062;285.099870;1 out of 4
285.099936;285.099936;Nefiracetam;[M+K];C14H18N2O2;-4.88280e-5;-0.171266;285.099985;3 out of 4
285.099936;285.099936;Parsalmide;[M+K];C14H18N2O2;-4.88280e-5;-0.171266;285.099985;3 out of 4
285.099936;285.099936;Lenticin;[M+K];C14H18N2O2;-4.88300e-5;-0.171273;285.099985;3 out of 4
285.099936;285.099936;"Benzamide, 4-chloro-N-(2-(4-morpholinyl)ethyl)-, N-oxide";[M+H];C13H17ClN2O3;-1.10100e-4;-0.386180;285.100046;1 out of 4
287.052616;287.052616;Zilascorb;[M+Na];C13H12O6;7.89400e-6;0.027500;287.052608;1 out of 4
287.054978;287.054978;Protoapigenone;[M+H];C15H10O6;-3.60420e-5;-0.125558;287.055014;3 out of 4
287.054978;287.054978;Luteolin;[M+H];C15H10O6;-3.60520e-5;-0.125593;287.055014;3 out of 4
287.054978;287.054978;Kaempferol;[M+H];C15H10O6;-3.60520e-5;-0.125593;287.055014;3 out of 4
287.054978;287.054978;Maritimetin;[M+H];C15H10O6;-3.60520e-5;-0.125593;287.055014;3 out of 4
287.054978;287.054978;Norartocarpetin;[M+H];C15H10O6;-3.60520e-5;-0.125593;287.055014;3 out of 4
287.054978;287.054978;2'-Hydroxygenistein;[M+H];C15H10O6;-3.60520e-5;-0.125593;287.055014;3 out of 4
287.054978;287.054978;Cernuine;[M+H];C15H10O6;-3.60520e-5;-0.125593;287.055014;3 out of 4
287.054978;287.054978;Citreorosein;[M+H];C15H10O6;-3.60520e-5;-0.125593;287.055014;3 out of 4
287.054978;287.054978;3'-Hydroxygenistein;[M+H];C15H10O6;-3.60520e-5;-0.125593;287.055014;3 out of 4
287.054978;287.054978;"5,6,7,4'-Tetrahydroxyisoflavone";[M+H];C15H10O6;-3.60520e-5;-0.125593;287.055014;3 out of 4
287.054978;287.054978;"7,8,3',4'-Tetrahydroxyisoflavone";[M+H];C15H10O6;-3.60520e-5;-0.125593;287.055014;3 out of 4
287.054978;287.054978;8-Hydroxygenistein;[M+H];C15H10O6;-3.60520e-5;-0.125593;287.055014;3 out of 4
288.216789;288.216789;3-Methylheptanoylcarnitine;[M+H];C15H29NO4;-1.45418e-4;-0.504544;288.216934;1 out of 4
288.216789;288.216789;4-Methylheptanoylcarnitine;[M+H];C15H29NO4;-1.45418e-4;-0.504544;288.216934;1 out of 4
288.216789;288.216789;6-Methylheptanoylcarnitine;[M+H];C15H29NO4;-1.45418e-4;-0.504544;288.216934;1 out of 4
288.216789;288.216789;5-Methylheptanoylcarnitine;[M+H];C15H29NO4;-1.45418e-4;-0.504544;288.216934;1 out of 4
288.216789;288.216789;N-Lauroyl Serine;[M+H];C15H29NO4;-1.45418e-4;-0.504544;288.216934;1 out of 4
288.216789;288.216789;Valproylcarnitine;[M+H];C15H29NO4;-1.45418e-4;-0.504544;288.216934;1 out of 4
291.048406;291.048406;Dimethylarsinous acid;[M+NORHARMANE+H];C2H7AsO;1.94737e-4;0.669088;291.048211;1 out of 4
291.070004;291.070004;Ara-HX;[M+Na];C10H12N4O5;1.44980e-5;0.049809;291.069990;3 out of 4
291.070004;291.070004;Formycin b;[M+Na];C10H12N4O5;1.44980e-5;0.049809;291.069990;3 out of 4
291.070004;291.070004;Inosine;[M+Na];C10H12N4O5;1.44860e-5;0.049768;291.069990;3 out of 4
291.070004;291.070004;Allopurinol riboside;[M+Na];C10H12N4O5;1.44860e-5;0.049768;291.069990;3 out of 4
291.070004;291.070004;Arabinosylhypoxanthine;[M+Na];C10H12N4O5;1.44860e-5;0.049768;291.069990;3 out of 4
293.056501;293.056501;THIAMIPRINE;[M+H];C9H8N8O2S;1.32296e-4;0.451435;293.056369;2 out of 4
293.056501;293.056501;Dicarbonyl methylglyoxal;[M+NORHARMANE+H];C5O4;-8.24800e-5;-0.281447;293.056583;1 out of 4
293.056501;293.056501;3-(Cystein-S-yl)acetaminophen;[M+Na];C11H14N2O4S;-1.47113e-4;-0.501995;293.056648;1 out of 4
293.056501;293.056501;S-(5-Acetamido-2-hydroxyphenyl)cysteine;[M+Na];C11H14N2O4S;-1.47113e-4;-0.501995;293.056648;1 out of 4
293.065570;293.065570;Cordeauxione;[M+H];C14H12O7;-8.73800e-6;-0.029816;293.065579;3 out of 4
295.021187;295.021187;quinalizarin;[M+Na];C14H8O6;-1.20988e-4;-0.410099;295.021308;3 out of 4
295.021187;295.021187;"(2R,3S)-Piscidic acid";[M+K];C11H12O7;-2.72738e-4;-0.924468;295.021460;1 out of 4
296.065795;296.065795;Glycerylphosphorylcholine;[M+K];C8H20NO6P;-1.85889e-4;-0.627863;296.065981;3 out of 4
296.065795;296.065795;Glycerophosphocholine;[M+K];C8H20NO6P;-1.86366e-4;-0.629475;296.065981;3 out of 4
297.036881;297.036881;Bellidifolin;[M+Na];C14H10O6;-7.70420e-5;-0.259368;297.036958;3 out of 4
297.036881;297.036881;BR-Xanthone B;[M+Na];C14H10O6;-7.70520e-5;-0.259402;297.036958;3 out of 4
297.036881;297.036881;Alloathyriol;[M+Na];C14H10O6;-7.70520e-5;-0.259402;297.036958;3 out of 4
297.036881;297.036881;"1,3,6-Trihydroxy-5-methoxyxanthone";[M+Na];C14H10O6;-7.70520e-5;-0.259402;297.036958;3 out of 4
297.069228;297.069228;Trifluridine;[M+H];C10H11F3N2O5;-5.40870e-5;-0.182069;297.069282;1 out of 4
298.064072;298.064072;Dimethenamid;[M+Na];C12H18ClNO2S;1.74778e-4;0.586378;298.063897;1 out of 4
298.096776;298.096776;5'-Methylthioadenosine;[M+H];C11H15N5O3S;-6.00610e-5;-0.201482;298.096836;1 out of 4
298.096776;298.096776;"(2R,5S)-2-(6-Aminopurin-9-yl)-5-(methylsulfanylmethyl)oxolane-3,4-diol";[M+H];C11H15N5O3S;-6.00610e-5;-0.201482;298.096836;1 out of 4
299.075991;299.075991;Benzoyl glucuronide (Benzoic acid);[M+H];C13H14O8;-1.52424e-4;-0.509649;299.076143;1 out of 4
301.010788;301.010788;Maclurin;[M+K];C13H10O6;-1.07052e-4;-0.355642;301.010895;3 out of 4
303.049866;303.049866;Pollenin A;[M+H];C15H10O7;-6.26620e-5;-0.206771;303.049929;1 out of 4
303.049866;303.049866;Quercetin;[M+H];C15H10O7;-6.26740e-5;-0.206811;303.049929;1 out of 4
303.049866;303.049866;Tricetin;[M+H];C15H10O7;-6.26740e-5;-0.206811;303.049929;1 out of 4
303.049866;303.049866;Morin;[M+H];C15H10O7;-6.26740e-5;-0.206811;303.049929;1 out of 4
303.049866;303.049866;"2',4',5,7,8-Pentahydroxyisoflavone";[M+H];C15H10O7;-6.26740e-5;-0.206811;303.049929;1 out of 4
303.049866;303.049866;6-Hydroxyluteolin;[M+H];C15H10O7;-6.26740e-5;-0.206811;303.049929;1 out of 4
303.049866;303.049866;"5,6,7,3',4'-Pentahydroxyisoflavone";[M+H];C15H10O7;-6.26740e-5;-0.206811;303.049929;1 out of 4
303.049866;303.049866;"5,7,8,3',4'-Pentahydroxyisoflavone";[M+H];C15H10O7;-6.26740e-5;-0.206811;303.049929;1 out of 4
305.245032;305.245032;Oleic acid;[M+Na];C18H34O2;-6.83320e-5;-0.223859;305.245100;1 out of 4
305.245032;305.245032;Elaidic acid;[M+Na];C18H34O2;-6.83320e-5;-0.223859;305.245100;1 out of 4
305.245032;305.245032;Ethyl 9-hexadecenoate;[M+Na];C18H34O2;-6.83320e-5;-0.223859;305.245100;1 out of 4
305.245032;305.245032;cis-Vaccenic acid;[M+Na];C18H34O2;-6.83320e-5;-0.223859;305.245100;1 out of 4
305.245032;305.245032;7-Octadecenoic acid;[M+Na];C18H34O2;-6.83320e-5;-0.223859;305.245100;1 out of 4
305.245032;305.245032;trans-10-Octadecenoic acid;[M+Na];C18H34O2;-6.83320e-5;-0.223859;305.245100;1 out of 4
305.245032;305.245032;6-Octadecenoic acid;[M+Na];C18H34O2;-6.83320e-5;-0.223859;305.245100;1 out of 4
305.245032;305.245032;Petroselinic acid;[M+Na];C18H34O2;-6.83350e-5;-0.223869;305.245100;1 out of 4
305.245032;305.245032;Vaccenic acid;[M+Na];C18H34O2;-6.83350e-5;-0.223869;305.245100;1 out of 4
305.245032;305.245032;(Z)-13-Octadecenoic acid;[M+Na];C18H34O2;-6.83350e-5;-0.223869;305.245100;1 out of 4
305.245032;305.245032;7Z-octadecenoic acid;[M+Na];C18H34O2;-6.83350e-5;-0.223869;305.245100;1 out of 4
305.245032;305.245032;Octadec-9-enoic Acid;[M+Na];C18H34O2;-6.83350e-5;-0.223869;305.245100;1 out of 4
305.245032;305.245032;11-Aoctadecenoic acid;[M+Na];C18H34O2;-6.83350e-5;-0.223869;305.245100;1 out of 4
305.245032;305.245032;Octadecenoic acid;[M+Na];C18H34O2;-6.83350e-5;-0.223869;305.245100;1 out of 4
305.245032;305.245032;Octadec-5-enoic acid;[M+Na];C18H34O2;-6.83350e-5;-0.223869;305.245100;1 out of 4
305.245032;305.245032;cis-12-Octadecenoic acid;[M+Na];C18H34O2;-6.83350e-5;-0.223869;305.245100;1 out of 4
305.245032;305.245032;cis-15-Octadecenoic acid;[M+Na];C18H34O2;-6.83350e-5;-0.223869;305.245100;1 out of 4
305.245032;305.245032;trans-12-Octadecenoic acid;[M+Na];C18H34O2;-6.83350e-5;-0.223869;305.245100;1 out of 4
305.245032;305.245032;trans-14-Octadecenoic acid;[M+Na];C18H34O2;-6.83350e-5;-0.223869;305.245100;1 out of 4
305.245032;305.245032;trans-15-Octadecenoic acid;[M+Na];C18H34O2;-6.83350e-5;-0.223869;305.245100;1 out of 4
305.245032;305.245032;trans-16-Octadecenoic acid;[M+Na];C18H34O2;-6.83350e-5;-0.223869;305.245100;1 out of 4
305.245032;305.245032;trans-4-Octadecenoic acid;[M+Na];C18H34O2;-6.83350e-5;-0.223869;305.245100;1 out of 4
305.245032;305.245032;trans-8-Elaidic acid;[M+Na];C18H34O2;-6.83350e-5;-0.223869;305.245100;1 out of 4
306.080803;306.080803;8-Hydroxy-2-desoxyguanosine;[M+Na];C10H13N5O5;-8.55390e-5;-0.279465;306.080889;3 out of 4
306.080803;306.080803;hydroxydeoxyguanosine;[M+Na];C10H13N5O5;-8.55390e-5;-0.279465;306.080889;3 out of 4
306.080803;306.080803;"1-[(2R,5R)-4-Azidooxy-5-(hydroxymethyl)oxolan-2-yl]-5-methylpyrimidine-2,4-dione";[M+Na];C10H13N5O5;-8.55390e-5;-0.279465;306.080889;3 out of 4
306.080803;306.080803;"2-Amino-9-[(2R,4S,5R)-5-(hydroperoxymethyl)-4-hydroxyoxolan-2-yl]-1H-purin-6-one";[M+Na];C10H13N5O5;-8.55390e-5;-0.279465;306.080889;3 out of 4
306.080803;306.080803;Guanosine;[M+Na];C10H13N5O5;-8.55510e-5;-0.279505;306.080889;3 out of 4
306.080803;306.080803;8-Hydroxy-deoxyguanosine;[M+Na];C10H13N5O5;-8.55510e-5;-0.279505;306.080889;3 out of 4
306.080803;306.080803;9-beta-d-Arabinofuranosylguanine;[M+Na];C10H13N5O5;-8.55510e-5;-0.279505;306.080889;3 out of 4
306.080803;306.080803;Sertraline;[M+H];C17H17Cl2N;-2.77963e-4;-0.908135;306.081081;1 out of 4
306.080803;306.080803;Sealdin;[M+H];C17H17Cl2N;-2.78000e-4;-0.908256;306.081081;1 out of 4
307.043705;307.043705;Ara-HX;[M+K];C10H12N4O5;-2.21502e-4;-0.721402;307.043927;3 out of 4
307.043705;307.043705;Formycin b;[M+K];C10H12N4O5;-2.21502e-4;-0.721402;307.043927;3 out of 4
307.043705;307.043705;Inosine;[M+K];C10H12N4O5;-2.21514e-4;-0.721441;307.043927;3 out of 4
307.043705;307.043705;Allopurinol riboside;[M+K];C10H12N4O5;-2.21514e-4;-0.721441;307.043927;3 out of 4
307.043705;307.043705;Arabinosylhypoxanthine;[M+K];C10H12N4O5;-2.21514e-4;-0.721441;307.043927;3 out of 4
307.107574;307.107574;2-Hydroxy-1-naphthaldehyde salicyloylhydrazone;[M+H];C18H14N2O3;-1.44319e-4;-0.469930;307.107718;1 out of 4
307.107574;307.107574;Quinocetone;[M+H];C18H14N2O3;-1.44319e-4;-0.469930;307.107718;1 out of 4
308.090989;308.090989;Endralazine;[M+K];C14H15N5O;1.71877e-4;0.557878;308.090817;1 out of 4
308.090989;308.090989;Glutathione;[M+H];C10H17N3O6S;-9.29810e-5;-0.301797;308.091082;2 out of 4
308.090989;308.090989;Glutathionate(1-);[M+H];C10H17N3O6S;-9.34530e-5;-0.303329;308.091082;2 out of 4
309.036776;309.036776;Protoapigenone;[M+Na];C15H10O6;-1.82042e-4;-0.589062;309.036958;3 out of 4
309.036776;309.036776;Luteolin;[M+Na];C15H10O6;-1.82052e-4;-0.589095;309.036958;3 out of 4
309.036776;309.036776;Kaempferol;[M+Na];C15H10O6;-1.82052e-4;-0.589095;309.036958;3 out of 4
309.036776;309.036776;Maritimetin;[M+Na];C15H10O6;-1.82052e-4;-0.589095;309.036958;3 out of 4
309.036776;309.036776;Norartocarpetin;[M+Na];C15H10O6;-1.82052e-4;-0.589095;309.036958;3 out of 4
309.036776;309.036776;2'-Hydroxygenistein;[M+Na];C15H10O6;-1.82052e-4;-0.589095;309.036958;3 out of 4
309.036776;309.036776;Cernuine;[M+Na];C15H10O6;-1.82052e-4;-0.589095;309.036958;3 out of 4
309.036776;309.036776;Citreorosein;[M+Na];C15H10O6;-1.82052e-4;-0.589095;309.036958;3 out of 4
309.036776;309.036776;3'-Hydroxygenistein;[M+Na];C15H10O6;-1.82052e-4;-0.589095;309.036958;3 out of 4
309.036776;309.036776;"5,6,7,4'-Tetrahydroxyisoflavone";[M+Na];C15H10O6;-1.82052e-4;-0.589095;309.036958;3 out of 4
309.036776;309.036776;"7,8,3',4'-Tetrahydroxyisoflavone";[M+Na];C15H10O6;-1.82052e-4;-0.589095;309.036958;3 out of 4
309.036776;309.036776;8-Hydroxygenistein;[M+Na];C15H10O6;-1.82052e-4;-0.589095;309.036958;3 out of 4
309.060405;309.060405;Fulvic acid;[M+H];C14H12O8;-8.83460e-5;-0.285853;309.060493;3 out of 4
310.058707;310.058707;Ftivazide;[M+K];C14H13N3O3;-1.41291e-4;-0.455691;310.058848;1 out of 4
310.058707;310.058707;Carotamine;[M+K];C14H13N3O3;-1.41297e-4;-0.455710;310.058848;1 out of 4
310.995037;310.995037;quinalizarin;[M+K];C14H8O6;-2.07988e-4;-0.668782;310.995245;3 out of 4
312.065089;312.065089;Fexinidazole Sulfone;[M+H];C12H13N3O5S;2.21295e-4;0.709131;312.064868;1 out of 4
313.010787;313.010787;Bellidifolin;[M+K];C14H10O6;-1.08042e-4;-0.345170;313.010895;3 out of 4
313.010787;313.010787;BR-Xanthone B;[M+K];C14H10O6;-1.08052e-4;-0.345202;313.010895;3 out of 4
313.010787;313.010787;Alloathyriol;[M+K];C14H10O6;-1.08052e-4;-0.345202;313.010895;3 out of 4
313.010787;313.010787;"1,3,6-Trihydroxy-5-methoxyxanthone";[M+K];C14H10O6;-1.08052e-4;-0.345202;313.010895;3 out of 4
315.038464;315.038464;THIAMIPRINE;[M+Na];C9H8N8O2S;1.51296e-4;0.480246;315.038313;2 out of 4
315.047298;315.047298;Cordeauxione;[M+Na];C14H12O7;-2.24738e-4;-0.713346;315.047523;3 out of 4
315.047298;315.047298;Glycerylphosphorylinositol;[M+H];C9H15O10P;-2.61681e-4;-0.830608;315.047560;2 out of 4
316.248176;316.248176;Decanoylcarnitine;[M+H];C17H33NO4;-5.85470e-5;-0.185130;316.248235;1 out of 4
316.248176;316.248176;6-Methylnonanoylcarnitine;[M+H];C17H33NO4;-5.85470e-5;-0.185130;316.248235;1 out of 4
316.248176;316.248176;5-Methylnonanoylcarnitine;[M+H];C17H33NO4;-5.85470e-5;-0.185130;316.248235;1 out of 4
316.248176;316.248176;8-Methylnonanoylcarnitine;[M+H];C17H33NO4;-5.85470e-5;-0.185130;316.248235;1 out of 4
316.248176;316.248176;7-Methylnonanoylcarnitine;[M+H];C17H33NO4;-5.85470e-5;-0.185130;316.248235;1 out of 4
316.248176;316.248176;4-Methylnonanoylcarnitine;[M+H];C17H33NO4;-5.85470e-5;-0.185130;316.248235;1 out of 4
316.248176;316.248176;3-Methylnonanoylcarnitine;[M+H];C17H33NO4;-5.85470e-5;-0.185130;316.248235;1 out of 4
316.248176;316.248176;N-Myristoyl Serine;[M+H];C17H33NO4;-5.85470e-5;-0.185130;316.248235;1 out of 4
320.089265;320.089265;(S)-Annocherine A;[M+Na];C17H15NO4;-6.29730e-5;-0.196736;320.089328;1 out of 4
320.089265;320.089265;L-3-(3-Hydroxy-4-pivaloyloxyphenyl)alanine;[M+K];C14H19NO5;-2.14716e-4;-0.670800;320.089480;1 out of 4
320.089265;320.089265;Sanfetrinem;[M+K];C14H19NO5;-2.14716e-4;-0.670800;320.089480;1 out of 4
321.092542;321.092542;Mercaptopurine;[M+NORHARMANE+H];C5H4N4S;-4.98380e-5;-0.155214;321.092592;1 out of 4
321.092542;321.092542;9-Sulfanylpurine;[M+NORHARMANE+H];C5H4N4S;-5.03190e-5;-0.156712;321.092592;1 out of 4
322.054714;322.054714;8-Hydroxy-2-desoxyguanosine;[M+K];C10H13N5O5;-1.11539e-4;-0.346335;322.054826;3 out of 4
322.054714;322.054714;hydroxydeoxyguanosine;[M+K];C10H13N5O5;-1.11539e-4;-0.346335;322.054826;3 out of 4
322.054714;322.054714;"1-[(2R,5R)-4-Azidooxy-5-(hydroxymethyl)oxolan-2-yl]-5-methylpyrimidine-2,4-dione";[M+K];C10H13N5O5;-1.11539e-4;-0.346335;322.054826;3 out of 4
322.054714;322.054714;"2-Amino-9-[(2R,4S,5R)-5-(hydroperoxymethyl)-4-hydroxyoxolan-2-yl]-1H-purin-6-one";[M+K];C10H13N5O5;-1.11539e-4;-0.346335;322.054826;3 out of 4
322.054714;322.054714;Guanosine;[M+K];C10H13N5O5;-1.11551e-4;-0.346373;322.054826;3 out of 4
322.054714;322.054714;8-Hydroxy-deoxyguanosine;[M+K];C10H13N5O5;-1.11551e-4;-0.346373;322.054826;3 out of 4
322.054714;322.054714;9-beta-d-Arabinofuranosylguanine;[M+K];C10H13N5O5;-1.11551e-4;-0.346373;322.054826;3 out of 4
323.102492;323.102492;Dynasore;[M+H];C18H14N2O4;-1.40939e-4;-0.436205;323.102633;1 out of 4
323.102492;323.102492;Flazine methyl ether;[M+H];C18H14N2O4;-1.40946e-4;-0.436227;323.102633;1 out of 4
324.058863;324.058863;Cytidine monophosphate;[M+H];C9H14N3O8P;-2.63951e-4;-0.814515;324.059127;3 out of 4
324.058863;324.058863;Cytidine 2'-phosphate;[M+H];C9H14N3O8P;-2.63951e-4;-0.814515;324.059127;3 out of 4
324.058863;324.058863;Cytidine 3'-monophosphate;[M+H];C9H14N3O8P;-2.63951e-4;-0.814515;324.059127;3 out of 4
324.058863;324.058863;Cytosine arabinose-5'-phosphate;[M+H];C9H14N3O8P;-2.63951e-4;-0.814515;324.059127;3 out of 4
324.214819;324.214819;6-Methyloctanoylcarnitine;[M+Na];C16H31NO4;2.90518e-4;0.896067;324.214528;1 out of 4
324.214819;324.214819;5-Methyloctanoylcarnitine;[M+Na];C16H31NO4;2.90518e-4;0.896067;324.214528;1 out of 4
324.214819;324.214819;4-Methyloctanoylcarnitine;[M+Na];C16H31NO4;2.90518e-4;0.896067;324.214528;1 out of 4
324.214819;324.214819;7-Methyloctanoylcarnitine;[M+Na];C16H31NO4;2.90518e-4;0.896067;324.214528;1 out of 4
324.214819;324.214819;3-Methyloctanoylcarnitine;[M+Na];C16H31NO4;2.90518e-4;0.896067;324.214528;1 out of 4
324.214819;324.214819;N-Lauroyl Threonine;[M+Na];C16H31NO4;2.90518e-4;0.896067;324.214528;1 out of 4
324.214819;324.214819;"2,6 Dimethylheptanoyl carnitine";[M+Na];C16H31NO4;2.90515e-4;0.896058;324.214528;1 out of 4
324.214819;324.214819;Nonanoylcarnitine;[M+Na];C16H31NO4;2.90515e-4;0.896058;324.214528;1 out of 4
325.010715;325.010715;Protoapigenone;[M+K];C15H10O6;-1.80042e-4;-0.553957;325.010895;3 out of 4
325.010715;325.010715;Luteolin;[M+K];C15H10O6;-1.80052e-4;-0.553988;325.010895;3 out of 4
325.010715;325.010715;Kaempferol;[M+K];C15H10O6;-1.80052e-4;-0.553988;325.010895;3 out of 4
325.010715;325.010715;Maritimetin;[M+K];C15H10O6;-1.80052e-4;-0.553988;325.010895;3 out of 4
325.010715;325.010715;Norartocarpetin;[M+K];C15H10O6;-1.80052e-4;-0.553988;325.010895;3 out of 4
325.010715;325.010715;2'-Hydroxygenistein;[M+K];C15H10O6;-1.80052e-4;-0.553988;325.010895;3 out of 4
325.010715;325.010715;Cernuine;[M+K];C15H10O6;-1.80052e-4;-0.553988;325.010895;3 out of 4
325.010715;325.010715;Citreorosein;[M+K];C15H10O6;-1.80052e-4;-0.553988;325.010895;3 out of 4
325.010715;325.010715;3'-Hydroxygenistein;[M+K];C15H10O6;-1.80052e-4;-0.553988;325.010895;3 out of 4
325.010715;325.010715;"5,6,7,4'-Tetrahydroxyisoflavone";[M+K];C15H10O6;-1.80052e-4;-0.553988;325.010895;3 out of 4
325.010715;325.010715;"7,8,3',4'-Tetrahydroxyisoflavone";[M+K];C15H10O6;-1.80052e-4;-0.553988;325.010895;3 out of 4
325.010715;325.010715;8-Hydroxygenistein;[M+K];C15H10O6;-1.80052e-4;-0.553988;325.010895;3 out of 4
325.043065;325.043065;Olsalazine;[M+Na];C14H10N2O6;-4.10620e-5;-0.126328;325.043106;1 out of 4
325.043065;325.043065;Uridine 5'-monophosphate;[M+H];C9H13N2O9P;-7.75360e-5;-0.238541;325.043143;2 out of 4
325.043065;325.043065;Pseudouridine 5'-phosphate;[M+H];C9H13N2O9P;-7.75360e-5;-0.238541;325.043143;2 out of 4
325.043065;325.043065;Uridine 2'-phosphate;[M+H];C9H13N2O9P;-7.75360e-5;-0.238541;325.043143;2 out of 4
325.043065;325.043065;Uridine 3'-monophosphate;[M+H];C9H13N2O9P;-7.75360e-5;-0.238541;325.043143;2 out of 4
325.043065;325.043065;"[(2S,3R,4R,5R)-5-(2,4-Dioxopyrimidin-1-yl)-3,4-dihydroxyoxolan-2-yl]methyl dihydrogen phosphate";[M+H];C9H13N2O9P;-7.80050e-5;-0.239984;325.043143;2 out of 4
325.117991;325.117991;3-((4-(5-(Hydroxymethyl)-2-oxo-3-oxazolidinyl)phenoxy)methyl)benzonitrile;[M+H];C18H16N2O4;-2.92003e-4;-0.898144;325.118283;1 out of 4
329.026509;329.026509;"2-(3,4-Dihydroxybenzoyloxy)-4,6-dihydroxybenzoate";[M+Na];C14H10O8;-2.78296e-4;-0.845816;329.026787;2 out of 4
330.072881;330.072881;Glutathione;[M+Na];C10H17N3O6S;-1.44981e-4;-0.439239;330.073026;2 out of 4
330.072881;330.072881;Glutathionate(1-);[M+Na];C10H17N3O6S;-1.45453e-4;-0.440669;330.073026;2 out of 4
331.021264;331.021264;Cordeauxione;[M+K];C14H12O7;-1.95738e-4;-0.591315;331.021460;3 out of 4
331.042257;331.042257;Fulvic acid;[M+Na];C14H12O8;-1.80346e-4;-0.544782;331.042437;3 out of 4
334.972302;334.972302;"Sodium calcium aluminosilicate, hydrated";[M+NORHARMANE+H];AlCaNaO3Si;-1.92670e-4;-0.575182;334.972495;1 out of 4
337.029233;337.029233;Glycerylphosphorylinositol;[M+Na];C9H15O10P;-2.70681e-4;-0.803137;337.029504;2 out of 4
337.029233;337.029233;zaltoprofen;[M+K];C17H14O3S;-2.89485e-4;-0.858931;337.029522;1 out of 4
337.273412;337.273412;Pregnanetriol;[M+H];C21H36O3;-3.09018e-4;-0.916223;337.273721;1 out of 4
337.273412;337.273412;3-Methyl-5-pentyl-2-furanundecanoic acid;[M+H];C21H36O3;-3.09018e-4;-0.916223;337.273721;1 out of 4
337.273412;337.273412;Isolinderanolide;[M+H];C21H36O3;-3.09018e-4;-0.916223;337.273721;1 out of 4
337.273412;337.273412;"3,4-Dimethyl-5-pentyl-2-furandecanoic acid";[M+H];C21H36O3;-3.09019e-4;-0.916226;337.273721;1 out of 4
337.273412;337.273412;"5-Butyl-3,4-dimethyl-2-furanundecanoic acid";[M+H];C21H36O3;-3.09019e-4;-0.916226;337.273721;1 out of 4
337.273412;337.273412;"3,4-Dimethyl-5-propyl-2-furandodecanoic acid";[M+H];C21H36O3;-3.09019e-4;-0.916226;337.273721;1 out of 4
337.273412;337.273412;3-Methyl-5-propyl-2-furantridecanoic acid;[M+H];C21H36O3;-3.09019e-4;-0.916226;337.273721;1 out of 4
337.273412;337.273412;"5-Hexyl-3,4-dimethyl-2-furannonanoic acid";[M+H];C21H36O3;-3.09019e-4;-0.916226;337.273721;1 out of 4
337.273412;337.273412;"3,17,20-Trihydroxypregnane";[M+H];C21H36O3;-3.09019e-4;-0.916226;337.273721;1 out of 4
338.141007;338.141007;pyrimidoindole;[M+NORHARMANE+H];C10H7N3;8.47630e-5;0.250674;338.140922;1 out of 4
339.069780;339.069780;"(6-Aminoquinolin-2-yl) N-(2,5-dihydroxypyrrol-1-yl)-N-hydroxycarbamate";[M+Na];C14H12N4O5;-2.09502e-4;-0.617872;339.069990;1 out of 4
339.069780;339.069780;AICAR;[M+H];C9H15N4O8P;-2.45988e-4;-0.725478;339.070026;1 out of 4
339.069780;339.069780;"1H-Imidazole-4-carboxamide, 5-amino-1-(5-O-phosphono-beta-D-ribofuranosyl)-";[M+H];C9H15N4O8P;-2.45988e-4;-0.725478;339.070026;1 out of 4
341.065331;341.065331;Aflatoxin B1 aldehyde;[M+H];C18H12O7;-2.47726e-4;-0.726330;341.065579;1 out of 4
341.065331;341.065331;Grevilline B;[M+H];C18H12O7;-2.47738e-4;-0.726365;341.065579;1 out of 4
341.065331;341.065331;Salvianolic acid D;[M+H];C18H12O7;-2.47738e-4;-0.726365;341.065579;1 out of 4
341.304852;341.304852;Polyoxyethylene (600) monoricinoleate;[M+H];C21H40O3;-1.69146e-4;-0.495586;341.305021;1 out of 4
342.094625;342.094625;(2E)-4-Hydroxy-3-methylpent-2-enedioylcarnitine;[M+K];C13H21NO7;-3.34020e-4;-0.976396;342.094959;1 out of 4
344.279211;344.279211;8-Methylundecanoylcarnitine;[M+H];C19H37NO4;-3.23675e-4;-0.940152;344.279535;1 out of 4
344.279211;344.279211;7-Methylundecanoylcarnitine;[M+H];C19H37NO4;-3.23675e-4;-0.940152;344.279535;1 out of 4
344.279211;344.279211;6-Methylundecanoylcarnitine;[M+H];C19H37NO4;-3.23675e-4;-0.940152;344.279535;1 out of 4
344.279211;344.279211;4-Methylundecanoylcarnitine;[M+H];C19H37NO4;-3.23675e-4;-0.940152;344.279535;1 out of 4
344.279211;344.279211;5-Methylundecanoylcarnitine;[M+H];C19H37NO4;-3.23675e-4;-0.940152;344.279535;1 out of 4
344.279211;344.279211;10-Methylundecanoylcarnitine;[M+H];C19H37NO4;-3.23675e-4;-0.940152;344.279535;1 out of 4
344.279211;344.279211;9-Methylundecanoylcarnitine;[M+H];C19H37NO4;-3.23675e-4;-0.940152;344.279535;1 out of 4
344.279211;344.279211;3-Methylundecanoylcarnitine;[M+H];C19H37NO4;-3.23675e-4;-0.940152;344.279535;1 out of 4
344.279211;344.279211;N-Palmitoyl Serine;[M+H];C19H37NO4;-3.23675e-4;-0.940152;344.279535;1 out of 4
344.279211;344.279211;N-Hexadecanoyl-serine;[M+H];C19H37NO4;-3.23675e-4;-0.940152;344.279535;1 out of 4
345.000393;345.000393;"2-(3,4-Dihydroxybenzoyloxy)-4,6-dihydroxybenzoate";[M+K];C14H10O8;-3.31296e-4;-0.960276;345.000724;2 out of 4
346.040786;346.040786;Cytidine monophosphate;[M+Na];C9H14N3O8P;-2.84951e-4;-0.823460;346.041071;3 out of 4
346.040786;346.040786;Cytidine 2'-phosphate;[M+Na];C9H14N3O8P;-2.84951e-4;-0.823460;346.041071;3 out of 4
346.040786;346.040786;Cytidine 3'-monophosphate;[M+Na];C9H14N3O8P;-2.84951e-4;-0.823460;346.041071;3 out of 4
346.040786;346.040786;Cytosine arabinose-5'-phosphate;[M+Na];C9H14N3O8P;-2.84951e-4;-0.823460;346.041071;3 out of 4
347.016068;347.016068;Fulvic acid;[M+K];C14H12O8;-3.06346e-4;-0.882800;347.016374;3 out of 4
347.024787;347.024787;Uridine 5'-monophosphate;[M+Na];C9H13N2O9P;-2.99536e-4;-0.863154;347.025087;2 out of 4
347.024787;347.024787;Pseudouridine 5'-phosphate;[M+Na];C9H13N2O9P;-2.99536e-4;-0.863154;347.025087;2 out of 4
347.024787;347.024787;Uridine 2'-phosphate;[M+Na];C9H13N2O9P;-2.99536e-4;-0.863154;347.025087;2 out of 4
347.024787;347.024787;Uridine 3'-monophosphate;[M+Na];C9H13N2O9P;-2.99536e-4;-0.863154;347.025087;2 out of 4
347.024787;347.024787;"[(2S,3R,4R,5R)-5-(2,4-Dioxopyrimidin-1-yl)-3,4-dihydroxyoxolan-2-yl]methyl dihydrogen phosphate";[M+Na];C9H13N2O9P;-3.00005e-4;-0.864505;347.025087;2 out of 4
348.019517;348.019517;Urothion;[M+Na];C11H11N5O3S2;-3.36230e-5;-0.096612;348.019551;1 out of 4
348.069951;348.069951;Lipo-pab;[M+Na];C15H19NO3S2;9.51760e-5;0.273439;348.069856;1 out of 4
348.069951;348.069951;Zofenoprilat;[M+Na];C15H19NO3S2;9.51760e-5;0.273439;348.069856;1 out of 4
349.031726;349.031726;Mono-trans-p-coumaroylmesotartaric acid;[M+K];C14H14O8;-2.98424e-4;-0.855005;349.032024;1 out of 4
350.085704;350.085704;Leteprinim;[M+Na];C15H13N5O4;-2.69919e-4;-0.771008;350.085974;1 out of 4
350.987291;350.987291;N-Succinimidyl 3-(2-pyridyldithio)propionate;[M+K];C12H12N2O4S2;2.84778e-4;0.811363;350.987006;1 out of 4
351.008478;351.008478;1-Sulfooxymethylpyrene;[M+K];C17H12O4S;-3.09040e-4;-0.880434;351.008787;1 out of 4
351.123748;351.123748;PZXDYQVSAFZTBI-UHFFFAOYSA-N;[M+Na];C19H21ClN2O;2.87000e-4;0.817376;351.123461;1 out of 4
352.126998;352.126998;Anthramycin methyl ether;[M+Na];C17H19N3O4;2.21896e-4;0.630159;352.126776;1 out of 4
352.126998;352.126998;"L-Prolinamide, glycyl-N-(4-methyl-2-oxo-2H-1-benzopyran-7-yl)-";[M+Na];C17H19N3O4;2.21896e-4;0.630159;352.126776;1 out of 4
352.131488;352.131488;triazolobenzodiazepine;[M+NORHARMANE+H];C9H5N5;6.78190e-5;0.192596;352.131420;1 out of 4
353.021847;353.021847;(±)-Fenarimol;[M+Na];C17H12Cl2N2O;-4.14300e-5;-0.117358;353.021888;1 out of 4
353.021847;353.021847;Malaoxon;[M+K];C10H19O7PS;-2.20164e-4;-0.623655;353.022067;1 out of 4
353.139384;353.139384;Clomipramine N-oxide;[M+Na];C19H23ClN2O;2.72925e-4;0.772854;353.139111;1 out of 4
353.139384;353.139384;Hydroxyclomipramine;[M+Na];C19H23ClN2O;2.72925e-4;0.772854;353.139111;1 out of 4
353.139384;353.139384;2-Hydroxyclomipramine;[M+Na];C19H23ClN2O;2.72925e-4;0.772854;353.139111;1 out of 4
353.139384;353.139384;8-Hydroxyclomipramine;[M+Na];C19H23ClN2O;2.72925e-4;0.772854;353.139111;1 out of 4
353.139384;353.139384;Sudan III;[M+H];C22H16N4O;-3.03151e-4;-0.858445;353.139687;1 out of 4
353.139384;353.139384;Cerasin;[M+H];C22H16N4O;-3.03154e-4;-0.858453;353.139687;1 out of 4
362.014747;362.014747;Cytidine monophosphate;[M+K];C9H14N3O8P;-2.60951e-4;-0.720829;362.015008;3 out of 4
362.014747;362.014747;Cytidine 2'-phosphate;[M+K];C9H14N3O8P;-2.60951e-4;-0.720829;362.015008;3 out of 4
362.014747;362.014747;Cytidine 3'-monophosphate;[M+K];C9H14N3O8P;-2.60951e-4;-0.720829;362.015008;3 out of 4
362.014747;362.014747;Cytosine arabinose-5'-phosphate;[M+K];C9H14N3O8P;-2.60951e-4;-0.720829;362.015008;3 out of 4
362.150814;362.150814;Actarit;[M+NORHARMANE+H];C10H11NO3;-4.21800e-6;-0.011647;362.150818;1 out of 4
362.150814;362.150814;n-benzoyl-d-alanine;[M+NORHARMANE+H];C10H11NO3;-4.21800e-6;-0.011647;362.150818;1 out of 4
362.150814;362.150814;N-Formyl-dl-phenylalanine;[M+NORHARMANE+H];C10H11NO3;-4.21800e-6;-0.011647;362.150818;1 out of 4
362.150814;362.150814;Phenylacetylglycine;[M+NORHARMANE+H];C10H11NO3;-4.22300e-6;-0.011661;362.150818;1 out of 4
362.150814;362.150814;Methyl hippurate;[M+NORHARMANE+H];C10H11NO3;-4.22300e-6;-0.011661;362.150818;1 out of 4
362.150814;362.150814;2-Methylhippuric acid;[M+NORHARMANE+H];C10H11NO3;-4.22300e-6;-0.011661;362.150818;1 out of 4
362.150814;362.150814;m-Methylhippuric acid;[M+NORHARMANE+H];C10H11NO3;-4.22300e-6;-0.011661;362.150818;1 out of 4
362.150814;362.150814;p-Methylhippuric acid;[M+NORHARMANE+H];C10H11NO3;-4.22300e-6;-0.011661;362.150818;1 out of 4
362.150814;362.150814;Methyl n-acetylanthranilate;[M+NORHARMANE+H];C10H11NO3;-4.22300e-6;-0.011661;362.150818;1 out of 4
362.150814;362.150814;Betamipron;[M+NORHARMANE+H];C10H11NO3;-4.22300e-6;-0.011661;362.150818;1 out of 4
362.150814;362.150814;3-Carbamoyl-2-phenylpropionaldehyde;[M+NORHARMANE+H];C10H11NO3;-4.22300e-6;-0.011661;362.150818;1 out of 4
362.150814;362.150814;"4-Hydroxy-5-phenyltetrahydro-1,3-oxazin-2-one";[M+NORHARMANE+H];C10H11NO3;-4.22300e-6;-0.011661;362.150818;1 out of 4
362.150814;362.150814;4-Anilino-4-oxobutanoic acid;[M+NORHARMANE+H];C10H11NO3;-4.22300e-6;-0.011661;362.150818;1 out of 4
362.150814;362.150814;N-Formylphenylalanine;[M+NORHARMANE+H];C10H11NO3;-4.22300e-6;-0.011661;362.150818;1 out of 4
362.150814;362.150814;Levofloxacin;[M+H];C18H20FN3O4;-2.46348e-4;-0.680235;362.151060;1 out of 4
362.150814;362.150814;Ofloxacin;[M+H];C18H20FN3O4;-2.46348e-4;-0.680235;362.151060;1 out of 4
362.998586;362.998586;Bis(4-nitrophenyl) hydrogen phosphate;[M+Na];C12H9N2O8P;-2.85786e-4;-0.787292;362.998872;1 out of 4
364.064947;364.064947;Guanosine monophosphate;[M+H];C10H14N5O8P;-3.27961e-4;-0.900830;364.065275;1 out of 4
364.064947;364.064947;8-Oxo-dGMP;[M+H];C10H14N5O8P;-3.27961e-4;-0.900830;364.065275;1 out of 4
364.064947;364.064947;Cyclic pyranopterin monophosphate;[M+H];C10H14N5O8P;-3.27961e-4;-0.900830;364.065275;1 out of 4
364.064947;364.064947;Guanosine 2'-monophosphate;[M+H];C10H14N5O8P;-3.27961e-4;-0.900830;364.065275;1 out of 4
364.064947;364.064947;Guanosine 3'-monophosphate;[M+H];C10H14N5O8P;-3.27961e-4;-0.900830;364.065275;1 out of 4
364.064947;364.064947;"[(2R,5R)-5-(2-Amino-6-oxo-1H-purin-9-yl)-3,4-dihydroxyoxolan-2-yl]methyl dihydrogen phosphate";[M+H];C10H14N5O8P;-3.27961e-4;-0.900830;364.065275;1 out of 4
370.051720;370.051720;Didesethylflurazepam;[M+K];C17H15ClFN3O;-2.05000e-4;-0.553976;370.051925;1 out of 4
371.055072;371.055072;"1-Chloro-2,4-dinitrobenzene";[M+NORHARMANE+H];C6H3ClN2O4;1.26990e-5;0.034224;371.055059;1 out of 4
371.055072;371.055072;Sanguinarine;[M+K];C20H14NO4;-3.67941e-4;-0.991607;371.055440;1 out of 4
377.010063;377.010063;"2,5-Dichloro-carboxymethylenebut-2-en-4-olide";[M+NORHARMANE+H];C6H2Cl2O4;1.24034e-4;0.328994;377.009939;1 out of 4
379.060667;379.060667;Ethyl 3-(o-chlorophenyl)-5-methyl-1-phenyl-1h-pyrazole-4-carboxylate;[M+K];C19H17ClN2O2;-3.45500e-4;-0.911463;379.061013;1 out of 4
382.067506;382.067506;Selenomethionine se-oxide;[M+NORHARMANE+H];C5H11NO3Se;1.65949e-4;0.434345;382.067340;1 out of 4
384.114658;384.114658;N6-Succinyl Adenosine;[M+H];C14H17N5O8;-3.30527e-4;-0.860490;384.114989;1 out of 4
384.114658;384.114658;Succinyladenosine;[M+H];C14H17N5O8;-3.30545e-4;-0.860537;384.114989;1 out of 4
384.132464;384.132464;Glycerylphosphorylethanolamine;[M+NORHARMANE+H];C5H14NO6P;-3.34697e-4;-0.871305;384.132799;2 out of 4
384.132464;384.132464;sn-glycero-3-Phosphoethanolamine;[M+NORHARMANE+H];C5H14NO6P;-3.34697e-4;-0.871305;384.132799;2 out of 4
385.128470;385.128470;buddlenol E;[M+H];C21H20O7;2.91016e-4;0.755634;385.128179;1 out of 4
385.128470;385.128470;(+)-Zeylenol;[M+H];C21H20O7;2.91006e-4;0.755608;385.128179;1 out of 4
385.128470;385.128470;Oxyisocyclointegrin;[M+H];C21H20O7;2.91006e-4;0.755608;385.128179;1 out of 4
385.128470;385.128470;Dulxanthone F;[M+H];C21H20O7;2.91006e-4;0.755608;385.128179;1 out of 4
385.128470;385.128470;Isolicopyranocoumarin;[M+H];C21H20O7;2.91006e-4;0.755608;385.128179;1 out of 4
385.128470;385.128470;Licofuranocoumarin;[M+H];C21H20O7;2.91006e-4;0.755608;385.128179;1 out of 4
385.128470;385.128470;Gancaonin D;[M+H];C21H20O7;2.91006e-4;0.755608;385.128179;1 out of 4
385.128470;385.128470;Licopyranocoumarin;[M+H];C21H20O7;2.91006e-4;0.755608;385.128179;1 out of 4
385.128470;385.128470;5-Methoxyhinokinin;[M+H];C21H20O7;2.91006e-4;0.755608;385.128179;1 out of 4
385.128470;385.128470;Piperenol B;[M+H];C21H20O7;2.91006e-4;0.755608;385.128179;1 out of 4
385.128470;385.128470;Piperenol A;[M+H];C21H20O7;2.91006e-4;0.755608;385.128179;1 out of 4
385.128470;385.128470;Calebin A;[M+H];C21H20O7;2.91006e-4;0.755608;385.128179;1 out of 4
385.128470;385.128470;3'-O-Methylgancaonin P;[M+H];C21H20O7;2.91006e-4;0.755608;385.128179;1 out of 4
385.128470;385.128470;3-O-Methyluralenol;[M+H];C21H20O7;2.91006e-4;0.755608;385.128179;1 out of 4
385.128470;385.128470;Uralene;[M+H];C21H20O7;2.91006e-4;0.755608;385.128179;1 out of 4
385.128470;385.128470;Marbofloxacin;[M+Na];C17H19FN4O4;2.16729e-4;0.562745;385.128253;1 out of 4
385.273065;385.273065;Heptanoylcholine;[M+NORHARMANE+H];C12H26NO2;-2.14081e-4;-0.555660;385.273279;1 out of 4
386.326103;386.326103;Pentadecanoylcarnitine;[M+H];C22H43NO4;-3.81869e-4;-0.988462;386.326485;1 out of 4
386.326103;386.326103;13-Methyltetradecanoylcarnitine;[M+H];C22H43NO4;-3.81869e-4;-0.988462;386.326485;1 out of 4
386.326103;386.326103;11-Methyltetradecanoylcarnitine;[M+H];C22H43NO4;-3.81869e-4;-0.988462;386.326485;1 out of 4
386.326103;386.326103;10-Methyltetradecanoylcarnitine;[M+H];C22H43NO4;-3.81869e-4;-0.988462;386.326485;1 out of 4
386.326103;386.326103;8-Methyltetradecanoylcarnitine;[M+H];C22H43NO4;-3.81869e-4;-0.988462;386.326485;1 out of 4
386.326103;386.326103;9-Methyltetradecanoylcarnitine;[M+H];C22H43NO4;-3.81869e-4;-0.988462;386.326485;1 out of 4
386.326103;386.326103;7-Methyltetradecanoylcarnitine;[M+H];C22H43NO4;-3.81869e-4;-0.988462;386.326485;1 out of 4
386.326103;386.326103;3-Methyltetradecanoylcarnitine;[M+H];C22H43NO4;-3.81869e-4;-0.988462;386.326485;1 out of 4
386.326103;386.326103;4-Methyltetradecanoylcarnitine;[M+H];C22H43NO4;-3.81869e-4;-0.988462;386.326485;1 out of 4
386.326103;386.326103;5-Methyltetradecanoylcarnitine;[M+H];C22H43NO4;-3.81869e-4;-0.988462;386.326485;1 out of 4
386.326103;386.326103;6-Methyltetradecanoylcarnitine;[M+H];C22H43NO4;-3.81869e-4;-0.988462;386.326485;1 out of 4
386.326103;386.326103;12-Methyltetradecanoylcarnitine;[M+H];C22H43NO4;-3.81869e-4;-0.988462;386.326485;1 out of 4
386.326103;386.326103;N-Stearoyl Threonine;[M+H];C22H43NO4;-3.81869e-4;-0.988462;386.326485;1 out of 4
386.326103;386.326103;"4,4-Dimethyl-2-[3-carboxylatopropyl]-2-tridecyloxazolidine 3-oxide";[M+H];C22H43NO4;-3.81869e-4;-0.988462;386.326485;1 out of 4
393.129426;393.129426;cyclic N-Acetylserotonin glucuronide;[M+H];C18H20N2O8;1.84374e-4;0.468991;393.129242;1 out of 4
395.034755;395.034755;"5-(4-Hydroxyphenyl)-3H-1,2-dithiole-3-thione";[M+NORHARMANE+H];C9H6OS3;-2.48335e-4;-0.628640;395.035003;1 out of 4
398.062755;398.062755;Tyrphostin AG 825;[M+H];C19H15N3O3S2;-4.70300e-6;-0.011815;398.062760;1 out of 4
399.143945;399.143945;(-)-Deoxypodophyllotoxin;[M+H];C22H22O7;1.15952e-4;0.290502;399.143829;1 out of 4
399.143945;399.143945;Dulxanthone E;[M+H];C22H22O7;1.15942e-4;0.290477;399.143829;1 out of 4
399.143945;399.143945;5'-Methoxycurcumin;[M+H];C22H22O7;1.15942e-4;0.290477;399.143829;1 out of 4
399.143945;399.143945;Antofloxacin;[M+Na];C18H21FN4O4;4.16650e-5;0.104386;399.143903;1 out of 4
400.078366;400.078366;S-Pyruvylglutathione;[M+Na];C13H19N3O8S;-1.39758e-4;-0.349326;400.078506;1 out of 4
401.267926;401.267926;Antalarmin;[M+Na];C24H34N4;3.58889e-4;0.894388;401.267567;1 out of 4
410.058215;410.058215;Umbelliferone sulfate;[M+NORHARMANE+H];C9H5O6S;5.73650e-5;0.139895;410.058158;1 out of 4
412.041943;412.041943;dADP;[M+H];C10H15N5O9P2;1.66873e-4;0.404990;412.041776;1 out of 4
421.054879;421.054879;Isofenchlorfos;[M+NORHARMANE+H];C8H10ClO3PS;2.73900e-4;0.650509;421.054605;1 out of 4
424.002496;424.002496;TRICLOPYR;[M+NORHARMANE+H];C7H4Cl3NO3;-1.05120e-4;-0.247923;424.002601;1 out of 4
425.317256;425.317256;Palmitic acid;[M+NORHARMANE+H];C16H32O2;1.00732e-4;0.236840;425.317155;2 out of 4
425.317256;425.317256;Trimethyltridecanoic acid;[M+NORHARMANE+H];C16H32O2;1.00732e-4;0.236840;425.317155;2 out of 4
425.317256;425.317256;Isopalmitic acid;[M+NORHARMANE+H];C16H32O2;1.00732e-4;0.236840;425.317155;2 out of 4
425.317256;425.317256;Butyl dodecanoate;[M+NORHARMANE+H];C16H32O2;1.00732e-4;0.236840;425.317155;2 out of 4
425.317256;425.317256;Dodecyl butyrate;[M+NORHARMANE+H];C16H32O2;1.00732e-4;0.236840;425.317155;2 out of 4
425.317256;425.317256;Hexyl decanoate;[M+NORHARMANE+H];C16H32O2;1.00732e-4;0.236840;425.317155;2 out of 4
425.317256;425.317256;Octyl octanoate;[M+NORHARMANE+H];C16H32O2;1.00732e-4;0.236840;425.317155;2 out of 4
425.317256;425.317256;Ethyl tetradecanoate;[M+NORHARMANE+H];C16H32O2;1.00732e-4;0.236840;425.317155;2 out of 4
425.317256;425.317256;Dodecyl 2-methylpropanoate;[M+NORHARMANE+H];C16H32O2;1.00732e-4;0.236840;425.317155;2 out of 4
425.317256;425.317256;Methyl pentadecanoate;[M+NORHARMANE+H];C16H32O2;1.00732e-4;0.236840;425.317155;2 out of 4
425.317256;425.317256;Tetradecyl acetate;[M+NORHARMANE+H];C16H32O2;1.00730e-4;0.236835;425.317155;2 out of 4
426.057505;426.057505;Phosphomethylphosphonic acid adenosyl ester;[M+H];C11H17N5O9P2;7.78570e-5;0.182738;426.057427;2 out of 4
426.057505;426.057505;"[(2R,3S,5R)-5-[6-(Methylamino)purin-9-yl]-2-(phosphonooxymethyl)oxolan-3-yl] dihydrogen phosphate";[M+H];C11H17N5O9P2;7.78570e-5;0.182738;426.057427;2 out of 4
426.057505;426.057505;Doravirine;[M+H];C17H11ClF3N5O3;-2.25650e-5;-0.052962;426.057528;2 out of 4
427.061819;427.061819;Caffeic acid sulfate;[M+NORHARMANE+H];C9H6O7S;3.73133e-4;0.873722;427.061446;1 out of 4
428.036329;428.036329;"Adenosine 3',5'-diphosphate";[M+H];C10H15N5O10P2;-3.61749e-4;-0.845135;428.036691;1 out of 4
428.036329;428.036329;dGDP;[M+H];C10H15N5O10P2;-3.61749e-4;-0.845135;428.036691;1 out of 4
428.036329;428.036329;ADP;[M+H];C10H15N5O10P2;-3.61749e-4;-0.845135;428.036691;1 out of 4
428.036329;428.036329;"[(2S,3R,4R,5R)-5-(6-Aminopurin-9-yl)-3,4-dihydroxyoxolan-2-yl]methyl phosphono hydrogen phosphate";[M+H];C10H15N5O10P2;-3.61749e-4;-0.845135;428.036691;1 out of 4
428.036329;428.036329;Zidovudine diphosphate;[M+H];C10H15N5O10P2;-3.62699e-4;-0.847355;428.036692;1 out of 4
438.057509;438.057509;N6-Monobutyryl-cAMP;[M+K];C14H18N5O7P;-3.29380e-5;-0.075191;438.057542;1 out of 4
440.068707;440.068707;"6,7-Dichloro-3-hydroxy-1,5 dihydro-imidazo[2,1-b]quinazolin-2-one";[M+NORHARMANE+H];C10H7Cl2N3O2;2.50103e-4;0.568327;440.068457;1 out of 4
442.146227;442.146227;Dofetilide;[M+H];C19H27N3O5S2;-2.61369e-4;-0.591137;442.146488;1 out of 4
443.154141;443.154141;Tetraxetan;[M+K];C16H28N4O8;2.70122e-4;0.609544;443.153871;1 out of 4
443.154141;443.154141;Tetraazacyclododecanetetraacetic acid;[M+K];C16H28N4O8;2.70122e-4;0.609544;443.153871;1 out of 4
444.039322;444.039322;Glucocleomin;[M+K];C12H23NO10S2;-1.72341e-4;-0.388121;444.039494;1 out of 4
444.039322;444.039322;2-Hydroxypentyl glucosinolate;[M+K];C12H23NO10S2;-1.72341e-4;-0.388121;444.039494;1 out of 4
448.039539;448.039539;Phosphomethylphosphonic acid adenosyl ester;[M+Na];C11H17N5O9P2;1.67857e-4;0.374648;448.039371;2 out of 4
448.039539;448.039539;"[(2R,3S,5R)-5-[6-(Methylamino)purin-9-yl]-2-(phosphonooxymethyl)oxolan-3-yl] dihydrogen phosphate";[M+Na];C11H17N5O9P2;1.67857e-4;0.374648;448.039371;2 out of 4
448.039539;448.039539;Doravirine;[M+Na];C17H11ClF3N5O3;6.74350e-5;0.150511;448.039472;2 out of 4
451.062844;451.062844;C.I. Food Red 6;[M+H];C19H18N2O7S2;2.56800e-5;0.056932;451.062818;2 out of 4
455.059957;455.059957;4-Carbethoxyhexafluorobutyryl chloride;[M+NORHARMANE+H];C7H5ClF6O3;-1.08700e-4;-0.238870;455.060066;1 out of 4
459.031260;459.031260;C.I. Acid Red 13;[M+H];C20H14N2O7S2;-2.58192e-4;-0.562471;459.031518;1 out of 4
459.031260;459.031260;Azorubine;[M+H];C20H14N2O7S2;-2.58192e-4;-0.562471;459.031518;1 out of 4
460.039170;460.039170;Neurokinin-1 Receptor Antagonist;[M+K];C21H16ClN5OS;-3.96000e-4;-0.860796;460.039566;1 out of 4
462.050292;462.050292;(2R)-2-Hydroxy-2-phenylethyl glucosinolate;[M+Na];C15H21NO10S2;3.84723e-4;0.832644;462.049907;2 out of 4
471.028933;471.028933;Se-Adenosylselenohomocysteine;[M+K];C14H20N6O5Se;-2.63608e-4;-0.559643;471.029197;1 out of 4
471.028933;471.028933;Se-Adenosyl-L-selenohomocysteine;[M+K];C14H20N6O5Se;-2.63608e-4;-0.559643;471.029197;1 out of 4
473.044661;473.044661;C.I. Food Red 6;[M+Na];C19H18N2O7S2;-1.01320e-4;-0.214187;473.044762;2 out of 4
478.024252;478.024252;(2R)-2-Hydroxy-2-phenylethyl glucosinolate;[M+K];C15H21NO10S2;4.07723e-4;0.852934;478.023844;2 out of 4
485.046924;485.046924;"1-(4-Methanesulfonamidophenoxy)-3-(N-methyl-3,4-dichlorophenylethylamino)-2-propanol";[M+K];C19H24Cl2N2O4S;3.83200e-4;0.790027;485.046541;1 out of 4
485.088806;485.088806;Febantel;[M+K];C20H22N4O6S;-3.56618e-4;-0.735160;485.089163;1 out of 4
501.032723;501.032723;Cefcanel;[M+Na];C19H18N4O5S3;-4.30218e-4;-0.858662;501.033153;1 out of 4
518.263265;518.263265;Abeado;[M+NORHARMANE+H];C15H23N7O3;1.02371e-4;0.197527;518.263163;1 out of 4
525.276586;525.276586;(2S)-2-[[(2S)-2-[[(2S)-2-Amino-5-(diaminomethylideneamino)pentanoyl]amino]-5-(diaminomethylideneamino)pentanoyl]amino]-5-(diaminomethylideneamino)pentanoic acid;[M+K];C18H38N12O4;-4.68752e-4;-0.892390;525.277055;1 out of 4
525.945889;525.945889;phosphoadenosine-5'-phosphosulfate;[M+Na];C10H11N5O13P2S;-4.55924e-4;-0.866864;525.946345;1 out of 4
526.291626;526.291626;Undec-5-enedioylcarnitine;[M+NORHARMANE+H];C18H31NO6;-4.36722e-4;-0.829809;526.292063;1 out of 4
526.291626;526.291626;(2E)-Undec-2-enedioylcarnitine;[M+NORHARMANE+H];C18H31NO6;-4.36722e-4;-0.829809;526.292063;1 out of 4
526.291626;526.291626;Undec-4-enedioylcarnitine;[M+NORHARMANE+H];C18H31NO6;-4.36722e-4;-0.829809;526.292063;1 out of 4
526.291626;526.291626;Undec-3-enedioylcarnitine;[M+NORHARMANE+H];C18H31NO6;-4.36722e-4;-0.829809;526.292063;1 out of 4
527.294658;527.294658;Desmosine;[M+H];C24H40N5O8;2.42312e-4;0.459538;527.294416;2 out of 4
527.294658;527.294658;Isodesmosine;[M+H];C24H40N5O8;-3.06281e-4;-0.580853;527.294964;2 out of 4
530.282707;530.282707;Haloperidol decanoate;[M+H];C31H41ClFNO3;-4.69000e-4;-0.884433;530.283176;2 out of 4
530.286949;530.286949;4-Hydroxydecanedioylcarnitine;[M+NORHARMANE+H];C17H31NO7;-2.83420e-5;-0.053447;530.286977;1 out of 4
530.286949;530.286949;3-Hydroxydecanedioylcarnitine;[M+NORHARMANE+H];C17H31NO7;-2.83420e-5;-0.053447;530.286977;1 out of 4
530.286949;530.286949;5-Hydroxydecanedioylcarnitine;[M+NORHARMANE+H];C17H31NO7;-2.83420e-5;-0.053447;530.286977;1 out of 4
531.286121;531.286121;11-Epicortisol;[M+NORHARMANE+H];C21H30O5;-1.28066e-4;-0.241049;531.286249;1 out of 4
531.286121;531.286121;1alpha-Hydroxycorticosterone;[M+NORHARMANE+H];C21H30O5;-1.28066e-4;-0.241049;531.286249;1 out of 4
531.286121;531.286121;"1,4,6-Trihydroxy-1,3-bis(2-isopentenyl)-5-isovaleryl-3,5-cyclohexadien-2-on";[M+NORHARMANE+H];C21H30O5;-1.28066e-4;-0.241049;531.286249;1 out of 4
531.286121;531.286121;"4-Hydroxy-2-(3-methylbutanoyl)-5-(3-methylbut-2-enyl)-4-(4-methylpent-2-enoyl)cyclopentane-1,3-dione";[M+NORHARMANE+H];C21H30O5;-1.28066e-4;-0.241049;531.286249;1 out of 4
531.286121;531.286121;Cortisol;[M+NORHARMANE+H];C21H30O5;-1.28070e-4;-0.241056;531.286249;1 out of 4
531.286121;531.286121;18-Hydroxycorticosterone;[M+NORHARMANE+H];C21H30O5;-1.28070e-4;-0.241056;531.286249;1 out of 4
531.286121;531.286121;"17a,21-Dihydroxy-5b-pregnane-3,11,20-trione";[M+NORHARMANE+H];C21H30O5;-1.28070e-4;-0.241056;531.286249;1 out of 4
531.286121;531.286121;Isohumulone A;[M+NORHARMANE+H];C21H30O5;-1.28070e-4;-0.241056;531.286249;1 out of 4
531.286121;531.286121;Adhumulone;[M+NORHARMANE+H];C21H30O5;-1.28070e-4;-0.241056;531.286249;1 out of 4
531.286121;531.286121;"5-Hydroxy-4-methoxy-5-(1-oxo-9,12,15-hexadecatrienyl)-2(5H)-furanone";[M+NORHARMANE+H];C21H30O5;-1.28070e-4;-0.241056;531.286249;1 out of 4
531.286121;531.286121;(R)-Humulone;[M+NORHARMANE+H];C21H30O5;-1.28070e-4;-0.241056;531.286249;1 out of 4
538.988625;538.988625;Cochineal Red A;[M+H];C20H14N2O10S3;2.92252e-4;0.542223;538.988333;1 out of 4
538.988625;538.988625;Amaranth;[M+H];C20H14N2O10S3;2.92252e-4;0.542223;538.988333;1 out of 4
543.323616;543.323616;(-)-Folicanthine;[M+NORHARMANE+H];C24H30N4;-3.55980e-4;-0.655189;543.323972;1 out of 4
544.339043;544.339043;"3,5-Dihydroxydodecanoylcarnitine";[M+NORHARMANE+H];C19H37NO6;3.00850e-5;0.055269;544.339013;1 out of 4
544.339043;544.339043;"3,10-Dihydroxydodecanoylcarnitine";[M+NORHARMANE+H];C19H37NO6;3.00850e-5;0.055269;544.339013;1 out of 4
544.339043;544.339043;"3,9-Dihydroxydodecanoylcarnitine";[M+NORHARMANE+H];C19H37NO6;3.00850e-5;0.055269;544.339013;1 out of 4
544.339043;544.339043;"3,6-Dihydroxydodecanoylcarnitine";[M+NORHARMANE+H];C19H37NO6;3.00850e-5;0.055269;544.339013;1 out of 4
544.339043;544.339043;"3,8-Dihydroxydodecanoylcarnitine";[M+NORHARMANE+H];C19H37NO6;3.00850e-5;0.055269;544.339013;1 out of 4
544.339043;544.339043;"3,7-Dihydroxydodecanoylcarnitine";[M+NORHARMANE+H];C19H37NO6;3.00850e-5;0.055269;544.339013;1 out of 4
544.339043;544.339043;"3,4-Dihydroxydodecanoylcarnitine";[M+NORHARMANE+H];C19H37NO6;3.00850e-5;0.055269;544.339013;1 out of 4
544.339043;544.339043;"3,11-Dihydroxydodecanoylcarnitine";[M+NORHARMANE+H];C19H37NO6;3.00850e-5;0.055269;544.339013;1 out of 4
545.338084;545.338084;9'-Carboxy-gamma-chromanol;[M+NORHARMANE+H];C23H36O4;-2.00639e-4;-0.367917;545.338285;1 out of 4
545.338084;545.338084;"MG(0:0/20:5(5Z,8Z,11Z,14Z,17Z)/0:0)";[M+NORHARMANE+H];C23H36O4;-2.00640e-4;-0.367918;545.338285;1 out of 4
545.338084;545.338084;"MG(20:5(5Z,8Z,11Z,14Z,17Z)/0:0/0:0)";[M+NORHARMANE+H];C23H36O4;-2.00640e-4;-0.367918;545.338285;1 out of 4
545.338084;545.338084;[12]-Gingerdione;[M+NORHARMANE+H];C23H36O4;-2.00640e-4;-0.367918;545.338285;1 out of 4
546.355207;546.355207;"LysoPC(20:3(5Z,8Z,11Z)/0:0)";[M+H];C28H52NO7P;-2.08535e-4;-0.381684;546.355416;1 out of 4
546.355207;546.355207;"LysoPC(20:3(8Z,11Z,14Z)/0:0)";[M+H];C28H52NO7P;-2.08535e-4;-0.381684;546.355416;1 out of 4
546.355207;546.355207;13-(3-Methyl-5-pentylfuran-2-yl)tridecanoylcarnitine;[M+K];C30H53NO5;-3.23811e-4;-0.592675;546.355531;1 out of 4
546.355207;546.355207;"11-(5-Hexyl-3,4-dimethylfuran-2-yl)undecanoylcarnitine";[M+K];C30H53NO5;-3.23811e-4;-0.592675;546.355531;1 out of 4
546.355207;546.355207;11-(5-Heptyl-3-methylfuran-2-yl)undecanoylcarnitine;[M+K];C30H53NO5;-3.23811e-4;-0.592675;546.355531;1 out of 4
546.355207;546.355207;"12-(3,4-Dimethyl-5-pentylfuran-2-yl)dodecanoylcarnitine";[M+K];C30H53NO5;-3.23811e-4;-0.592675;546.355531;1 out of 4
547.085211;547.085211;Limocitrin 3-glucoside;[M+K];C23H24O13;3.63146e-4;0.663784;547.084848;1 out of 4
547.085211;547.085211;Spinacetin 3-glucoside;[M+K];C23H24O13;3.63146e-4;0.663784;547.084848;1 out of 4
547.085211;547.085211;"4',8-Dimethylgossypetin 3-glucoside";[M+K];C23H24O13;3.63146e-4;0.663784;547.084848;1 out of 4
547.354438;547.354438;"MG(0:0/20:4(5Z,8Z,11Z,14Z)/0:0)";[M+NORHARMANE+H];C23H38O4;5.03296e-4;0.919507;547.353935;1 out of 4
547.354438;547.354438;"MG(0:0/20:4(8Z,11Z,14Z,17Z)/0:0)";[M+NORHARMANE+H];C23H38O4;5.03296e-4;0.919507;547.353935;1 out of 4
547.354438;547.354438;"MG(20:4(5Z,8Z,11Z,14Z)/0:0/0:0)";[M+NORHARMANE+H];C23H38O4;5.03296e-4;0.919507;547.353935;1 out of 4
547.354438;547.354438;"MG(20:4(8Z,11Z,14Z,17Z)/0:0/0:0)";[M+NORHARMANE+H];C23H38O4;5.03296e-4;0.919507;547.353935;1 out of 4
547.354438;547.354438;"1-Acetoxy-2-hydroxy-5,12,15-heneicosatrien-4-one";[M+NORHARMANE+H];C23H38O4;5.03296e-4;0.919507;547.353935;1 out of 4
547.354438;547.354438;[12]-Gingerol;[M+NORHARMANE+H];C23H38O4;5.03296e-4;0.919507;547.353935;1 out of 4
547.354438;547.354438;Persenone A;[M+NORHARMANE+H];C23H38O4;5.03296e-4;0.919507;547.353935;1 out of 4
547.354438;547.354438;1-Arachidonoylglycerol;[M+NORHARMANE+H];C23H38O4;5.03296e-4;0.919507;547.353935;1 out of 4
547.354438;547.354438;"Eicosa-5,8,11,14-tetraenoic acid 1,3-dihydroxypropan-2-yl ester";[M+NORHARMANE+H];C23H38O4;5.03296e-4;0.919507;547.353935;1 out of 4
547.354438;547.354438;24-Nor Ursodeoxycholic Acid;[M+NORHARMANE+H];C23H38O4;5.03296e-4;0.919507;547.353935;1 out of 4
547.354438;547.354438;METENEPROST;[M+NORHARMANE+H];C23H38O4;5.03296e-4;0.919507;547.353935;1 out of 4
547.354438;547.354438;TRIMOPROSTIL;[M+NORHARMANE+H];C23H38O4;5.03296e-4;0.919507;547.353935;1 out of 4
547.354438;547.354438;Nordeoxycholic acid;[M+NORHARMANE+H];C23H38O4;5.03296e-4;0.919507;547.353935;1 out of 4
549.276506;549.276506;Desmosine;[M+Na];C24H40N5O8;1.46312e-4;0.266372;549.276360;2 out of 4
549.276506;549.276506;MURABUTIDE;[M+H];C23H40N4O11;-1.28124e-4;-0.233260;549.276634;1 out of 4
549.276506;549.276506;Murabutida;[M+H];C23H40N4O11;-1.28124e-4;-0.233260;549.276634;1 out of 4
549.276506;549.276506;Fluorohydrocortisone;[M+NORHARMANE+H];C21H29FO5;-3.21197e-4;-0.584763;549.276827;1 out of 4
549.276506;549.276506;"(8S,9R,10S,11R,13S,14S,17S)-9-Fluoro-11,17-dihydroxy-17-(2-hydroxyacetyl)-10,13-dimethyl-1,2,6,7,8,11,12,14,15,16-decahydrocyclopenta[a]phenanthren-3-one";[M+NORHARMANE+H];C21H29FO5;-3.21197e-4;-0.584763;549.276827;1 out of 4
549.276506;549.276506;Fludrocortisone;[M+NORHARMANE+H];C21H29FO5;-3.21243e-4;-0.584847;549.276827;1 out of 4
549.276506;549.276506;Isodesmosine;[M+Na];C24H40N5O8;-4.02281e-4;-0.732383;549.276908;2 out of 4
550.080064;550.080064;"N-Acetylgalactosamine 4,6-disulfate";[M+NORHARMANE+H];C8H15NO12S2;-4.27329e-4;-0.776848;550.080491;1 out of 4
551.965281;551.965281;Cefuzoname;[M+K];C16H15N7O5S4;3.72693e-4;0.675211;551.964908;1 out of 4
553.271305;553.271305;Flavidulol C;[M+K];C34H42O4;-1.61832e-4;-0.292500;553.271467;1 out of 4
554.286284;554.286284;Vignatic acid A;[M+H];C30H39N3O7;2.07383e-4;0.374144;554.286077;3 out of 4
558.317876;558.317876;4-Hydroxydodecanedioylcarnitine;[M+NORHARMANE+H];C19H35NO7;-4.01471e-4;-0.719072;558.318277;1 out of 4
558.317876;558.317876;10-Hydroxydodecanedioylcarnitine;[M+NORHARMANE+H];C19H35NO7;-4.01471e-4;-0.719072;558.318277;1 out of 4
558.317876;558.317876;5-Hydroxydodecanedioylcarnitine;[M+NORHARMANE+H];C19H35NO7;-4.01471e-4;-0.719072;558.318277;1 out of 4
558.317876;558.317876;6-Hydroxydodecanedioylcarnitine;[M+NORHARMANE+H];C19H35NO7;-4.01471e-4;-0.719072;558.318277;1 out of 4
566.223751;566.223751;"1,2,4-Triazolo(4,3-b)pyridazine, 7-cyclobutyl-3-(2,6-difluorophenyl)-6-((1-methyl-1H-1,2,4-triazol-5-yl)methoxy)-";[M+NORHARMANE+H];C19H17F2N7O;5.61479e-4;0.991621;566.223190;1 out of 4
566.223751;566.223751;(2-Amino-3-methylphenyl)-[4-[4-[[2-(3-chlorophenyl)sulfonylphenyl]methyl]piperidin-1-yl]piperidin-1-yl]methanone;[M+H];C31H36ClN3O3S;-1.15900e-4;-0.204689;566.223867;1 out of 4
566.380011;566.380011;Cholylcitrulline;[M+H];C30H51N3O7;3.40060e-5;0.060041;566.379977;2 out of 4
568.238494;568.238494;Pipazethate;[M+NORHARMANE+H];C21H25N3O3S;-9.33710e-5;-0.164317;568.238587;1 out of 4
568.238494;568.238494;alpha-Acetolactate decarboxylase (enzyme preparation from bacillus subtilis recombinant);[M+NORHARMANE+H];C21H25N3O3S;-9.33710e-5;-0.164317;568.238587;1 out of 4
568.238494;568.238494;Quetiapine Sulfoxide;[M+NORHARMANE+H];C21H25N3O3S;-9.38510e-5;-0.165161;568.238588;1 out of 4
568.238494;568.238494;"7-(Tert-Butyl)-3-(2,5-difluorophenyl)-6-((1-methyl-1H-1,2,4-triazol-5-yl)methoxy)-[1,2,4]triazolo[4,3-b]pyridazine";[M+NORHARMANE+H];C19H19F2N7O;-3.45586e-4;-0.608170;568.238840;1 out of 4
568.238494;568.238494;Haloperidol decanoate;[M+K];C31H41ClFNO3;-5.63000e-4;-0.990780;568.239057;2 out of 4
568.242391;568.242391;AB-MECA;[M+NORHARMANE+H];C18H21N7O4;-3.61840e-5;-0.063677;568.242427;1 out of 4
571.317916;571.317916;Gamabufotalin;[M+NORHARMANE+H];C24H34O5;3.66805e-4;0.642033;571.317549;1 out of 4
571.317916;571.317916;Macrolactin-A;[M+NORHARMANE+H];C24H34O5;3.66805e-4;0.642033;571.317549;1 out of 4
571.317916;571.317916;Telocinobufagin;[M+NORHARMANE+H];C24H34O5;3.66805e-4;0.642033;571.317549;1 out of 4
571.317916;571.317916;Clascoterone;[M+NORHARMANE+H];C24H34O5;3.66805e-4;0.642033;571.317549;1 out of 4
571.317916;571.317916;Lucidone A;[M+NORHARMANE+H];C24H34O5;3.66802e-4;0.642028;571.317549;1 out of 4
573.064308;573.064308;6''-Malonylastragalin;[M+K];C24H22O14;1.95588e-4;0.341302;573.064112;1 out of 4
573.064308;573.064308;"4',5-Dihydroxy-3,3'-dimethoxy-6,7-methylenedioxyflavone 4'-glucuronide";[M+K];C24H22O14;1.95588e-4;0.341302;573.064112;1 out of 4
573.064308;573.064308;"3,5-Dihydroxy-3',4'-dimethoxy-6,7-methylenedioxyflavone 3-glucuronide";[M+K];C24H22O14;1.95588e-4;0.341302;573.064112;1 out of 4
573.064308;573.064308;2'-Hydroxygenistein 7-(6''-malonylglucoside);[M+K];C24H22O14;1.95588e-4;0.341302;573.064112;1 out of 4
573.064308;573.064308;Luteolin 7-malonylglucoside;[M+K];C24H22O14;1.95588e-4;0.341302;573.064112;1 out of 4
573.064308;573.064308;Kaempferol 3-O-(6-malonyl-glucoside);[M+K];C24H22O14;1.95588e-4;0.341302;573.064112;1 out of 4
573.064308;573.064308;Apigenin 7-(6''-malonylglucoside);[M+K];C24H22O14;1.95588e-4;0.341302;573.064112;1 out of 4
573.064308;573.064308;"5,4'-Dihydroxy-3,3'-dimethoxy-6,7-methylenedioxyflavone 4'-glucuronide";[M+K];C24H22O14;1.95588e-4;0.341302;573.064112;1 out of 4
573.064308;573.064308;Luteolin 7-(6''-malonylglucoside);[M+K];C24H22O14;1.95588e-4;0.341302;573.064112;1 out of 4
573.303190;573.303190;"LysoPI(16:0/0:0)";[M+H];C25H49O12P;-2.49544e-4;-0.435274;573.303440;1 out of 4
573.486203;573.486203;Octenidine;[M+Na];C36H62N4;-4.65012e-4;-0.810851;573.486668;2 out of 4
575.080217;575.080217;Jaceidin 4'-glucuronide;[M+K];C24H24O14;4.54524e-4;0.790367;575.079762;1 out of 4
575.080217;575.080217;"3,5,6-Trihydroxy-3',4',7-trimethoxyflavone 3-glucuronide";[M+K];C24H24O14;4.54524e-4;0.790367;575.079762;1 out of 4
575.253384;575.253384;Senegenin;[M+K];C30H45ClO6;-2.39900e-4;-0.417033;575.253624;1 out of 4
576.268029;576.268029;Vignatic acid A;[M+Na];C30H39N3O7;8.38300e-6;0.014547;576.268021;3 out of 4
588.361651;588.361651;Cholylcitrulline;[M+Na];C30H51N3O7;-2.69994e-4;-0.458891;588.361921;2 out of 4
592.241427;592.241427;Vignatic acid A;[M+K];C30H39N3O7;-5.30617e-4;-0.895946;592.241958;3 out of 4
598.249487;598.249487;Azeloprazole;[M+NORHARMANE+H];C22H27N3O4S;3.34465e-4;0.559073;598.249153;1 out of 4
599.501429;599.501429;Cohibin C;[M+Na];C37H68O4;4.48336e-4;0.747849;599.500981;1 out of 4
599.501429;599.501429;Cohibin D;[M+Na];C37H68O4;4.48336e-4;0.747849;599.500981;1 out of 4
605.402915;605.402915;"DG(10:0/PGF2alpha/0:0)";[M+Na];C33H58O8;5.26172e-4;0.869128;605.402389;1 out of 4
605.402915;605.402915;"DG(PGF2alpha/10:0/0:0)";[M+Na];C33H58O8;5.26172e-4;0.869128;605.402389;1 out of 4
605.402915;605.402915;"DG(10:0/0:0/PGF2alpha)";[M+Na];C33H58O8;5.26172e-4;0.869128;605.402389;1 out of 4
605.402915;605.402915;"DG(PGF2alpha/0:0/10:0)";[M+Na];C33H58O8;5.26172e-4;0.869128;605.402389;1 out of 4
605.402915;605.402915;"DG(10:0/PGE1/0:0)";[M+Na];C33H58O8;5.26172e-4;0.869128;605.402389;1 out of 4
605.402915;605.402915;"DG(PGE1/10:0/0:0)";[M+Na];C33H58O8;5.26172e-4;0.869128;605.402389;1 out of 4
605.402915;605.402915;"DG(10:0/0:0/PGE1)";[M+Na];C33H58O8;5.26172e-4;0.869128;605.402389;1 out of 4
605.402915;605.402915;"DG(PGE1/0:0/10:0)";[M+Na];C33H58O8;5.26172e-4;0.869128;605.402389;1 out of 4
605.402915;605.402915;"DG(10:0/PGD1/0:0)";[M+Na];C33H58O8;5.26172e-4;0.869128;605.402389;1 out of 4
605.402915;605.402915;"DG(PGD1/10:0/0:0)";[M+Na];C33H58O8;5.26172e-4;0.869128;605.402389;1 out of 4
605.402915;605.402915;"DG(10:0/0:0/PGD1)";[M+Na];C33H58O8;5.26172e-4;0.869128;605.402389;1 out of 4
605.402915;605.402915;"DG(PGD1/0:0/10:0)";[M+Na];C33H58O8;5.26172e-4;0.869128;605.402389;1 out of 4
605.402915;605.402915;"DG(12:0/5-iso PGF2VI/0:0)";[M+Na];C33H58O8;5.26172e-4;0.869128;605.402389;1 out of 4
605.402915;605.402915;"DG(5-iso PGF2VI/12:0/0:0)";[M+Na];C33H58O8;5.26172e-4;0.869128;605.402389;1 out of 4
605.402915;605.402915;"DG(12:0/0:0/5-iso PGF2VI)";[M+Na];C33H58O8;5.26172e-4;0.869128;605.402389;1 out of 4
605.402915;605.402915;"DG(5-iso PGF2VI/0:0/12:0)";[M+Na];C33H58O8;5.26172e-4;0.869128;605.402389;1 out of 4
605.402915;605.402915;"DG(i-12:0/5-iso PGF2VI/0:0)";[M+Na];C33H58O8;5.26172e-4;0.869128;605.402389;1 out of 4
605.402915;605.402915;"DG(5-iso PGF2VI/i-12:0/0:0)";[M+Na];C33H58O8;5.26172e-4;0.869128;605.402389;1 out of 4
605.402915;605.402915;"DG(i-12:0/0:0/5-iso PGF2VI)";[M+Na];C33H58O8;5.26172e-4;0.869128;605.402389;1 out of 4
605.402915;605.402915;"DG(5-iso PGF2VI/0:0/i-12:0)";[M+Na];C33H58O8;5.26172e-4;0.869128;605.402389;1 out of 4
605.541169;605.541169;2-Methyl-3-nonacosanone;[M+NORHARMANE+H];C30H60O;-1.72542e-4;-0.284938;605.541342;1 out of 4
605.541169;605.541169;(±)-2-Nonylheneicosanal;[M+NORHARMANE+H];C30H60O;-1.72542e-4;-0.284938;605.541342;1 out of 4
605.541169;605.541169;Triacontanal;[M+NORHARMANE+H];C30H60O;-1.72542e-4;-0.284938;605.541342;1 out of 4
605.547806;605.547806;"DG(O-16:0/18:0/0:0)";[M+Na];C37H74O4;-1.24856e-4;-0.206187;605.547931;1 out of 4
617.359583;617.359583;"(ent-2b,4S,9a)-2,4,9-Trihydroxy-10(14)-oplopen-3-one 2-(2-methylbutanoate) 9-(3-methyl-2E-pentenoate)";[M+NORHARMANE+H];C26H40O6;1.68988e-4;0.273727;617.359414;1 out of 4
617.359583;617.359583;"7,8-Dehydroastaxanthianthin";[M+Na];C40H50O4;-5.47088e-4;-0.886173;617.360130;1 out of 4
633.434118;633.434118;"DG(12:0/PGF2alpha/0:0)";[M+Na];C35H62O8;4.29044e-4;0.677331;633.433689;1 out of 4
633.434118;633.434118;"DG(PGF2alpha/12:0/0:0)";[M+Na];C35H62O8;4.29044e-4;0.677331;633.433689;1 out of 4
633.434118;633.434118;"DG(12:0/0:0/PGF2alpha)";[M+Na];C35H62O8;4.29044e-4;0.677331;633.433689;1 out of 4
633.434118;633.434118;"DG(PGF2alpha/0:0/12:0)";[M+Na];C35H62O8;4.29044e-4;0.677331;633.433689;1 out of 4
633.434118;633.434118;"DG(12:0/PGE1/0:0)";[M+Na];C35H62O8;4.29044e-4;0.677331;633.433689;1 out of 4
633.434118;633.434118;"DG(PGE1/12:0/0:0)";[M+Na];C35H62O8;4.29044e-4;0.677331;633.433689;1 out of 4
633.434118;633.434118;"DG(12:0/0:0/PGE1)";[M+Na];C35H62O8;4.29044e-4;0.677331;633.433689;1 out of 4
633.434118;633.434118;"DG(PGE1/0:0/12:0)";[M+Na];C35H62O8;4.29044e-4;0.677331;633.433689;1 out of 4
633.434118;633.434118;"DG(12:0/PGD1/0:0)";[M+Na];C35H62O8;4.29044e-4;0.677331;633.433689;1 out of 4
633.434118;633.434118;"DG(PGD1/12:0/0:0)";[M+Na];C35H62O8;4.29044e-4;0.677331;633.433689;1 out of 4
633.434118;633.434118;"DG(12:0/0:0/PGD1)";[M+Na];C35H62O8;4.29044e-4;0.677331;633.433689;1 out of 4
633.434118;633.434118;"DG(PGD1/0:0/12:0)";[M+Na];C35H62O8;4.29044e-4;0.677331;633.433689;1 out of 4
633.434118;633.434118;"DG(14:0/5-iso PGF2VI/0:0)";[M+Na];C35H62O8;4.29044e-4;0.677331;633.433689;1 out of 4
633.434118;633.434118;"DG(5-iso PGF2VI/14:0/0:0)";[M+Na];C35H62O8;4.29044e-4;0.677331;633.433689;1 out of 4
633.434118;633.434118;"DG(14:0/0:0/5-iso PGF2VI)";[M+Na];C35H62O8;4.29044e-4;0.677331;633.433689;1 out of 4
633.434118;633.434118;"DG(5-iso PGF2VI/0:0/14:0)";[M+Na];C35H62O8;4.29044e-4;0.677331;633.433689;1 out of 4
633.434118;633.434118;"DG(i-12:0/PGF2alpha/0:0)";[M+Na];C35H62O8;4.29044e-4;0.677331;633.433689;1 out of 4
633.434118;633.434118;"DG(PGF2alpha/i-12:0/0:0)";[M+Na];C35H62O8;4.29044e-4;0.677331;633.433689;1 out of 4
633.434118;633.434118;"DG(i-12:0/0:0/PGF2alpha)";[M+Na];C35H62O8;4.29044e-4;0.677331;633.433689;1 out of 4
633.434118;633.434118;"DG(PGF2alpha/0:0/i-12:0)";[M+Na];C35H62O8;4.29044e-4;0.677331;633.433689;1 out of 4
633.434118;633.434118;"DG(i-12:0/PGE1/0:0)";[M+Na];C35H62O8;4.29044e-4;0.677331;633.433689;1 out of 4
633.434118;633.434118;"DG(PGE1/i-12:0/0:0)";[M+Na];C35H62O8;4.29044e-4;0.677331;633.433689;1 out of 4
633.434118;633.434118;"DG(i-12:0/0:0/PGE1)";[M+Na];C35H62O8;4.29044e-4;0.677331;633.433689;1 out of 4
633.434118;633.434118;"DG(PGE1/0:0/i-12:0)";[M+Na];C35H62O8;4.29044e-4;0.677331;633.433689;1 out of 4
633.434118;633.434118;"DG(i-12:0/PGD1/0:0)";[M+Na];C35H62O8;4.29044e-4;0.677331;633.433689;1 out of 4
633.434118;633.434118;"DG(PGD1/i-12:0/0:0)";[M+Na];C35H62O8;4.29044e-4;0.677331;633.433689;1 out of 4
633.434118;633.434118;"DG(i-12:0/0:0/PGD1)";[M+Na];C35H62O8;4.29044e-4;0.677331;633.433689;1 out of 4
633.434118;633.434118;"DG(PGD1/0:0/i-12:0)";[M+Na];C35H62O8;4.29044e-4;0.677331;633.433689;1 out of 4
633.434118;633.434118;"DG(i-14:0/5-iso PGF2VI/0:0)";[M+Na];C35H62O8;4.29044e-4;0.677331;633.433689;1 out of 4
633.434118;633.434118;"DG(5-iso PGF2VI/i-14:0/0:0)";[M+Na];C35H62O8;4.29044e-4;0.677331;633.433689;1 out of 4
633.434118;633.434118;"DG(i-14:0/0:0/5-iso PGF2VI)";[M+Na];C35H62O8;4.29044e-4;0.677331;633.433689;1 out of 4
633.434118;633.434118;"DG(5-iso PGF2VI/0:0/i-14:0)";[M+Na];C35H62O8;4.29044e-4;0.677331;633.433689;1 out of 4
633.434118;633.434118;Annonisin;[M+Na];C35H62O8;4.29040e-4;0.677324;633.433689;1 out of 4
633.434118;633.434118;Trilobalicin;[M+Na];C35H62O8;4.29040e-4;0.677324;633.433689;1 out of 4
633.434118;633.434118;Annoglaxin;[M+Na];C35H62O8;4.29040e-4;0.677324;633.433689;1 out of 4
645.390653;645.390653;Polyporusterone B;[M+NORHARMANE+H];C28H44O6;-6.11400e-5;-0.094733;645.390714;1 out of 4
645.390653;645.390653;Polyporusterone C;[M+NORHARMANE+H];C28H44O6;-6.11400e-5;-0.094733;645.390714;1 out of 4
645.434012;645.434012;Ginsenoside C-K;[M+Na];C36H62O8;3.23044e-4;0.500507;645.433689;1 out of 4
645.434012;645.434012;"DG(13:0/PGE2/0:0)";[M+Na];C36H62O8;3.23044e-4;0.500507;645.433689;1 out of 4
645.434012;645.434012;"DG(PGE2/13:0/0:0)";[M+Na];C36H62O8;3.23044e-4;0.500507;645.433689;1 out of 4
645.434012;645.434012;"DG(13:0/0:0/PGE2)";[M+Na];C36H62O8;3.23044e-4;0.500507;645.433689;1 out of 4
645.434012;645.434012;"DG(PGE2/0:0/13:0)";[M+Na];C36H62O8;3.23044e-4;0.500507;645.433689;1 out of 4
645.434012;645.434012;"DG(13:0/PGD2/0:0)";[M+Na];C36H62O8;3.23044e-4;0.500507;645.433689;1 out of 4
645.434012;645.434012;"DG(PGD2/13:0/0:0)";[M+Na];C36H62O8;3.23044e-4;0.500507;645.433689;1 out of 4
645.434012;645.434012;"DG(13:0/0:0/PGD2)";[M+Na];C36H62O8;3.23044e-4;0.500507;645.433689;1 out of 4
645.434012;645.434012;"DG(PGD2/0:0/13:0)";[M+Na];C36H62O8;3.23044e-4;0.500507;645.433689;1 out of 4
645.434012;645.434012;"DG(13:0/20:4(7E,9E,11Z,13E)-3OH(5S,6R,15S)/0:0)";[M+Na];C36H62O8;3.23044e-4;0.500507;645.433689;1 out of 4
645.434012;645.434012;"DG(20:4(7E,9E,11Z,13E)-3OH(5S,6R,15S)/13:0/0:0)";[M+Na];C36H62O8;3.23044e-4;0.500507;645.433689;1 out of 4
645.434012;645.434012;"DG(13:0/0:0/20:4(7E,9E,11Z,13E)-3OH(5S,6R,15S))";[M+Na];C36H62O8;3.23044e-4;0.500507;645.433689;1 out of 4
645.434012;645.434012;"DG(20:4(7E,9E,11Z,13E)-3OH(5S,6R,15S)/0:0/13:0)";[M+Na];C36H62O8;3.23044e-4;0.500507;645.433689;1 out of 4
645.434012;645.434012;"DG(a-13:0/PGE2/0:0)";[M+Na];C36H62O8;3.23044e-4;0.500507;645.433689;1 out of 4
645.434012;645.434012;"DG(PGE2/a-13:0/0:0)";[M+Na];C36H62O8;3.23044e-4;0.500507;645.433689;1 out of 4
645.434012;645.434012;"DG(a-13:0/0:0/PGE2)";[M+Na];C36H62O8;3.23044e-4;0.500507;645.433689;1 out of 4
645.434012;645.434012;"DG(PGE2/0:0/a-13:0)";[M+Na];C36H62O8;3.23044e-4;0.500507;645.433689;1 out of 4
645.434012;645.434012;"DG(a-13:0/PGD2/0:0)";[M+Na];C36H62O8;3.23044e-4;0.500507;645.433689;1 out of 4
645.434012;645.434012;"DG(PGD2/a-13:0/0:0)";[M+Na];C36H62O8;3.23044e-4;0.500507;645.433689;1 out of 4
645.434012;645.434012;"DG(a-13:0/0:0/PGD2)";[M+Na];C36H62O8;3.23044e-4;0.500507;645.433689;1 out of 4
645.434012;645.434012;"DG(PGD2/0:0/a-13:0)";[M+Na];C36H62O8;3.23044e-4;0.500507;645.433689;1 out of 4
645.434012;645.434012;"DG(a-13:0/20:4(7E,9E,11Z,13E)-3OH(5S,6R,15S)/0:0)";[M+Na];C36H62O8;3.23044e-4;0.500507;645.433689;1 out of 4
645.434012;645.434012;"DG(20:4(7E,9E,11Z,13E)-3OH(5S,6R,15S)/a-13:0/0:0)";[M+Na];C36H62O8;3.23044e-4;0.500507;645.433689;1 out of 4
645.434012;645.434012;"DG(a-13:0/0:0/20:4(7E,9E,11Z,13E)-3OH(5S,6R,15S))";[M+Na];C36H62O8;3.23044e-4;0.500507;645.433689;1 out of 4
645.434012;645.434012;"DG(20:4(7E,9E,11Z,13E)-3OH(5S,6R,15S)/0:0/a-13:0)";[M+Na];C36H62O8;3.23044e-4;0.500507;645.433689;1 out of 4
645.434012;645.434012;"DG(i-13:0/PGE2/0:0)";[M+Na];C36H62O8;3.23044e-4;0.500507;645.433689;1 out of 4
645.434012;645.434012;"DG(PGE2/i-13:0/0:0)";[M+Na];C36H62O8;3.23044e-4;0.500507;645.433689;1 out of 4
645.434012;645.434012;"DG(i-13:0/0:0/PGE2)";[M+Na];C36H62O8;3.23044e-4;0.500507;645.433689;1 out of 4
645.434012;645.434012;"DG(PGE2/0:0/i-13:0)";[M+Na];C36H62O8;3.23044e-4;0.500507;645.433689;1 out of 4
645.434012;645.434012;"DG(i-13:0/PGD2/0:0)";[M+Na];C36H62O8;3.23044e-4;0.500507;645.433689;1 out of 4
645.434012;645.434012;"DG(PGD2/i-13:0/0:0)";[M+Na];C36H62O8;3.23044e-4;0.500507;645.433689;1 out of 4
645.434012;645.434012;"DG(i-13:0/0:0/PGD2)";[M+Na];C36H62O8;3.23044e-4;0.500507;645.433689;1 out of 4
645.434012;645.434012;"DG(PGD2/0:0/i-13:0)";[M+Na];C36H62O8;3.23044e-4;0.500507;645.433689;1 out of 4
645.434012;645.434012;"DG(i-13:0/20:4(7E,9E,11Z,13E)-3OH(5S,6R,15S)/0:0)";[M+Na];C36H62O8;3.23044e-4;0.500507;645.433689;1 out of 4
645.434012;645.434012;"DG(20:4(7E,9E,11Z,13E)-3OH(5S,6R,15S)/i-13:0/0:0)";[M+Na];C36H62O8;3.23044e-4;0.500507;645.433689;1 out of 4
645.434012;645.434012;"DG(i-13:0/0:0/20:4(7E,9E,11Z,13E)-3OH(5S,6R,15S))";[M+Na];C36H62O8;3.23044e-4;0.500507;645.433689;1 out of 4
645.434012;645.434012;"DG(20:4(7E,9E,11Z,13E)-3OH(5S,6R,15S)/0:0/i-13:0)";[M+Na];C36H62O8;3.23044e-4;0.500507;645.433689;1 out of 4
645.434012;645.434012;(20R)-Ginsenoside Rh2;[M+Na];C36H62O8;3.23040e-4;0.500501;645.433689;1 out of 4
645.434012;645.434012;Squamosinin A;[M+Na];C36H62O8;3.23040e-4;0.500501;645.433689;1 out of 4
647.449985;647.449985;"DG(13:0/PGF2alpha/0:0)";[M+Na];C36H64O8;6.45979e-4;0.997729;647.449339;1 out of 4
647.449985;647.449985;"DG(PGF2alpha/13:0/0:0)";[M+Na];C36H64O8;6.45979e-4;0.997729;647.449339;1 out of 4
647.449985;647.449985;"DG(13:0/0:0/PGF2alpha)";[M+Na];C36H64O8;6.45979e-4;0.997729;647.449339;1 out of 4
647.449985;647.449985;"DG(PGF2alpha/0:0/13:0)";[M+Na];C36H64O8;6.45979e-4;0.997729;647.449339;1 out of 4
647.449985;647.449985;"DG(13:0/PGE1/0:0)";[M+Na];C36H64O8;6.45979e-4;0.997729;647.449339;1 out of 4
647.449985;647.449985;"DG(PGE1/13:0/0:0)";[M+Na];C36H64O8;6.45979e-4;0.997729;647.449339;1 out of 4
647.449985;647.449985;"DG(13:0/0:0/PGE1)";[M+Na];C36H64O8;6.45979e-4;0.997729;647.449339;1 out of 4
647.449985;647.449985;"DG(PGE1/0:0/13:0)";[M+Na];C36H64O8;6.45979e-4;0.997729;647.449339;1 out of 4
647.449985;647.449985;"DG(13:0/PGD1/0:0)";[M+Na];C36H64O8;6.45979e-4;0.997729;647.449339;1 out of 4
647.449985;647.449985;"DG(PGD1/13:0/0:0)";[M+Na];C36H64O8;6.45979e-4;0.997729;647.449339;1 out of 4
647.449985;647.449985;"DG(13:0/0:0/PGD1)";[M+Na];C36H64O8;6.45979e-4;0.997729;647.449339;1 out of 4
647.449985;647.449985;"DG(PGD1/0:0/13:0)";[M+Na];C36H64O8;6.45979e-4;0.997729;647.449339;1 out of 4
647.449985;647.449985;"DG(15:0/5-iso PGF2VI/0:0)";[M+Na];C36H64O8;6.45979e-4;0.997729;647.449339;1 out of 4
647.449985;647.449985;"DG(5-iso PGF2VI/15:0/0:0)";[M+Na];C36H64O8;6.45979e-4;0.997729;647.449339;1 out of 4
647.449985;647.449985;"DG(15:0/0:0/5-iso PGF2VI)";[M+Na];C36H64O8;6.45979e-4;0.997729;647.449339;1 out of 4
647.449985;647.449985;"DG(5-iso PGF2VI/0:0/15:0)";[M+Na];C36H64O8;6.45979e-4;0.997729;647.449339;1 out of 4
647.449985;647.449985;"DG(a-13:0/PGF2alpha/0:0)";[M+Na];C36H64O8;6.45979e-4;0.997729;647.449339;1 out of 4
647.449985;647.449985;"DG(PGF2alpha/a-13:0/0:0)";[M+Na];C36H64O8;6.45979e-4;0.997729;647.449339;1 out of 4
647.449985;647.449985;"DG(a-13:0/0:0/PGF2alpha)";[M+Na];C36H64O8;6.45979e-4;0.997729;647.449339;1 out of 4
647.449985;647.449985;"DG(PGF2alpha/0:0/a-13:0)";[M+Na];C36H64O8;6.45979e-4;0.997729;647.449339;1 out of 4
647.449985;647.449985;"DG(a-13:0/PGE1/0:0)";[M+Na];C36H64O8;6.45979e-4;0.997729;647.449339;1 out of 4
647.449985;647.449985;"DG(PGE1/a-13:0/0:0)";[M+Na];C36H64O8;6.45979e-4;0.997729;647.449339;1 out of 4
647.449985;647.449985;"DG(a-13:0/0:0/PGE1)";[M+Na];C36H64O8;6.45979e-4;0.997729;647.449339;1 out of 4
647.449985;647.449985;"DG(PGE1/0:0/a-13:0)";[M+Na];C36H64O8;6.45979e-4;0.997729;647.449339;1 out of 4
647.449985;647.449985;"DG(a-13:0/PGD1/0:0)";[M+Na];C36H64O8;6.45979e-4;0.997729;647.449339;1 out of 4
647.449985;647.449985;"DG(PGD1/a-13:0/0:0)";[M+Na];C36H64O8;6.45979e-4;0.997729;647.449339;1 out of 4
647.449985;647.449985;"DG(a-13:0/0:0/PGD1)";[M+Na];C36H64O8;6.45979e-4;0.997729;647.449339;1 out of 4
647.449985;647.449985;"DG(PGD1/0:0/a-13:0)";[M+Na];C36H64O8;6.45979e-4;0.997729;647.449339;1 out of 4
647.449985;647.449985;"DG(a-15:0/5-iso PGF2VI/0:0)";[M+Na];C36H64O8;6.45979e-4;0.997729;647.449339;1 out of 4
647.449985;647.449985;"DG(5-iso PGF2VI/a-15:0/0:0)";[M+Na];C36H64O8;6.45979e-4;0.997729;647.449339;1 out of 4
647.449985;647.449985;"DG(a-15:0/0:0/5-iso PGF2VI)";[M+Na];C36H64O8;6.45979e-4;0.997729;647.449339;1 out of 4
647.449985;647.449985;"DG(5-iso PGF2VI/0:0/a-15:0)";[M+Na];C36H64O8;6.45979e-4;0.997729;647.449339;1 out of 4
647.449985;647.449985;"DG(i-13:0/PGF2alpha/0:0)";[M+Na];C36H64O8;6.45979e-4;0.997729;647.449339;1 out of 4
647.449985;647.449985;"DG(PGF2alpha/i-13:0/0:0)";[M+Na];C36H64O8;6.45979e-4;0.997729;647.449339;1 out of 4
647.449985;647.449985;"DG(i-13:0/0:0/PGF2alpha)";[M+Na];C36H64O8;6.45979e-4;0.997729;647.449339;1 out of 4
647.449985;647.449985;"DG(PGF2alpha/0:0/i-13:0)";[M+Na];C36H64O8;6.45979e-4;0.997729;647.449339;1 out of 4
647.449985;647.449985;"DG(i-13:0/PGE1/0:0)";[M+Na];C36H64O8;6.45979e-4;0.997729;647.449339;1 out of 4
647.449985;647.449985;"DG(PGE1/i-13:0/0:0)";[M+Na];C36H64O8;6.45979e-4;0.997729;647.449339;1 out of 4
647.449985;647.449985;"DG(i-13:0/0:0/PGE1)";[M+Na];C36H64O8;6.45979e-4;0.997729;647.449339;1 out of 4
647.449985;647.449985;"DG(PGE1/0:0/i-13:0)";[M+Na];C36H64O8;6.45979e-4;0.997729;647.449339;1 out of 4
647.449985;647.449985;"DG(i-13:0/PGD1/0:0)";[M+Na];C36H64O8;6.45979e-4;0.997729;647.449339;1 out of 4
647.449985;647.449985;"DG(PGD1/i-13:0/0:0)";[M+Na];C36H64O8;6.45979e-4;0.997729;647.449339;1 out of 4
647.449985;647.449985;"DG(i-13:0/0:0/PGD1)";[M+Na];C36H64O8;6.45979e-4;0.997729;647.449339;1 out of 4
647.449985;647.449985;"DG(PGD1/0:0/i-13:0)";[M+Na];C36H64O8;6.45979e-4;0.997729;647.449339;1 out of 4
647.449985;647.449985;"DG(i-15:0/5-iso PGF2VI/0:0)";[M+Na];C36H64O8;6.45979e-4;0.997729;647.449339;1 out of 4
647.449985;647.449985;"DG(5-iso PGF2VI/i-15:0/0:0)";[M+Na];C36H64O8;6.45979e-4;0.997729;647.449339;1 out of 4
647.449985;647.449985;"DG(i-15:0/0:0/5-iso PGF2VI)";[M+Na];C36H64O8;6.45979e-4;0.997729;647.449339;1 out of 4
647.449985;647.449985;"DG(5-iso PGF2VI/0:0/i-15:0)";[M+Na];C36H64O8;6.45979e-4;0.997729;647.449339;1 out of 4
649.428962;649.428962;"DG(12:0/6 keto-PGF1alpha/0:0)";[M+Na];C35H62O9;3.58424e-4;0.551907;649.428604;1 out of 4
649.428962;649.428962;"DG(6 keto-PGF1alpha/12:0/0:0)";[M+Na];C35H62O9;3.58424e-4;0.551907;649.428604;1 out of 4
649.428962;649.428962;"DG(12:0/0:0/6 keto-PGF1alpha)";[M+Na];C35H62O9;3.58424e-4;0.551907;649.428604;1 out of 4
649.428962;649.428962;"DG(6 keto-PGF1alpha/0:0/12:0)";[M+Na];C35H62O9;3.58424e-4;0.551907;649.428604;1 out of 4
649.428962;649.428962;"DG(12:0/TXB2/0:0)";[M+Na];C35H62O9;3.58424e-4;0.551907;649.428604;1 out of 4
649.428962;649.428962;"DG(TXB2/12:0/0:0)";[M+Na];C35H62O9;3.58424e-4;0.551907;649.428604;1 out of 4
649.428962;649.428962;"DG(12:0/0:0/TXB2)";[M+Na];C35H62O9;3.58424e-4;0.551907;649.428604;1 out of 4
649.428962;649.428962;"DG(TXB2/0:0/12:0)";[M+Na];C35H62O9;3.58424e-4;0.551907;649.428604;1 out of 4
649.428962;649.428962;"DG(i-12:0/6 keto-PGF1alpha/0:0)";[M+Na];C35H62O9;3.58424e-4;0.551907;649.428604;1 out of 4
649.428962;649.428962;"DG(6 keto-PGF1alpha/i-12:0/0:0)";[M+Na];C35H62O9;3.58424e-4;0.551907;649.428604;1 out of 4
649.428962;649.428962;"DG(i-12:0/0:0/6 keto-PGF1alpha)";[M+Na];C35H62O9;3.58424e-4;0.551907;649.428604;1 out of 4
649.428962;649.428962;"DG(6 keto-PGF1alpha/0:0/i-12:0)";[M+Na];C35H62O9;3.58424e-4;0.551907;649.428604;1 out of 4
649.428962;649.428962;"DG(i-12:0/TXB2/0:0)";[M+Na];C35H62O9;3.58424e-4;0.551907;649.428604;1 out of 4
649.428962;649.428962;"DG(TXB2/i-12:0/0:0)";[M+Na];C35H62O9;3.58424e-4;0.551907;649.428604;1 out of 4
649.428962;649.428962;"DG(i-12:0/0:0/TXB2)";[M+Na];C35H62O9;3.58424e-4;0.551907;649.428604;1 out of 4
649.428962;649.428962;"DG(TXB2/0:0/i-12:0)";[M+Na];C35H62O9;3.58424e-4;0.551907;649.428604;1 out of 4
649.465228;649.465228;"DG(13:0/PGF1alpha/0:0)";[M+Na];C36H66O8;2.38915e-4;0.367864;649.464989;1 out of 4
649.465228;649.465228;"DG(PGF1alpha/13:0/0:0)";[M+Na];C36H66O8;2.38915e-4;0.367864;649.464989;1 out of 4
649.465228;649.465228;"DG(13:0/0:0/PGF1alpha)";[M+Na];C36H66O8;2.38915e-4;0.367864;649.464989;1 out of 4
649.465228;649.465228;"DG(PGF1alpha/0:0/13:0)";[M+Na];C36H66O8;2.38915e-4;0.367864;649.464989;1 out of 4
649.465228;649.465228;"DG(a-13:0/PGF1alpha/0:0)";[M+Na];C36H66O8;2.38915e-4;0.367864;649.464989;1 out of 4
649.465228;649.465228;"DG(PGF1alpha/a-13:0/0:0)";[M+Na];C36H66O8;2.38915e-4;0.367864;649.464989;1 out of 4
649.465228;649.465228;"DG(a-13:0/0:0/PGF1alpha)";[M+Na];C36H66O8;2.38915e-4;0.367864;649.464989;1 out of 4
649.465228;649.465228;"DG(PGF1alpha/0:0/a-13:0)";[M+Na];C36H66O8;2.38915e-4;0.367864;649.464989;1 out of 4
649.465228;649.465228;"DG(i-13:0/PGF1alpha/0:0)";[M+Na];C36H66O8;2.38915e-4;0.367864;649.464989;1 out of 4
649.465228;649.465228;"DG(PGF1alpha/i-13:0/0:0)";[M+Na];C36H66O8;2.38915e-4;0.367864;649.464989;1 out of 4
649.465228;649.465228;"DG(i-13:0/0:0/PGF1alpha)";[M+Na];C36H66O8;2.38915e-4;0.367864;649.464989;1 out of 4
649.465228;649.465228;"DG(PGF1alpha/0:0/i-13:0)";[M+Na];C36H66O8;2.38915e-4;0.367864;649.464989;1 out of 4
657.390408;657.390408;Antcin K;[M+NORHARMANE+H];C29H44O6;-3.06137e-4;-0.465685;657.390714;1 out of 4
659.391358;659.391358;"DG(13:0/20:5(7Z,9Z,11E,13E,17Z)-3OH(5,6,15)/0:0)";[M+K];C36H60O8;-6.17892e-4;-0.937063;659.391976;1 out of 4
659.391358;659.391358;"DG(20:5(7Z,9Z,11E,13E,17Z)-3OH(5,6,15)/13:0/0:0)";[M+K];C36H60O8;-6.17892e-4;-0.937063;659.391976;1 out of 4
659.391358;659.391358;"DG(13:0/0:0/20:5(7Z,9Z,11E,13E,17Z)-3OH(5,6,15))";[M+K];C36H60O8;-6.17892e-4;-0.937063;659.391976;1 out of 4
659.391358;659.391358;"DG(20:5(7Z,9Z,11E,13E,17Z)-3OH(5,6,15)/0:0/13:0)";[M+K];C36H60O8;-6.17892e-4;-0.937063;659.391976;1 out of 4
659.391358;659.391358;"DG(a-13:0/20:5(7Z,9Z,11E,13E,17Z)-3OH(5,6,15)/0:0)";[M+K];C36H60O8;-6.17892e-4;-0.937063;659.391976;1 out of 4
659.391358;659.391358;"DG(20:5(7Z,9Z,11E,13E,17Z)-3OH(5,6,15)/a-13:0/0:0)";[M+K];C36H60O8;-6.17892e-4;-0.937063;659.391976;1 out of 4
659.391358;659.391358;"DG(a-13:0/0:0/20:5(7Z,9Z,11E,13E,17Z)-3OH(5,6,15))";[M+K];C36H60O8;-6.17892e-4;-0.937063;659.391976;1 out of 4
659.391358;659.391358;"DG(20:5(7Z,9Z,11E,13E,17Z)-3OH(5,6,15)/0:0/a-13:0)";[M+K];C36H60O8;-6.17892e-4;-0.937063;659.391976;1 out of 4
659.391358;659.391358;"DG(i-13:0/20:5(7Z,9Z,11E,13E,17Z)-3OH(5,6,15)/0:0)";[M+K];C36H60O8;-6.17892e-4;-0.937063;659.391976;1 out of 4
659.391358;659.391358;"DG(20:5(7Z,9Z,11E,13E,17Z)-3OH(5,6,15)/i-13:0/0:0)";[M+K];C36H60O8;-6.17892e-4;-0.937063;659.391976;1 out of 4
659.391358;659.391358;"DG(i-13:0/0:0/20:5(7Z,9Z,11E,13E,17Z)-3OH(5,6,15))";[M+K];C36H60O8;-6.17892e-4;-0.937063;659.391976;1 out of 4
659.391358;659.391358;"DG(20:5(7Z,9Z,11E,13E,17Z)-3OH(5,6,15)/0:0/i-13:0)";[M+K];C36H60O8;-6.17892e-4;-0.937063;659.391976;1 out of 4
659.391358;659.391358;Fasciculic acid A;[M+K];C36H60O8;-6.17896e-4;-0.937069;659.391976;1 out of 4
659.391358;659.391358;"(3b,7b,22x)-Cucurbita-5,24-diene-3,7,23-triol 7-glucoside";[M+K];C36H60O8;-6.17896e-4;-0.937069;659.391976;1 out of 4
659.391358;659.391358;Soyasapogenol B 24-O-b-D-glucoside;[M+K];C36H60O8;-6.17896e-4;-0.937069;659.391976;1 out of 4
659.391358;659.391358;Ginsenoside Rh4;[M+K];C36H60O8;-6.17896e-4;-0.937069;659.391976;1 out of 4
659.391358;659.391358;3-O-(beta-D-Glucopyranosyl)-soyasapogenol B;[M+K];C36H60O8;-6.17896e-4;-0.937069;659.391976;1 out of 4
661.465243;661.465243;"DG(14:0/PGF2alpha/0:0)";[M+Na];C37H66O8;2.53915e-4;0.383868;661.464989;2 out of 4
661.465243;661.465243;"DG(PGF2alpha/14:0/0:0)";[M+Na];C37H66O8;2.53915e-4;0.383868;661.464989;2 out of 4
661.465243;661.465243;"DG(14:0/0:0/PGF2alpha)";[M+Na];C37H66O8;2.53915e-4;0.383868;661.464989;2 out of 4
661.465243;661.465243;"DG(PGF2alpha/0:0/14:0)";[M+Na];C37H66O8;2.53915e-4;0.383868;661.464989;2 out of 4
661.465243;661.465243;"DG(14:0/PGE1/0:0)";[M+Na];C37H66O8;2.53915e-4;0.383868;661.464989;2 out of 4
661.465243;661.465243;"DG(PGE1/14:0/0:0)";[M+Na];C37H66O8;2.53915e-4;0.383868;661.464989;2 out of 4
661.465243;661.465243;"DG(14:0/0:0/PGE1)";[M+Na];C37H66O8;2.53915e-4;0.383868;661.464989;2 out of 4
661.465243;661.465243;"DG(PGE1/0:0/14:0)";[M+Na];C37H66O8;2.53915e-4;0.383868;661.464989;2 out of 4
661.465243;661.465243;"DG(14:0/PGD1/0:0)";[M+Na];C37H66O8;2.53915e-4;0.383868;661.464989;2 out of 4
661.465243;661.465243;"DG(PGD1/14:0/0:0)";[M+Na];C37H66O8;2.53915e-4;0.383868;661.464989;2 out of 4
661.465243;661.465243;"DG(14:0/0:0/PGD1)";[M+Na];C37H66O8;2.53915e-4;0.383868;661.464989;2 out of 4
661.465243;661.465243;"DG(PGD1/0:0/14:0)";[M+Na];C37H66O8;2.53915e-4;0.383868;661.464989;2 out of 4
661.465243;661.465243;"DG(16:0/5-iso PGF2VI/0:0)";[M+Na];C37H66O8;2.53915e-4;0.383868;661.464989;2 out of 4
661.465243;661.465243;"DG(5-iso PGF2VI/16:0/0:0)";[M+Na];C37H66O8;2.53915e-4;0.383868;661.464989;2 out of 4
661.465243;661.465243;"DG(16:0/0:0/5-iso PGF2VI)";[M+Na];C37H66O8;2.53915e-4;0.383868;661.464989;2 out of 4
661.465243;661.465243;"DG(5-iso PGF2VI/0:0/16:0)";[M+Na];C37H66O8;2.53915e-4;0.383868;661.464989;2 out of 4
661.465243;661.465243;"DG(i-14:0/PGF2alpha/0:0)";[M+Na];C37H66O8;2.53915e-4;0.383868;661.464989;2 out of 4
661.465243;661.465243;"DG(PGF2alpha/i-14:0/0:0)";[M+Na];C37H66O8;2.53915e-4;0.383868;661.464989;2 out of 4
661.465243;661.465243;"DG(i-14:0/0:0/PGF2alpha)";[M+Na];C37H66O8;2.53915e-4;0.383868;661.464989;2 out of 4
661.465243;661.465243;"DG(PGF2alpha/0:0/i-14:0)";[M+Na];C37H66O8;2.53915e-4;0.383868;661.464989;2 out of 4
661.465243;661.465243;"DG(i-14:0/PGE1/0:0)";[M+Na];C37H66O8;2.53915e-4;0.383868;661.464989;2 out of 4
661.465243;661.465243;"DG(PGE1/i-14:0/0:0)";[M+Na];C37H66O8;2.53915e-4;0.383868;661.464989;2 out of 4
661.465243;661.465243;"DG(i-14:0/0:0/PGE1)";[M+Na];C37H66O8;2.53915e-4;0.383868;661.464989;2 out of 4
661.465243;661.465243;"DG(PGE1/0:0/i-14:0)";[M+Na];C37H66O8;2.53915e-4;0.383868;661.464989;2 out of 4
661.465243;661.465243;"DG(i-14:0/PGD1/0:0)";[M+Na];C37H66O8;2.53915e-4;0.383868;661.464989;2 out of 4
661.465243;661.465243;"DG(PGD1/i-14:0/0:0)";[M+Na];C37H66O8;2.53915e-4;0.383868;661.464989;2 out of 4
661.465243;661.465243;"DG(i-14:0/0:0/PGD1)";[M+Na];C37H66O8;2.53915e-4;0.383868;661.464989;2 out of 4
661.465243;661.465243;"DG(PGD1/0:0/i-14:0)";[M+Na];C37H66O8;2.53915e-4;0.383868;661.464989;2 out of 4
661.465243;661.465243;"DG(i-16:0/5-iso PGF2VI/0:0)";[M+Na];C37H66O8;2.53915e-4;0.383868;661.464989;2 out of 4
661.465243;661.465243;"DG(5-iso PGF2VI/i-16:0/0:0)";[M+Na];C37H66O8;2.53915e-4;0.383868;661.464989;2 out of 4
661.465243;661.465243;"DG(i-16:0/0:0/5-iso PGF2VI)";[M+Na];C37H66O8;2.53915e-4;0.383868;661.464989;2 out of 4
661.465243;661.465243;"DG(5-iso PGF2VI/0:0/i-16:0)";[M+Na];C37H66O8;2.53915e-4;0.383868;661.464989;2 out of 4
661.465243;661.465243;Annoglaucin;[M+Na];C37H66O8;2.53912e-4;0.383863;661.464989;2 out of 4
661.465243;661.465243;Muricatin C;[M+Na];C37H66O8;2.53912e-4;0.383863;661.464989;2 out of 4
661.465243;661.465243;Rollidecin A;[M+Na];C37H66O8;2.53912e-4;0.383863;661.464989;2 out of 4
661.465243;661.465243;Bullatetrocin;[M+Na];C37H66O8;2.53912e-4;0.383863;661.464989;2 out of 4
661.465243;661.465243;Rollitacin;[M+Na];C37H66O8;2.53912e-4;0.383863;661.464989;2 out of 4
661.465243;661.465243;Mucocin;[M+Na];C37H66O8;2.53912e-4;0.383863;661.464989;2 out of 4
661.465243;661.465243;Glabracin A;[M+Na];C37H66O8;2.53912e-4;0.383863;661.464989;2 out of 4
661.465243;661.465243;Purpurenin;[M+Na];C37H66O8;2.53912e-4;0.383863;661.464989;2 out of 4
661.465243;661.465243;"12,15-cis-Squamostatin A";[M+Na];C37H66O8;2.53912e-4;0.383863;661.464989;2 out of 4
661.465243;661.465243;Rollimusin;[M+Na];C37H66O8;2.53912e-4;0.383863;661.464989;2 out of 4
661.465243;661.465243;"20,23-cis-Bullatalicinone";[M+Na];C37H66O8;2.53912e-4;0.383863;661.464989;2 out of 4
661.465243;661.465243;Bullatanocin;[M+Na];C37H66O8;2.53912e-4;0.383863;661.464989;2 out of 4
661.465243;661.465243;Annonin XIV;[M+Na];C37H66O8;2.53912e-4;0.383863;661.464989;2 out of 4
661.465243;661.465243;27-Hydroxybullatacin;[M+Na];C37H66O8;2.53912e-4;0.383863;661.464989;2 out of 4
661.465243;661.465243;9-Hydroxyasimicinone;[M+Na];C37H66O8;2.53912e-4;0.383863;661.464989;2 out of 4
661.465243;661.465243;Purpureacin 2;[M+Na];C37H66O8;2.53912e-4;0.383863;661.464989;2 out of 4
661.465243;661.465243;14-Hydroxy-25-desoxyrollinicin;[M+Na];C37H66O8;2.53912e-4;0.383863;661.464989;2 out of 4
673.421392;673.421392;"(1S,2R,4As,6aS,6bR,8R,9R,10R,11R,12aR,12bR,14bS)-8,10,11-trihydroxy-9-(hydroxymethyl)-1,2,6a,6b,9,12a-hexamethyl-1,2,3,4,4a,5,6,6a,6b,7,8,8a,9,10,11,12,12a,12b,13,14b-icosahydropicene-4a-carboxylic acid";[M+NORHARMANE+H];C30H48O6;-6.22266e-4;-0.924036;673.422014;1 out of 4
673.421392;673.421392;Protobassic acid;[M+NORHARMANE+H];C30H48O6;-6.22268e-4;-0.924039;673.422014;1 out of 4
673.421392;673.421392;Tomentosic acid;[M+NORHARMANE+H];C30H48O6;-6.22268e-4;-0.924039;673.422014;1 out of 4
673.421392;673.421392;Theasapogenol E;[M+NORHARMANE+H];C30H48O6;-6.22268e-4;-0.924039;673.422014;1 out of 4
673.421392;673.421392;"(1beta,2alpha,3alpha)-1,2,3,24-Tetrahydroxy-12-oleanen-28-oic acid";[M+NORHARMANE+H];C30H48O6;-6.22268e-4;-0.924039;673.422014;1 out of 4
673.421392;673.421392;Myrianthic acid;[M+NORHARMANE+H];C30H48O6;-6.22268e-4;-0.924039;673.422014;1 out of 4
673.421392;673.421392;Cyclopassifloic acid D;[M+NORHARMANE+H];C30H48O6;-6.22268e-4;-0.924039;673.422014;1 out of 4
673.421392;673.421392;6beta-Hydroxyasiatic acid;[M+NORHARMANE+H];C30H48O6;-6.22268e-4;-0.924039;673.422014;1 out of 4
673.421392;673.421392;Isothankunic acid;[M+NORHARMANE+H];C30H48O6;-6.22268e-4;-0.924039;673.422014;1 out of 4
673.421392;673.421392;"(3beta,19alpha)-3,19,23,24-Tetrahydroxy-12-oleanen-28-oic acid";[M+NORHARMANE+H];C30H48O6;-6.22268e-4;-0.924039;673.422014;1 out of 4
673.421392;673.421392;1-beta-Hydroxyeuscaphic acid;[M+NORHARMANE+H];C30H48O6;-6.22268e-4;-0.924039;673.422014;1 out of 4
673.465178;673.465178;"DG(15:0/PGE2/0:0)";[M+Na];C38H66O8;1.88915e-4;0.280512;673.464989;1 out of 4
673.465178;673.465178;"DG(PGE2/15:0/0:0)";[M+Na];C38H66O8;1.88915e-4;0.280512;673.464989;1 out of 4
673.465178;673.465178;"DG(15:0/0:0/PGE2)";[M+Na];C38H66O8;1.88915e-4;0.280512;673.464989;1 out of 4
673.465178;673.465178;"DG(PGE2/0:0/15:0)";[M+Na];C38H66O8;1.88915e-4;0.280512;673.464989;1 out of 4
673.465178;673.465178;"DG(15:0/PGD2/0:0)";[M+Na];C38H66O8;1.88915e-4;0.280512;673.464989;1 out of 4
673.465178;673.465178;"DG(PGD2/15:0/0:0)";[M+Na];C38H66O8;1.88915e-4;0.280512;673.464989;1 out of 4
673.465178;673.465178;"DG(15:0/0:0/PGD2)";[M+Na];C38H66O8;1.88915e-4;0.280512;673.464989;1 out of 4
673.465178;673.465178;"DG(PGD2/0:0/15:0)";[M+Na];C38H66O8;1.88915e-4;0.280512;673.464989;1 out of 4
673.465178;673.465178;"DG(15:0/20:4(7E,9E,11Z,13E)-3OH(5S,6R,15S)/0:0)";[M+Na];C38H66O8;1.88915e-4;0.280512;673.464989;1 out of 4
673.465178;673.465178;"DG(20:4(7E,9E,11Z,13E)-3OH(5S,6R,15S)/15:0/0:0)";[M+Na];C38H66O8;1.88915e-4;0.280512;673.464989;1 out of 4
673.465178;673.465178;"DG(15:0/0:0/20:4(7E,9E,11Z,13E)-3OH(5S,6R,15S))";[M+Na];C38H66O8;1.88915e-4;0.280512;673.464989;1 out of 4
673.465178;673.465178;"DG(20:4(7E,9E,11Z,13E)-3OH(5S,6R,15S)/0:0/15:0)";[M+Na];C38H66O8;1.88915e-4;0.280512;673.464989;1 out of 4
673.465178;673.465178;"DG(a-15:0/PGE2/0:0)";[M+Na];C38H66O8;1.88915e-4;0.280512;673.464989;1 out of 4
673.465178;673.465178;"DG(PGE2/a-15:0/0:0)";[M+Na];C38H66O8;1.88915e-4;0.280512;673.464989;1 out of 4
673.465178;673.465178;"DG(a-15:0/0:0/PGE2)";[M+Na];C38H66O8;1.88915e-4;0.280512;673.464989;1 out of 4
673.465178;673.465178;"DG(PGE2/0:0/a-15:0)";[M+Na];C38H66O8;1.88915e-4;0.280512;673.464989;1 out of 4
673.465178;673.465178;"DG(a-15:0/PGD2/0:0)";[M+Na];C38H66O8;1.88915e-4;0.280512;673.464989;1 out of 4
673.465178;673.465178;"DG(PGD2/a-15:0/0:0)";[M+Na];C38H66O8;1.88915e-4;0.280512;673.464989;1 out of 4
673.465178;673.465178;"DG(a-15:0/0:0/PGD2)";[M+Na];C38H66O8;1.88915e-4;0.280512;673.464989;1 out of 4
673.465178;673.465178;"DG(PGD2/0:0/a-15:0)";[M+Na];C38H66O8;1.88915e-4;0.280512;673.464989;1 out of 4
673.465178;673.465178;"DG(a-15:0/20:4(7E,9E,11Z,13E)-3OH(5S,6R,15S)/0:0)";[M+Na];C38H66O8;1.88915e-4;0.280512;673.464989;1 out of 4
673.465178;673.465178;"DG(20:4(7E,9E,11Z,13E)-3OH(5S,6R,15S)/a-15:0/0:0)";[M+Na];C38H66O8;1.88915e-4;0.280512;673.464989;1 out of 4
673.465178;673.465178;"DG(a-15:0/0:0/20:4(7E,9E,11Z,13E)-3OH(5S,6R,15S))";[M+Na];C38H66O8;1.88915e-4;0.280512;673.464989;1 out of 4
673.465178;673.465178;"DG(20:4(7E,9E,11Z,13E)-3OH(5S,6R,15S)/0:0/a-15:0)";[M+Na];C38H66O8;1.88915e-4;0.280512;673.464989;1 out of 4
673.465178;673.465178;"DG(i-15:0/PGE2/0:0)";[M+Na];C38H66O8;1.88915e-4;0.280512;673.464989;1 out of 4
673.465178;673.465178;"DG(PGE2/i-15:0/0:0)";[M+Na];C38H66O8;1.88915e-4;0.280512;673.464989;1 out of 4
673.465178;673.465178;"DG(i-15:0/0:0/PGE2)";[M+Na];C38H66O8;1.88915e-4;0.280512;673.464989;1 out of 4
673.465178;673.465178;"DG(PGE2/0:0/i-15:0)";[M+Na];C38H66O8;1.88915e-4;0.280512;673.464989;1 out of 4
673.465178;673.465178;"DG(i-15:0/PGD2/0:0)";[M+Na];C38H66O8;1.88915e-4;0.280512;673.464989;1 out of 4
673.465178;673.465178;"DG(PGD2/i-15:0/0:0)";[M+Na];C38H66O8;1.88915e-4;0.280512;673.464989;1 out of 4
673.465178;673.465178;"DG(i-15:0/0:0/PGD2)";[M+Na];C38H66O8;1.88915e-4;0.280512;673.464989;1 out of 4
673.465178;673.465178;"DG(PGD2/0:0/i-15:0)";[M+Na];C38H66O8;1.88915e-4;0.280512;673.464989;1 out of 4
673.465178;673.465178;"DG(i-15:0/20:4(7E,9E,11Z,13E)-3OH(5S,6R,15S)/0:0)";[M+Na];C38H66O8;1.88915e-4;0.280512;673.464989;1 out of 4
673.465178;673.465178;"DG(20:4(7E,9E,11Z,13E)-3OH(5S,6R,15S)/i-15:0/0:0)";[M+Na];C38H66O8;1.88915e-4;0.280512;673.464989;1 out of 4
673.465178;673.465178;"DG(i-15:0/0:0/20:4(7E,9E,11Z,13E)-3OH(5S,6R,15S))";[M+Na];C38H66O8;1.88915e-4;0.280512;673.464989;1 out of 4
673.465178;673.465178;"DG(20:4(7E,9E,11Z,13E)-3OH(5S,6R,15S)/0:0/i-15:0)";[M+Na];C38H66O8;1.88915e-4;0.280512;673.464989;1 out of 4
685.465268;685.465268;"DG(16:0/20:5(7Z,9Z,11E,13E,17Z)-3OH(5,6,15)/0:0)";[M+Na];C39H66O8;2.78915e-4;0.406899;685.464989;1 out of 4
685.465268;685.465268;"DG(20:5(7Z,9Z,11E,13E,17Z)-3OH(5,6,15)/16:0/0:0)";[M+Na];C39H66O8;2.78915e-4;0.406899;685.464989;1 out of 4
685.465268;685.465268;"DG(16:0/0:0/20:5(7Z,9Z,11E,13E,17Z)-3OH(5,6,15))";[M+Na];C39H66O8;2.78915e-4;0.406899;685.464989;1 out of 4
685.465268;685.465268;"DG(20:5(7Z,9Z,11E,13E,17Z)-3OH(5,6,15)/0:0/16:0)";[M+Na];C39H66O8;2.78915e-4;0.406899;685.464989;1 out of 4
685.465268;685.465268;"DG(i-16:0/20:5(7Z,9Z,11E,13E,17Z)-3OH(5,6,15)/0:0)";[M+Na];C39H66O8;2.78915e-4;0.406899;685.464989;1 out of 4
685.465268;685.465268;"DG(20:5(7Z,9Z,11E,13E,17Z)-3OH(5,6,15)/i-16:0/0:0)";[M+Na];C39H66O8;2.78915e-4;0.406899;685.464989;1 out of 4
685.465268;685.465268;"DG(i-16:0/0:0/20:5(7Z,9Z,11E,13E,17Z)-3OH(5,6,15))";[M+Na];C39H66O8;2.78915e-4;0.406899;685.464989;1 out of 4
685.465268;685.465268;"DG(20:5(7Z,9Z,11E,13E,17Z)-3OH(5,6,15)/0:0/i-16:0)";[M+Na];C39H66O8;2.78915e-4;0.406899;685.464989;1 out of 4
689.496348;689.496348;"DG(16:0/PGF2alpha/0:0)";[M+Na];C39H70O8;5.87860e-5;0.085259;689.496289;2 out of 4
689.496348;689.496348;"DG(PGF2alpha/16:0/0:0)";[M+Na];C39H70O8;5.87860e-5;0.085259;689.496289;2 out of 4
689.496348;689.496348;"DG(16:0/0:0/PGF2alpha)";[M+Na];C39H70O8;5.87860e-5;0.085259;689.496289;2 out of 4
689.496348;689.496348;"DG(PGF2alpha/0:0/16:0)";[M+Na];C39H70O8;5.87860e-5;0.085259;689.496289;2 out of 4
689.496348;689.496348;"DG(16:0/PGE1/0:0)";[M+Na];C39H70O8;5.87860e-5;0.085259;689.496289;2 out of 4
689.496348;689.496348;"DG(PGE1/16:0/0:0)";[M+Na];C39H70O8;5.87860e-5;0.085259;689.496289;2 out of 4
689.496348;689.496348;"DG(16:0/0:0/PGE1)";[M+Na];C39H70O8;5.87860e-5;0.085259;689.496289;2 out of 4
689.496348;689.496348;"DG(PGE1/0:0/16:0)";[M+Na];C39H70O8;5.87860e-5;0.085259;689.496289;2 out of 4
689.496348;689.496348;"DG(16:0/PGD1/0:0)";[M+Na];C39H70O8;5.87860e-5;0.085259;689.496289;2 out of 4
689.496348;689.496348;"DG(PGD1/16:0/0:0)";[M+Na];C39H70O8;5.87860e-5;0.085259;689.496289;2 out of 4
689.496348;689.496348;"DG(16:0/0:0/PGD1)";[M+Na];C39H70O8;5.87860e-5;0.085259;689.496289;2 out of 4
689.496348;689.496348;"DG(PGD1/0:0/16:0)";[M+Na];C39H70O8;5.87860e-5;0.085259;689.496289;2 out of 4
689.496348;689.496348;"DG(18:0/5-iso PGF2VI/0:0)";[M+Na];C39H70O8;5.87860e-5;0.085259;689.496289;2 out of 4
689.496348;689.496348;"DG(5-iso PGF2VI/18:0/0:0)";[M+Na];C39H70O8;5.87860e-5;0.085259;689.496289;2 out of 4
689.496348;689.496348;"DG(18:0/0:0/5-iso PGF2VI)";[M+Na];C39H70O8;5.87860e-5;0.085259;689.496289;2 out of 4
689.496348;689.496348;"DG(5-iso PGF2VI/0:0/18:0)";[M+Na];C39H70O8;5.87860e-5;0.085259;689.496289;2 out of 4
689.496348;689.496348;"DG(i-16:0/PGF2alpha/0:0)";[M+Na];C39H70O8;5.87860e-5;0.085259;689.496289;2 out of 4
689.496348;689.496348;"DG(PGF2alpha/i-16:0/0:0)";[M+Na];C39H70O8;5.87860e-5;0.085259;689.496289;2 out of 4
689.496348;689.496348;"DG(i-16:0/0:0/PGF2alpha)";[M+Na];C39H70O8;5.87860e-5;0.085259;689.496289;2 out of 4
689.496348;689.496348;"DG(PGF2alpha/0:0/i-16:0)";[M+Na];C39H70O8;5.87860e-5;0.085259;689.496289;2 out of 4
689.496348;689.496348;"DG(i-16:0/PGE1/0:0)";[M+Na];C39H70O8;5.87860e-5;0.085259;689.496289;2 out of 4
689.496348;689.496348;"DG(PGE1/i-16:0/0:0)";[M+Na];C39H70O8;5.87860e-5;0.085259;689.496289;2 out of 4
689.496348;689.496348;"DG(i-16:0/0:0/PGE1)";[M+Na];C39H70O8;5.87860e-5;0.085259;689.496289;2 out of 4
689.496348;689.496348;"DG(PGE1/0:0/i-16:0)";[M+Na];C39H70O8;5.87860e-5;0.085259;689.496289;2 out of 4
689.496348;689.496348;"DG(i-16:0/PGD1/0:0)";[M+Na];C39H70O8;5.87860e-5;0.085259;689.496289;2 out of 4
689.496348;689.496348;"DG(PGD1/i-16:0/0:0)";[M+Na];C39H70O8;5.87860e-5;0.085259;689.496289;2 out of 4
689.496348;689.496348;"DG(i-16:0/0:0/PGD1)";[M+Na];C39H70O8;5.87860e-5;0.085259;689.496289;2 out of 4
689.496348;689.496348;"DG(PGD1/0:0/i-16:0)";[M+Na];C39H70O8;5.87860e-5;0.085259;689.496289;2 out of 4
689.496348;689.496348;"DG(i-18:0/5-iso PGF2VI/0:0)";[M+Na];C39H70O8;5.87860e-5;0.085259;689.496289;2 out of 4
689.496348;689.496348;"DG(5-iso PGF2VI/i-18:0/0:0)";[M+Na];C39H70O8;5.87860e-5;0.085259;689.496289;2 out of 4
689.496348;689.496348;"DG(i-18:0/0:0/5-iso PGF2VI)";[M+Na];C39H70O8;5.87860e-5;0.085259;689.496289;2 out of 4
689.496348;689.496348;"DG(5-iso PGF2VI/0:0/i-18:0)";[M+Na];C39H70O8;5.87860e-5;0.085259;689.496289;2 out of 4
699.436809;699.436809;"PA(18:1(11Z)/15:0)";[M+K];C36H69O8P;6.45820e-4;0.923344;699.436163;2 out of 4
699.436809;699.436809;"PA(18:1(9Z)/15:0)";[M+K];C36H69O8P;6.45820e-4;0.923344;699.436163;2 out of 4
701.452864;701.452864;Alisol A 24-acetate;[M+NORHARMANE+H];C32H52O6;-4.50394e-4;-0.642087;701.453314;1 out of 4
703.563450;703.563450;"DG(15:0/24:1(15Z)/0:0)";[M+K];C42H80O5;-2.82670e-4;-0.401769;703.563733;1 out of 4
703.563450;703.563450;"DG(24:1(15Z)/15:0/0:0)";[M+K];C42H80O5;-2.82670e-4;-0.401769;703.563733;1 out of 4
703.563450;703.563450;"DG(15:0/0:0/24:1n9)";[M+K];C42H80O5;-2.82676e-4;-0.401777;703.563733;1 out of 4
705.578615;705.578615;"CE(18:1(12Z)-2OH(9,10))";[M+Na];C45H78O4;-6.15992e-4;-0.873030;705.579231;2 out of 4
708.006658;708.006658;Ceftaroline;[M+Na];C22H22N8O8PS4;-6.65992e-4;-0.940657;708.007324;1 out of 4
713.452619;713.452619;"DG(8:0/22:6(5Z,7Z,10Z,13Z,16Z,19Z)-OH(4)/0:0)";[M+NORHARMANE+H];C33H52O6;-6.95394e-4;-0.974687;713.453314;1 out of 4
713.452619;713.452619;"DG(22:6(5Z,7Z,10Z,13Z,16Z,19Z)-OH(4)/8:0/0:0)";[M+NORHARMANE+H];C33H52O6;-6.95394e-4;-0.974687;713.453314;1 out of 4
713.452619;713.452619;"DG(8:0/0:0/22:6(5Z,7Z,10Z,13Z,16Z,19Z)-OH(4))";[M+NORHARMANE+H];C33H52O6;-6.95394e-4;-0.974687;713.453314;1 out of 4
713.452619;713.452619;"DG(22:6(5Z,7Z,10Z,13Z,16Z,19Z)-OH(4)/0:0/8:0)";[M+NORHARMANE+H];C33H52O6;-6.95394e-4;-0.974687;713.453314;1 out of 4
713.452619;713.452619;"DG(8:0/22:6(4Z,8Z,10Z,13Z,16Z,19Z)-OH(7)/0:0)";[M+NORHARMANE+H];C33H52O6;-6.95394e-4;-0.974687;713.453314;1 out of 4
713.452619;713.452619;"DG(22:6(4Z,8Z,10Z,13Z,16Z,19Z)-OH(7)/8:0/0:0)";[M+NORHARMANE+H];C33H52O6;-6.95394e-4;-0.974687;713.453314;1 out of 4
713.452619;713.452619;"DG(8:0/0:0/22:6(4Z,8Z,10Z,13Z,16Z,19Z)-OH(7))";[M+NORHARMANE+H];C33H52O6;-6.95394e-4;-0.974687;713.453314;1 out of 4
713.452619;713.452619;"DG(22:6(4Z,8Z,10Z,13Z,16Z,19Z)-OH(7)/0:0/8:0)";[M+NORHARMANE+H];C33H52O6;-6.95394e-4;-0.974687;713.453314;1 out of 4
713.452619;713.452619;"DG(8:0/22:6(4Z,7Z,10Z,12E,16Z,19Z)-OH(14)/0:0)";[M+NORHARMANE+H];C33H52O6;-6.95394e-4;-0.974687;713.453314;1 out of 4
713.452619;713.452619;"DG(22:6(4Z,7Z,10Z,12E,16Z,19Z)-OH(14)/8:0/0:0)";[M+NORHARMANE+H];C33H52O6;-6.95394e-4;-0.974687;713.453314;1 out of 4
713.452619;713.452619;"DG(8:0/0:0/22:6(4Z,7Z,10Z,12E,16Z,19Z)-OH(14))";[M+NORHARMANE+H];C33H52O6;-6.95394e-4;-0.974687;713.453314;1 out of 4
713.452619;713.452619;"DG(22:6(4Z,7Z,10Z,12E,16Z,19Z)-OH(14)/0:0/8:0)";[M+NORHARMANE+H];C33H52O6;-6.95394e-4;-0.974687;713.453314;1 out of 4
713.452619;713.452619;"DG(8:0/22:6(4Z,7Z,10Z,13E,15E,19Z)-OH(17)/0:0)";[M+NORHARMANE+H];C33H52O6;-6.95394e-4;-0.974687;713.453314;1 out of 4
713.452619;713.452619;"DG(22:6(4Z,7Z,10Z,13E,15E,19Z)-OH(17)/8:0/0:0)";[M+NORHARMANE+H];C33H52O6;-6.95394e-4;-0.974687;713.453314;1 out of 4
713.452619;713.452619;"DG(8:0/0:0/22:6(4Z,7Z,10Z,13E,15E,19Z)-OH(17))";[M+NORHARMANE+H];C33H52O6;-6.95394e-4;-0.974687;713.453314;1 out of 4
713.452619;713.452619;"DG(22:6(4Z,7Z,10Z,13E,15E,19Z)-OH(17)/0:0/8:0)";[M+NORHARMANE+H];C33H52O6;-6.95394e-4;-0.974687;713.453314;1 out of 4
713.452619;713.452619;"DG(8:0/22:5(4Z,7Z,10Z,13Z,19Z)-O(16,17)/0:0)";[M+NORHARMANE+H];C33H52O6;-6.95394e-4;-0.974687;713.453314;1 out of 4
713.452619;713.452619;"DG(22:5(4Z,7Z,10Z,13Z,19Z)-O(16,17)/8:0/0:0)";[M+NORHARMANE+H];C33H52O6;-6.95394e-4;-0.974687;713.453314;1 out of 4
713.452619;713.452619;"DG(8:0/0:0/22:5(4Z,7Z,10Z,13Z,19Z)-O(16,17))";[M+NORHARMANE+H];C33H52O6;-6.95394e-4;-0.974687;713.453314;1 out of 4
713.452619;713.452619;"DG(22:5(4Z,7Z,10Z,13Z,19Z)-O(16,17)/0:0/8:0)";[M+NORHARMANE+H];C33H52O6;-6.95394e-4;-0.974687;713.453314;1 out of 4
713.452619;713.452619;Ganoderic acid Mi;[M+NORHARMANE+H];C33H52O6;-6.95396e-4;-0.974690;713.453314;1 out of 4
713.452619;713.452619;Ganoderic acid Mj;[M+NORHARMANE+H];C33H52O6;-6.95396e-4;-0.974690;713.453314;1 out of 4
713.496389;713.496389;"DG(18:0/20:5(7Z,9Z,11E,13E,17Z)-3OH(5,6,15)/0:0)";[M+Na];C41H70O8;9.97860e-5;0.139855;713.496289;1 out of 4
713.496389;713.496389;"DG(20:5(7Z,9Z,11E,13E,17Z)-3OH(5,6,15)/18:0/0:0)";[M+Na];C41H70O8;9.97860e-5;0.139855;713.496289;1 out of 4
713.496389;713.496389;"DG(18:0/0:0/20:5(7Z,9Z,11E,13E,17Z)-3OH(5,6,15))";[M+Na];C41H70O8;9.97860e-5;0.139855;713.496289;1 out of 4
713.496389;713.496389;"DG(20:5(7Z,9Z,11E,13E,17Z)-3OH(5,6,15)/0:0/18:0)";[M+Na];C41H70O8;9.97860e-5;0.139855;713.496289;1 out of 4
713.496389;713.496389;"DG(i-18:0/20:5(7Z,9Z,11E,13E,17Z)-3OH(5,6,15)/0:0)";[M+Na];C41H70O8;9.97860e-5;0.139855;713.496289;1 out of 4
713.496389;713.496389;"DG(20:5(7Z,9Z,11E,13E,17Z)-3OH(5,6,15)/i-18:0/0:0)";[M+Na];C41H70O8;9.97860e-5;0.139855;713.496289;1 out of 4
713.496389;713.496389;"DG(i-18:0/0:0/20:5(7Z,9Z,11E,13E,17Z)-3OH(5,6,15))";[M+Na];C41H70O8;9.97860e-5;0.139855;713.496289;1 out of 4
713.496389;713.496389;"DG(20:5(7Z,9Z,11E,13E,17Z)-3OH(5,6,15)/0:0/i-18:0)";[M+Na];C41H70O8;9.97860e-5;0.139855;713.496289;1 out of 4
715.470856;715.470856;"endo-1,4-beta-Xylanase";[M+NORHARMANE+H];C34H50N4O2;5.54136e-4;0.774506;715.470302;1 out of 4
719.574586;719.574586;Erythrodiol 3-palmitate;[M+K];C46H80O3;6.82574e-4;0.948581;719.573903;1 out of 4
719.574586;719.574586;Faradiol palmitate;[M+K];C46H80O3;6.82574e-4;0.948581;719.573903;1 out of 4
719.574586;719.574586;Cholesteryl oleyl carbonate;[M+K];C46H80O3;6.82564e-4;0.948567;719.573903;1 out of 4
719.574586;719.574586;Octenidine;[M+NORHARMANE+H];C36H62N4;2.12988e-4;0.295992;719.574373;2 out of 4
721.553824;721.553824;"CE(18:1(12Z)-2OH(9,10))";[M+K];C45H78O4;6.56008e-4;0.909161;721.553168;2 out of 4
721.589954;721.589954;"CE(22:5(4Z,7Z,10Z,13Z,16Z))";[M+Na];C49H78O2;5.52260e-4;0.765338;721.589402;1 out of 4
721.589954;721.589954;"CE(22:5(7Z,10Z,13Z,16Z,19Z))";[M+Na];C49H78O2;5.52260e-4;0.765338;721.589402;1 out of 4
721.589954;721.589954;"cholest-5-en-3beta-yl (7Z,10Z,13Z,16Z,19Z-docosapentaenoate)";[M+Na];C49H78O2;5.52248e-4;0.765322;721.589402;1 out of 4
727.511898;727.511898;"DG(19:0/20:5(7Z,9Z,11E,13E,17Z)-3OH(5,6,15)/0:0)";[M+Na];C42H72O8;-4.12780e-5;-0.056739;727.511939;1 out of 4
727.511898;727.511898;"DG(20:5(7Z,9Z,11E,13E,17Z)-3OH(5,6,15)/19:0/0:0)";[M+Na];C42H72O8;-4.12780e-5;-0.056739;727.511939;1 out of 4
727.511898;727.511898;"DG(19:0/0:0/20:5(7Z,9Z,11E,13E,17Z)-3OH(5,6,15))";[M+Na];C42H72O8;-4.12780e-5;-0.056739;727.511939;1 out of 4
727.511898;727.511898;"DG(20:5(7Z,9Z,11E,13E,17Z)-3OH(5,6,15)/0:0/19:0)";[M+Na];C42H72O8;-4.12780e-5;-0.056739;727.511939;1 out of 4
727.511898;727.511898;"DG(i-19:0/20:5(7Z,9Z,11E,13E,17Z)-3OH(5,6,15)/0:0)";[M+Na];C42H72O8;-4.12780e-5;-0.056739;727.511939;1 out of 4
727.511898;727.511898;"DG(20:5(7Z,9Z,11E,13E,17Z)-3OH(5,6,15)/i-19:0/0:0)";[M+Na];C42H72O8;-4.12780e-5;-0.056739;727.511939;1 out of 4
727.511898;727.511898;"DG(i-19:0/0:0/20:5(7Z,9Z,11E,13E,17Z)-3OH(5,6,15))";[M+Na];C42H72O8;-4.12780e-5;-0.056739;727.511939;1 out of 4
727.511898;727.511898;"DG(20:5(7Z,9Z,11E,13E,17Z)-3OH(5,6,15)/0:0/i-19:0)";[M+Na];C42H72O8;-4.12780e-5;-0.056739;727.511939;1 out of 4
733.553762;733.553762;3-Hexadecanoyloleanolic acid;[M+K];C46H78O4;5.94016e-4;0.809779;733.553168;1 out of 4
735.569130;735.569130;"CE(22:6(5Z,7Z,10Z,13Z,16Z,19Z)-OH(4))";[M+Na];C49H76O3;4.63693e-4;0.630387;735.568666;1 out of 4
735.569130;735.569130;"CE(22:6(4Z,8Z,10Z,13Z,16Z,19Z)-OH(7))";[M+Na];C49H76O3;4.63693e-4;0.630387;735.568666;1 out of 4
735.569130;735.569130;"CE(22:6(4Z,7Z,10Z,12E,16Z,19Z)-OH(14))";[M+Na];C49H76O3;4.63693e-4;0.630387;735.568666;1 out of 4
735.569130;735.569130;"CE(22:6(4Z,7Z,10Z,13E,15E,19Z)-OH(17))";[M+Na];C49H76O3;4.63693e-4;0.630387;735.568666;1 out of 4
735.569130;735.569130;"CE(22:5(4Z,7Z,10Z,13Z,19Z)-O(16,17))";[M+Na];C49H76O3;4.63693e-4;0.630387;735.568666;1 out of 4
741.527085;741.527085;"DG(20:0/20:5(7Z,9Z,11E,13E,17Z)-3OH(5,6,15)/0:0)";[M+Na];C43H74O8;-5.04343e-4;-0.680141;741.527589;1 out of 4
741.527085;741.527085;"DG(20:5(7Z,9Z,11E,13E,17Z)-3OH(5,6,15)/20:0/0:0)";[M+Na];C43H74O8;-5.04343e-4;-0.680141;741.527589;1 out of 4
741.527085;741.527085;"DG(20:0/0:0/20:5(7Z,9Z,11E,13E,17Z)-3OH(5,6,15))";[M+Na];C43H74O8;-5.04343e-4;-0.680141;741.527589;1 out of 4
741.527085;741.527085;"DG(20:5(7Z,9Z,11E,13E,17Z)-3OH(5,6,15)/0:0/20:0)";[M+Na];C43H74O8;-5.04343e-4;-0.680141;741.527589;1 out of 4
741.527085;741.527085;"DG(i-20:0/20:5(7Z,9Z,11E,13E,17Z)-3OH(5,6,15)/0:0)";[M+Na];C43H74O8;-5.04343e-4;-0.680141;741.527589;1 out of 4
741.527085;741.527085;"DG(20:5(7Z,9Z,11E,13E,17Z)-3OH(5,6,15)/i-20:0/0:0)";[M+Na];C43H74O8;-5.04343e-4;-0.680141;741.527589;1 out of 4
741.527085;741.527085;"DG(i-20:0/0:0/20:5(7Z,9Z,11E,13E,17Z)-3OH(5,6,15))";[M+Na];C43H74O8;-5.04343e-4;-0.680141;741.527589;1 out of 4
741.527085;741.527085;"DG(20:5(7Z,9Z,11E,13E,17Z)-3OH(5,6,15)/0:0/i-20:0)";[M+Na];C43H74O8;-5.04343e-4;-0.680141;741.527589;1 out of 4
743.543195;743.543195;4-[2-[(E)-Octadec-9-enoyl]oxy-3-[(Z)-octadec-9-enoyl]oxypropoxy]-4-oxobutanoic acid;[M+Na];C43H76O8;-4.44070e-5;-0.059723;743.543239;1 out of 4
743.543195;743.543195;"DG(20:0/PGE2/0:0)";[M+Na];C43H76O8;-4.44070e-5;-0.059723;743.543239;1 out of 4
743.543195;743.543195;"DG(PGE2/20:0/0:0)";[M+Na];C43H76O8;-4.44070e-5;-0.059723;743.543239;1 out of 4
743.543195;743.543195;"DG(20:0/0:0/PGE2)";[M+Na];C43H76O8;-4.44070e-5;-0.059723;743.543239;1 out of 4
743.543195;743.543195;"DG(PGE2/0:0/20:0)";[M+Na];C43H76O8;-4.44070e-5;-0.059723;743.543239;1 out of 4
743.543195;743.543195;"DG(20:0/PGD2/0:0)";[M+Na];C43H76O8;-4.44070e-5;-0.059723;743.543239;1 out of 4
743.543195;743.543195;"DG(PGD2/20:0/0:0)";[M+Na];C43H76O8;-4.44070e-5;-0.059723;743.543239;1 out of 4
743.543195;743.543195;"DG(20:0/0:0/PGD2)";[M+Na];C43H76O8;-4.44070e-5;-0.059723;743.543239;1 out of 4
743.543195;743.543195;"DG(PGD2/0:0/20:0)";[M+Na];C43H76O8;-4.44070e-5;-0.059723;743.543239;1 out of 4
743.543195;743.543195;"DG(20:0/20:4(7E,9E,11Z,13E)-3OH(5S,6R,15S)/0:0)";[M+Na];C43H76O8;-4.44070e-5;-0.059723;743.543239;1 out of 4
743.543195;743.543195;"DG(20:4(7E,9E,11Z,13E)-3OH(5S,6R,15S)/20:0/0:0)";[M+Na];C43H76O8;-4.44070e-5;-0.059723;743.543239;1 out of 4
743.543195;743.543195;"DG(20:0/0:0/20:4(7E,9E,11Z,13E)-3OH(5S,6R,15S))";[M+Na];C43H76O8;-4.44070e-5;-0.059723;743.543239;1 out of 4
743.543195;743.543195;"DG(20:4(7E,9E,11Z,13E)-3OH(5S,6R,15S)/0:0/20:0)";[M+Na];C43H76O8;-4.44070e-5;-0.059723;743.543239;1 out of 4
743.543195;743.543195;"DG(i-20:0/PGE2/0:0)";[M+Na];C43H76O8;-4.44070e-5;-0.059723;743.543239;1 out of 4
743.543195;743.543195;"DG(PGE2/i-20:0/0:0)";[M+Na];C43H76O8;-4.44070e-5;-0.059723;743.543239;1 out of 4
743.543195;743.543195;"DG(i-20:0/0:0/PGE2)";[M+Na];C43H76O8;-4.44070e-5;-0.059723;743.543239;1 out of 4
743.543195;743.543195;"DG(PGE2/0:0/i-20:0)";[M+Na];C43H76O8;-4.44070e-5;-0.059723;743.543239;1 out of 4
743.543195;743.543195;"DG(i-20:0/PGD2/0:0)";[M+Na];C43H76O8;-4.44070e-5;-0.059723;743.543239;1 out of 4
743.543195;743.543195;"DG(PGD2/i-20:0/0:0)";[M+Na];C43H76O8;-4.44070e-5;-0.059723;743.543239;1 out of 4
743.543195;743.543195;"DG(i-20:0/0:0/PGD2)";[M+Na];C43H76O8;-4.44070e-5;-0.059723;743.543239;1 out of 4
743.543195;743.543195;"DG(PGD2/0:0/i-20:0)";[M+Na];C43H76O8;-4.44070e-5;-0.059723;743.543239;1 out of 4
743.543195;743.543195;"DG(i-20:0/20:4(7E,9E,11Z,13E)-3OH(5S,6R,15S)/0:0)";[M+Na];C43H76O8;-4.44070e-5;-0.059723;743.543239;1 out of 4
743.543195;743.543195;"DG(20:4(7E,9E,11Z,13E)-3OH(5S,6R,15S)/i-20:0/0:0)";[M+Na];C43H76O8;-4.44070e-5;-0.059723;743.543239;1 out of 4
743.543195;743.543195;"DG(i-20:0/0:0/20:4(7E,9E,11Z,13E)-3OH(5S,6R,15S))";[M+Na];C43H76O8;-4.44070e-5;-0.059723;743.543239;1 out of 4
743.543195;743.543195;"DG(20:4(7E,9E,11Z,13E)-3OH(5S,6R,15S)/0:0/i-20:0)";[M+Na];C43H76O8;-4.44070e-5;-0.059723;743.543239;1 out of 4
743.572385;743.572385;Montecristin;[M+NORHARMANE+H];C37H66O4;-6.50600e-4;-0.874964;743.573036;1 out of 4
743.572385;743.572385;Dieporeticanin;[M+NORHARMANE+H];C37H66O4;-6.50605e-4;-0.874971;743.573036;1 out of 4
744.079002;744.079002;Cefotetan;[M+NORHARMANE+H];C17H17N7O8S4;-6.63150e-5;-0.089124;744.079068;1 out of 4
757.494245;757.494245;Caffeoylcycloartenol;[M+NORHARMANE+H];C39H56O4;-5.40280e-4;-0.713246;757.494785;1 out of 4
761.447967;761.447967;"1,2-Di-O-myristoyl-3-O-(6-sulfoquinovopyranosyl)glycerol";[M+Na];C37H70O12S;-5.13940e-5;-0.067495;761.448018;1 out of 4
764.389325;764.389325;"PS(14:1(9Z)/18:4(6Z,9Z,12Z,15Z))";[M+K];C38H64NO10P;-6.16263e-4;-0.806215;764.389941;1 out of 4
764.389325;764.389325;"PS(18:4(6Z,9Z,12Z,15Z)/14:1(9Z))";[M+K];C38H64NO10P;-6.16263e-4;-0.806215;764.389941;1 out of 4
765.479417;765.479417;"SM(d16:2(4E,8Z)/5-iso PGF2VI)";[M+Na];C39H71N2O9P;4.78128e-4;0.624613;765.478939;1 out of 4
771.567310;771.567310;"DG(15:0/20:4(5Z,8Z,11Z,14Z)/0:0)";[M+NORHARMANE+H];C38H66O5;-6.40222e-4;-0.829767;771.567950;1 out of 4
771.567310;771.567310;"DG(15:0/20:4(8Z,11Z,14Z,17Z)/0:0)";[M+NORHARMANE+H];C38H66O5;-6.40222e-4;-0.829767;771.567950;1 out of 4
771.567310;771.567310;"DG(20:4(5Z,8Z,11Z,14Z)/15:0/0:0)";[M+NORHARMANE+H];C38H66O5;-6.40222e-4;-0.829767;771.567950;1 out of 4
771.567310;771.567310;"DG(20:4(8Z,11Z,14Z,17Z)/15:0/0:0)";[M+NORHARMANE+H];C38H66O5;-6.40222e-4;-0.829767;771.567950;1 out of 4
771.567310;771.567310;"DG(15:0/0:0/20:4n6)";[M+NORHARMANE+H];C38H66O5;-6.40225e-4;-0.829771;771.567950;1 out of 4
771.567310;771.567310;"DG(15:0/0:0/20:4n3)";[M+NORHARMANE+H];C38H66O5;-6.40225e-4;-0.829771;771.567950;1 out of 4
771.605927;771.605927;"CE(MonoMe(13,5))";[M+K];C50H84O3;7.23446e-4;0.937586;771.605204;1 out of 4
771.605927;771.605927;CE(11D6);[M+K];C50H84O3;7.23435e-4;0.937571;771.605204;1 out of 4
771.605927;771.605927;CE(11M7);[M+K];C50H84O3;7.23435e-4;0.937571;771.605204;1 out of 4
771.605927;771.605927;CE(12D5);[M+K];C50H84O3;7.23435e-4;0.937571;771.605204;1 out of 4
773.525505;773.525505;Cycloartanyl ferulate;[M+NORHARMANE+H];C40H60O4;-5.80408e-4;-0.750341;773.526085;1 out of 4
773.621192;773.621192;Plastochromanol 8;[M+Na];C53H82O2;4.90132e-4;0.633556;773.620702;1 out of 4
773.621192;773.621192;Plastoquinol-9;[M+Na];C53H82O2;4.90120e-4;0.633540;773.620702;1 out of 4
774.519646;774.519646;"LysoPC(24:1(15Z)/0:0)";[M+NORHARMANE+H];C32H64NO7P;6.81081e-4;0.879360;774.518965;1 out of 4
774.527790;774.527790;"PS(15:0/20:2(11Z,14Z))";[M+H];C41H76NO10P;-1.70649e-4;-0.220326;774.527961;1 out of 4
774.527790;774.527790;"PS(20:2(11Z,14Z)/15:0)";[M+H];C41H76NO10P;-1.70649e-4;-0.220326;774.527961;1 out of 4
774.527790;774.527790;"PE(16:0/20:3(8Z,11Z,14Z)-2OH(5,6))";[M+H];C41H76NO10P;-1.70649e-4;-0.220326;774.527961;1 out of 4
774.527790;774.527790;"PE(20:3(8Z,11Z,14Z)-2OH(5,6)/16:0)";[M+H];C41H76NO10P;-1.70649e-4;-0.220326;774.527961;1 out of 4
774.527790;774.527790;"PE(18:2(9Z,12Z)/18:1(12Z)-2OH(9,10))";[M+H];C41H76NO10P;-1.70649e-4;-0.220326;774.527961;1 out of 4
774.527790;774.527790;"PE(18:1(12Z)-2OH(9,10)/18:2(9Z,12Z))";[M+H];C41H76NO10P;-1.70649e-4;-0.220326;774.527961;1 out of 4
774.527790;774.527790;"PE(P-16:0/PGF2alpha)";[M+H];C41H76NO10P;-1.70649e-4;-0.220326;774.527961;1 out of 4
774.527790;774.527790;"PE(PGF2alpha/P-16:0)";[M+H];C41H76NO10P;-1.70649e-4;-0.220326;774.527961;1 out of 4
774.527790;774.527790;"PE(P-16:0/PGE1)";[M+H];C41H76NO10P;-1.70649e-4;-0.220326;774.527961;1 out of 4
774.527790;774.527790;"PE(PGE1/P-16:0)";[M+H];C41H76NO10P;-1.70649e-4;-0.220326;774.527961;1 out of 4
774.527790;774.527790;"PE(P-16:0/PGD1)";[M+H];C41H76NO10P;-1.70649e-4;-0.220326;774.527961;1 out of 4
774.527790;774.527790;"PE(PGD1/P-16:0)";[M+H];C41H76NO10P;-1.70649e-4;-0.220326;774.527961;1 out of 4
774.527790;774.527790;"PE(P-18:0/5-iso PGF2VI)";[M+H];C41H76NO10P;-1.70649e-4;-0.220326;774.527961;1 out of 4
774.527790;774.527790;"PE(5-iso PGF2VI/P-18:0)";[M+H];C41H76NO10P;-1.70649e-4;-0.220326;774.527961;1 out of 4
775.599822;775.599822;"DG(15:0/20:2(11Z,14Z)/0:0)";[M+NORHARMANE+H];C38H70O5;5.71650e-4;0.737043;775.599250;1 out of 4
775.599822;775.599822;"DG(20:2(11Z,14Z)/15:0/0:0)";[M+NORHARMANE+H];C38H70O5;5.71650e-4;0.737043;775.599250;1 out of 4
775.599822;775.599822;"DG(15:0/0:0/20:2n6)";[M+NORHARMANE+H];C38H70O5;5.71646e-4;0.737038;775.599250;1 out of 4
775.599822;775.599822;"DG(16:0/0:0/18:2n6)";[M+NORHARMANE+H];C38H70O5;5.71646e-4;0.737038;775.599250;1 out of 4
785.584373;785.584373;"DG(14:0/22:4(7Z,10Z,13Z,16Z)/0:0)";[M+NORHARMANE+H];C39H68O5;7.72714e-4;0.983618;785.583600;1 out of 4
785.584373;785.584373;"DG(16:0/20:4(5Z,8Z,11Z,14Z)/0:0)";[M+NORHARMANE+H];C39H68O5;7.72714e-4;0.983618;785.583600;1 out of 4
785.584373;785.584373;"DG(16:1(9Z)/20:3(5Z,8Z,11Z)/0:0)";[M+NORHARMANE+H];C39H68O5;7.72714e-4;0.983618;785.583600;1 out of 4
785.584373;785.584373;"DG(16:1(9Z)/20:3(8Z,11Z,14Z)/0:0)";[M+NORHARMANE+H];C39H68O5;7.72714e-4;0.983618;785.583600;1 out of 4
785.584373;785.584373;"DG(18:0/18:4(6Z,9Z,12Z,15Z)/0:0)";[M+NORHARMANE+H];C39H68O5;7.72714e-4;0.983618;785.583600;1 out of 4
785.584373;785.584373;"DG(18:1(11Z)/18:3(6Z,9Z,12Z)/0:0)";[M+NORHARMANE+H];C39H68O5;7.72714e-4;0.983618;785.583600;1 out of 4
785.584373;785.584373;"DG(18:1(11Z)/18:3(9Z,12Z,15Z)/0:0)";[M+NORHARMANE+H];C39H68O5;7.72714e-4;0.983618;785.583600;1 out of 4
785.584373;785.584373;"DG(18:1(9Z)/18:3(6Z,9Z,12Z)/0:0)";[M+NORHARMANE+H];C39H68O5;7.72714e-4;0.983618;785.583600;1 out of 4
785.584373;785.584373;"DG(18:1(9Z)/18:3(9Z,12Z,15Z)/0:0)";[M+NORHARMANE+H];C39H68O5;7.72714e-4;0.983618;785.583600;1 out of 4
785.584373;785.584373;"DG(18:2(9Z,12Z)/18:2(9Z,12Z)/0:0)";[M+NORHARMANE+H];C39H68O5;7.72714e-4;0.983618;785.583600;1 out of 4
785.584373;785.584373;"DG(18:3(6Z,9Z,12Z)/18:1(11Z)/0:0)";[M+NORHARMANE+H];C39H68O5;7.72714e-4;0.983618;785.583600;1 out of 4
785.584373;785.584373;"DG(18:3(6Z,9Z,12Z)/18:1(9Z)/0:0)";[M+NORHARMANE+H];C39H68O5;7.72714e-4;0.983618;785.583600;1 out of 4
785.584373;785.584373;"DG(18:3(9Z,12Z,15Z)/18:1(11Z)/0:0)";[M+NORHARMANE+H];C39H68O5;7.72714e-4;0.983618;785.583600;1 out of 4
785.584373;785.584373;"DG(18:3(9Z,12Z,15Z)/18:1(9Z)/0:0)";[M+NORHARMANE+H];C39H68O5;7.72714e-4;0.983618;785.583600;1 out of 4
785.584373;785.584373;"DG(18:4(6Z,9Z,12Z,15Z)/18:0/0:0)";[M+NORHARMANE+H];C39H68O5;7.72714e-4;0.983618;785.583600;1 out of 4
785.584373;785.584373;"DG(20:3(5Z,8Z,11Z)/16:1(9Z)/0:0)";[M+NORHARMANE+H];C39H68O5;7.72714e-4;0.983618;785.583600;1 out of 4
785.584373;785.584373;"DG(20:3(8Z,11Z,14Z)/16:1(9Z)/0:0)";[M+NORHARMANE+H];C39H68O5;7.72714e-4;0.983618;785.583600;1 out of 4
785.584373;785.584373;"DG(20:4(5Z,8Z,11Z,14Z)/16:0/0:0)";[M+NORHARMANE+H];C39H68O5;7.72714e-4;0.983618;785.583600;1 out of 4
785.584373;785.584373;"DG(20:4(8Z,11Z,14Z,17Z)/16:0/0:0)";[M+NORHARMANE+H];C39H68O5;7.72714e-4;0.983618;785.583600;1 out of 4
785.584373;785.584373;"DG(22:4(7Z,10Z,13Z,16Z)/14:0/0:0)";[M+NORHARMANE+H];C39H68O5;7.72714e-4;0.983618;785.583600;1 out of 4
785.584373;785.584373;"DG(18:1n9/0:0/18:3n6)";[M+NORHARMANE+H];C39H68O5;7.72714e-4;0.983618;785.583600;1 out of 4
785.584373;785.584373;"DG(16:0/20:4(8Z,11Z,14Z,17Z)/0:0)";[M+NORHARMANE+H];C39H68O5;7.72710e-4;0.983613;785.583600;1 out of 4
785.584373;785.584373;"DG(14:0/0:0/22:4n6)";[M+NORHARMANE+H];C39H68O5;7.72710e-4;0.983613;785.583600;1 out of 4
785.584373;785.584373;"DG(16:0/0:0/20:4n6)";[M+NORHARMANE+H];C39H68O5;7.72710e-4;0.983613;785.583600;1 out of 4
785.584373;785.584373;"DG(16:0/0:0/20:4n3)";[M+NORHARMANE+H];C39H68O5;7.72710e-4;0.983613;785.583600;1 out of 4
785.584373;785.584373;"DG(18:0/0:0/18:4n3)";[M+NORHARMANE+H];C39H68O5;7.72710e-4;0.983613;785.583600;1 out of 4
785.584373;785.584373;"DG(16:1n7/0:0/20:3n9)";[M+NORHARMANE+H];C39H68O5;7.72710e-4;0.983613;785.583600;1 out of 4
785.584373;785.584373;"DG(16:1n7/0:0/20:3n6)";[M+NORHARMANE+H];C39H68O5;7.72710e-4;0.983613;785.583600;1 out of 4
785.584373;785.584373;"DG(18:1n7/0:0/18:3n6)";[M+NORHARMANE+H];C39H68O5;7.72710e-4;0.983613;785.583600;1 out of 4
785.584373;785.584373;"DG(18:1n7/0:0/18:3n3)";[M+NORHARMANE+H];C39H68O5;7.72710e-4;0.983613;785.583600;1 out of 4
785.584373;785.584373;"DG(18:1n9/0:0/18:3n3)";[M+NORHARMANE+H];C39H68O5;7.72710e-4;0.983613;785.583600;1 out of 4
786.452059;786.452059;"PS(14:1(9Z)/18:1(12Z)-2OH(9,10))";[M+Na];C38H70NO12P;-7.24696e-4;-0.921474;786.452784;1 out of 4
786.452059;786.452059;"PS(18:1(12Z)-2OH(9,10)/14:1(9Z))";[M+Na];C38H70NO12P;-7.24696e-4;-0.921474;786.452784;1 out of 4
788.667684;788.667684;"Cer(d18:1/22:1(13Z))";[M+NORHARMANE+H];C40H77NO3;4.13665e-4;0.524511;788.667270;1 out of 4
789.518691;789.518691;"PA(16:0/14:0)";[M+NORHARMANE+H];C33H65O8P;6.04320e-5;0.076543;789.518631;1 out of 4
789.518691;789.518691;"PA(8:0/22:0)";[M+NORHARMANE+H];C33H65O8P;5.99490e-5;0.075931;789.518631;1 out of 4
789.518691;789.518691;"PA(20:0/10:0)";[M+NORHARMANE+H];C33H65O8P;5.99490e-5;0.075931;789.518631;1 out of 4
789.518691;789.518691;"PA(22:0/8:0)";[M+NORHARMANE+H];C33H65O8P;5.99490e-5;0.075931;789.518631;1 out of 4
789.518691;789.518691;"PA(10:0/i-20:0)";[M+NORHARMANE+H];C33H65O8P;5.99490e-5;0.075931;789.518631;1 out of 4
789.518691;789.518691;"PA(8:0/i-22:0)";[M+NORHARMANE+H];C33H65O8P;5.99490e-5;0.075931;789.518631;1 out of 4
789.518691;789.518691;"PA(a-13:0/a-17:0)";[M+NORHARMANE+H];C33H65O8P;5.99490e-5;0.075931;789.518631;1 out of 4
789.518691;789.518691;"PA(a-13:0/i-17:0)";[M+NORHARMANE+H];C33H65O8P;5.99490e-5;0.075931;789.518631;1 out of 4
789.518691;789.518691;"PA(i-12:0/i-18:0)";[M+NORHARMANE+H];C33H65O8P;5.99490e-5;0.075931;789.518631;1 out of 4
789.518691;789.518691;"PA(i-13:0/a-17:0)";[M+NORHARMANE+H];C33H65O8P;5.99490e-5;0.075931;789.518631;1 out of 4
789.518691;789.518691;"PA(i-13:0/i-17:0)";[M+NORHARMANE+H];C33H65O8P;5.99490e-5;0.075931;789.518631;1 out of 4
789.518691;789.518691;"PA(i-14:0/i-16:0)";[M+NORHARMANE+H];C33H65O8P;5.99490e-5;0.075931;789.518631;1 out of 4
789.518691;789.518691;"PA(i-20:0/10:0)";[M+NORHARMANE+H];C33H65O8P;5.99490e-5;0.075931;789.518631;1 out of 4
789.518691;789.518691;"PA(i-22:0/8:0)";[M+NORHARMANE+H];C33H65O8P;5.99490e-5;0.075931;789.518631;1 out of 4
789.615555;789.615555;"DG(14:0/22:2(13Z,16Z)/0:0)";[M+NORHARMANE+H];C39H72O5;6.54586e-4;0.828994;789.614900;1 out of 4
789.615555;789.615555;"DG(14:1(9Z)/22:1(13Z)/0:0)";[M+NORHARMANE+H];C39H72O5;6.54586e-4;0.828994;789.614900;1 out of 4
789.615555;789.615555;"DG(16:0/20:2(11Z,14Z)/0:0)";[M+NORHARMANE+H];C39H72O5;6.54586e-4;0.828994;789.614900;1 out of 4
789.615555;789.615555;"DG(16:1(9Z)/20:1(11Z)/0:0)";[M+NORHARMANE+H];C39H72O5;6.54586e-4;0.828994;789.614900;1 out of 4
789.615555;789.615555;"DG(18:0/18:2(9Z,12Z)/0:0)";[M+NORHARMANE+H];C39H72O5;6.54586e-4;0.828994;789.614900;1 out of 4
789.615555;789.615555;"DG(18:1(11Z)/18:1(11Z)/0:0)";[M+NORHARMANE+H];C39H72O5;6.54586e-4;0.828994;789.614900;1 out of 4
789.615555;789.615555;"DG(18:1(11Z)/18:1(9Z)/0:0)";[M+NORHARMANE+H];C39H72O5;6.54586e-4;0.828994;789.614900;1 out of 4
789.615555;789.615555;"DG(18:1(9Z)/18:1(11Z)/0:0)";[M+NORHARMANE+H];C39H72O5;6.54586e-4;0.828994;789.614900;1 out of 4
789.615555;789.615555;"DG(18:1(9Z)/18:1(9Z)/0:0)";[M+NORHARMANE+H];C39H72O5;6.54586e-4;0.828994;789.614900;1 out of 4
789.615555;789.615555;"DG(18:2(9Z,12Z)/18:0/0:0)";[M+NORHARMANE+H];C39H72O5;6.54586e-4;0.828994;789.614900;1 out of 4
789.615555;789.615555;"DG(20:1(11Z)/16:1(9Z)/0:0)";[M+NORHARMANE+H];C39H72O5;6.54586e-4;0.828994;789.614900;1 out of 4
789.615555;789.615555;"DG(20:2(11Z,14Z)/16:0/0:0)";[M+NORHARMANE+H];C39H72O5;6.54586e-4;0.828994;789.614900;1 out of 4
789.615555;789.615555;"DG(22:1(13Z)/14:1(9Z)/0:0)";[M+NORHARMANE+H];C39H72O5;6.54586e-4;0.828994;789.614900;1 out of 4
789.615555;789.615555;"DG(22:2(13Z,16Z)/14:0/0:0)";[M+NORHARMANE+H];C39H72O5;6.54586e-4;0.828994;789.614900;1 out of 4
789.615555;789.615555;"DG(18:1n7/0:0/18:1n7)";[M+NORHARMANE+H];C39H72O5;6.54586e-4;0.828994;789.614900;1 out of 4
789.615555;789.615555;"DG(18:1n9/0:0/18:1n9)";[M+NORHARMANE+H];C39H72O5;6.54586e-4;0.828994;789.614900;1 out of 4
789.615555;789.615555;"DG(14:0/0:0/22:2n6)";[M+NORHARMANE+H];C39H72O5;6.54582e-4;0.828989;789.614900;1 out of 4
789.615555;789.615555;"DG(16:0/0:0/20:2n6)";[M+NORHARMANE+H];C39H72O5;6.54582e-4;0.828989;789.614900;1 out of 4
789.615555;789.615555;"DG(14:1n5/0:0/22:1n9)";[M+NORHARMANE+H];C39H72O5;6.54582e-4;0.828989;789.614900;1 out of 4
789.615555;789.615555;"DG(16:1n7/0:0/20:1n9)";[M+NORHARMANE+H];C39H72O5;6.54582e-4;0.828989;789.614900;1 out of 4
789.615555;789.615555;"DG(18:1n7/0:0/18:1n9)";[M+NORHARMANE+H];C39H72O5;6.54582e-4;0.828989;789.614900;1 out of 4
789.615555;789.615555;"1,2-Dioleoyl-rac-glycerol";[M+NORHARMANE+H];C39H72O5;6.54582e-4;0.828989;789.614900;1 out of 4
789.615555;789.615555;"9-Octadecenoic acid (9Z)-, diester with 1,2,3-propanetriol";[M+NORHARMANE+H];C39H72O5;6.54582e-4;0.828989;789.614900;1 out of 4
800.543371;800.543371;"PE(P-18:1(11Z)/PGE1)";[M+H];C43H78NO10P;-2.39714e-4;-0.299439;800.543611;1 out of 4
800.543371;800.543371;"PE(18:0/20:4(6Z,8E,10E,14Z)-2OH(5S,12R))";[M+H];C43H78NO10P;-2.39714e-4;-0.299439;800.543611;1 out of 4
800.543371;800.543371;"PE(20:4(6Z,8E,10E,14Z)-2OH(5S,12R)/18:0)";[M+H];C43H78NO10P;-2.39714e-4;-0.299439;800.543611;1 out of 4
800.543371;800.543371;"PE(18:0/20:4(6E,8Z,11Z,13E)-2OH(5S,15S))";[M+H];C43H78NO10P;-2.39714e-4;-0.299439;800.543611;1 out of 4
800.543371;800.543371;"PE(20:4(6E,8Z,11Z,13E)-2OH(5S,15S)/18:0)";[M+H];C43H78NO10P;-2.39714e-4;-0.299439;800.543611;1 out of 4
800.543371;800.543371;"PE(18:0/20:4(8Z,11Z,14Z,17Z)-2OH(5S,6R))";[M+H];C43H78NO10P;-2.39714e-4;-0.299439;800.543611;1 out of 4
800.543371;800.543371;"PE(20:4(8Z,11Z,14Z,17Z)-2OH(5S,6R)/18:0)";[M+H];C43H78NO10P;-2.39714e-4;-0.299439;800.543611;1 out of 4
800.543371;800.543371;"PE(18:1(11Z)/20:3(8Z,11Z,14Z)-2OH(5,6))";[M+H];C43H78NO10P;-2.39714e-4;-0.299439;800.543611;1 out of 4
800.543371;800.543371;"PE(20:3(8Z,11Z,14Z)-2OH(5,6)/18:1(11Z))";[M+H];C43H78NO10P;-2.39714e-4;-0.299439;800.543611;1 out of 4
800.543371;800.543371;"PE(18:1(9Z)/20:3(8Z,11Z,14Z)-2OH(5,6))";[M+H];C43H78NO10P;-2.39714e-4;-0.299439;800.543611;1 out of 4
800.543371;800.543371;"PE(20:3(8Z,11Z,14Z)-2OH(5,6)/18:1(9Z))";[M+H];C43H78NO10P;-2.39714e-4;-0.299439;800.543611;1 out of 4
800.543371;800.543371;"PE(20:3(5Z,8Z,11Z)/18:1(12Z)-2OH(9,10))";[M+H];C43H78NO10P;-2.39714e-4;-0.299439;800.543611;1 out of 4
800.543371;800.543371;"PE(18:1(12Z)-2OH(9,10)/20:3(5Z,8Z,11Z))";[M+H];C43H78NO10P;-2.39714e-4;-0.299439;800.543611;1 out of 4
800.543371;800.543371;"PE(20:3(8Z,11Z,14Z)/18:1(12Z)-2OH(9,10))";[M+H];C43H78NO10P;-2.39714e-4;-0.299439;800.543611;1 out of 4
800.543371;800.543371;"PE(18:1(12Z)-2OH(9,10)/20:3(8Z,11Z,14Z))";[M+H];C43H78NO10P;-2.39714e-4;-0.299439;800.543611;1 out of 4
800.543371;800.543371;"PE(P-18:0/PGE2)";[M+H];C43H78NO10P;-2.39714e-4;-0.299439;800.543611;1 out of 4
800.543371;800.543371;"PE(PGE2/P-18:0)";[M+H];C43H78NO10P;-2.39714e-4;-0.299439;800.543611;1 out of 4
800.543371;800.543371;"PE(P-18:0/PGD2)";[M+H];C43H78NO10P;-2.39714e-4;-0.299439;800.543611;1 out of 4
800.543371;800.543371;"PE(PGD2/P-18:0)";[M+H];C43H78NO10P;-2.39714e-4;-0.299439;800.543611;1 out of 4
800.543371;800.543371;"PE(P-18:0/20:4(7E,9E,11Z,13E)-3OH(5S,6R,15S))";[M+H];C43H78NO10P;-2.39714e-4;-0.299439;800.543611;1 out of 4
800.543371;800.543371;"PE(20:4(7E,9E,11Z,13E)-3OH(5S,6R,15S)/P-18:0)";[M+H];C43H78NO10P;-2.39714e-4;-0.299439;800.543611;1 out of 4
800.543371;800.543371;"PE(P-18:1(11Z)/PGF2alpha)";[M+H];C43H78NO10P;-2.39714e-4;-0.299439;800.543611;1 out of 4
800.543371;800.543371;"PE(PGF2alpha/P-18:1(11Z))";[M+H];C43H78NO10P;-2.39714e-4;-0.299439;800.543611;1 out of 4
800.543371;800.543371;"PE(PGE1/P-18:1(11Z))";[M+H];C43H78NO10P;-2.39714e-4;-0.299439;800.543611;1 out of 4
800.543371;800.543371;"PE(P-18:1(11Z)/PGD1)";[M+H];C43H78NO10P;-2.39714e-4;-0.299439;800.543611;1 out of 4
800.543371;800.543371;"PE(PGD1/P-18:1(11Z))";[M+H];C43H78NO10P;-2.39714e-4;-0.299439;800.543611;1 out of 4
800.543371;800.543371;"PE(P-18:1(9Z)/PGF2alpha)";[M+H];C43H78NO10P;-2.39714e-4;-0.299439;800.543611;1 out of 4
800.543371;800.543371;"PE(PGF2alpha/P-18:1(9Z))";[M+H];C43H78NO10P;-2.39714e-4;-0.299439;800.543611;1 out of 4
800.543371;800.543371;"PE(P-18:1(9Z)/PGE1)";[M+H];C43H78NO10P;-2.39714e-4;-0.299439;800.543611;1 out of 4
800.543371;800.543371;"PE(PGE1/P-18:1(9Z))";[M+H];C43H78NO10P;-2.39714e-4;-0.299439;800.543611;1 out of 4
800.543371;800.543371;"PE(P-18:1(9Z)/PGD1)";[M+H];C43H78NO10P;-2.39714e-4;-0.299439;800.543611;1 out of 4
800.543371;800.543371;"PE(PGD1/P-18:1(9Z))";[M+H];C43H78NO10P;-2.39714e-4;-0.299439;800.543611;1 out of 4
800.543371;800.543371;"PC(15:0/20:4(6Z,8E,10E,14Z)-2OH(5S,12R))";[M+H];C43H78NO10P;-2.39714e-4;-0.299439;800.543611;1 out of 4
800.543371;800.543371;"PC(20:4(6Z,8E,10E,14Z)-2OH(5S,12R)/15:0)";[M+H];C43H78NO10P;-2.39714e-4;-0.299439;800.543611;1 out of 4
800.543371;800.543371;"PC(15:0/20:4(6E,8Z,11Z,13E)-2OH(5S,15S))";[M+H];C43H78NO10P;-2.39714e-4;-0.299439;800.543611;1 out of 4
800.543371;800.543371;"PC(20:4(6E,8Z,11Z,13E)-2OH(5S,15S)/15:0)";[M+H];C43H78NO10P;-2.39714e-4;-0.299439;800.543611;1 out of 4
800.543371;800.543371;"PC(15:0/20:4(8Z,11Z,14Z,17Z)-2OH(5S,6R))";[M+H];C43H78NO10P;-2.39714e-4;-0.299439;800.543611;1 out of 4
800.543371;800.543371;"PC(20:4(8Z,11Z,14Z,17Z)-2OH(5S,6R)/15:0)";[M+H];C43H78NO10P;-2.39714e-4;-0.299439;800.543611;1 out of 4
801.538434;801.538434;"SM(d17:2(4E,8Z)/6 keto-PGF1alpha)";[M+H];C42H77N2O10P;-4.25685e-4;-0.531085;801.538860;1 out of 4
801.538434;801.538434;"SM(d17:2(4E,8Z)/TXB2)";[M+H];C42H77N2O10P;-4.25685e-4;-0.531085;801.538860;1 out of 4
802.683681;802.683681;"N-(Tricosanoyl)-4E,14Z-sphingadienine";[M+NORHARMANE+H];C41H79NO3;7.60592e-4;0.947562;802.682920;1 out of 4
803.535026;803.535026;"PA(10:0/21:0)";[M+NORHARMANE+H];C34H67O8P;7.44885e-4;0.927011;803.534281;1 out of 4
803.535026;803.535026;"PA(16:0/15:0)";[M+NORHARMANE+H];C34H67O8P;7.44885e-4;0.927011;803.534281;1 out of 4
803.535026;803.535026;"PA(21:0/10:0)";[M+NORHARMANE+H];C34H67O8P;7.44885e-4;0.927011;803.534281;1 out of 4
803.535026;803.535026;"PA(10:0/a-21:0)";[M+NORHARMANE+H];C34H67O8P;7.44885e-4;0.927011;803.534281;1 out of 4
803.535026;803.535026;"PA(10:0/i-21:0)";[M+NORHARMANE+H];C34H67O8P;7.44885e-4;0.927011;803.534281;1 out of 4
803.535026;803.535026;"PA(a-13:0/i-18:0)";[M+NORHARMANE+H];C34H67O8P;7.44885e-4;0.927011;803.534281;1 out of 4
803.535026;803.535026;"PA(a-21:0/10:0)";[M+NORHARMANE+H];C34H67O8P;7.44885e-4;0.927011;803.534281;1 out of 4
803.535026;803.535026;"PA(i-12:0/i-19:0)";[M+NORHARMANE+H];C34H67O8P;7.44885e-4;0.927011;803.534281;1 out of 4
803.535026;803.535026;"PA(i-13:0/i-18:0)";[M+NORHARMANE+H];C34H67O8P;7.44885e-4;0.927011;803.534281;1 out of 4
803.535026;803.535026;"PA(i-14:0/a-17:0)";[M+NORHARMANE+H];C34H67O8P;7.44885e-4;0.927011;803.534281;1 out of 4
803.535026;803.535026;"PA(i-14:0/i-17:0)";[M+NORHARMANE+H];C34H67O8P;7.44885e-4;0.927011;803.534281;1 out of 4
803.535026;803.535026;"PA(i-21:0/10:0)";[M+NORHARMANE+H];C34H67O8P;7.44885e-4;0.927011;803.534281;1 out of 4
807.552296;807.552296;"DG(14:0/PGF2alpha/0:0)";[M+NORHARMANE+H];C37H66O8;-3.98085e-4;-0.492952;807.552694;2 out of 4
807.552296;807.552296;"DG(PGF2alpha/14:0/0:0)";[M+NORHARMANE+H];C37H66O8;-3.98085e-4;-0.492952;807.552694;2 out of 4
807.552296;807.552296;"DG(14:0/0:0/PGF2alpha)";[M+NORHARMANE+H];C37H66O8;-3.98085e-4;-0.492952;807.552694;2 out of 4
807.552296;807.552296;"DG(PGF2alpha/0:0/14:0)";[M+NORHARMANE+H];C37H66O8;-3.98085e-4;-0.492952;807.552694;2 out of 4
807.552296;807.552296;"DG(14:0/PGE1/0:0)";[M+NORHARMANE+H];C37H66O8;-3.98085e-4;-0.492952;807.552694;2 out of 4
807.552296;807.552296;"DG(PGE1/14:0/0:0)";[M+NORHARMANE+H];C37H66O8;-3.98085e-4;-0.492952;807.552694;2 out of 4
807.552296;807.552296;"DG(14:0/0:0/PGE1)";[M+NORHARMANE+H];C37H66O8;-3.98085e-4;-0.492952;807.552694;2 out of 4
807.552296;807.552296;"DG(PGE1/0:0/14:0)";[M+NORHARMANE+H];C37H66O8;-3.98085e-4;-0.492952;807.552694;2 out of 4
807.552296;807.552296;"DG(14:0/PGD1/0:0)";[M+NORHARMANE+H];C37H66O8;-3.98085e-4;-0.492952;807.552694;2 out of 4
807.552296;807.552296;"DG(PGD1/14:0/0:0)";[M+NORHARMANE+H];C37H66O8;-3.98085e-4;-0.492952;807.552694;2 out of 4
807.552296;807.552296;"DG(14:0/0:0/PGD1)";[M+NORHARMANE+H];C37H66O8;-3.98085e-4;-0.492952;807.552694;2 out of 4
807.552296;807.552296;"DG(PGD1/0:0/14:0)";[M+NORHARMANE+H];C37H66O8;-3.98085e-4;-0.492952;807.552694;2 out of 4
807.552296;807.552296;"DG(16:0/5-iso PGF2VI/0:0)";[M+NORHARMANE+H];C37H66O8;-3.98085e-4;-0.492952;807.552694;2 out of 4
807.552296;807.552296;"DG(5-iso PGF2VI/16:0/0:0)";[M+NORHARMANE+H];C37H66O8;-3.98085e-4;-0.492952;807.552694;2 out of 4
807.552296;807.552296;"DG(16:0/0:0/5-iso PGF2VI)";[M+NORHARMANE+H];C37H66O8;-3.98085e-4;-0.492952;807.552694;2 out of 4
807.552296;807.552296;"DG(5-iso PGF2VI/0:0/16:0)";[M+NORHARMANE+H];C37H66O8;-3.98085e-4;-0.492952;807.552694;2 out of 4
807.552296;807.552296;"DG(i-14:0/PGF2alpha/0:0)";[M+NORHARMANE+H];C37H66O8;-3.98085e-4;-0.492952;807.552694;2 out of 4
807.552296;807.552296;"DG(PGF2alpha/i-14:0/0:0)";[M+NORHARMANE+H];C37H66O8;-3.98085e-4;-0.492952;807.552694;2 out of 4
807.552296;807.552296;"DG(i-14:0/0:0/PGF2alpha)";[M+NORHARMANE+H];C37H66O8;-3.98085e-4;-0.492952;807.552694;2 out of 4
807.552296;807.552296;"DG(PGF2alpha/0:0/i-14:0)";[M+NORHARMANE+H];C37H66O8;-3.98085e-4;-0.492952;807.552694;2 out of 4
807.552296;807.552296;"DG(i-14:0/PGE1/0:0)";[M+NORHARMANE+H];C37H66O8;-3.98085e-4;-0.492952;807.552694;2 out of 4
807.552296;807.552296;"DG(PGE1/i-14:0/0:0)";[M+NORHARMANE+H];C37H66O8;-3.98085e-4;-0.492952;807.552694;2 out of 4
807.552296;807.552296;"DG(i-14:0/0:0/PGE1)";[M+NORHARMANE+H];C37H66O8;-3.98085e-4;-0.492952;807.552694;2 out of 4
807.552296;807.552296;"DG(PGE1/0:0/i-14:0)";[M+NORHARMANE+H];C37H66O8;-3.98085e-4;-0.492952;807.552694;2 out of 4
807.552296;807.552296;"DG(i-14:0/PGD1/0:0)";[M+NORHARMANE+H];C37H66O8;-3.98085e-4;-0.492952;807.552694;2 out of 4
807.552296;807.552296;"DG(PGD1/i-14:0/0:0)";[M+NORHARMANE+H];C37H66O8;-3.98085e-4;-0.492952;807.552694;2 out of 4
807.552296;807.552296;"DG(i-14:0/0:0/PGD1)";[M+NORHARMANE+H];C37H66O8;-3.98085e-4;-0.492952;807.552694;2 out of 4
807.552296;807.552296;"DG(PGD1/0:0/i-14:0)";[M+NORHARMANE+H];C37H66O8;-3.98085e-4;-0.492952;807.552694;2 out of 4
807.552296;807.552296;"DG(i-16:0/5-iso PGF2VI/0:0)";[M+NORHARMANE+H];C37H66O8;-3.98085e-4;-0.492952;807.552694;2 out of 4
807.552296;807.552296;"DG(5-iso PGF2VI/i-16:0/0:0)";[M+NORHARMANE+H];C37H66O8;-3.98085e-4;-0.492952;807.552694;2 out of 4
807.552296;807.552296;"DG(i-16:0/0:0/5-iso PGF2VI)";[M+NORHARMANE+H];C37H66O8;-3.98085e-4;-0.492952;807.552694;2 out of 4
807.552296;807.552296;"DG(5-iso PGF2VI/0:0/i-16:0)";[M+NORHARMANE+H];C37H66O8;-3.98085e-4;-0.492952;807.552694;2 out of 4
807.552296;807.552296;Annoglaucin;[M+NORHARMANE+H];C37H66O8;-3.98088e-4;-0.492956;807.552694;2 out of 4
807.552296;807.552296;Muricatin C;[M+NORHARMANE+H];C37H66O8;-3.98088e-4;-0.492956;807.552694;2 out of 4
807.552296;807.552296;Rollidecin A;[M+NORHARMANE+H];C37H66O8;-3.98088e-4;-0.492956;807.552694;2 out of 4
807.552296;807.552296;Bullatetrocin;[M+NORHARMANE+H];C37H66O8;-3.98088e-4;-0.492956;807.552694;2 out of 4
807.552296;807.552296;Rollitacin;[M+NORHARMANE+H];C37H66O8;-3.98088e-4;-0.492956;807.552694;2 out of 4
807.552296;807.552296;Mucocin;[M+NORHARMANE+H];C37H66O8;-3.98088e-4;-0.492956;807.552694;2 out of 4
807.552296;807.552296;Glabracin A;[M+NORHARMANE+H];C37H66O8;-3.98088e-4;-0.492956;807.552694;2 out of 4
807.552296;807.552296;Purpurenin;[M+NORHARMANE+H];C37H66O8;-3.98088e-4;-0.492956;807.552694;2 out of 4
807.552296;807.552296;"12,15-cis-Squamostatin A";[M+NORHARMANE+H];C37H66O8;-3.98088e-4;-0.492956;807.552694;2 out of 4
807.552296;807.552296;Rollimusin;[M+NORHARMANE+H];C37H66O8;-3.98088e-4;-0.492956;807.552694;2 out of 4
807.552296;807.552296;"20,23-cis-Bullatalicinone";[M+NORHARMANE+H];C37H66O8;-3.98088e-4;-0.492956;807.552694;2 out of 4
807.552296;807.552296;Bullatanocin;[M+NORHARMANE+H];C37H66O8;-3.98088e-4;-0.492956;807.552694;2 out of 4
807.552296;807.552296;Annonin XIV;[M+NORHARMANE+H];C37H66O8;-3.98088e-4;-0.492956;807.552694;2 out of 4
807.552296;807.552296;27-Hydroxybullatacin;[M+NORHARMANE+H];C37H66O8;-3.98088e-4;-0.492956;807.552694;2 out of 4
807.552296;807.552296;9-Hydroxyasimicinone;[M+NORHARMANE+H];C37H66O8;-3.98088e-4;-0.492956;807.552694;2 out of 4
807.552296;807.552296;Purpureacin 2;[M+NORHARMANE+H];C37H66O8;-3.98088e-4;-0.492956;807.552694;2 out of 4
807.552296;807.552296;14-Hydroxy-25-desoxyrollinicin;[M+NORHARMANE+H];C37H66O8;-3.98088e-4;-0.492956;807.552694;2 out of 4
808.563884;808.563884;"Cer(d18:2(4E,14Z)/22:6(5Z,8E,10Z,13Z,15E,19Z)-2OH(7S, 17S))";[M+NORHARMANE+H];C40H65NO5;6.84803e-4;0.846938;808.563199;1 out of 4
808.563884;808.563884;"Cer(d18:2(4E,14Z)/22:6(4Z,7Z,11E,13Z,15E,19Z)-2OH(10S,17))";[M+NORHARMANE+H];C40H65NO5;6.84803e-4;0.846938;808.563199;1 out of 4
809.569111;809.569111;"DG(14:0/PGF1alpha/0:0)";[M+NORHARMANE+H];C37H68O8;7.66850e-4;0.947233;809.568344;1 out of 4
809.569111;809.569111;"DG(PGF1alpha/14:0/0:0)";[M+NORHARMANE+H];C37H68O8;7.66850e-4;0.947233;809.568344;1 out of 4
809.569111;809.569111;"DG(14:0/0:0/PGF1alpha)";[M+NORHARMANE+H];C37H68O8;7.66850e-4;0.947233;809.568344;1 out of 4
809.569111;809.569111;"DG(PGF1alpha/0:0/14:0)";[M+NORHARMANE+H];C37H68O8;7.66850e-4;0.947233;809.568344;1 out of 4
809.569111;809.569111;"DG(i-14:0/PGF1alpha/0:0)";[M+NORHARMANE+H];C37H68O8;7.66850e-4;0.947233;809.568344;1 out of 4
809.569111;809.569111;"DG(PGF1alpha/i-14:0/0:0)";[M+NORHARMANE+H];C37H68O8;7.66850e-4;0.947233;809.568344;1 out of 4
809.569111;809.569111;"DG(i-14:0/0:0/PGF1alpha)";[M+NORHARMANE+H];C37H68O8;7.66850e-4;0.947233;809.568344;1 out of 4
809.569111;809.569111;"DG(PGF1alpha/0:0/i-14:0)";[M+NORHARMANE+H];C37H68O8;7.66850e-4;0.947233;809.568344;1 out of 4
809.569111;809.569111;"DG(11D5/13M5/0:0)";[M+K];C48H82O7;-1.00980e-4;-0.124733;809.569212;1 out of 4
809.569111;809.569111;"DG(11M5/13D5/0:0)";[M+K];C48H82O7;-1.00980e-4;-0.124733;809.569212;1 out of 4
809.569111;809.569111;"DG(13D5/11M5/0:0)";[M+K];C48H82O7;-1.00980e-4;-0.124733;809.569212;1 out of 4
809.569111;809.569111;"DG(13M5/11D5/0:0)";[M+K];C48H82O7;-1.00980e-4;-0.124733;809.569212;1 out of 4
821.524205;821.524205;1-Cycloheptyl-1-[[3-[[cycloheptyl-[[4-(dimethylamino)phenyl]carbamoyl]amino]methyl]phenyl]methyl]-3-[4-(dimethylamino)phenyl]urea;[M+NORHARMANE+H];C40H56N6O2;8.04933e-4;0.979805;821.523400;1 out of 4
824.540661;824.540661;"PS(22:2(13Z,16Z)/15:0)";[M+Na];C43H80NO10P;-5.43778e-4;-0.659492;824.541205;1 out of 4
824.540661;824.540661;"PS(15:0/22:2(13Z,16Z))";[M+Na];C43H80NO10P;-5.43778e-4;-0.659492;824.541205;1 out of 4
824.540661;824.540661;"PE(18:0/20:3(8Z,11Z,14Z)-2OH(5,6))";[M+Na];C43H80NO10P;-5.43778e-4;-0.659492;824.541205;1 out of 4
824.540661;824.540661;"PE(20:3(8Z,11Z,14Z)-2OH(5,6)/18:0)";[M+Na];C43H80NO10P;-5.43778e-4;-0.659492;824.541205;1 out of 4
824.540661;824.540661;"PE(20:2(11Z,14Z)/18:1(12Z)-2OH(9,10))";[M+Na];C43H80NO10P;-5.43778e-4;-0.659492;824.541205;1 out of 4
824.540661;824.540661;"PE(18:1(12Z)-2OH(9,10)/20:2(11Z,14Z))";[M+Na];C43H80NO10P;-5.43778e-4;-0.659492;824.541205;1 out of 4
824.540661;824.540661;"PE(P-18:0/PGF2alpha)";[M+Na];C43H80NO10P;-5.43778e-4;-0.659492;824.541205;1 out of 4
824.540661;824.540661;"PE(PGF2alpha/P-18:0)";[M+Na];C43H80NO10P;-5.43778e-4;-0.659492;824.541205;1 out of 4
824.540661;824.540661;"PE(P-18:0/PGE1)";[M+Na];C43H80NO10P;-5.43778e-4;-0.659492;824.541205;1 out of 4
824.540661;824.540661;"PE(PGE1/P-18:0)";[M+Na];C43H80NO10P;-5.43778e-4;-0.659492;824.541205;1 out of 4
824.540661;824.540661;"PE(P-18:0/PGD1)";[M+Na];C43H80NO10P;-5.43778e-4;-0.659492;824.541205;1 out of 4
824.540661;824.540661;"PE(PGD1/P-18:0)";[M+Na];C43H80NO10P;-5.43778e-4;-0.659492;824.541205;1 out of 4
824.540661;824.540661;"PE(P-18:1(11Z)/PGF1alpha)";[M+Na];C43H80NO10P;-5.43778e-4;-0.659492;824.541205;1 out of 4
824.540661;824.540661;"PE(PGF1alpha/P-18:1(11Z))";[M+Na];C43H80NO10P;-5.43778e-4;-0.659492;824.541205;1 out of 4
824.540661;824.540661;"PE(P-18:1(9Z)/PGF1alpha)";[M+Na];C43H80NO10P;-5.43778e-4;-0.659492;824.541205;1 out of 4
824.540661;824.540661;"PE(PGF1alpha/P-18:1(9Z))";[M+Na];C43H80NO10P;-5.43778e-4;-0.659492;824.541205;1 out of 4
824.540661;824.540661;"PC(15:0/20:3(8Z,11Z,14Z)-2OH(5,6))";[M+Na];C43H80NO10P;-5.43778e-4;-0.659492;824.541205;1 out of 4
824.540661;824.540661;"PC(20:3(8Z,11Z,14Z)-2OH(5,6)/15:0)";[M+Na];C43H80NO10P;-5.43778e-4;-0.659492;824.541205;1 out of 4
828.574446;828.574446;"PE(20:0/20:4(6Z,8E,10E,14Z)-2OH(5S,12R))";[M+H];C45H82NO10P;-4.64842e-4;-0.561014;828.574911;1 out of 4
828.574446;828.574446;"PE(20:4(6Z,8E,10E,14Z)-2OH(5S,12R)/20:0)";[M+H];C45H82NO10P;-4.64842e-4;-0.561014;828.574911;1 out of 4
828.574446;828.574446;"PE(20:0/20:4(6E,8Z,11Z,13E)-2OH(5S,15S))";[M+H];C45H82NO10P;-4.64842e-4;-0.561014;828.574911;1 out of 4
828.574446;828.574446;"PE(20:4(6E,8Z,11Z,13E)-2OH(5S,15S)/20:0)";[M+H];C45H82NO10P;-4.64842e-4;-0.561014;828.574911;1 out of 4
828.574446;828.574446;"PE(20:0/20:4(8Z,11Z,14Z,17Z)-2OH(5S,6R))";[M+H];C45H82NO10P;-4.64842e-4;-0.561014;828.574911;1 out of 4
828.574446;828.574446;"PE(20:4(8Z,11Z,14Z,17Z)-2OH(5S,6R)/20:0)";[M+H];C45H82NO10P;-4.64842e-4;-0.561014;828.574911;1 out of 4
828.574446;828.574446;"PE(20:1(11Z)/20:3(8Z,11Z,14Z)-2OH(5,6))";[M+H];C45H82NO10P;-4.64842e-4;-0.561014;828.574911;1 out of 4
828.574446;828.574446;"PE(20:3(8Z,11Z,14Z)-2OH(5,6)/20:1(11Z))";[M+H];C45H82NO10P;-4.64842e-4;-0.561014;828.574911;1 out of 4
828.574446;828.574446;"PC(17:0/20:4(6Z,8E,10E,14Z)-2OH(5S,12R))";[M+H];C45H82NO10P;-4.64842e-4;-0.561014;828.574911;1 out of 4
828.574446;828.574446;"PC(20:4(6Z,8E,10E,14Z)-2OH(5S,12R)/17:0)";[M+H];C45H82NO10P;-4.64842e-4;-0.561014;828.574911;1 out of 4
828.574446;828.574446;"PC(17:0/20:4(6E,8Z,11Z,13E)-2OH(5S,15S))";[M+H];C45H82NO10P;-4.64842e-4;-0.561014;828.574911;1 out of 4
828.574446;828.574446;"PC(20:4(6E,8Z,11Z,13E)-2OH(5S,15S)/17:0)";[M+H];C45H82NO10P;-4.64842e-4;-0.561014;828.574911;1 out of 4
828.574446;828.574446;"PC(17:0/20:4(8Z,11Z,14Z,17Z)-2OH(5S,6R))";[M+H];C45H82NO10P;-4.64842e-4;-0.561014;828.574911;1 out of 4
828.574446;828.574446;"PC(20:4(8Z,11Z,14Z,17Z)-2OH(5S,6R)/17:0)";[M+H];C45H82NO10P;-4.64842e-4;-0.561014;828.574911;1 out of 4
829.535603;829.535603;"PA(21:0/22:6(5Z,7Z,10Z,13Z,16Z,19Z)-OH(4))";[M+Na];C46H79O9P;2.11878e-4;0.255418;829.535391;1 out of 4
829.535603;829.535603;"PA(22:6(5Z,7Z,10Z,13Z,16Z,19Z)-OH(4)/21:0)";[M+Na];C46H79O9P;2.11878e-4;0.255418;829.535391;1 out of 4
829.535603;829.535603;"PA(21:0/22:6(4Z,8Z,10Z,13Z,16Z,19Z)-OH(7))";[M+Na];C46H79O9P;2.11878e-4;0.255418;829.535391;1 out of 4
829.535603;829.535603;"PA(22:6(4Z,8Z,10Z,13Z,16Z,19Z)-OH(7)/21:0)";[M+Na];C46H79O9P;2.11878e-4;0.255418;829.535391;1 out of 4
829.535603;829.535603;"PA(21:0/22:6(4Z,7Z,10Z,12E,16Z,19Z)-OH(14))";[M+Na];C46H79O9P;2.11878e-4;0.255418;829.535391;1 out of 4
829.535603;829.535603;"PA(22:6(4Z,7Z,10Z,12E,16Z,19Z)-OH(14)/21:0)";[M+Na];C46H79O9P;2.11878e-4;0.255418;829.535391;1 out of 4
829.535603;829.535603;"PA(22:6(4Z,7Z,10Z,13E,15E,19Z)-OH(17)/21:0)";[M+Na];C46H79O9P;2.11878e-4;0.255418;829.535391;1 out of 4
829.535603;829.535603;"PA(21:0/22:5(4Z,7Z,10Z,13Z,19Z)-O(16,17))";[M+Na];C46H79O9P;2.11878e-4;0.255418;829.535391;1 out of 4
829.535603;829.535603;"PA(22:5(4Z,7Z,10Z,13Z,19Z)-O(16,17)/21:0)";[M+Na];C46H79O9P;2.11878e-4;0.255418;829.535391;1 out of 4
829.535603;829.535603;"PA(a-21:0/22:6(5Z,7Z,10Z,13Z,16Z,19Z)-OH(4))";[M+Na];C46H79O9P;2.11878e-4;0.255418;829.535391;1 out of 4
829.535603;829.535603;"PA(22:6(5Z,7Z,10Z,13Z,16Z,19Z)-OH(4)/a-21:0)";[M+Na];C46H79O9P;2.11878e-4;0.255418;829.535391;1 out of 4
829.535603;829.535603;"PA(a-21:0/22:6(4Z,8Z,10Z,13Z,16Z,19Z)-OH(7))";[M+Na];C46H79O9P;2.11878e-4;0.255418;829.535391;1 out of 4
829.535603;829.535603;"PA(22:6(4Z,8Z,10Z,13Z,16Z,19Z)-OH(7)/a-21:0)";[M+Na];C46H79O9P;2.11878e-4;0.255418;829.535391;1 out of 4
829.535603;829.535603;"PA(a-21:0/22:6(4Z,7Z,10Z,12E,16Z,19Z)-OH(14))";[M+Na];C46H79O9P;2.11878e-4;0.255418;829.535391;1 out of 4
829.535603;829.535603;"PA(22:6(4Z,7Z,10Z,12E,16Z,19Z)-OH(14)/a-21:0)";[M+Na];C46H79O9P;2.11878e-4;0.255418;829.535391;1 out of 4
829.535603;829.535603;"PA(a-21:0/22:6(4Z,7Z,10Z,13E,15E,19Z)-OH(17))";[M+Na];C46H79O9P;2.11878e-4;0.255418;829.535391;1 out of 4
829.535603;829.535603;"PA(22:6(4Z,7Z,10Z,13E,15E,19Z)-OH(17)/a-21:0)";[M+Na];C46H79O9P;2.11878e-4;0.255418;829.535391;1 out of 4
829.535603;829.535603;"PA(a-21:0/22:5(4Z,7Z,10Z,13Z,19Z)-O(16,17))";[M+Na];C46H79O9P;2.11878e-4;0.255418;829.535391;1 out of 4
829.535603;829.535603;"PA(22:5(4Z,7Z,10Z,13Z,19Z)-O(16,17)/a-21:0)";[M+Na];C46H79O9P;2.11878e-4;0.255418;829.535391;1 out of 4
829.535603;829.535603;"PA(i-21:0/22:6(5Z,7Z,10Z,13Z,16Z,19Z)-OH(4))";[M+Na];C46H79O9P;2.11878e-4;0.255418;829.535391;1 out of 4
829.535603;829.535603;"PA(22:6(5Z,7Z,10Z,13Z,16Z,19Z)-OH(4)/i-21:0)";[M+Na];C46H79O9P;2.11878e-4;0.255418;829.535391;1 out of 4
829.535603;829.535603;"PA(i-21:0/22:6(4Z,8Z,10Z,13Z,16Z,19Z)-OH(7))";[M+Na];C46H79O9P;2.11878e-4;0.255418;829.535391;1 out of 4
829.535603;829.535603;"PA(22:6(4Z,8Z,10Z,13Z,16Z,19Z)-OH(7)/i-21:0)";[M+Na];C46H79O9P;2.11878e-4;0.255418;829.535391;1 out of 4
829.535603;829.535603;"PA(i-21:0/22:6(4Z,7Z,10Z,12E,16Z,19Z)-OH(14))";[M+Na];C46H79O9P;2.11878e-4;0.255418;829.535391;1 out of 4
829.535603;829.535603;"PA(22:6(4Z,7Z,10Z,12E,16Z,19Z)-OH(14)/i-21:0)";[M+Na];C46H79O9P;2.11878e-4;0.255418;829.535391;1 out of 4
829.535603;829.535603;"PA(i-21:0/22:6(4Z,7Z,10Z,13E,15E,19Z)-OH(17))";[M+Na];C46H79O9P;2.11878e-4;0.255418;829.535391;1 out of 4
829.535603;829.535603;"PA(22:6(4Z,7Z,10Z,13E,15E,19Z)-OH(17)/i-21:0)";[M+Na];C46H79O9P;2.11878e-4;0.255418;829.535391;1 out of 4
829.535603;829.535603;"PA(i-21:0/22:5(4Z,7Z,10Z,13Z,19Z)-O(16,17))";[M+Na];C46H79O9P;2.11878e-4;0.255418;829.535391;1 out of 4
829.535603;829.535603;"PA(22:5(4Z,7Z,10Z,13Z,19Z)-O(16,17)/i-21:0)";[M+Na];C46H79O9P;2.11878e-4;0.255418;829.535391;1 out of 4
829.535603;829.535603;"PA(22:0/18:1(12Z)-2OH(9,10))";[M+K];C43H83O10P;6.01290e-5;0.072485;829.535543;1 out of 4
829.535603;829.535603;"PA(18:1(12Z)-2OH(9,10)/22:0)";[M+K];C43H83O10P;6.01290e-5;0.072485;829.535543;1 out of 4
829.535603;829.535603;"PA(i-22:0/18:1(12Z)-2OH(9,10))";[M+K];C43H83O10P;6.01290e-5;0.072485;829.535543;1 out of 4
829.535603;829.535603;"PA(18:1(12Z)-2OH(9,10)/i-22:0)";[M+K];C43H83O10P;6.01290e-5;0.072485;829.535543;1 out of 4
829.550136;829.550136;"PA(18:1(11Z)/15:0)";[M+NORHARMANE+H];C36H69O8P;2.04820e-4;0.246905;829.549931;2 out of 4
829.550136;829.550136;"PA(18:1(9Z)/15:0)";[M+NORHARMANE+H];C36H69O8P;2.04820e-4;0.246905;829.549931;2 out of 4
831.551191;831.551191;"PG(a-13:0/i-24:0)";[M+K];C43H85O10P;-1.93500e-6;-0.002327;831.551193;1 out of 4
831.551191;831.551191;"PG(i-12:0/a-25:0)";[M+K];C43H85O10P;-1.93500e-6;-0.002327;831.551193;1 out of 4
831.551191;831.551191;"PG(i-13:0/i-24:0)";[M+K];C43H85O10P;-1.93500e-6;-0.002327;831.551193;1 out of 4
831.565795;831.565795;"PA(15:0/18:0)";[M+NORHARMANE+H];C36H71O8P;2.13756e-4;0.257052;831.565581;1 out of 4
831.565795;831.565795;"PA(18:0/15:0)";[M+NORHARMANE+H];C36H71O8P;2.13756e-4;0.257052;831.565581;1 out of 4
831.565795;831.565795;"PA(20:0/13:0)";[M+NORHARMANE+H];C36H71O8P;2.13756e-4;0.257052;831.565581;1 out of 4
831.565795;831.565795;"PA(21:0/12:0)";[M+NORHARMANE+H];C36H71O8P;2.13756e-4;0.257052;831.565581;1 out of 4
831.565795;831.565795;"PA(20:0/a-13:0)";[M+NORHARMANE+H];C36H71O8P;2.13756e-4;0.257052;831.565581;1 out of 4
831.565795;831.565795;"PA(20:0/i-13:0)";[M+NORHARMANE+H];C36H71O8P;2.13756e-4;0.257052;831.565581;1 out of 4
831.565795;831.565795;"PA(21:0/i-12:0)";[M+NORHARMANE+H];C36H71O8P;2.13756e-4;0.257052;831.565581;1 out of 4
831.565795;831.565795;"PA(8:0/a-25:0)";[M+NORHARMANE+H];C36H71O8P;2.13756e-4;0.257052;831.565581;1 out of 4
831.565795;831.565795;"PA(a-13:0/i-20:0)";[M+NORHARMANE+H];C36H71O8P;2.13756e-4;0.257052;831.565581;1 out of 4
831.565795;831.565795;"PA(a-21:0/12:0)";[M+NORHARMANE+H];C36H71O8P;2.13756e-4;0.257052;831.565581;1 out of 4
831.565795;831.565795;"PA(a-21:0/i-12:0)";[M+NORHARMANE+H];C36H71O8P;2.13756e-4;0.257052;831.565581;1 out of 4
831.565795;831.565795;"PA(a-25:0/8:0)";[M+NORHARMANE+H];C36H71O8P;2.13756e-4;0.257052;831.565581;1 out of 4
831.565795;831.565795;"PA(i-12:0/a-21:0)";[M+NORHARMANE+H];C36H71O8P;2.13756e-4;0.257052;831.565581;1 out of 4
831.565795;831.565795;"PA(i-12:0/i-21:0)";[M+NORHARMANE+H];C36H71O8P;2.13756e-4;0.257052;831.565581;1 out of 4
831.565795;831.565795;"PA(i-13:0/i-20:0)";[M+NORHARMANE+H];C36H71O8P;2.13756e-4;0.257052;831.565581;1 out of 4
831.565795;831.565795;"PA(i-20:0/13:0)";[M+NORHARMANE+H];C36H71O8P;2.13756e-4;0.257052;831.565581;1 out of 4
831.565795;831.565795;"PA(i-20:0/a-13:0)";[M+NORHARMANE+H];C36H71O8P;2.13756e-4;0.257052;831.565581;1 out of 4
831.565795;831.565795;"PA(i-20:0/i-13:0)";[M+NORHARMANE+H];C36H71O8P;2.13756e-4;0.257052;831.565581;1 out of 4
831.565795;831.565795;"PA(i-21:0/12:0)";[M+NORHARMANE+H];C36H71O8P;2.13756e-4;0.257052;831.565581;1 out of 4
831.565795;831.565795;"PA(i-21:0/i-12:0)";[M+NORHARMANE+H];C36H71O8P;2.13756e-4;0.257052;831.565581;1 out of 4
832.562140;832.562140;"PC(20:3(5Z,8Z,11Z)/P-18:1(11Z))";[M+K];C46H84NO7P;4.42441e-4;0.531421;832.561698;1 out of 4
832.562140;832.562140;"PC(20:3(5Z,8Z,11Z)/P-18:1(9Z))";[M+K];C46H84NO7P;4.42441e-4;0.531421;832.561698;1 out of 4
832.562140;832.562140;"PC(20:3(8Z,11Z,14Z)/P-18:1(11Z))";[M+K];C46H84NO7P;4.42441e-4;0.531421;832.561698;1 out of 4
832.562140;832.562140;"PC(20:3(8Z,11Z,14Z)/P-18:1(9Z))";[M+K];C46H84NO7P;4.42441e-4;0.531421;832.561698;1 out of 4
832.562140;832.562140;"PC(20:4(5Z,8Z,11Z,14Z)/P-18:0)";[M+K];C46H84NO7P;4.42441e-4;0.531421;832.561698;1 out of 4
832.562140;832.562140;"PC(20:4(8Z,11Z,14Z,17Z)/P-18:0)";[M+K];C46H84NO7P;4.42441e-4;0.531421;832.561698;1 out of 4
832.562140;832.562140;"PC(22:4(7Z,10Z,13Z,16Z)/P-16:0)";[M+K];C46H84NO7P;4.42441e-4;0.531421;832.561698;1 out of 4
832.562140;832.562140;"PC(P-16:0/22:4(7Z,10Z,13Z,16Z))";[M+K];C46H84NO7P;4.42441e-4;0.531421;832.561698;1 out of 4
832.562140;832.562140;"PC(P-18:0/20:4(5Z,8Z,11Z,14Z))";[M+K];C46H84NO7P;4.42441e-4;0.531421;832.561698;1 out of 4
832.562140;832.562140;"PC(P-18:0/20:4(8Z,11Z,14Z,17Z))";[M+K];C46H84NO7P;4.42441e-4;0.531421;832.561698;1 out of 4
832.562140;832.562140;"PC(P-18:1(11Z)/20:3(5Z,8Z,11Z))";[M+K];C46H84NO7P;4.42441e-4;0.531421;832.561698;1 out of 4
832.562140;832.562140;"PC(P-18:1(11Z)/20:3(8Z,11Z,14Z))";[M+K];C46H84NO7P;4.42441e-4;0.531421;832.561698;1 out of 4
832.562140;832.562140;"PC(P-18:1(9Z)/20:3(5Z,8Z,11Z))";[M+K];C46H84NO7P;4.42441e-4;0.531421;832.561698;1 out of 4
832.562140;832.562140;"PC(P-18:1(9Z)/20:3(8Z,11Z,14Z))";[M+K];C46H84NO7P;4.42441e-4;0.531421;832.561698;1 out of 4
832.562140;832.562140;"PE(P-18:1(9Z)/20:3(8Z,11Z,14Z))";[M+K];C46H84NO7P;4.42441e-4;0.531421;832.561698;1 out of 4
832.562140;832.562140;"PC(O-18:1(9Z)/20:4(8Z,11Z,14Z,17Z))";[M+K];C46H84NO7P;4.42441e-4;0.531421;832.561698;1 out of 4
832.562140;832.562140;Alanine-betaxanthin;[M+K];C46H84NO7P;4.41953e-4;0.530835;832.561698;1 out of 4
835.583458;835.583458;"DG(16:0/PGF2alpha/0:0)";[M+NORHARMANE+H];C39H70O8;-5.36214e-4;-0.641724;835.583994;2 out of 4
835.583458;835.583458;"DG(PGF2alpha/16:0/0:0)";[M+NORHARMANE+H];C39H70O8;-5.36214e-4;-0.641724;835.583994;2 out of 4
835.583458;835.583458;"DG(16:0/0:0/PGF2alpha)";[M+NORHARMANE+H];C39H70O8;-5.36214e-4;-0.641724;835.583994;2 out of 4
835.583458;835.583458;"DG(PGF2alpha/0:0/16:0)";[M+NORHARMANE+H];C39H70O8;-5.36214e-4;-0.641724;835.583994;2 out of 4
835.583458;835.583458;"DG(16:0/PGE1/0:0)";[M+NORHARMANE+H];C39H70O8;-5.36214e-4;-0.641724;835.583994;2 out of 4
835.583458;835.583458;"DG(PGE1/16:0/0:0)";[M+NORHARMANE+H];C39H70O8;-5.36214e-4;-0.641724;835.583994;2 out of 4
835.583458;835.583458;"DG(16:0/0:0/PGE1)";[M+NORHARMANE+H];C39H70O8;-5.36214e-4;-0.641724;835.583994;2 out of 4
835.583458;835.583458;"DG(PGE1/0:0/16:0)";[M+NORHARMANE+H];C39H70O8;-5.36214e-4;-0.641724;835.583994;2 out of 4
835.583458;835.583458;"DG(16:0/PGD1/0:0)";[M+NORHARMANE+H];C39H70O8;-5.36214e-4;-0.641724;835.583994;2 out of 4
835.583458;835.583458;"DG(PGD1/16:0/0:0)";[M+NORHARMANE+H];C39H70O8;-5.36214e-4;-0.641724;835.583994;2 out of 4
835.583458;835.583458;"DG(16:0/0:0/PGD1)";[M+NORHARMANE+H];C39H70O8;-5.36214e-4;-0.641724;835.583994;2 out of 4
835.583458;835.583458;"DG(PGD1/0:0/16:0)";[M+NORHARMANE+H];C39H70O8;-5.36214e-4;-0.641724;835.583994;2 out of 4
835.583458;835.583458;"DG(18:0/5-iso PGF2VI/0:0)";[M+NORHARMANE+H];C39H70O8;-5.36214e-4;-0.641724;835.583994;2 out of 4
835.583458;835.583458;"DG(5-iso PGF2VI/18:0/0:0)";[M+NORHARMANE+H];C39H70O8;-5.36214e-4;-0.641724;835.583994;2 out of 4
835.583458;835.583458;"DG(18:0/0:0/5-iso PGF2VI)";[M+NORHARMANE+H];C39H70O8;-5.36214e-4;-0.641724;835.583994;2 out of 4
835.583458;835.583458;"DG(5-iso PGF2VI/0:0/18:0)";[M+NORHARMANE+H];C39H70O8;-5.36214e-4;-0.641724;835.583994;2 out of 4
835.583458;835.583458;"DG(i-16:0/PGF2alpha/0:0)";[M+NORHARMANE+H];C39H70O8;-5.36214e-4;-0.641724;835.583994;2 out of 4
835.583458;835.583458;"DG(PGF2alpha/i-16:0/0:0)";[M+NORHARMANE+H];C39H70O8;-5.36214e-4;-0.641724;835.583994;2 out of 4
835.583458;835.583458;"DG(i-16:0/0:0/PGF2alpha)";[M+NORHARMANE+H];C39H70O8;-5.36214e-4;-0.641724;835.583994;2 out of 4
835.583458;835.583458;"DG(PGF2alpha/0:0/i-16:0)";[M+NORHARMANE+H];C39H70O8;-5.36214e-4;-0.641724;835.583994;2 out of 4
835.583458;835.583458;"DG(i-16:0/PGE1/0:0)";[M+NORHARMANE+H];C39H70O8;-5.36214e-4;-0.641724;835.583994;2 out of 4
835.583458;835.583458;"DG(PGE1/i-16:0/0:0)";[M+NORHARMANE+H];C39H70O8;-5.36214e-4;-0.641724;835.583994;2 out of 4
835.583458;835.583458;"DG(i-16:0/0:0/PGE1)";[M+NORHARMANE+H];C39H70O8;-5.36214e-4;-0.641724;835.583994;2 out of 4
835.583458;835.583458;"DG(PGE1/0:0/i-16:0)";[M+NORHARMANE+H];C39H70O8;-5.36214e-4;-0.641724;835.583994;2 out of 4
835.583458;835.583458;"DG(i-16:0/PGD1/0:0)";[M+NORHARMANE+H];C39H70O8;-5.36214e-4;-0.641724;835.583994;2 out of 4
835.583458;835.583458;"DG(PGD1/i-16:0/0:0)";[M+NORHARMANE+H];C39H70O8;-5.36214e-4;-0.641724;835.583994;2 out of 4
835.583458;835.583458;"DG(i-16:0/0:0/PGD1)";[M+NORHARMANE+H];C39H70O8;-5.36214e-4;-0.641724;835.583994;2 out of 4
835.583458;835.583458;"DG(PGD1/0:0/i-16:0)";[M+NORHARMANE+H];C39H70O8;-5.36214e-4;-0.641724;835.583994;2 out of 4
835.583458;835.583458;"DG(i-18:0/5-iso PGF2VI/0:0)";[M+NORHARMANE+H];C39H70O8;-5.36214e-4;-0.641724;835.583994;2 out of 4
835.583458;835.583458;"DG(5-iso PGF2VI/i-18:0/0:0)";[M+NORHARMANE+H];C39H70O8;-5.36214e-4;-0.641724;835.583994;2 out of 4
835.583458;835.583458;"DG(i-18:0/0:0/5-iso PGF2VI)";[M+NORHARMANE+H];C39H70O8;-5.36214e-4;-0.641724;835.583994;2 out of 4
835.583458;835.583458;"DG(5-iso PGF2VI/0:0/i-18:0)";[M+NORHARMANE+H];C39H70O8;-5.36214e-4;-0.641724;835.583994;2 out of 4
837.600004;837.600004;"1,2-Dipalmitoyl-3-succinylglycerol";[M+NORHARMANE+H];C39H72O8;3.59722e-4;0.429468;837.599644;1 out of 4
837.600004;837.600004;"4-{[1,3-Bis(hexadecanoyloxy)propan-2-yl]oxy}-4-oxobutanoic acid";[M+NORHARMANE+H];C39H72O8;3.59722e-4;0.429468;837.599644;1 out of 4
837.600004;837.600004;"DG(16:0/PGF1alpha/0:0)";[M+NORHARMANE+H];C39H72O8;3.59722e-4;0.429468;837.599644;1 out of 4
837.600004;837.600004;"DG(PGF1alpha/16:0/0:0)";[M+NORHARMANE+H];C39H72O8;3.59722e-4;0.429468;837.599644;1 out of 4
837.600004;837.600004;"DG(16:0/0:0/PGF1alpha)";[M+NORHARMANE+H];C39H72O8;3.59722e-4;0.429468;837.599644;1 out of 4
837.600004;837.600004;"DG(PGF1alpha/0:0/16:0)";[M+NORHARMANE+H];C39H72O8;3.59722e-4;0.429468;837.599644;1 out of 4
837.600004;837.600004;"DG(i-16:0/PGF1alpha/0:0)";[M+NORHARMANE+H];C39H72O8;3.59722e-4;0.429468;837.599644;1 out of 4
837.600004;837.600004;"DG(PGF1alpha/i-16:0/0:0)";[M+NORHARMANE+H];C39H72O8;3.59722e-4;0.429468;837.599644;1 out of 4
837.600004;837.600004;"DG(i-16:0/0:0/PGF1alpha)";[M+NORHARMANE+H];C39H72O8;3.59722e-4;0.429468;837.599644;1 out of 4
837.600004;837.600004;"DG(PGF1alpha/0:0/i-16:0)";[M+NORHARMANE+H];C39H72O8;3.59722e-4;0.429468;837.599644;1 out of 4
837.600004;837.600004;"PA(a-25:0/20:4(6E,8Z,11Z,14Z)+=O(5))";[M+H];C48H85O9P;-3.93315e-4;-0.469574;837.600397;2 out of 4
837.600004;837.600004;"PA(20:4(6E,8Z,11Z,14Z)+=O(5)/a-25:0)";[M+H];C48H85O9P;-3.93315e-4;-0.469574;837.600397;2 out of 4
837.600004;837.600004;"PA(a-25:0/20:4(5Z,8Z,11Z,13E)+=O(15))";[M+H];C48H85O9P;-3.93315e-4;-0.469574;837.600397;2 out of 4
837.600004;837.600004;"PA(20:4(5Z,8Z,11Z,13E)+=O(15)/a-25:0)";[M+H];C48H85O9P;-3.93315e-4;-0.469574;837.600397;2 out of 4
837.600004;837.600004;"PA(a-25:0/20:5(5Z,8Z,11Z,14Z,16E)-OH(18R))";[M+H];C48H85O9P;-3.93315e-4;-0.469574;837.600397;2 out of 4
837.600004;837.600004;"PA(20:5(5Z,8Z,11Z,14Z,16E)-OH(18R)/a-25:0)";[M+H];C48H85O9P;-3.93315e-4;-0.469574;837.600397;2 out of 4
837.600004;837.600004;"PA(a-25:0/20:5(5Z,8Z,11Z,14Z,16E)-OH(18))";[M+H];C48H85O9P;-3.93315e-4;-0.469574;837.600397;2 out of 4
837.600004;837.600004;"PA(20:5(5Z,8Z,11Z,14Z,16E)-OH(18)/a-25:0)";[M+H];C48H85O9P;-3.93315e-4;-0.469574;837.600397;2 out of 4
837.600004;837.600004;"PA(a-25:0/20:5(5Z,8Z,10E,14Z,17Z)-OH(12))";[M+H];C48H85O9P;-3.93315e-4;-0.469574;837.600397;2 out of 4
837.600004;837.600004;"PA(20:5(5Z,8Z,10E,14Z,17Z)-OH(12)/a-25:0)";[M+H];C48H85O9P;-3.93315e-4;-0.469574;837.600397;2 out of 4
837.600004;837.600004;"PA(a-25:0/20:5(6E,8Z,11Z,14Z,17Z)-OH(5))";[M+H];C48H85O9P;-3.93315e-4;-0.469574;837.600397;2 out of 4
837.600004;837.600004;"PA(20:5(6E,8Z,11Z,14Z,17Z)-OH(5)/a-25:0)";[M+H];C48H85O9P;-3.93315e-4;-0.469574;837.600397;2 out of 4
837.600004;837.600004;"DG(13D5/13M5/0:0)";[M+K];C50H86O7;-5.08109e-4;-0.606625;837.600512;1 out of 4
837.600004;837.600004;"DG(13M5/13D5/0:0)";[M+K];C50H86O7;-5.08109e-4;-0.606625;837.600512;1 out of 4
837.600004;837.600004;"DG(a-25:0/22:6(5Z,8E,10Z,13Z,15E,19Z)-2OH(7S, 17S)/0:0)";[M+K];C50H86O7;-5.08109e-4;-0.606625;837.600512;1 out of 4
837.600004;837.600004;"DG(22:6(5Z,8E,10Z,13Z,15E,19Z)-2OH(7S, 17S)/a-25:0/0:0)";[M+K];C50H86O7;-5.08109e-4;-0.606625;837.600512;1 out of 4
837.600004;837.600004;"DG(a-25:0/0:0/22:6(5Z,8E,10Z,13Z,15E,19Z)-2OH(7S, 17S))";[M+K];C50H86O7;-5.08109e-4;-0.606625;837.600512;1 out of 4
837.600004;837.600004;"DG(22:6(5Z,8E,10Z,13Z,15E,19Z)-2OH(7S, 17S)/0:0/a-25:0)";[M+K];C50H86O7;-5.08109e-4;-0.606625;837.600512;1 out of 4
837.600004;837.600004;"DG(a-25:0/22:6(4Z,7Z,11E,13Z,15E,19Z)-2OH(10S,17)/0:0)";[M+K];C50H86O7;-5.08109e-4;-0.606625;837.600512;1 out of 4
837.600004;837.600004;"DG(22:6(4Z,7Z,11E,13Z,15E,19Z)-2OH(10S,17)/a-25:0/0:0)";[M+K];C50H86O7;-5.08109e-4;-0.606625;837.600512;1 out of 4
837.600004;837.600004;"DG(a-25:0/0:0/22:6(4Z,7Z,11E,13Z,15E,19Z)-2OH(10S,17))";[M+K];C50H86O7;-5.08109e-4;-0.606625;837.600512;1 out of 4
837.600004;837.600004;"DG(22:6(4Z,7Z,11E,13Z,15E,19Z)-2OH(10S,17)/0:0/a-25:0)";[M+K];C50H86O7;-5.08109e-4;-0.606625;837.600512;1 out of 4
847.524840;847.524840;"PA(14:0/18:1(12Z)-2OH(9,10))";[M+NORHARMANE+H];C35H67O10P;7.29645e-4;0.860914;847.524110;1 out of 4
847.524840;847.524840;"PA(18:1(12Z)-2OH(9,10)/14:0)";[M+NORHARMANE+H];C35H67O10P;7.29645e-4;0.860914;847.524110;1 out of 4
847.524840;847.524840;"PA(i-14:0/18:1(12Z)-2OH(9,10))";[M+NORHARMANE+H];C35H67O10P;7.29645e-4;0.860914;847.524110;1 out of 4
847.524840;847.524840;"PA(18:1(12Z)-2OH(9,10)/i-14:0)";[M+NORHARMANE+H];C35H67O10P;7.29645e-4;0.860914;847.524110;1 out of 4
850.558795;850.558795;"PS(22:6(4Z,7Z,10Z,13Z,16Z,19Z)/19:0)";[M+H];C47H80NO10P;-4.65778e-4;-0.547614;850.559261;1 out of 4
850.558795;850.558795;"PE(20:1(11Z)/22:6(5Z,8E,10Z,13Z,15E,19Z)-2OH(7S, 17S))";[M+H];C47H80NO10P;-4.65778e-4;-0.547614;850.559261;1 out of 4
850.558795;850.558795;"PE(22:6(5Z,8E,10Z,13Z,15E,19Z)-2OH(7S, 17S)/20:1(11Z))";[M+H];C47H80NO10P;-4.65778e-4;-0.547614;850.559261;1 out of 4
850.558795;850.558795;"PE(20:1(11Z)/22:6(4Z,7Z,11E,13Z,15E,19Z)-2OH(10S,17))";[M+H];C47H80NO10P;-4.65778e-4;-0.547614;850.559261;1 out of 4
850.558795;850.558795;"PE(22:6(4Z,7Z,11E,13Z,15E,19Z)-2OH(10S,17)/20:1(11Z))";[M+H];C47H80NO10P;-4.65778e-4;-0.547614;850.559261;1 out of 4
850.558795;850.558795;"PE(22:2(13Z,16Z)/PGJ2)";[M+H];C47H80NO10P;-4.65778e-4;-0.547614;850.559261;1 out of 4
850.558795;850.558795;"PE(PGJ2/22:2(13Z,16Z))";[M+H];C47H80NO10P;-4.65778e-4;-0.547614;850.559261;1 out of 4
850.558795;850.558795;"PE(22:4(7Z,10Z,13Z,16Z)/20:3(8Z,11Z,14Z)-2OH(5,6))";[M+H];C47H80NO10P;-4.65778e-4;-0.547614;850.559261;1 out of 4
850.558795;850.558795;"PE(20:3(8Z,11Z,14Z)-2OH(5,6)/22:4(7Z,10Z,13Z,16Z))";[M+H];C47H80NO10P;-4.65778e-4;-0.547614;850.559261;1 out of 4
850.558795;850.558795;"PE(DiMe(11,5)/20:3(5Z,8Z,11Z)-O(14R,15S))";[M+H];C47H80NO10P;-4.65778e-4;-0.547614;850.559261;1 out of 4
850.558795;850.558795;"PE(20:3(5Z,8Z,11Z)-O(14R,15S)/DiMe(11,5))";[M+H];C47H80NO10P;-4.65778e-4;-0.547614;850.559261;1 out of 4
850.558795;850.558795;"PE(DiMe(11,5)/20:3(5Z,8Z,14Z)-O(11S,12R))";[M+H];C47H80NO10P;-4.65778e-4;-0.547614;850.559261;1 out of 4
850.558795;850.558795;"PE(20:3(5Z,8Z,14Z)-O(11S,12R)/DiMe(11,5))";[M+H];C47H80NO10P;-4.65778e-4;-0.547614;850.559261;1 out of 4
850.558795;850.558795;"PE(DiMe(11,5)/20:3(5Z,11Z,14Z)-O(8,9))";[M+H];C47H80NO10P;-4.65778e-4;-0.547614;850.559261;1 out of 4
850.558795;850.558795;"PE(20:3(5Z,11Z,14Z)-O(8,9)/DiMe(11,5))";[M+H];C47H80NO10P;-4.65778e-4;-0.547614;850.559261;1 out of 4
850.558795;850.558795;"PE(DiMe(11,5)/20:3(8Z,11Z,14Z)-O(5,6))";[M+H];C47H80NO10P;-4.65778e-4;-0.547614;850.559261;1 out of 4
850.558795;850.558795;"PE(20:3(8Z,11Z,14Z)-O(5,6)/DiMe(11,5))";[M+H];C47H80NO10P;-4.65778e-4;-0.547614;850.559261;1 out of 4
850.558795;850.558795;"PE(DiMe(11,5)/20:4(5Z,8Z,11Z,14Z)-OH(20))";[M+H];C47H80NO10P;-4.65778e-4;-0.547614;850.559261;1 out of 4
850.558795;850.558795;"PE(20:4(5Z,8Z,11Z,14Z)-OH(20)/DiMe(11,5))";[M+H];C47H80NO10P;-4.65778e-4;-0.547614;850.559261;1 out of 4
850.558795;850.558795;"PE(DiMe(11,5)/20:4(6E,8Z,11Z,14Z)-OH(5S))";[M+H];C47H80NO10P;-4.65778e-4;-0.547614;850.559261;1 out of 4
850.558795;850.558795;"PE(20:4(6E,8Z,11Z,14Z)-OH(5S)/DiMe(11,5))";[M+H];C47H80NO10P;-4.65778e-4;-0.547614;850.559261;1 out of 4
850.558795;850.558795;"PE(DiMe(11,5)/20:4(5Z,8Z,11Z,14Z)-OH(19S))";[M+H];C47H80NO10P;-4.65778e-4;-0.547614;850.559261;1 out of 4
850.558795;850.558795;"PE(20:4(5Z,8Z,11Z,14Z)-OH(19S)/DiMe(11,5))";[M+H];C47H80NO10P;-4.65778e-4;-0.547614;850.559261;1 out of 4
850.558795;850.558795;"PE(DiMe(11,5)/20:4(5Z,8Z,11Z,14Z)-OH(18R))";[M+H];C47H80NO10P;-4.65778e-4;-0.547614;850.559261;1 out of 4
850.558795;850.558795;"PE(20:4(5Z,8Z,11Z,14Z)-OH(18R)/DiMe(11,5))";[M+H];C47H80NO10P;-4.65778e-4;-0.547614;850.559261;1 out of 4
850.558795;850.558795;"PE(DiMe(11,5)/20:4(5Z,8Z,11Z,14Z)-OH(17))";[M+H];C47H80NO10P;-4.65778e-4;-0.547614;850.559261;1 out of 4
850.558795;850.558795;"PE(20:4(5Z,8Z,11Z,14Z)-OH(17)/DiMe(11,5))";[M+H];C47H80NO10P;-4.65778e-4;-0.547614;850.559261;1 out of 4
850.558795;850.558795;"PE(DiMe(11,5)/20:4(5Z,8Z,11Z,14Z)-OH(16R))";[M+H];C47H80NO10P;-4.65778e-4;-0.547614;850.559261;1 out of 4
850.558795;850.558795;"PE(20:4(5Z,8Z,11Z,14Z)-OH(16R)/DiMe(11,5))";[M+H];C47H80NO10P;-4.65778e-4;-0.547614;850.559261;1 out of 4
850.558795;850.558795;"PE(DiMe(11,5)/20:4(5Z,8Z,11Z,13E)-OH(15S))";[M+H];C47H80NO10P;-4.65778e-4;-0.547614;850.559261;1 out of 4
850.558795;850.558795;"PE(20:4(5Z,8Z,11Z,13E)-OH(15S)/DiMe(11,5))";[M+H];C47H80NO10P;-4.65778e-4;-0.547614;850.559261;1 out of 4
850.558795;850.558795;"PE(DiMe(11,5)/20:4(5Z,8Z,10E,14Z)-OH(12S))";[M+H];C47H80NO10P;-4.65778e-4;-0.547614;850.559261;1 out of 4
850.558795;850.558795;"PE(20:4(5Z,8Z,10E,14Z)-OH(12S)/DiMe(11,5))";[M+H];C47H80NO10P;-4.65778e-4;-0.547614;850.559261;1 out of 4
850.558795;850.558795;"PE(DiMe(11,5)/20:4(5E,8Z,12Z,14Z)-OH(11R))";[M+H];C47H80NO10P;-4.65778e-4;-0.547614;850.559261;1 out of 4
850.558795;850.558795;"PE(20:4(5E,8Z,12Z,14Z)-OH(11R)/DiMe(11,5))";[M+H];C47H80NO10P;-4.65778e-4;-0.547614;850.559261;1 out of 4
850.558795;850.558795;"PE(DiMe(11,5)/20:4(5Z,7E,11Z,14Z)-OH(9))";[M+H];C47H80NO10P;-4.65778e-4;-0.547614;850.559261;1 out of 4
850.558795;850.558795;"PE(20:4(5Z,7E,11Z,14Z)-OH(9)/DiMe(11,5))";[M+H];C47H80NO10P;-4.65778e-4;-0.547614;850.559261;1 out of 4
852.574888;852.574888;"PE(DiMe(11,3)/DiMe(11,5))";[M+H];C47H82NO10P;-2.23610e-5;-0.026228;852.574910;1 out of 4
852.574888;852.574888;"PE(DiMe(11,5)/DiMe(11,3))";[M+H];C47H82NO10P;-2.23610e-5;-0.026228;852.574910;1 out of 4
852.574888;852.574888;"PE(DiMe(11,5)/DiMe(9,5))";[M+H];C47H82NO10P;-2.23610e-5;-0.026228;852.574910;1 out of 4
852.574888;852.574888;"PE(DiMe(13,5)/DiMe(9,3))";[M+H];C47H82NO10P;-2.23610e-5;-0.026228;852.574910;1 out of 4
852.574888;852.574888;"PE(DiMe(9,3)/DiMe(13,5))";[M+H];C47H82NO10P;-2.23610e-5;-0.026228;852.574910;1 out of 4
852.574888;852.574888;"PE(DiMe(9,5)/DiMe(11,5))";[M+H];C47H82NO10P;-2.23610e-5;-0.026228;852.574910;1 out of 4
852.574888;852.574888;"PE(MonoMe(11,3)/MonoMe(13,5))";[M+H];C47H82NO10P;-2.23610e-5;-0.026228;852.574910;1 out of 4
852.574888;852.574888;"PE(MonoMe(11,5)/MonoMe(11,5))";[M+H];C47H82NO10P;-2.23610e-5;-0.026228;852.574910;1 out of 4
852.574888;852.574888;"PE(MonoMe(13,5)/MonoMe(11,3))";[M+H];C47H82NO10P;-2.23610e-5;-0.026228;852.574910;1 out of 4
852.574888;852.574888;"PE(MonoMe(13,5)/MonoMe(9,5))";[M+H];C47H82NO10P;-2.23610e-5;-0.026228;852.574910;1 out of 4
852.574888;852.574888;"PE(MonoMe(9,5)/MonoMe(13,5))";[M+H];C47H82NO10P;-2.23610e-5;-0.026228;852.574910;1 out of 4
852.574888;852.574888;"PE-NMe(11D3/11M5)";[M+H];C47H82NO10P;-2.28420e-5;-0.026792;852.574911;1 out of 4
852.574888;852.574888;"PE-NMe(11D5/11M3)";[M+H];C47H82NO10P;-2.28420e-5;-0.026792;852.574911;1 out of 4
852.574888;852.574888;"PE-NMe(11D5/9M5)";[M+H];C47H82NO10P;-2.28420e-5;-0.026792;852.574911;1 out of 4
852.574888;852.574888;"PE-NMe(11M3/11D5)";[M+H];C47H82NO10P;-2.28420e-5;-0.026792;852.574911;1 out of 4
852.574888;852.574888;"PE-NMe(11M5/11D3)";[M+H];C47H82NO10P;-2.28420e-5;-0.026792;852.574911;1 out of 4
852.574888;852.574888;"PE-NMe(11M5/9D5)";[M+H];C47H82NO10P;-2.28420e-5;-0.026792;852.574911;1 out of 4
852.574888;852.574888;"PE-NMe(13M5/9D3)";[M+H];C47H82NO10P;-2.28420e-5;-0.026792;852.574911;1 out of 4
852.574888;852.574888;"PE-NMe(9D3/13M5)";[M+H];C47H82NO10P;-2.28420e-5;-0.026792;852.574911;1 out of 4
852.574888;852.574888;"PE-NMe(9D5/11M5)";[M+H];C47H82NO10P;-2.28420e-5;-0.026792;852.574911;1 out of 4
852.574888;852.574888;"PE-NMe(9M5/11D5)";[M+H];C47H82NO10P;-2.28420e-5;-0.026792;852.574911;1 out of 4
852.574888;852.574888;"PE-NMe2(11D3/11D3)";[M+H];C47H82NO10P;-2.28420e-5;-0.026792;852.574911;1 out of 4
852.574888;852.574888;"PE-NMe2(11D3/9D5)";[M+H];C47H82NO10P;-2.28420e-5;-0.026792;852.574911;1 out of 4
852.574888;852.574888;"PE-NMe2(11D5/9D3)";[M+H];C47H82NO10P;-2.28420e-5;-0.026792;852.574911;1 out of 4
852.574888;852.574888;"PE-NMe2(11M3/11M5)";[M+H];C47H82NO10P;-2.28420e-5;-0.026792;852.574911;1 out of 4
852.574888;852.574888;"PE-NMe2(11M5/11M3)";[M+H];C47H82NO10P;-2.28420e-5;-0.026792;852.574911;1 out of 4
852.574888;852.574888;"PE-NMe2(11M5/9M5)";[M+H];C47H82NO10P;-2.28420e-5;-0.026792;852.574911;1 out of 4
852.574888;852.574888;"PE-NMe2(9D3/11D5)";[M+H];C47H82NO10P;-2.28420e-5;-0.026792;852.574911;1 out of 4
852.574888;852.574888;"PE-NMe2(9D5/11D3)";[M+H];C47H82NO10P;-2.28420e-5;-0.026792;852.574911;1 out of 4
852.574888;852.574888;"PE-NMe2(9D5/9D5)";[M+H];C47H82NO10P;-2.28420e-5;-0.026792;852.574911;1 out of 4
852.574888;852.574888;"PE-NMe2(9M5/11M5)";[M+H];C47H82NO10P;-2.28420e-5;-0.026792;852.574911;1 out of 4
852.574888;852.574888;"PS(19:1(9Z)/22:4(7Z,10Z,13Z,16Z))";[M+H];C47H82NO10P;-2.28420e-5;-0.026792;852.574911;1 out of 4
852.574888;852.574888;"PE(20:0/22:6(5Z,8E,10Z,13Z,15E,19Z)-2OH(7S, 17S))";[M+H];C47H82NO10P;-2.28420e-5;-0.026792;852.574911;1 out of 4
852.574888;852.574888;"PE(22:6(5Z,8E,10Z,13Z,15E,19Z)-2OH(7S, 17S)/20:0)";[M+H];C47H82NO10P;-2.28420e-5;-0.026792;852.574911;1 out of 4
852.574888;852.574888;"PE(20:0/22:6(4Z,7Z,11E,13Z,15E,19Z)-2OH(10S,17))";[M+H];C47H82NO10P;-2.28420e-5;-0.026792;852.574911;1 out of 4
852.574888;852.574888;"PE(22:6(4Z,7Z,11E,13Z,15E,19Z)-2OH(10S,17)/20:0)";[M+H];C47H82NO10P;-2.28420e-5;-0.026792;852.574911;1 out of 4
852.574888;852.574888;"PE(22:1(13Z)/PGJ2)";[M+H];C47H82NO10P;-2.28420e-5;-0.026792;852.574911;1 out of 4
852.574888;852.574888;"PE(PGJ2/22:1(13Z))";[M+H];C47H82NO10P;-2.28420e-5;-0.026792;852.574911;1 out of 4
852.574888;852.574888;"PE(22:2(13Z,16Z)/20:4(6Z,8E,10E,14Z)-2OH(5S,12R))";[M+H];C47H82NO10P;-2.28420e-5;-0.026792;852.574911;1 out of 4
852.574888;852.574888;"PE(20:4(6Z,8E,10E,14Z)-2OH(5S,12R)/22:2(13Z,16Z))";[M+H];C47H82NO10P;-2.28420e-5;-0.026792;852.574911;1 out of 4
852.574888;852.574888;"PE(22:2(13Z,16Z)/20:4(6E,8Z,11Z,13E)-2OH(5S,15S))";[M+H];C47H82NO10P;-2.28420e-5;-0.026792;852.574911;1 out of 4
852.574888;852.574888;"PE(20:4(6E,8Z,11Z,13E)-2OH(5S,15S)/22:2(13Z,16Z))";[M+H];C47H82NO10P;-2.28420e-5;-0.026792;852.574911;1 out of 4
852.574888;852.574888;"PE(22:2(13Z,16Z)/20:4(8Z,11Z,14Z,17Z)-2OH(5S,6R))";[M+H];C47H82NO10P;-2.28420e-5;-0.026792;852.574911;1 out of 4
852.574888;852.574888;"PE(20:4(8Z,11Z,14Z,17Z)-2OH(5S,6R)/22:2(13Z,16Z))";[M+H];C47H82NO10P;-2.28420e-5;-0.026792;852.574911;1 out of 4
852.574888;852.574888;"PE(DiMe(11,5)/20:3(6,8,11)-OH(5))";[M+H];C47H82NO10P;-2.28420e-5;-0.026792;852.574911;1 out of 4
852.574888;852.574888;"PE(20:3(6,8,11)-OH(5)/DiMe(11,5))";[M+H];C47H82NO10P;-2.28420e-5;-0.026792;852.574911;1 out of 4
852.574888;852.574888;"PE(DiMe(13,5)/18:2(10E,12Z)+=O(9))";[M+H];C47H82NO10P;-2.28420e-5;-0.026792;852.574911;1 out of 4
852.574888;852.574888;"PE(18:2(10E,12Z)+=O(9)/DiMe(13,5))";[M+H];C47H82NO10P;-2.28420e-5;-0.026792;852.574911;1 out of 4
852.574888;852.574888;"PE(DiMe(13,5)/18:2(9Z,11E)+=O(13))";[M+H];C47H82NO10P;-2.28420e-5;-0.026792;852.574911;1 out of 4
852.574888;852.574888;"PE(18:2(9Z,11E)+=O(13)/DiMe(13,5))";[M+H];C47H82NO10P;-2.28420e-5;-0.026792;852.574911;1 out of 4
852.574888;852.574888;"PE(DiMe(13,5)/18:3(10,12,15)-OH(9))";[M+H];C47H82NO10P;-2.28420e-5;-0.026792;852.574911;1 out of 4
852.574888;852.574888;"PE(18:3(10,12,15)-OH(9)/DiMe(13,5))";[M+H];C47H82NO10P;-2.28420e-5;-0.026792;852.574911;1 out of 4
852.574888;852.574888;"PE(DiMe(13,5)/18:3(9,11,15)-OH(13))";[M+H];C47H82NO10P;-2.28420e-5;-0.026792;852.574911;1 out of 4
852.574888;852.574888;"PE(18:3(9,11,15)-OH(13)/DiMe(13,5))";[M+H];C47H82NO10P;-2.28420e-5;-0.026792;852.574911;1 out of 4
852.574888;852.574888;"PC(17:0/22:6(5Z,8E,10Z,13Z,15E,19Z)-2OH(7S, 17S))";[M+H];C47H82NO10P;-2.28420e-5;-0.026792;852.574911;1 out of 4
852.574888;852.574888;"PC(22:6(5Z,8E,10Z,13Z,15E,19Z)-2OH(7S, 17S)/17:0)";[M+H];C47H82NO10P;-2.28420e-5;-0.026792;852.574911;1 out of 4
852.574888;852.574888;"PC(17:0/22:6(4Z,7Z,11E,13Z,15E,19Z)-2OH(10S,17))";[M+H];C47H82NO10P;-2.28420e-5;-0.026792;852.574911;1 out of 4
852.574888;852.574888;"PC(22:6(4Z,7Z,11E,13Z,15E,19Z)-2OH(10S,17)/17:0)";[M+H];C47H82NO10P;-2.28420e-5;-0.026792;852.574911;1 out of 4
855.565661;855.565661;"PA(15:0/20:2(11Z,14Z))";[M+NORHARMANE+H];C38H71O8P;7.97560e-5;0.093220;855.565581;1 out of 4
855.565661;855.565661;"PA(20:2(11Z,14Z)/15:0)";[M+NORHARMANE+H];C38H71O8P;7.97560e-5;0.093220;855.565581;1 out of 4
857.566757;857.566757;"PA(24:0/18:1(12Z)-2OH(9,10))";[M+K];C45H87O10P;-8.59990e-5;-0.100283;857.566843;1 out of 4
857.566757;857.566757;"PA(18:1(12Z)-2OH(9,10)/24:0)";[M+K];C45H87O10P;-8.59990e-5;-0.100283;857.566843;1 out of 4
857.566757;857.566757;"PA(i-24:0/18:1(12Z)-2OH(9,10))";[M+K];C45H87O10P;-8.59990e-5;-0.100283;857.566843;1 out of 4
857.566757;857.566757;"PA(18:1(12Z)-2OH(9,10)/i-24:0)";[M+K];C45H87O10P;-8.59990e-5;-0.100283;857.566843;1 out of 4
857.581180;857.581180;"PA(20:1(11Z)/15:0)";[M+NORHARMANE+H];C38H73O8P;-5.13090e-5;-0.059830;857.581231;1 out of 4
859.582809;859.582809;"PA(a-25:0/20:4(6E,8Z,11Z,14Z)+=O(5))";[M+Na];C48H85O9P;4.67685e-4;0.544084;859.582341;2 out of 4
859.582809;859.582809;"PA(20:4(6E,8Z,11Z,14Z)+=O(5)/a-25:0)";[M+Na];C48H85O9P;4.67685e-4;0.544084;859.582341;2 out of 4
859.582809;859.582809;"PA(a-25:0/20:4(5Z,8Z,11Z,13E)+=O(15))";[M+Na];C48H85O9P;4.67685e-4;0.544084;859.582341;2 out of 4
859.582809;859.582809;"PA(20:4(5Z,8Z,11Z,13E)+=O(15)/a-25:0)";[M+Na];C48H85O9P;4.67685e-4;0.544084;859.582341;2 out of 4
859.582809;859.582809;"PA(a-25:0/20:5(5Z,8Z,11Z,14Z,16E)-OH(18R))";[M+Na];C48H85O9P;4.67685e-4;0.544084;859.582341;2 out of 4
859.582809;859.582809;"PA(20:5(5Z,8Z,11Z,14Z,16E)-OH(18R)/a-25:0)";[M+Na];C48H85O9P;4.67685e-4;0.544084;859.582341;2 out of 4
859.582809;859.582809;"PA(a-25:0/20:5(5Z,8Z,11Z,14Z,16E)-OH(18))";[M+Na];C48H85O9P;4.67685e-4;0.544084;859.582341;2 out of 4
859.582809;859.582809;"PA(20:5(5Z,8Z,11Z,14Z,16E)-OH(18)/a-25:0)";[M+Na];C48H85O9P;4.67685e-4;0.544084;859.582341;2 out of 4
859.582809;859.582809;"PA(a-25:0/20:5(5Z,8Z,10E,14Z,17Z)-OH(12))";[M+Na];C48H85O9P;4.67685e-4;0.544084;859.582341;2 out of 4
859.582809;859.582809;"PA(20:5(5Z,8Z,10E,14Z,17Z)-OH(12)/a-25:0)";[M+Na];C48H85O9P;4.67685e-4;0.544084;859.582341;2 out of 4
859.582809;859.582809;"PA(a-25:0/20:5(6E,8Z,11Z,14Z,17Z)-OH(5))";[M+Na];C48H85O9P;4.67685e-4;0.544084;859.582341;2 out of 4
859.582809;859.582809;"PA(20:5(6E,8Z,11Z,14Z,17Z)-OH(5)/a-25:0)";[M+Na];C48H85O9P;4.67685e-4;0.544084;859.582341;2 out of 4
859.596185;859.596185;"PA(15:0/20:0)";[M+NORHARMANE+H];C38H75O8P;-6.96373e-4;-0.810116;859.596881;1 out of 4
859.596185;859.596185;"PA(20:0/15:0)";[M+NORHARMANE+H];C38H75O8P;-6.96373e-4;-0.810116;859.596881;1 out of 4
859.596185;859.596185;"PA(21:0/14:0)";[M+NORHARMANE+H];C38H75O8P;-6.96373e-4;-0.810116;859.596881;1 out of 4
859.596185;859.596185;"PA(22:0/13:0)";[M+NORHARMANE+H];C38H75O8P;-6.96373e-4;-0.810116;859.596881;1 out of 4
859.596185;859.596185;"PA(10:0/a-25:0)";[M+NORHARMANE+H];C38H75O8P;-6.96373e-4;-0.810116;859.596881;1 out of 4
859.596185;859.596185;"PA(20:0/a-15:0)";[M+NORHARMANE+H];C38H75O8P;-6.96373e-4;-0.810116;859.596881;1 out of 4
859.596185;859.596185;"PA(20:0/i-15:0)";[M+NORHARMANE+H];C38H75O8P;-6.96373e-4;-0.810116;859.596881;1 out of 4
859.596185;859.596185;"PA(21:0/i-14:0)";[M+NORHARMANE+H];C38H75O8P;-6.96373e-4;-0.810116;859.596881;1 out of 4
859.596185;859.596185;"PA(22:0/a-13:0)";[M+NORHARMANE+H];C38H75O8P;-6.96373e-4;-0.810116;859.596881;1 out of 4
859.596185;859.596185;"PA(22:0/i-13:0)";[M+NORHARMANE+H];C38H75O8P;-6.96373e-4;-0.810116;859.596881;1 out of 4
859.596185;859.596185;"PA(a-13:0/i-22:0)";[M+NORHARMANE+H];C38H75O8P;-6.96373e-4;-0.810116;859.596881;1 out of 4
859.596185;859.596185;"PA(a-21:0/14:0)";[M+NORHARMANE+H];C38H75O8P;-6.96373e-4;-0.810116;859.596881;1 out of 4
859.596185;859.596185;"PA(a-21:0/i-14:0)";[M+NORHARMANE+H];C38H75O8P;-6.96373e-4;-0.810116;859.596881;1 out of 4
859.596185;859.596185;"PA(a-25:0/10:0)";[M+NORHARMANE+H];C38H75O8P;-6.96373e-4;-0.810116;859.596881;1 out of 4
859.596185;859.596185;"PA(i-13:0/i-22:0)";[M+NORHARMANE+H];C38H75O8P;-6.96373e-4;-0.810116;859.596881;1 out of 4
859.596185;859.596185;"PA(i-20:0/15:0)";[M+NORHARMANE+H];C38H75O8P;-6.96373e-4;-0.810116;859.596881;1 out of 4
859.596185;859.596185;"PA(i-20:0/a-15:0)";[M+NORHARMANE+H];C38H75O8P;-6.96373e-4;-0.810116;859.596881;1 out of 4
859.596185;859.596185;"PA(i-20:0/i-15:0)";[M+NORHARMANE+H];C38H75O8P;-6.96373e-4;-0.810116;859.596881;1 out of 4
859.596185;859.596185;"PA(i-21:0/14:0)";[M+NORHARMANE+H];C38H75O8P;-6.96373e-4;-0.810116;859.596881;1 out of 4
859.596185;859.596185;"PA(i-21:0/i-14:0)";[M+NORHARMANE+H];C38H75O8P;-6.96373e-4;-0.810116;859.596881;1 out of 4
859.596185;859.596185;"PA(i-22:0/13:0)";[M+NORHARMANE+H];C38H75O8P;-6.96373e-4;-0.810116;859.596881;1 out of 4
859.596185;859.596185;"PA(i-22:0/a-13:0)";[M+NORHARMANE+H];C38H75O8P;-6.96373e-4;-0.810116;859.596881;1 out of 4
859.596185;859.596185;"PA(i-22:0/i-13:0)";[M+NORHARMANE+H];C38H75O8P;-6.96373e-4;-0.810116;859.596881;1 out of 4
866.466727;866.466727;Azaspiracid 4;[M+Na];C46H69NO13;6.15701e-4;0.710589;866.466111;1 out of 4
866.466727;866.466727;Azaspiracid 5;[M+Na];C46H69NO13;6.15701e-4;0.710589;866.466111;1 out of 4
868.505548;868.505548;alpha-Solanine;[M+H];C45H73NO15;2.51329e-4;0.289381;868.505297;1 out of 4
868.505548;868.505548;beta-Solamarine;[M+H];C45H73NO15;2.51329e-4;0.289381;868.505297;1 out of 4
868.505548;868.505548;Solamargine;[M+H];C45H73NO15;2.51329e-4;0.289381;868.505297;1 out of 4
885.541808;885.541808;"PE(P-18:1(11Z)/LTE4)";[M+H];C46H81N2O10PS;-4.22988e-4;-0.477660;885.542231;1 out of 4
885.541808;885.541808;"PE(LTE4/P-18:1(11Z))";[M+H];C46H81N2O10PS;-4.22988e-4;-0.477660;885.542231;1 out of 4
885.541808;885.541808;"PE(P-18:1(9Z)/LTE4)";[M+H];C46H81N2O10PS;-4.22988e-4;-0.477660;885.542231;1 out of 4
885.541808;885.541808;"PE(LTE4/P-18:1(9Z))";[M+H];C46H81N2O10PS;-4.22988e-4;-0.477660;885.542231;1 out of 4
887.557400;887.557400;"PE(P-18:0/LTE4)";[M+H];C46H83N2O10PS;-4.81053e-4;-0.541996;887.557881;3 out of 4
887.557400;887.557400;"PE(LTE4/P-18:0)";[M+H];C46H83N2O10PS;-4.81053e-4;-0.541996;887.557881;3 out of 4
895.582885;895.582885;"PA(a-25:0/20:3(8Z,11Z,14Z)-2OH(5,6))";[M+K];C48H89O10P;3.91936e-4;0.437632;895.582493;1 out of 4
895.582885;895.582885;"PA(20:3(8Z,11Z,14Z)-2OH(5,6)/a-25:0)";[M+K];C48H89O10P;3.91936e-4;0.437632;895.582493;1 out of 4
909.540661;909.540661;"PA(17:0/PGJ2)";[M+NORHARMANE+H];C40H69O10P;9.00580e-4;0.990149;909.539760;1 out of 4
909.540661;909.540661;"PA(PGJ2/17:0)";[M+NORHARMANE+H];C40H69O10P;9.00580e-4;0.990149;909.539760;1 out of 4
909.540661;909.540661;"PA(a-17:0/PGJ2)";[M+NORHARMANE+H];C40H69O10P;9.00580e-4;0.990149;909.539760;1 out of 4
909.540661;909.540661;"PA(PGJ2/a-17:0)";[M+NORHARMANE+H];C40H69O10P;9.00580e-4;0.990149;909.539760;1 out of 4
909.540661;909.540661;"PA(i-17:0/PGJ2)";[M+NORHARMANE+H];C40H69O10P;9.00580e-4;0.990149;909.539760;1 out of 4
909.540661;909.540661;"PA(PGJ2/i-17:0)";[M+NORHARMANE+H];C40H69O10P;9.00580e-4;0.990149;909.539760;1 out of 4
909.540661;909.540661;"PE(P-18:0/LTE4)";[M+Na];C46H83N2O10PS;8.35947e-4;0.919088;909.539825;3 out of 4
909.540661;909.540661;"PE(LTE4/P-18:0)";[M+Na];C46H83N2O10PS;8.35947e-4;0.919088;909.539825;3 out of 4
910.543859;910.543859;"PS(22:2(13Z,16Z)/20:5(7Z,9Z,11E,13E,17Z)-3OH(5,6,15))";[M+H];C48H80NO13P;-1.45638e-4;-0.159946;910.544005;2 out of 4
910.543859;910.543859;"PS(20:5(7Z,9Z,11E,13E,17Z)-3OH(5,6,15)/22:2(13Z,16Z))";[M+H];C48H80NO13P;-1.45638e-4;-0.159946;910.544005;2 out of 4
910.543859;910.543859;"PS(22:4(7Z,10Z,13Z,16Z)/PGF2alpha)";[M+H];C48H80NO13P;-1.45638e-4;-0.159946;910.544005;2 out of 4
910.543859;910.543859;"PS(PGF2alpha/22:4(7Z,10Z,13Z,16Z))";[M+H];C48H80NO13P;-1.45638e-4;-0.159946;910.544005;2 out of 4
910.543859;910.543859;"PS(22:4(7Z,10Z,13Z,16Z)/PGE1)";[M+H];C48H80NO13P;-1.45638e-4;-0.159946;910.544005;2 out of 4
910.543859;910.543859;"PS(PGE1/22:4(7Z,10Z,13Z,16Z))";[M+H];C48H80NO13P;-1.45638e-4;-0.159946;910.544005;2 out of 4
910.543859;910.543859;"PS(22:4(7Z,10Z,13Z,16Z)/PGD1)";[M+H];C48H80NO13P;-1.45638e-4;-0.159946;910.544005;2 out of 4
910.543859;910.543859;"PS(PGD1/22:4(7Z,10Z,13Z,16Z))";[M+H];C48H80NO13P;-1.45638e-4;-0.159946;910.544005;2 out of 4
910.543859;910.543859;"PS(22:5(4Z,7Z,10Z,13Z,16Z)/PGF1alpha)";[M+H];C48H80NO13P;-1.45638e-4;-0.159946;910.544005;2 out of 4
910.543859;910.543859;"PS(PGF1alpha/22:5(4Z,7Z,10Z,13Z,16Z))";[M+H];C48H80NO13P;-1.45638e-4;-0.159946;910.544005;2 out of 4
910.543859;910.543859;"PS(22:5(7Z,10Z,13Z,16Z,19Z)/PGF1alpha)";[M+H];C48H80NO13P;-1.45638e-4;-0.159946;910.544005;2 out of 4
910.543859;910.543859;"PS(PGF1alpha/22:5(7Z,10Z,13Z,16Z,19Z))";[M+H];C48H80NO13P;-1.45638e-4;-0.159946;910.544005;2 out of 4
919.583922;919.583922;"1,26-Hexacosanediol diferulate";[M+NORHARMANE+H];C46H70O8;-7.22160e-5;-0.078531;919.583994;1 out of 4
919.583922;919.583922;"1,28-Dicaffeoyloctacosanediol";[M+NORHARMANE+H];C46H70O8;-7.22160e-5;-0.078531;919.583994;1 out of 4
925.514140;925.514140;"PA(18:4(6Z,9Z,12Z,15Z)/22:6(5Z,7Z,10Z,13Z,16Z,19Z)-OH(4))";[M+NORHARMANE+H];C43H65O9P;5.94329e-4;0.642161;925.513546;1 out of 4
925.514140;925.514140;"PA(22:6(5Z,7Z,10Z,13Z,16Z,19Z)-OH(4)/18:4(6Z,9Z,12Z,15Z))";[M+NORHARMANE+H];C43H65O9P;5.94329e-4;0.642161;925.513546;1 out of 4
925.514140;925.514140;"PA(18:4(6Z,9Z,12Z,15Z)/22:6(4Z,8Z,10Z,13Z,16Z,19Z)-OH(7))";[M+NORHARMANE+H];C43H65O9P;5.94329e-4;0.642161;925.513546;1 out of 4
925.514140;925.514140;"PA(22:6(4Z,8Z,10Z,13Z,16Z,19Z)-OH(7)/18:4(6Z,9Z,12Z,15Z))";[M+NORHARMANE+H];C43H65O9P;5.94329e-4;0.642161;925.513546;1 out of 4
925.514140;925.514140;"PA(18:4(6Z,9Z,12Z,15Z)/22:6(4Z,7Z,10Z,12E,16Z,19Z)-OH(14))";[M+NORHARMANE+H];C43H65O9P;5.94329e-4;0.642161;925.513546;1 out of 4
925.514140;925.514140;"PA(22:6(4Z,7Z,10Z,12E,16Z,19Z)-OH(14)/18:4(6Z,9Z,12Z,15Z))";[M+NORHARMANE+H];C43H65O9P;5.94329e-4;0.642161;925.513546;1 out of 4
925.514140;925.514140;"PA(18:4(6Z,9Z,12Z,15Z)/22:6(4Z,7Z,10Z,13E,15E,19Z)-OH(17))";[M+NORHARMANE+H];C43H65O9P;5.94329e-4;0.642161;925.513546;1 out of 4
925.514140;925.514140;"PA(22:6(4Z,7Z,10Z,13E,15E,19Z)-OH(17)/18:4(6Z,9Z,12Z,15Z))";[M+NORHARMANE+H];C43H65O9P;5.94329e-4;0.642161;925.513546;1 out of 4
925.514140;925.514140;"PA(18:4(6Z,9Z,12Z,15Z)/22:5(4Z,7Z,10Z,13Z,19Z)-O(16,17))";[M+NORHARMANE+H];C43H65O9P;5.94329e-4;0.642161;925.513546;1 out of 4
925.514140;925.514140;"PA(22:5(4Z,7Z,10Z,13Z,19Z)-O(16,17)/18:4(6Z,9Z,12Z,15Z))";[M+NORHARMANE+H];C43H65O9P;5.94329e-4;0.642161;925.513546;1 out of 4
925.514140;925.514140;"PA(20:5(5Z,8Z,11Z,14Z,17Z)/20:4(6E,8Z,11Z,14Z)+=O(5))";[M+NORHARMANE+H];C43H65O9P;5.94329e-4;0.642161;925.513546;1 out of 4
925.514140;925.514140;"PA(20:4(6E,8Z,11Z,14Z)+=O(5)/20:5(5Z,8Z,11Z,14Z,17Z))";[M+NORHARMANE+H];C43H65O9P;5.94329e-4;0.642161;925.513546;1 out of 4
925.514140;925.514140;"PA(20:5(5Z,8Z,11Z,14Z,17Z)/20:4(5Z,8Z,11Z,13E)+=O(15))";[M+NORHARMANE+H];C43H65O9P;5.94329e-4;0.642161;925.513546;1 out of 4
925.514140;925.514140;"PA(20:4(5Z,8Z,11Z,13E)+=O(15)/20:5(5Z,8Z,11Z,14Z,17Z))";[M+NORHARMANE+H];C43H65O9P;5.94329e-4;0.642161;925.513546;1 out of 4
925.514140;925.514140;"PA(20:5(5Z,8Z,11Z,14Z,17Z)/20:5(5Z,8Z,11Z,14Z,16E)-OH(18R))";[M+NORHARMANE+H];C43H65O9P;5.94329e-4;0.642161;925.513546;1 out of 4
925.514140;925.514140;"PA(20:5(5Z,8Z,11Z,14Z,16E)-OH(18R)/20:5(5Z,8Z,11Z,14Z,17Z))";[M+NORHARMANE+H];C43H65O9P;5.94329e-4;0.642161;925.513546;1 out of 4
925.514140;925.514140;"PA(20:5(5Z,8Z,11Z,14Z,17Z)/20:5(5Z,8Z,11Z,14Z,16E)-OH(18))";[M+NORHARMANE+H];C43H65O9P;5.94329e-4;0.642161;925.513546;1 out of 4
925.514140;925.514140;"PA(20:5(5Z,8Z,11Z,14Z,16E)-OH(18)/20:5(5Z,8Z,11Z,14Z,17Z))";[M+NORHARMANE+H];C43H65O9P;5.94329e-4;0.642161;925.513546;1 out of 4
925.514140;925.514140;"PA(20:5(5Z,8Z,11Z,14Z,17Z)/20:5(5Z,8Z,10E,14Z,17Z)-OH(12))";[M+NORHARMANE+H];C43H65O9P;5.94329e-4;0.642161;925.513546;1 out of 4
925.514140;925.514140;"PA(20:5(5Z,8Z,10E,14Z,17Z)-OH(12)/20:5(5Z,8Z,11Z,14Z,17Z))";[M+NORHARMANE+H];C43H65O9P;5.94329e-4;0.642161;925.513546;1 out of 4
925.514140;925.514140;"PA(20:5(5Z,8Z,11Z,14Z,17Z)/20:5(6E,8Z,11Z,14Z,17Z)-OH(5))";[M+NORHARMANE+H];C43H65O9P;5.94329e-4;0.642161;925.513546;1 out of 4
925.514140;925.514140;"PA(20:5(6E,8Z,11Z,14Z,17Z)-OH(5)/20:5(5Z,8Z,11Z,14Z,17Z))";[M+NORHARMANE+H];C43H65O9P;5.94329e-4;0.642161;925.513546;1 out of 4
925.514140;925.514140;"PE(P-18:0/LTE4)";[M+K];C46H83N2O10PS;3.77947e-4;0.408365;925.513762;3 out of 4
925.514140;925.514140;"PE(LTE4/P-18:0)";[M+K];C46H83N2O10PS;3.77947e-4;0.408365;925.513762;3 out of 4
929.751039;929.751039;CE(15M5);[M+NORHARMANE+H];C52H88O3;7.67306e-4;0.825282;929.750272;1 out of 4
942.575752;942.575752;"PC(18:4(6Z,9Z,12Z,15Z)/18:4(6Z,9Z,12Z,15Z))";[M+NORHARMANE+H];C44H72NO8P;-7.27797e-4;-0.772136;942.576480;1 out of 4
942.575752;942.575752;"PE-NMe(18:3(6Z,9Z,12Z)/20:5(5Z,8Z,11Z,14Z,17Z))";[M+NORHARMANE+H];C44H72NO8P;-7.28280e-4;-0.772648;942.576480;1 out of 4
942.575752;942.575752;"PE-NMe(18:3(9Z,12Z,15Z)/20:5(5Z,8Z,11Z,14Z,17Z))";[M+NORHARMANE+H];C44H72NO8P;-7.28280e-4;-0.772648;942.576480;1 out of 4
942.575752;942.575752;"PE-NMe(18:4(6Z,9Z,12Z,15Z)/20:4(5Z,8Z,11Z,14Z))";[M+NORHARMANE+H];C44H72NO8P;-7.28280e-4;-0.772648;942.576480;1 out of 4
942.575752;942.575752;"PE-NMe(18:4(6Z,9Z,12Z,15Z)/20:4(8Z,11Z,14Z,17Z))";[M+NORHARMANE+H];C44H72NO8P;-7.28280e-4;-0.772648;942.576480;1 out of 4
942.575752;942.575752;"PE-NMe(20:4(5Z,8Z,11Z,14Z)/18:4(6Z,9Z,12Z,15Z))";[M+NORHARMANE+H];C44H72NO8P;-7.28280e-4;-0.772648;942.576480;1 out of 4
942.575752;942.575752;"PE-NMe(20:4(8Z,11Z,14Z,17Z)/18:4(6Z,9Z,12Z,15Z))";[M+NORHARMANE+H];C44H72NO8P;-7.28280e-4;-0.772648;942.576480;1 out of 4
942.575752;942.575752;"PE-NMe(20:5(5Z,8Z,11Z,14Z,17Z)/18:3(6Z,9Z,12Z))";[M+NORHARMANE+H];C44H72NO8P;-7.28280e-4;-0.772648;942.576480;1 out of 4
942.575752;942.575752;"PE-NMe(20:5(5Z,8Z,11Z,14Z,17Z)/18:3(9Z,12Z,15Z))";[M+NORHARMANE+H];C44H72NO8P;-7.28280e-4;-0.772648;942.576480;1 out of 4
948.500408;948.500408;"PS(22:2(13Z,16Z)/20:5(7Z,9Z,11E,13E,17Z)-3OH(5,6,15))";[M+K];C48H80NO13P;5.22362e-4;0.550724;948.499886;2 out of 4
948.500408;948.500408;"PS(20:5(7Z,9Z,11E,13E,17Z)-3OH(5,6,15)/22:2(13Z,16Z))";[M+K];C48H80NO13P;5.22362e-4;0.550724;948.499886;2 out of 4
948.500408;948.500408;"PS(22:4(7Z,10Z,13Z,16Z)/PGF2alpha)";[M+K];C48H80NO13P;5.22362e-4;0.550724;948.499886;2 out of 4
948.500408;948.500408;"PS(PGF2alpha/22:4(7Z,10Z,13Z,16Z))";[M+K];C48H80NO13P;5.22362e-4;0.550724;948.499886;2 out of 4
948.500408;948.500408;"PS(22:4(7Z,10Z,13Z,16Z)/PGE1)";[M+K];C48H80NO13P;5.22362e-4;0.550724;948.499886;2 out of 4
948.500408;948.500408;"PS(PGE1/22:4(7Z,10Z,13Z,16Z))";[M+K];C48H80NO13P;5.22362e-4;0.550724;948.499886;2 out of 4
948.500408;948.500408;"PS(22:4(7Z,10Z,13Z,16Z)/PGD1)";[M+K];C48H80NO13P;5.22362e-4;0.550724;948.499886;2 out of 4
948.500408;948.500408;"PS(PGD1/22:4(7Z,10Z,13Z,16Z))";[M+K];C48H80NO13P;5.22362e-4;0.550724;948.499886;2 out of 4
948.500408;948.500408;"PS(22:5(4Z,7Z,10Z,13Z,16Z)/PGF1alpha)";[M+K];C48H80NO13P;5.22362e-4;0.550724;948.499886;2 out of 4
948.500408;948.500408;"PS(PGF1alpha/22:5(4Z,7Z,10Z,13Z,16Z))";[M+K];C48H80NO13P;5.22362e-4;0.550724;948.499886;2 out of 4
948.500408;948.500408;"PS(22:5(7Z,10Z,13Z,16Z,19Z)/PGF1alpha)";[M+K];C48H80NO13P;5.22362e-4;0.550724;948.499886;2 out of 4
948.500408;948.500408;"PS(PGF1alpha/22:5(7Z,10Z,13Z,16Z,19Z))";[M+K];C48H80NO13P;5.22362e-4;0.550724;948.499886;2 out of 4
949.512553;949.512553;Kaikasaponin III;[M+Na];C48H78O17;-5.68052e-4;-0.598256;949.513121;1 out of 4
949.512553;949.512553;Saikosaponin H;[M+Na];C48H78O17;-5.68052e-4;-0.598256;949.513121;1 out of 4
949.512553;949.512553;Saponin D;[M+Na];C48H78O17;-5.68070e-4;-0.598275;949.513121;1 out of 4
949.512553;949.512553;Oleanolic acid 3-[rhamnosyl-(1-&gt;4)-glucosyl-(1-&gt;6)-glucoside];[M+Na];C48H78O17;-5.68070e-4;-0.598275;949.513121;1 out of 4
955.545673;955.545673;"PA(18:2(9Z,11Z)/6 keto-PGF1alpha)";[M+NORHARMANE+H];C41H71O12P;4.33276e-4;0.453433;955.545240;1 out of 4
955.545673;955.545673;"PA(6 keto-PGF1alpha/18:2(9Z,11Z))";[M+NORHARMANE+H];C41H71O12P;4.33276e-4;0.453433;955.545240;1 out of 4
955.545673;955.545673;"PA(18:2(9Z,11Z)/TXB2)";[M+NORHARMANE+H];C41H71O12P;4.33276e-4;0.453433;955.545240;1 out of 4
955.545673;955.545673;"PA(TXB2/18:2(9Z,11Z))";[M+NORHARMANE+H];C41H71O12P;4.33276e-4;0.453433;955.545240;1 out of 4
955.545673;955.545673;"PA(18:2(9Z,12Z)/6 keto-PGF1alpha)";[M+NORHARMANE+H];C41H71O12P;4.33276e-4;0.453433;955.545240;1 out of 4
955.545673;955.545673;"PA(6 keto-PGF1alpha/18:2(9Z,12Z))";[M+NORHARMANE+H];C41H71O12P;4.33276e-4;0.453433;955.545240;1 out of 4
955.545673;955.545673;"PA(18:2(9Z,12Z)/TXB2)";[M+NORHARMANE+H];C41H71O12P;4.33276e-4;0.453433;955.545240;1 out of 4
955.545673;955.545673;"PA(TXB2/18:2(9Z,12Z))";[M+NORHARMANE+H];C41H71O12P;4.33276e-4;0.453433;955.545240;1 out of 4
955.545673;955.545673;"PG(a-15:0/PGJ2)";[M+NORHARMANE+H];C41H71O12P;4.33276e-4;0.453433;955.545240;1 out of 4
955.545673;955.545673;"PG(PGJ2/a-15:0)";[M+NORHARMANE+H];C41H71O12P;4.33276e-4;0.453433;955.545240;1 out of 4
955.545673;955.545673;"PG(i-15:0/PGJ2)";[M+NORHARMANE+H];C41H71O12P;4.33276e-4;0.453433;955.545240;1 out of 4
955.545673;955.545673;"PG(PGJ2/i-15:0)";[M+NORHARMANE+H];C41H71O12P;4.33276e-4;0.453433;955.545240;1 out of 4
960.587143;960.587143;"PC(14:1(9Z)/22:6(5Z,7Z,10Z,13Z,16Z,19Z)-OH(4))";[M+NORHARMANE+H];C44H74NO9P;9.80350e-5;0.102057;960.587045;1 out of 4
960.587143;960.587143;"PC(22:6(5Z,7Z,10Z,13Z,16Z,19Z)-OH(4)/14:1(9Z))";[M+NORHARMANE+H];C44H74NO9P;9.80350e-5;0.102057;960.587045;1 out of 4
960.587143;960.587143;"PC(14:1(9Z)/22:6(4Z,8Z,10Z,13Z,16Z,19Z)-OH(7))";[M+NORHARMANE+H];C44H74NO9P;9.80350e-5;0.102057;960.587045;1 out of 4
960.587143;960.587143;"PC(22:6(4Z,8Z,10Z,13Z,16Z,19Z)-OH(7)/14:1(9Z))";[M+NORHARMANE+H];C44H74NO9P;9.80350e-5;0.102057;960.587045;1 out of 4
960.587143;960.587143;"PC(14:1(9Z)/22:6(4Z,7Z,10Z,12E,16Z,19Z)-OH(14))";[M+NORHARMANE+H];C44H74NO9P;9.80350e-5;0.102057;960.587045;1 out of 4
960.587143;960.587143;"PC(22:6(4Z,7Z,10Z,12E,16Z,19Z)-OH(14)/14:1(9Z))";[M+NORHARMANE+H];C44H74NO9P;9.80350e-5;0.102057;960.587045;1 out of 4
960.587143;960.587143;"PC(14:1(9Z)/22:6(4Z,7Z,10Z,13E,15E,19Z)-OH(17))";[M+NORHARMANE+H];C44H74NO9P;9.80350e-5;0.102057;960.587045;1 out of 4
960.587143;960.587143;"PC(22:6(4Z,7Z,10Z,13E,15E,19Z)-OH(17)/14:1(9Z))";[M+NORHARMANE+H];C44H74NO9P;9.80350e-5;0.102057;960.587045;1 out of 4
960.587143;960.587143;"PC(14:1(9Z)/22:5(4Z,7Z,10Z,13Z,19Z)-O(16,17))";[M+NORHARMANE+H];C44H74NO9P;9.80350e-5;0.102057;960.587045;1 out of 4
960.587143;960.587143;"PC(22:5(4Z,7Z,10Z,13Z,19Z)-O(16,17)/14:1(9Z))";[M+NORHARMANE+H];C44H74NO9P;9.80350e-5;0.102057;960.587045;1 out of 4
960.587143;960.587143;"PC(18:4(6Z,9Z,12Z,15Z)/18:2(10E,12Z)+=O(9))";[M+NORHARMANE+H];C44H74NO9P;9.80350e-5;0.102057;960.587045;1 out of 4
960.587143;960.587143;"PC(18:2(10E,12Z)+=O(9)/18:4(6Z,9Z,12Z,15Z))";[M+NORHARMANE+H];C44H74NO9P;9.80350e-5;0.102057;960.587045;1 out of 4
960.587143;960.587143;"PC(18:4(6Z,9Z,12Z,15Z)/18:2(9Z,11E)+=O(13))";[M+NORHARMANE+H];C44H74NO9P;9.80350e-5;0.102057;960.587045;1 out of 4
960.587143;960.587143;"PC(18:2(9Z,11E)+=O(13)/18:4(6Z,9Z,12Z,15Z))";[M+NORHARMANE+H];C44H74NO9P;9.80350e-5;0.102057;960.587045;1 out of 4
960.587143;960.587143;"PC(18:4(6Z,9Z,12Z,15Z)/18:3(10,12,15)-OH(9))";[M+NORHARMANE+H];C44H74NO9P;9.80350e-5;0.102057;960.587045;1 out of 4
960.587143;960.587143;"PC(18:3(10,12,15)-OH(9)/18:4(6Z,9Z,12Z,15Z))";[M+NORHARMANE+H];C44H74NO9P;9.80350e-5;0.102057;960.587045;1 out of 4
960.587143;960.587143;"PC(18:4(6Z,9Z,12Z,15Z)/18:3(9,11,15)-OH(13))";[M+NORHARMANE+H];C44H74NO9P;9.80350e-5;0.102057;960.587045;1 out of 4
960.587143;960.587143;"PC(18:3(9,11,15)-OH(13)/18:4(6Z,9Z,12Z,15Z))";[M+NORHARMANE+H];C44H74NO9P;9.80350e-5;0.102057;960.587045;1 out of 4
981.556551;981.556551;Glabrin C;[M+NORHARMANE+H];C41H64N8O9;3.14000e-7;0.000320;981.556551;1 out of 4
