"Observed m/z";"Adjusted m/z";Matched name;Adduct;Formula;Matched delta mass (Da);Matched difference (ppm);Matched theoretical mass;Coverage
108.901981;108.901865;Potassium chloride;[M+Cl];ClK;-9.57347e-5;-0.879091;108.901961;1 out of 5
110.899036;110.898919;Selenite;[M-H2O-H];H2O3Se;-1.55769e-4;-1.404597;110.899075;1 out of 5
112.985620;112.985503;"Fluoro 2,2-difluoroacetate";[M-H];C2HF3O2;-8.38238e-5;-0.741899;112.985587;1 out of 5
112.985620;112.985503;Trifluoroacetic acid;[M-H];C2HF3O2;-8.39538e-5;-0.743049;112.985587;1 out of 5
112.985620;112.985503;Hydroxymethyl hydrogen carbonate;[M+Na-H2];C2H4O4;-1.22672e-4;-1.085730;112.985626;1 out of 5
114.926237;114.926119;"Carbonothioic O,S-acid";[M+K-H2];CH2O2S;-3.61096e-5;-0.314198;114.926155;1 out of 5
114.926237;114.926119;Chlorosulfonic acid;[M-H];ClHO3S;-9.64316e-5;-0.839074;114.926216;1 out of 5
114.926237;114.926119;Sulfur trioxide;[M+Cl];O3S;-9.66656e-5;-0.841110;114.926216;1 out of 5
114.935750;114.935632;"Poly(acrylic acid-co-hypophosphite), sodium salt";[M+K-H2];CH3O2P;-3.90737e-5;-0.339962;114.935671;1 out of 5
114.935750;114.935632;Metaphosphoric acid;[M+Cl];HO3P;-9.91487e-5;-0.862645;114.935731;1 out of 5
114.935750;114.935632;Acetyl chloride;[M+K-H2];C2H3ClO;-2.15139e-4;-1.871816;114.935847;1 out of 5
114.935750;114.935632;Chloroacetaldehyde;[M+K-H2];C2H3ClO;-2.15164e-4;-1.872033;114.935847;1 out of 5
114.935750;114.935632;Chlorocarbonic acid;[M+Cl];CHClO2;-2.75739e-4;-2.399065;114.935908;1 out of 5
119.947002;119.946883;Sodium nitrate (NaNO3);[M+Cl];NNaO3;-1.05426e-4;-0.878936;119.946989;1 out of 5
122.985264;122.985145;phosphonoacetaldehyde;[M-H];C2H5O4P;-1.23091e-4;-1.000857;122.985268;2 out of 5
122.985264;122.985145;"2-Butyne-1,4-diol";[M+K-H2];C4H6O2;-2.39364e-4;-1.946277;122.985384;1 out of 5
122.985264;122.985145;"2,2'-Bioxirane";[M+K-H2];C4H6O2;-2.39364e-4;-1.946277;122.985384;1 out of 5
122.985264;122.985145;Acetoacetaldehyde;[M+K-H2];C4H6O2;-2.39364e-4;-1.946277;122.985384;1 out of 5
122.985264;122.985145;Allyl formate;[M+K-H2];C4H6O2;-2.39364e-4;-1.946277;122.985384;1 out of 5
122.985264;122.985145;Cyclopropanecarboxylic acid;[M+K-H2];C4H6O2;-2.39364e-4;-1.946277;122.985384;1 out of 5
122.985264;122.985145;"Butanal, 2-oxo-";[M+K-H2];C4H6O2;-2.39364e-4;-1.946277;122.985384;1 out of 5
122.985264;122.985145;Methylmalondialdehyde;[M+K-H2];C4H6O2;-2.39364e-4;-1.946277;122.985384;1 out of 5
122.985264;122.985145;Succinaldehyde;[M+K-H2];C4H6O2;-2.39364e-4;-1.946277;122.985384;1 out of 5
122.985264;122.985145;gamma-Butyrolactone;[M+K-H2];C4H6O2;-2.39367e-4;-1.946301;122.985384;1 out of 5
122.985264;122.985145;Oxolan-3-one;[M+K-H2];C4H6O2;-2.39367e-4;-1.946301;122.985384;1 out of 5
122.985264;122.985145;Diacetyl;[M+K-H2];C4H6O2;-2.39367e-4;-1.946301;122.985384;1 out of 5
122.985264;122.985145;But-2-enoic acid;[M+K-H2];C4H6O2;-2.39367e-4;-1.946301;122.985384;1 out of 5
122.985264;122.985145;Ethenyl acetate;[M+K-H2];C4H6O2;-2.39367e-4;-1.946301;122.985384;1 out of 5
122.985264;122.985145;Methyl acrylate;[M+K-H2];C4H6O2;-2.39367e-4;-1.946301;122.985384;1 out of 5
122.985264;122.985145;Isocrotonic acid;[M+K-H2];C4H6O2;-2.39367e-4;-1.946301;122.985384;1 out of 5
122.985264;122.985145;METHACRYLIC ACID;[M+K-H2];C4H6O2;-2.39367e-4;-1.946301;122.985384;1 out of 5
122.985264;122.985145;3-Chloro-2-hydroxypropanoic acid;[M-H];C3H5ClO3;-2.99631e-4;-2.436309;122.985445;2 out of 5
122.985264;122.985145;2-hydroxyacrylic Acid;[M+Cl];C3H4O3;-2.99920e-4;-2.438659;122.985445;1 out of 5
122.985264;122.985145;Ethylene carbonate;[M+Cl];C3H4O3;-2.99920e-4;-2.438659;122.985445;1 out of 5
122.985264;122.985145;Pyruvic acid;[M+Cl];C3H4O3;-2.99925e-4;-2.438700;122.985445;1 out of 5
122.985264;122.985145;Malonic semialdehyde;[M+Cl];C3H4O3;-2.99925e-4;-2.438700;122.985445;1 out of 5
122.985264;122.985145;Glucosereductone;[M+Cl];C3H4O3;-2.99925e-4;-2.438700;122.985445;1 out of 5
124.007409;124.007291;Taurine;[M-H];C2H7NO3S;-9.62027e-5;-0.775782;124.007387;2 out of 5
124.007409;124.007291;3h-Taurine;[M-H];C2H7NO3S;-9.66807e-5;-0.779637;124.007387;2 out of 5
124.007409;124.007291;Sulfonamidoethanol;[M-H];C2H7NO3S;-9.66807e-5;-0.779637;124.007387;2 out of 5
125.001099;125.000980;Sodium benzoate;[M-H2O-H];C7H5NaO2;9.67510e-5;0.774002;125.000883;1 out of 5
125.001099;125.000980;Ethylphosphate;[M-H];C2H7O4P;6.16060e-5;0.492844;125.000918;2 out of 5
125.001099;125.000980;Dimethylphosphate;[M-H];C2H7O4P;6.11270e-5;0.489012;125.000919;2 out of 5
125.001099;125.000980;"1,3-Dioxane";[M+K-H2];C4H8O2;-5.46680e-5;-0.437340;125.001034;1 out of 5
125.001099;125.000980;"3-Butene-1,2-diol";[M+K-H2];C4H8O2;-5.46680e-5;-0.437340;125.001034;1 out of 5
125.001099;125.000980;Butyric acid;[M+K-H2];C4H8O2;-5.46700e-5;-0.437356;125.001035;1 out of 5
125.001099;125.000980;Isobutyric acid;[M+K-H2];C4H8O2;-5.46700e-5;-0.437356;125.001035;1 out of 5
125.001099;125.000980;Acetoin;[M+K-H2];C4H8O2;-5.46700e-5;-0.437356;125.001035;1 out of 5
125.001099;125.000980;Methyl propionate;[M+K-H2];C4H8O2;-5.46700e-5;-0.437356;125.001035;1 out of 5
125.001099;125.000980;Ethyl acetate;[M+K-H2];C4H8O2;-5.46700e-5;-0.437356;125.001035;1 out of 5
125.001099;125.000980;1-Hydroxy-2-butanone;[M+K-H2];C4H8O2;-5.46700e-5;-0.437356;125.001035;1 out of 5
125.001099;125.000980;Propyl formate;[M+K-H2];C4H8O2;-5.46700e-5;-0.437356;125.001035;1 out of 5
125.001099;125.000980;Isopropyl formate;[M+K-H2];C4H8O2;-5.46700e-5;-0.437356;125.001035;1 out of 5
125.001099;125.000980;Dioxane;[M+K-H2];C4H8O2;-5.46700e-5;-0.437356;125.001035;1 out of 5
125.001099;125.000980;(R)-Acetoin;[M+K-H2];C4H8O2;-5.46700e-5;-0.437356;125.001035;1 out of 5
125.001099;125.000980;"1,2,4-Trioxane";[M+Cl];C3H6O3;-1.15223e-4;-0.921776;125.001095;1 out of 5
125.001099;125.000980;"1,3,5-Trioxane";[M+Cl];C3H6O3;-1.15223e-4;-0.921776;125.001095;1 out of 5
125.001099;125.000980;Methyl ethaneperoxoate;[M+Cl];C3H6O3;-1.15223e-4;-0.921776;125.001095;1 out of 5
125.001099;125.000980;L-Lactic acid;[M+Cl];C3H6O3;-1.15228e-4;-0.921816;125.001095;1 out of 5
125.001099;125.000980;Hydroxypropionic acid;[M+Cl];C3H6O3;-1.15228e-4;-0.921816;125.001095;1 out of 5
125.001099;125.000980;Glyceraldehyde;[M+Cl];C3H6O3;-1.15228e-4;-0.921816;125.001095;1 out of 5
125.001099;125.000980;D-Lactic acid;[M+Cl];C3H6O3;-1.15228e-4;-0.921816;125.001095;1 out of 5
125.001099;125.000980;Dihydroxyacetone;[M+Cl];C3H6O3;-1.15228e-4;-0.921816;125.001095;1 out of 5
125.001099;125.000980;Dimethyl carbonate;[M+Cl];C3H6O3;-1.15228e-4;-0.921816;125.001095;1 out of 5
125.001099;125.000980;Monoethyl carbonate;[M+Cl];C3H6O3;-1.15228e-4;-0.921816;125.001095;1 out of 5
125.001099;125.000980;Methoxyacetic acid;[M+Cl];C3H6O3;-1.15228e-4;-0.921816;125.001095;1 out of 5
126.905040;126.904921;I(-);[M-H];HI;-9.54396e-5;-0.752055;126.905016;1 out of 5
128.892164;128.892045;Magnesium dichloride;[M+Cl];Cl2Mg;-1.03461e-4;-0.802697;128.892148;1 out of 5
132.030235;132.030116;L-Aspartic acid;[M-H];C4H7NO4;-1.14842e-4;-0.869818;132.030231;2 out of 5
132.030235;132.030116;D-Aspartic acid;[M-H];C4H7NO4;-1.14842e-4;-0.869818;132.030231;2 out of 5
132.030235;132.030116;Iminodiacetic acid;[M-H];C4H7NO4;-1.14842e-4;-0.869818;132.030231;2 out of 5
132.946294;132.946175;Methylphosphonic acid;[M+K-H2];CH5O3P;-6.06246e-5;-0.456008;132.946236;1 out of 5
132.946294;132.946175;Phosphate;[M+Cl];H3O4P;-1.21183e-4;-0.911515;132.946296;1 out of 5
132.946294;132.946175;"2-Chloroethane-1,1-diol";[M+K-H2];C2H5ClO2;-2.37187e-4;-1.784076;132.946412;1 out of 5
132.946294;132.946175;Potassium acetate;[M+Cl];C2H3KO2;-2.37288e-4;-1.784836;132.946412;1 out of 5
133.014276;133.014158;2-Carboxyoxypropanoic acid;[M-H];C4H6O5;-8.87709e-5;-0.667379;133.014246;3 out of 5
133.014276;133.014158;Malic acid;[M-H];C4H6O5;-8.87799e-5;-0.667446;133.014246;3 out of 5
133.014276;133.014158;D-Malic acid;[M-H];C4H6O5;-8.87799e-5;-0.667446;133.014246;3 out of 5
133.014276;133.014158;Velcorin;[M-H];C4H6O5;-8.87799e-5;-0.667446;133.014246;3 out of 5
133.014276;133.014158;Diglycolic acid;[M-H];C4H6O5;-8.87799e-5;-0.667446;133.014246;3 out of 5
134.943347;134.943228;Chloropentafluoroethane;[M-H2O-H];C2ClF5;2.00317e-4;1.484459;134.943028;1 out of 5
134.985269;134.985150;2-Phosphonopropionic acid;[M-H2O-H];C3H7O5P;-1.18860e-4;-0.880541;134.985269;3 out of 5
134.985269;134.985150;alpha-Methylene-gamma-butyrolactone;[M+K-H2];C5H6O2;-2.33970e-4;-1.733299;134.985384;1 out of 5
134.985269;134.985150;2-Pentenedial;[M+K-H2];C5H6O2;-2.33970e-4;-1.733299;134.985384;1 out of 5
134.985269;134.985150;5-Methyl-3(2H)-furanone;[M+K-H2];C5H6O2;-2.33970e-4;-1.733299;134.985384;1 out of 5
134.985269;134.985150;2-Furanmethanol;[M+K-H2];C5H6O2;-2.33973e-4;-1.733321;134.985384;1 out of 5
134.985269;134.985150;5-Methyl-2(3H)-furanone;[M+K-H2];C5H6O2;-2.33973e-4;-1.733321;134.985384;1 out of 5
134.985269;134.985150;5-Hydroxy-4-pentenoic acid d-lactone;[M+K-H2];C5H6O2;-2.33973e-4;-1.733321;134.985384;1 out of 5
134.985269;134.985150;Succinic anhydride;[M+Cl];C4H4O3;-2.94531e-4;-2.181946;134.985445;1 out of 5
136.917686;136.917568;Sodium metaphosphate;[M+Cl];NaO3P;-1.08239e-4;-0.790539;136.917676;1 out of 5
140.011839;140.011721;"Furo[3,2-b]pyridine";[M+Na-H2];C7H5NO;-5.95898e-5;-0.425606;140.011781;1 out of 5
140.011839;140.011721;"1,2-Diacylglycerol-LD-PI-pool";[M+Na-H2];C7H5NO;-5.95918e-5;-0.425620;140.011781;1 out of 5
140.011839;140.011721;"1,2-Benzisoxazole";[M+Na-H2];C7H5NO;-5.95918e-5;-0.425620;140.011781;1 out of 5
140.011839;140.011721;Benzoxazole;[M+Na-H2];C7H5NO;-5.95918e-5;-0.425620;140.011781;1 out of 5
140.011839;140.011721;O-Phosphoethanolamine;[M-H];C2H8NO4P;-9.60658e-5;-0.686127;140.011817;2 out of 5
140.011839;140.011721;Aminoethanol phosphate;[M-H];C2H8NO4P;-9.65448e-5;-0.689548;140.011818;2 out of 5
140.011839;140.011721;"Propanamide, 2-hydroxy-2-methyl-";[M+K-H2];C4H9NO2;-2.12339e-4;-1.516577;140.011934;1 out of 5
140.011839;140.011721;1-Amino-4-hydroxybutan-2-one;[M+K-H2];C4H9NO2;-2.12339e-4;-1.516577;140.011934;1 out of 5
140.011839;140.011721;Isobutyl nitrite;[M+K-H2];C4H9NO2;-2.12339e-4;-1.516577;140.011934;1 out of 5
140.011839;140.011721;N-Methyl-DL-alanine;[M+K-H2];C4H9NO2;-2.12339e-4;-1.516577;140.011934;1 out of 5
140.011839;140.011721;Dimethylglycine;[M+K-H2];C4H9NO2;-2.12342e-4;-1.516598;140.011934;1 out of 5
140.011839;140.011721;gamma-Aminobutyric acid;[M+K-H2];C4H9NO2;-2.12342e-4;-1.516598;140.011934;1 out of 5
140.011839;140.011721;L-alpha-Aminobutyric acid;[M+K-H2];C4H9NO2;-2.12342e-4;-1.516598;140.011934;1 out of 5
140.011839;140.011721;D-alpha-Aminobutyric acid;[M+K-H2];C4H9NO2;-2.12342e-4;-1.516598;140.011934;1 out of 5
140.011839;140.011721;2-Aminoisobutyric acid;[M+K-H2];C4H9NO2;-2.12342e-4;-1.516598;140.011934;1 out of 5
140.011839;140.011721;(S)-beta-Aminoisobutyric acid;[M+K-H2];C4H9NO2;-2.12342e-4;-1.516598;140.011934;1 out of 5
140.011839;140.011721;(R)-beta-Aminoisobutyric acid;[M+K-H2];C4H9NO2;-2.12342e-4;-1.516598;140.011934;1 out of 5
140.011839;140.011721;3-Aminoisobutanoic acid;[M+K-H2];C4H9NO2;-2.12342e-4;-1.516598;140.011934;1 out of 5
140.011839;140.011721;Butyl nitrite;[M+K-H2];C4H9NO2;-2.12342e-4;-1.516598;140.011934;1 out of 5
140.011839;140.011721;3-Aminobutanoic acid;[M+K-H2];C4H9NO2;-2.12342e-4;-1.516598;140.011934;1 out of 5
140.011839;140.011721;O-Acetylethanolamine;[M+K-H2];C4H9NO2;-2.12342e-4;-1.516598;140.011934;1 out of 5
140.011839;140.011721;N-Ethylglycine;[M+K-H2];C4H9NO2;-2.12342e-4;-1.516598;140.011934;1 out of 5
140.011839;140.011721;N-Methylalanine;[M+K-H2];C4H9NO2;-2.12342e-4;-1.516598;140.011934;1 out of 5
140.011839;140.011721;alpha-Aminobutyric acid;[M+K-H2];C4H9NO2;-2.12342e-4;-1.516598;140.011934;1 out of 5
140.011839;140.011721;Ethyl glycinate;[M+K-H2];C4H9NO2;-2.12342e-4;-1.516598;140.011934;1 out of 5
140.011839;140.011721;"2,3-Dihydroxypropanamide";[M+Cl];C3H7NO3;-2.72894e-4;-1.949075;140.011994;1 out of 5
140.011839;140.011721;3-Nitropropanol;[M+Cl];C3H7NO3;-2.72894e-4;-1.949075;140.011994;1 out of 5
140.011839;140.011721;L-Serine;[M+Cl];C3H7NO3;-2.72900e-4;-1.949118;140.011994;1 out of 5
140.011839;140.011721;D-Serine;[M+Cl];C3H7NO3;-2.72900e-4;-1.949118;140.011994;1 out of 5
144.869692;144.869575;Calcium chloride (CaCl2);[M+Cl];CaCl2;-1.22547e-4;-0.845915;144.869698;1 out of 5
144.869692;144.869575;tetraphosphorus;[M+Na-H2];P4;-1.38026e-4;-0.952762;144.869713;2 out of 5
145.061863;145.061746;Alanylglycine;[M-H];C5H10N2O3;-1.19198e-4;-0.821705;145.061865;2 out of 5
145.061863;145.061746;Cyclic Urea;[M-H];C5H10N2O3;-1.19198e-4;-0.821705;145.061865;2 out of 5
145.061863;145.061746;Glycyl-D-Alanine;[M-H];C5H10N2O3;-1.19198e-4;-0.821705;145.061865;2 out of 5
145.061863;145.061746;Glycylsarcosine;[M-H];C5H10N2O3;-1.19198e-4;-0.821705;145.061865;2 out of 5
145.061863;145.061746;D-Alanyl glycine;[M-H];C5H10N2O3;-1.19198e-4;-0.821705;145.061865;2 out of 5
145.061863;145.061746;L-Glutamine;[M-H];C5H10N2O3;-1.19204e-4;-0.821746;145.061865;2 out of 5
145.061863;145.061746;Ureidoisobutyric acid;[M-H];C5H10N2O3;-1.19204e-4;-0.821746;145.061865;2 out of 5
145.061863;145.061746;D-Glutamine;[M-H];C5H10N2O3;-1.19204e-4;-0.821746;145.061865;2 out of 5
145.061863;145.061746;3-ureido-isobutyrate;[M-H];C5H10N2O3;-1.19204e-4;-0.821746;145.061865;2 out of 5
146.045884;146.045768;N-lactoyl-Glycine;[M-H];C5H9NO4;-1.12758e-4;-0.772076;146.045881;2 out of 5
146.045884;146.045768;5-Hydroxy-4-oxo-L-norvaline;[M-H];C5H9NO4;-1.12758e-4;-0.772076;146.045881;2 out of 5
146.045884;146.045768;Alanine acetate;[M-H];C5H9NO4;-1.12758e-4;-0.772076;146.045881;2 out of 5
146.045884;146.045768;N-Methyl-DL-aspartic acid;[M-H];C5H9NO4;-1.12758e-4;-0.772076;146.045881;2 out of 5
146.045884;146.045768;L-Glutamic acid;[M-H];C5H9NO4;-1.12765e-4;-0.772123;146.045881;2 out of 5
146.045884;146.045768;N-Methyl-D-aspartic acid;[M-H];C5H9NO4;-1.12765e-4;-0.772123;146.045881;2 out of 5
146.045884;146.045768;N-Acetylserine;[M-H];C5H9NO4;-1.12765e-4;-0.772123;146.045881;2 out of 5
146.045884;146.045768;O-Acetylserine;[M-H];C5H9NO4;-1.12765e-4;-0.772123;146.045881;2 out of 5
146.045884;146.045768;D-Glutamic acid;[M-H];C5H9NO4;-1.12765e-4;-0.772123;146.045881;2 out of 5
146.045884;146.045768;L-4-Hydroxyglutamate semialdehyde;[M-H];C5H9NO4;-1.12765e-4;-0.772123;146.045881;2 out of 5
146.045884;146.045768;3-(Carboxymethylamino)propanoic acid;[M-H];C5H9NO4;-1.12765e-4;-0.772123;146.045881;2 out of 5
146.045884;146.045768;DL-Glutamate;[M-H];C5H9NO4;-1.12765e-4;-0.772123;146.045881;2 out of 5
146.983054;146.982938;Ethylphosphate;[M+Na-H2];C2H7O4P;7.52801e-5;0.512170;146.982862;2 out of 5
146.983054;146.982938;Dimethylphosphate;[M+Na-H2];C2H7O4P;7.48011e-5;0.508911;146.982863;2 out of 5
146.983054;146.982938;Sodium lactate;[M+Cl];C3H5NaO3;-1.02197e-4;-0.695297;146.983040;1 out of 5
150.912413;150.912298;Iron(II) fumarate;[M-H2O-H];C4H2FeO4;-1.11898e-4;-0.741478;150.912410;2 out of 5
150.912413;150.912298;"1,2-Diacylglycerol-LD-SM-pool";[M-H];Sm;-1.53457e-4;-1.016863;150.912451;2 out of 5
150.912413;150.912298;"2,2-Dichloroethanol";[M+K-H2];C2H4Cl2O;-2.27313e-4;-1.506258;150.912525;1 out of 5
152.002301;152.002186;3-Sulfinoalanine;[M-H];C3H7NO4S;-1.15531e-4;-0.760059;152.002301;1 out of 5
152.002301;152.002186;Cysteine sulfinic acid;[M-H];C3H7NO4S;-1.16007e-4;-0.763191;152.002302;1 out of 5
152.883706;152.883592;Chloroform;[M+Cl];CHCl3;-1.92422e-4;-1.258619;152.883784;1 out of 5
152.909469;152.909355;"1,1-Dichloro-2,2-difluoroethylene";[M+Na-H2];C2Cl2F2;1.76019e-4;1.151135;152.909179;1 out of 5
152.995808;152.995694;"2,4,6-Octatriynoic acid";[M+Na-H2];C8H4O2;-1.02337e-4;-0.668885;152.995796;1 out of 5
152.995808;152.995694;2-Phosphonopropionic acid;[M-H];C3H7O5P;-1.39288e-4;-0.910401;152.995833;3 out of 5
152.995808;152.995694;Glycerol 3-phosphate;[M-H2O-H];C3H9O6P;-1.39497e-4;-0.911767;152.995834;3 out of 5
152.995808;152.995694;beta-Glycerophosphoric acid;[M-H2O-H];C3H9O6P;-1.39497e-4;-0.911767;152.995834;3 out of 5
152.995808;152.995694;Glycerophosphoric acid;[M-H2O-H];C3H9O6P;-1.39497e-4;-0.911767;152.995834;3 out of 5
152.995808;152.995694;2-Methylacetoacetic acid;[M+K-H2];C5H8O3;-2.55083e-4;-1.667250;152.995949;1 out of 5
152.995808;152.995694;3-Oxopentanoic acid;[M+K-H2];C5H8O3;-2.55083e-4;-1.667250;152.995949;1 out of 5
152.995808;152.995694;alpha-Ketoisovaleric acid;[M+K-H2];C5H8O3;-2.55087e-4;-1.667276;152.995949;1 out of 5
152.995808;152.995694;Methylacetoacetic acid;[M+K-H2];C5H8O3;-2.55087e-4;-1.667276;152.995949;1 out of 5
152.995808;152.995694;Levulinic acid;[M+K-H2];C5H8O3;-2.55087e-4;-1.667276;152.995949;1 out of 5
152.995808;152.995694;2-Oxovaleric acid;[M+K-H2];C5H8O3;-2.55087e-4;-1.667276;152.995949;1 out of 5
152.995808;152.995694;Glutarate semialdehyde;[M+K-H2];C5H8O3;-2.55087e-4;-1.667276;152.995949;1 out of 5
152.995808;152.995694;Ethyl pyruvate;[M+K-H2];C5H8O3;-2.55087e-4;-1.667276;152.995949;1 out of 5
152.995808;152.995694;Acetoxyacetone;[M+K-H2];C5H8O3;-2.55087e-4;-1.667276;152.995949;1 out of 5
152.995808;152.995694;Methylmalonic acid;[M+Cl];C4H6O4;-3.15645e-4;-2.063090;152.996010;1 out of 5
152.995808;152.995694;Succinic acid;[M+Cl];C4H6O4;-3.15645e-4;-2.063090;152.996010;1 out of 5
152.995808;152.995694;"Erythrono-1,4-lactone";[M+Cl];C4H6O4;-3.15645e-4;-2.063090;152.996010;1 out of 5
152.995808;152.995694;Threonolactone;[M+Cl];C4H6O4;-3.15645e-4;-2.063090;152.996010;1 out of 5
152.995808;152.995694;4-Hydroxy-2-oxobutanoic acid;[M+Cl];C4H6O4;-3.15645e-4;-2.063090;152.996010;1 out of 5
152.995808;152.995694;xi-3-Hydroxy-2-oxobutanoic acid;[M+Cl];C4H6O4;-3.15645e-4;-2.063090;152.996010;1 out of 5
153.019329;153.019214;Gentisic acid;[M-H];C7H6O4;-1.17271e-4;-0.766378;153.019332;2 out of 5
153.019329;153.019214;2-Pyrocatechuic acid;[M-H];C7H6O4;-1.17271e-4;-0.766378;153.019332;2 out of 5
153.019329;153.019214;Protocatechuic acid;[M-H];C7H6O4;-1.17271e-4;-0.766378;153.019332;2 out of 5
153.019329;153.019214;"2,6-Dihydroxybenzoic acid";[M-H];C7H6O4;-1.17271e-4;-0.766378;153.019332;2 out of 5
153.019329;153.019214;"3,5-Dihydroxybenzoic acid";[M-H];C7H6O4;-1.17271e-4;-0.766378;153.019332;2 out of 5
153.019329;153.019214;"2,4-Dihydroxybenzoic acid";[M-H];C7H6O4;-1.17271e-4;-0.766378;153.019332;2 out of 5
153.019329;153.019214;"2,4,6-trihydroxybenzaldehyde";[M-H];C7H6O4;-1.17271e-4;-0.766378;153.019332;2 out of 5
153.019329;153.019214;Terreic acid;[M-H];C7H6O4;-1.17271e-4;-0.766378;153.019332;2 out of 5
153.019329;153.019214;Patulin;[M-H];C7H6O4;-1.17278e-4;-0.766423;153.019332;2 out of 5
153.019329;153.019214;"3,4,5-Trihydroxybenzaldehyde";[M-H];C7H6O4;-1.17278e-4;-0.766423;153.019332;2 out of 5
154.918744;154.918630;Sodium hydrogen sulfate;[M+Cl];HNaO4S;-9.46106e-5;-0.610711;154.918725;1 out of 5
154.928248;154.928134;Sodium phosphate (Na(H2PO4));[M+Cl];H2NaO4P;-1.06709e-4;-0.688762;154.928241;1 out of 5
154.928248;154.928134;"2-Chloro-1,1,1-trifluoroethane";[M+K-H2];C2H2ClF3;-1.83270e-4;-1.182933;154.928317;1 out of 5
158.925372;158.925260;Pyrophosphate;[M-H2O-H];H4O7P2;-1.24439e-4;-0.783006;158.925385;2 out of 5
158.961922;158.961810;phosphonoacetaldehyde;[M+Cl];C2H5O4P;-1.36502e-4;-0.858710;158.961946;2 out of 5
158.961922;158.961810;Propyl chloroformate;[M+K-H2];C4H7ClO2;-2.52542e-4;-1.588695;158.962062;1 out of 5
158.961922;158.961810;3-Chloro-2-hydroxypropanoic acid;[M+Cl];C3H5ClO3;-3.13042e-4;-1.969288;158.962123;2 out of 5
159.984078;159.983966;Taurine;[M+Cl];C2H7NO3S;-9.86078e-5;-0.616360;159.984065;2 out of 5
159.984078;159.983966;3h-Taurine;[M+Cl];C2H7NO3S;-9.90858e-5;-0.619348;159.984065;2 out of 5
159.984078;159.983966;Sulfonamidoethanol;[M+Cl];C2H7NO3S;-9.90858e-5;-0.619348;159.984065;2 out of 5
160.843765;160.843654;tetraphosphorus;[M+K-H2];P4;3.26632e-6;0.020307;160.843651;2 out of 5
165.991075;165.990967;Diatretin 2;[M+Na-H2];C8H3NO2;-7.84202e-5;-0.472436;165.991045;1 out of 5
165.991075;165.990967;Phosphoserine;[M-H2O-H];C3H8NO6P;-1.15580e-4;-0.696304;165.991083;1 out of 5
165.991075;165.990967;DL-O-Phosphoserine;[M-H2O-H];C3H8NO6P;-1.15580e-4;-0.696304;165.991083;1 out of 5
165.991075;165.990967;3-phospho-L-serine;[M-H2O-H];C3H8NO6P;-1.15580e-4;-0.696304;165.991083;1 out of 5
165.991075;165.990967;"(3R,5S)-1-pyrroline-3-hydroxy-5-carboxylic Acid";[M+K-H2];C5H7NO3;-2.31164e-4;-1.392629;165.991198;1 out of 5
165.991075;165.990967;"3-Hydroxy-1-methylpyrrolidine-2,5-dione";[M+K-H2];C5H7NO3;-2.31164e-4;-1.392629;165.991198;1 out of 5
165.991075;165.990967;4-Oxo-L-proline;[M+K-H2];C5H7NO3;-2.31164e-4;-1.392629;165.991198;1 out of 5
165.991075;165.990967;"1-Methylpyrrole-2,3,5-triol";[M+K-H2];C5H7NO3;-2.31164e-4;-1.392629;165.991198;1 out of 5
165.991075;165.990967;(2S)-6-Oxa-1-azabicyclo[3.1.0]hexane-2-carboxylic acid;[M+K-H2];C5H7NO3;-2.31164e-4;-1.392629;165.991198;1 out of 5
165.991075;165.990967;Pyroglutamic acid;[M+K-H2];C5H7NO3;-2.31170e-4;-1.392666;165.991198;1 out of 5
165.991075;165.990967;Pyrroline hydroxycarboxylic acid;[M+K-H2];C5H7NO3;-2.31170e-4;-1.392666;165.991198;1 out of 5
165.991075;165.990967;N-Acryloylglycine;[M+K-H2];C5H7NO3;-2.31170e-4;-1.392666;165.991198;1 out of 5
165.991075;165.990967;1-Pyrroline-4-hydroxy-2-carboxylate;[M+K-H2];C5H7NO3;-2.31170e-4;-1.392666;165.991198;1 out of 5
165.991075;165.990967;dimethadione;[M+K-H2];C5H7NO3;-2.31170e-4;-1.392666;165.991198;1 out of 5
165.991075;165.990967;pyrrolidone carboxylic acid;[M+K-H2];C5H7NO3;-2.31170e-4;-1.392666;165.991198;1 out of 5
165.991075;165.990967;Iminoaspartic acid;[M+Cl];C4H5NO4;-2.91728e-4;-1.757491;165.991259;1 out of 5
165.991075;165.990967;2-Oxosuccinamate;[M+Cl];C4H5NO4;-2.91728e-4;-1.757491;165.991259;1 out of 5
166.017949;166.017841;"1,2,3-Benzotriazine";[M+Cl];C7H5N3;9.24060e-5;0.556603;166.017748;1 out of 5
166.017949;166.017841;PYRIDOPYRIMIDINE;[M+Cl];C7H5N3;9.24060e-5;0.556603;166.017748;1 out of 5
166.017949;166.017841;pyrrolodiazepine;[M+Cl];C7H5N3;9.24060e-5;0.556603;166.017748;1 out of 5
166.017949;166.017841;Homocysteinesulfinic acid;[M-H];C4H9NO4S;-1.10892e-4;-0.667952;166.017951;1 out of 5
166.017949;166.017841;N-Acetyltaurine;[M-H];C4H9NO4S;-1.11369e-4;-0.670825;166.017952;1 out of 5
167.021073;167.020965;Uric acid;[M-H];C5H4N4O3;-9.78731e-5;-0.585992;167.021063;1 out of 5
168.006909;168.006801;Phthalimide;[M+Na-H2];C8H5NO2;1.06016e-4;0.631022;168.006695;1 out of 5
168.006909;168.006801;"Indole-5,6-quinone";[M+Na-H2];C8H5NO2;1.06012e-4;0.630998;168.006695;1 out of 5
168.006909;168.006801;Agrocybin;[M+Na-H2];C8H5NO2;1.06012e-4;0.630998;168.006695;1 out of 5
168.006909;168.006801;"1H-Indole-2,3-dione";[M+Na-H2];C8H5NO2;1.06012e-4;0.630998;168.006695;1 out of 5
168.006909;168.006801;2-Amino-3-phosphonopropionic acid;[M-H];C3H8NO5P;6.95379e-5;0.413900;168.006732;2 out of 5
168.006909;168.006801;Glyphosate;[M-H];C3H8NO5P;6.95379e-5;0.413900;168.006732;2 out of 5
168.006909;168.006801;N-Hydroxy-L-proline;[M+K-H2];C5H9NO3;-4.67331e-5;-0.278162;168.006848;1 out of 5
168.006909;168.006801;1-Hydroxypyrrolidine-3-carboxylic acid;[M+K-H2];C5H9NO3;-4.67331e-5;-0.278162;168.006848;1 out of 5
168.006909;168.006801;2-Amino-4-oxopentanoic acid;[M+K-H2];C5H9NO3;-4.67331e-5;-0.278162;168.006848;1 out of 5
168.006909;168.006801;Glutaramic acid;[M+K-H2];C5H9NO3;-4.67331e-5;-0.278162;168.006848;1 out of 5
168.006909;168.006801;5-Hydroxyproline;[M+K-H2];C5H9NO3;-4.67331e-5;-0.278162;168.006848;1 out of 5
168.006909;168.006801;N-Acetyl-DL-alanine;[M+K-H2];C5H9NO3;-4.67331e-5;-0.278162;168.006848;1 out of 5
168.006909;168.006801;4-Hydroxyproline;[M+K-H2];C5H9NO3;-4.67381e-5;-0.278192;168.006848;1 out of 5
168.006909;168.006801;N-Acetyl-L-alanine;[M+K-H2];C5H9NO3;-4.67381e-5;-0.278192;168.006848;1 out of 5
168.006909;168.006801;Propionylglycine;[M+K-H2];C5H9NO3;-4.67381e-5;-0.278192;168.006848;1 out of 5
168.006909;168.006801;5-Aminolevulinic acid;[M+K-H2];C5H9NO3;-4.67381e-5;-0.278192;168.006848;1 out of 5
168.006909;168.006801;L-Glutamic gamma-semialdehyde;[M+K-H2];C5H9NO3;-4.67381e-5;-0.278192;168.006848;1 out of 5
168.006909;168.006801;3-Hydroxy-L-proline;[M+K-H2];C5H9NO3;-4.67381e-5;-0.278192;168.006848;1 out of 5
168.006909;168.006801;5-Amino-2-oxopentanoic acid;[M+K-H2];C5H9NO3;-4.67381e-5;-0.278192;168.006848;1 out of 5
168.006909;168.006801;Trans-3-hydroxy-L-proline;[M+K-H2];C5H9NO3;-4.67381e-5;-0.278192;168.006848;1 out of 5
168.006909;168.006801;cis-4-Hydroxy-D-proline;[M+K-H2];C5H9NO3;-4.67381e-5;-0.278192;168.006848;1 out of 5
168.006909;168.006801;N-Acetyl-beta-alanine;[M+K-H2];C5H9NO3;-4.67381e-5;-0.278192;168.006848;1 out of 5
168.006909;168.006801;cis-4-Hydroxyproline;[M+K-H2];C5H9NO3;-4.67381e-5;-0.278192;168.006848;1 out of 5
168.006909;168.006801;3-Hydroxyproline;[M+K-H2];C5H9NO3;-4.67381e-5;-0.278192;168.006848;1 out of 5
168.006909;168.006801;4-Amino-5-oxo-pentanoic acid;[M+K-H2];C5H9NO3;-4.67381e-5;-0.278192;168.006848;1 out of 5
168.006909;168.006801;L-Aspartic acid;[M+Cl];C4H7NO4;-1.07296e-4;-0.638641;168.006909;2 out of 5
168.006909;168.006801;D-Aspartic acid;[M+Cl];C4H7NO4;-1.07296e-4;-0.638641;168.006909;2 out of 5
168.006909;168.006801;Iminodiacetic acid;[M+Cl];C4H7NO4;-1.07296e-4;-0.638641;168.006909;2 out of 5
168.043087;168.042980;Cinnamamide;[M+Na-H2];C9H9NO;-1.01032e-4;-0.601226;168.043081;1 out of 5
168.043087;168.042980;methoxyindole;[M+Na-H2];C9H9NO;-1.01032e-4;-0.601226;168.043081;1 out of 5
168.043087;168.042980;Phenethyl isocyanate;[M+Na-H2];C9H9NO;-1.01032e-4;-0.601226;168.043081;1 out of 5
168.043087;168.042980;3-Methyloxindole;[M+Na-H2];C9H9NO;-1.01032e-4;-0.601226;168.043081;1 out of 5
168.043087;168.042980;Indole-3-carbinol;[M+Na-H2];C9H9NO;-1.01033e-4;-0.601232;168.043081;1 out of 5
168.043087;168.042980;1-(2-Furanylmethyl)-1H-pyrrole;[M+Na-H2];C9H9NO;-1.01033e-4;-0.601232;168.043081;1 out of 5
168.043087;168.042980;"4-(2-Furanylmethylene)-3,4-dihydro-2H-pyrrole";[M+Na-H2];C9H9NO;-1.01033e-4;-0.601232;168.043081;1 out of 5
168.043087;168.042980;3-(2-Furanylmethyl)-1H-pyrrole;[M+Na-H2];C9H9NO;-1.01033e-4;-0.601232;168.043081;1 out of 5
168.043087;168.042980;5-Methoxyindole;[M+Na-H2];C9H9NO;-1.01033e-4;-0.601232;168.043081;1 out of 5
168.043087;168.042980;Phosphodimethylethanolamine;[M-H];C4H12NO4P;-1.37507e-4;-0.818283;168.043117;2 out of 5
168.043087;168.042980;Alanine betaine;[M+K-H2];C6H13NO2;-2.53781e-4;-1.510212;168.043234;1 out of 5
168.043087;168.042980;3-Amino-4-methylpentanoic acid;[M+K-H2];C6H13NO2;-2.53781e-4;-1.510212;168.043234;1 out of 5
168.043087;168.042980;DL-Norleucine;[M+K-H2];C6H13NO2;-2.53781e-4;-1.510212;168.043234;1 out of 5
168.043087;168.042980;"L-Valine, methyl ester";[M+K-H2];C6H13NO2;-2.53781e-4;-1.510212;168.043234;1 out of 5
168.043087;168.042980;"1-Hydroxy-5,5-dimethylpyrrolidin-2-ol";[M+K-H2];C6H13NO2;-2.53781e-4;-1.510212;168.043234;1 out of 5
168.043087;168.042980;beta-alanine betaine;[M+K-H2];C6H13NO2;-2.53781e-4;-1.510212;168.043234;1 out of 5
168.043087;168.042980;L-Isoleucine;[M+K-H2];C6H13NO2;-2.53783e-4;-1.510224;168.043234;1 out of 5
168.043087;168.042980;L-Alloisoleucine;[M+K-H2];C6H13NO2;-2.53783e-4;-1.510224;168.043234;1 out of 5
168.043087;168.042980;L-Leucine;[M+K-H2];C6H13NO2;-2.53783e-4;-1.510224;168.043234;1 out of 5
168.043087;168.042980;L-Norleucine;[M+K-H2];C6H13NO2;-2.53783e-4;-1.510224;168.043234;1 out of 5
168.043087;168.042980;Aminocaproic acid;[M+K-H2];C6H13NO2;-2.53783e-4;-1.510224;168.043234;1 out of 5
168.043087;168.042980;Beta-Leucine;[M+K-H2];C6H13NO2;-2.53783e-4;-1.510224;168.043234;1 out of 5
168.043087;168.042980;D-Leucine;[M+K-H2];C6H13NO2;-2.53783e-4;-1.510224;168.043234;1 out of 5
168.043087;168.042980;3-Aminocaproic acid;[M+K-H2];C6H13NO2;-2.53783e-4;-1.510224;168.043234;1 out of 5
168.043087;168.042980;(±)-erythro-Isoleucine;[M+K-H2];C6H13NO2;-2.53783e-4;-1.510224;168.043234;1 out of 5
168.043087;168.042980;6-Deoxyfagomine;[M+K-H2];C6H13NO2;-2.53783e-4;-1.510224;168.043234;1 out of 5
168.043087;168.042980;N-(2-Hydroxyethyl)-morpholine;[M+K-H2];C6H13NO2;-2.53783e-4;-1.510224;168.043234;1 out of 5
168.043087;168.042980;N-methylvaline;[M+K-H2];C6H13NO2;-2.53783e-4;-1.510224;168.043234;1 out of 5
168.043087;168.042980;3-Hydroxynorvaline;[M+Cl];C5H11NO3;-3.14336e-4;-1.870565;168.043294;1 out of 5
168.043087;168.042980;Amyl nitrate;[M+Cl];C5H11NO3;-3.14336e-4;-1.870565;168.043294;1 out of 5
168.043087;168.042980;L-2-Amino-5-hydroxypentanoic acid;[M+Cl];C5H11NO3;-3.14341e-4;-1.870595;168.043294;1 out of 5
168.043087;168.042980;N-Lactoyl ethanolamine;[M+Cl];C5H11NO3;-3.14341e-4;-1.870595;168.043294;1 out of 5
168.043087;168.042980;"1,4-Dideoxy-1,4-imino-D-ribitol";[M+Cl];C5H11NO3;-3.14341e-4;-1.870595;168.043294;1 out of 5
168.990763;168.990657;Phthalic anhydride;[M+Na-H2];C8H4O3;-5.42935e-5;-0.321281;168.990711;1 out of 5
168.990763;168.990657;Glyceraldehyde 3-phosphate;[M-H];C3H7O6P;-9.07725e-5;-0.537145;168.990747;1 out of 5
168.990763;168.990657;Dihydroxyacetone phosphate;[M-H];C3H7O6P;-9.07725e-5;-0.537145;168.990747;1 out of 5
168.990763;168.990657;(1-Hydroxy-3-oxopropan-2-yl) dihydrogen phosphate;[M-H];C3H7O6P;-9.12475e-5;-0.539956;168.990748;1 out of 5
168.990763;168.990657;Methylsuccinic acid;[M+K-H2];C5H8O4;-2.07043e-4;-1.225170;168.990864;1 out of 5
168.990763;168.990657;Formyl 3-hydroxybutanoate;[M+K-H2];C5H8O4;-2.07043e-4;-1.225170;168.990864;1 out of 5
168.990763;168.990657;Monoethyl malonic acid;[M+K-H2];C5H8O4;-2.07049e-4;-1.225205;168.990864;1 out of 5
168.990763;168.990657;Ethylmalonic acid;[M+K-H2];C5H8O4;-2.07049e-4;-1.225205;168.990864;1 out of 5
168.990763;168.990657;Glutaric acid;[M+K-H2];C5H8O4;-2.07049e-4;-1.225205;168.990864;1 out of 5
168.990763;168.990657;Dimethylmalonic acid;[M+K-H2];C5H8O4;-2.07049e-4;-1.225205;168.990864;1 out of 5
168.990763;168.990657;2-Acetolactate;[M+K-H2];C5H8O4;-2.07049e-4;-1.225205;168.990864;1 out of 5
168.990763;168.990657;(S)-2-Acetolactate;[M+K-H2];C5H8O4;-2.07049e-4;-1.225205;168.990864;1 out of 5
168.990763;168.990657;"2-C-Methyl-1,4-erythrono-D-lactone";[M+K-H2];C5H8O4;-2.07049e-4;-1.225205;168.990864;1 out of 5
168.990763;168.990657;"2-Deoxy-L-ribono-1,4-lactone";[M+K-H2];C5H8O4;-2.07049e-4;-1.225205;168.990864;1 out of 5
168.990763;168.990657;2-Hydroxy-4-oxopentanoic acid;[M+K-H2];C5H8O4;-2.07049e-4;-1.225205;168.990864;1 out of 5
168.990763;168.990657;Monomethyl succinate;[M+K-H2];C5H8O4;-2.07049e-4;-1.225205;168.990864;1 out of 5
168.990763;168.990657;Dimethyl malonate;[M+K-H2];C5H8O4;-2.07049e-4;-1.225205;168.990864;1 out of 5
168.990763;168.990657;2-Carboxyoxypropanoic acid;[M+Cl];C4H6O5;-2.67598e-4;-1.583502;168.990924;2 out of 5
168.990763;168.990657;Malic acid;[M+Cl];C4H6O5;-2.67607e-4;-1.583556;168.990924;2 out of 5
168.990763;168.990657;D-Malic acid;[M+Cl];C4H6O5;-2.67607e-4;-1.583556;168.990924;2 out of 5
168.990763;168.990657;Velcorin;[M+Cl];C4H6O5;-2.67607e-4;-1.583556;168.990924;2 out of 5
168.990763;168.990657;Diglycolic acid;[M+Cl];C4H6O5;-2.67607e-4;-1.583556;168.990924;2 out of 5
168.990910;168.990803;Phthalic anhydride;[M+Na-H2];C8H4O3;9.20888e-5;0.544934;168.990711;1 out of 5
168.990910;168.990803;Glyceraldehyde 3-phosphate;[M-H];C3H7O6P;5.56098e-5;0.329070;168.990747;1 out of 5
168.990910;168.990803;Dihydroxyacetone phosphate;[M-H];C3H7O6P;5.56098e-5;0.329070;168.990747;1 out of 5
168.990910;168.990803;(1-Hydroxy-3-oxopropan-2-yl) dihydrogen phosphate;[M-H];C3H7O6P;5.51348e-5;0.326259;168.990748;1 out of 5
168.990910;168.990803;Methylsuccinic acid;[M+K-H2];C5H8O4;-6.06602e-5;-0.358956;168.990864;1 out of 5
168.990910;168.990803;Formyl 3-hydroxybutanoate;[M+K-H2];C5H8O4;-6.06602e-5;-0.358956;168.990864;1 out of 5
168.990910;168.990803;Monoethyl malonic acid;[M+K-H2];C5H8O4;-6.06662e-5;-0.358991;168.990864;1 out of 5
168.990910;168.990803;Ethylmalonic acid;[M+K-H2];C5H8O4;-6.06662e-5;-0.358991;168.990864;1 out of 5
168.990910;168.990803;Glutaric acid;[M+K-H2];C5H8O4;-6.06662e-5;-0.358991;168.990864;1 out of 5
168.990910;168.990803;Dimethylmalonic acid;[M+K-H2];C5H8O4;-6.06662e-5;-0.358991;168.990864;1 out of 5
168.990910;168.990803;2-Acetolactate;[M+K-H2];C5H8O4;-6.06662e-5;-0.358991;168.990864;1 out of 5
168.990910;168.990803;(S)-2-Acetolactate;[M+K-H2];C5H8O4;-6.06662e-5;-0.358991;168.990864;1 out of 5
168.990910;168.990803;"2-C-Methyl-1,4-erythrono-D-lactone";[M+K-H2];C5H8O4;-6.06662e-5;-0.358991;168.990864;1 out of 5
168.990910;168.990803;"2-Deoxy-L-ribono-1,4-lactone";[M+K-H2];C5H8O4;-6.06662e-5;-0.358991;168.990864;1 out of 5
168.990910;168.990803;2-Hydroxy-4-oxopentanoic acid;[M+K-H2];C5H8O4;-6.06662e-5;-0.358991;168.990864;1 out of 5
168.990910;168.990803;Monomethyl succinate;[M+K-H2];C5H8O4;-6.06662e-5;-0.358991;168.990864;1 out of 5
168.990910;168.990803;Dimethyl malonate;[M+K-H2];C5H8O4;-6.06662e-5;-0.358991;168.990864;1 out of 5
168.990910;168.990803;2-Carboxyoxypropanoic acid;[M+Cl];C4H6O5;-1.21215e-4;-0.717288;168.990924;2 out of 5
168.990910;168.990803;Malic acid;[M+Cl];C4H6O5;-1.21224e-4;-0.717342;168.990924;2 out of 5
168.990910;168.990803;D-Malic acid;[M+Cl];C4H6O5;-1.21224e-4;-0.717342;168.990924;2 out of 5
168.990910;168.990803;Velcorin;[M+Cl];C4H6O5;-1.21224e-4;-0.717342;168.990924;2 out of 5
168.990910;168.990803;Diglycolic acid;[M+Cl];C4H6O5;-1.21224e-4;-0.717342;168.990924;2 out of 5
170.892647;170.892541;Potassium hydrogen sulfate (KHSO4);[M+Cl];HKO4S;-1.20725e-4;-0.706435;170.892662;1 out of 5
171.006416;171.006311;4-(Trifluoromethyl)benzoic acid;[M-H2O-H];C8H5F3O2;-1.20387e-5;-0.070399;171.006323;1 out of 5
171.006416;171.006311;5-Hydroxybenzofuran-2(3H)-one;[M+Na-H2];C8H6O3;-5.02017e-5;-0.293566;171.006361;1 out of 5
171.006416;171.006311;4-Formylbenzoic acid;[M+Na-H2];C8H6O3;-5.02017e-5;-0.293566;171.006361;1 out of 5
171.006416;171.006311;Phenylglyoxylic acid;[M+Na-H2];C8H6O3;-5.02067e-5;-0.293595;171.006361;1 out of 5
171.006416;171.006311;"(E)-8-Hydroxy-2-octene-4,6-diynoic acid";[M+Na-H2];C8H6O3;-5.02067e-5;-0.293595;171.006361;1 out of 5
171.006416;171.006311;4-Hydroxyphthalide;[M+Na-H2];C8H6O3;-5.02067e-5;-0.293595;171.006361;1 out of 5
171.006416;171.006311;"3,4-Methylenedioxybenzaldehyde";[M+Na-H2];C8H6O3;-5.02067e-5;-0.293595;171.006361;1 out of 5
171.006416;171.006311;"1,4-Benzodioxin-2(3H)-one";[M+Na-H2];C8H6O3;-5.02067e-5;-0.293595;171.006361;1 out of 5
171.006416;171.006311;Glycerol 3-phosphate;[M-H];C3H9O6P;-8.66807e-5;-0.506885;171.006398;3 out of 5
171.006416;171.006311;beta-Glycerophosphoric acid;[M-H];C3H9O6P;-8.66807e-5;-0.506885;171.006398;3 out of 5
171.006416;171.006311;Glycerophosphoric acid;[M-H];C3H9O6P;-8.66807e-5;-0.506885;171.006398;3 out of 5
171.006416;171.006311;"2,3-Dihydroxypropyl acetate";[M+K-H2];C5H10O4;-2.02951e-4;-1.186801;171.006514;1 out of 5
171.006416;171.006311;Glyceryl 2-acetate;[M+K-H2];C5H10O4;-2.02951e-4;-1.186801;171.006514;1 out of 5
171.006416;171.006311;"1,4-Anhydroribitol";[M+K-H2];C5H10O4;-2.02951e-4;-1.186801;171.006514;1 out of 5
171.006416;171.006311;2-Deoxy-D-ribose;[M+K-H2];C5H10O4;-2.02951e-4;-1.186801;171.006514;1 out of 5
171.006416;171.006311;5-Deoxy-D-ribose;[M+K-H2];C5H10O4;-2.02951e-4;-1.186801;171.006514;1 out of 5
171.006416;171.006311;"2,3-Dihydroxyvaleric acid";[M+K-H2];C5H10O4;-2.02957e-4;-1.186836;171.006514;1 out of 5
171.006416;171.006311;1-Deoxy-D-xylulose;[M+K-H2];C5H10O4;-2.02957e-4;-1.186836;171.006514;1 out of 5
171.006416;171.006311;Deoxyribose;[M+K-H2];C5H10O4;-2.02957e-4;-1.186836;171.006514;1 out of 5
171.006416;171.006311;"(R)-2,3-Dihydroxy-isovalerate";[M+K-H2];C5H10O4;-2.02957e-4;-1.186836;171.006514;1 out of 5
171.006416;171.006311;(R)-glycerol 1-acetate;[M+K-H2];C5H10O4;-2.02957e-4;-1.186836;171.006514;1 out of 5
171.006416;171.006311;"2,3-Dihydroxy-2-methylbutanoic acid";[M+K-H2];C5H10O4;-2.02957e-4;-1.186836;171.006514;1 out of 5
171.006416;171.006311;"2,3,4-Trihydroxybutanoic acid";[M+Cl];C4H8O5;-2.63507e-4;-1.540915;171.006574;1 out of 5
171.006416;171.006311;Erythronic acid;[M+Cl];C4H8O5;-2.63515e-4;-1.540962;171.006574;1 out of 5
171.006416;171.006311;Threonic acid;[M+Cl];C4H8O5;-2.63515e-4;-1.540962;171.006574;1 out of 5
172.894347;172.894243;"1,2-Diacylglycerol-LD-SM-pool";[M+Na-H2];Sm;-1.52122e-4;-0.879853;172.894395;2 out of 5
174.016976;174.016872;Semidehydroascorbic acid;[M-H];C6H7O6;-1.13750e-4;-0.653674;174.016986;1 out of 5
174.016976;174.016872;3-Methyl-4-nitrophenol;[M+Na-H2];C7H7NO3;-3.87894e-4;-2.229057;174.017260;1 out of 5
174.016976;174.016872;4-Nitroanisole;[M+Na-H2];C7H7NO3;-3.87894e-4;-2.229057;174.017260;1 out of 5
174.016976;174.016872;"2,5-Dihydroxybenzamide";[M+Na-H2];C7H7NO3;-3.87894e-4;-2.229057;174.017260;1 out of 5
174.016976;174.016872;2-Aminooxybenzoic acid;[M+Na-H2];C7H7NO3;-3.87894e-4;-2.229057;174.017260;1 out of 5
174.016976;174.016872;5-Formyl-2H-pyran-6-carboxamide;[M+Na-H2];C7H7NO3;-3.87894e-4;-2.229057;174.017260;1 out of 5
174.016976;174.016872;3-Amino-4-hydroxybenzoic acid;[M+Na-H2];C7H7NO3;-3.87894e-4;-2.229057;174.017260;1 out of 5
174.016976;174.016872;3-Amino-5-hydroxybenzoic acid;[M+Na-H2];C7H7NO3;-3.87894e-4;-2.229057;174.017260;1 out of 5
174.016976;174.016872;3-Hydroxyanthranilic acid;[M+Na-H2];C7H7NO3;-3.87900e-4;-2.229092;174.017260;1 out of 5
174.016976;174.016872;3-Aminosalicylic acid;[M+Na-H2];C7H7NO3;-3.87900e-4;-2.229092;174.017260;1 out of 5
174.016976;174.016872;Aminosalicylic Acid;[M+Na-H2];C7H7NO3;-3.87900e-4;-2.229092;174.017260;1 out of 5
174.016976;174.016872;Mesalazine;[M+Na-H2];C7H7NO3;-3.87900e-4;-2.229092;174.017260;1 out of 5
174.016976;174.016872;6-Methoxy-pyridine-3-carboxylic acid;[M+Na-H2];C7H7NO3;-3.87900e-4;-2.229092;174.017260;1 out of 5
174.016976;174.016872;2-Nitro-p-cresol;[M+Na-H2];C7H7NO3;-3.87900e-4;-2.229092;174.017260;1 out of 5
174.016976;174.016872;4-Nitrobenzyl alcohol;[M+Na-H2];C7H7NO3;-3.87900e-4;-2.229092;174.017260;1 out of 5
174.016976;174.016872;Salicylhydroxamic acid;[M+Na-H2];C7H7NO3;-3.87900e-4;-2.229092;174.017260;1 out of 5
174.040805;174.040702;Alanine pyruvate;[M-H];C6H9NO5;-9.37830e-5;-0.538857;174.040795;1 out of 5
174.040805;174.040702;Dimethyloxalylglycine;[M-H];C6H9NO5;-9.37830e-5;-0.538857;174.040795;1 out of 5
174.040805;174.040702;N-Acetyl-L-aspartic acid;[M-H];C6H9NO5;-9.37920e-5;-0.538908;174.040795;1 out of 5
174.040805;174.040702;N-Formyl-L-glutamic acid;[M-H];C6H9NO5;-9.37920e-5;-0.538908;174.040795;1 out of 5
174.040805;174.040702;D-N-(Carboxyacetyl)alanine;[M-H];C6H9NO5;-9.37920e-5;-0.538908;174.040795;1 out of 5
174.040805;174.040702;2-Amino-3-oxoadipate;[M-H];C6H9NO5;-9.37920e-5;-0.538908;174.040795;1 out of 5
175.024796;175.024693;"(2R)-2-[(3R,4S)-3,4-Dihydroxy-5-oxooxolan-2-yl]-2-hydroxyacetaldehyde";[M-H];C6H8O6;-1.17764e-4;-0.672840;175.024811;2 out of 5
175.024796;175.024693;"5-(1,2-Dihydroxyethyl)-4-hydroxyoxolane-2,3-dione";[M-H];C6H8O6;-1.17764e-4;-0.672840;175.024811;2 out of 5
175.024796;175.024693;"(R)-2-((S)-1,2-Dihydroxyethyl)-4,5-dihydroxyfuran-3(2H)-one";[M-H];C6H8O6;-1.17764e-4;-0.672840;175.024811;2 out of 5
175.024796;175.024693;Diglyceride;[M-H];C6H8O6;-1.17764e-4;-0.672840;175.024811;2 out of 5
175.024796;175.024693;"(3S,4R,5S)-3,4-Dihydroxy-5-(2-hydroxyacetyl)oxolan-2-one";[M-H];C6H8O6;-1.17764e-4;-0.672840;175.024811;2 out of 5
175.024796;175.024693;2-Hydroxy-5-oxohexanedioic acid;[M-H];C6H8O6;-1.17764e-4;-0.672840;175.024811;2 out of 5
175.024796;175.024693;"(5R)-5-(1,2-Dihydroxyethyl)-3-hydroxyoxolane-2,4-dione";[M-H];C6H8O6;-1.17764e-4;-0.672840;175.024811;2 out of 5
175.024796;175.024693;Ascorbic acid;[M-H];C6H8O6;-1.17774e-4;-0.672897;175.024811;2 out of 5
175.024796;175.024693;"D-Glucurono-6,3-lactone";[M-H];C6H8O6;-1.17774e-4;-0.672897;175.024811;2 out of 5
175.024796;175.024693;"1,2,3-Propanetricarboxylic acid";[M-H];C6H8O6;-1.17774e-4;-0.672897;175.024811;2 out of 5
175.024796;175.024693;"3,4-Dihydroxy-5-[(S)-1,2-dihydroxyethyl]furan-2(5H)-one";[M-H];C6H8O6;-1.17774e-4;-0.672897;175.024811;2 out of 5
175.024796;175.024693;Aldehydo-L-iduronate;[M-H2O-H];C6H10O7;-1.18448e-4;-0.676748;175.024812;1 out of 5
175.024796;175.024693;"(2R,3R,4R,5S,6S)-3,4,5,6-Tetrahydroxyoxane-2-carboxylic acid";[M-H2O-H];C6H10O7;-1.18448e-4;-0.676748;175.024812;1 out of 5
175.024796;175.024693;Lactate oxygen;[M-H2O-H];C6H10O7;-1.18448e-4;-0.676748;175.024812;1 out of 5
175.024796;175.024693;Mannuronic acid;[M-H2O-H];C6H10O7;-1.18448e-4;-0.676748;175.024812;1 out of 5
175.024796;175.024693;D-Glucuronic acid;[M-H2O-H];C6H10O7;-1.18460e-4;-0.676817;175.024812;1 out of 5
175.024796;175.024693;Galacturonic acid;[M-H2O-H];C6H10O7;-1.18460e-4;-0.676817;175.024812;1 out of 5
175.024796;175.024693;Iduronic acid;[M-H2O-H];C6H10O7;-1.18460e-4;-0.676817;175.024812;1 out of 5
175.024796;175.024693;Pectic acid;[M-H2O-H];C6H10O7;-1.18460e-4;-0.676817;175.024812;1 out of 5
175.024796;175.024693;Pectin;[M-H2O-H];C6H10O7;-1.18460e-4;-0.676817;175.024812;1 out of 5
175.024796;175.024693;3-Dehydro-L-gulonate;[M-H2O-H];C6H10O7;-1.18460e-4;-0.676817;175.024812;1 out of 5
175.024796;175.024693;5-Keto-D-gluconate;[M-H2O-H];C6H10O7;-1.18460e-4;-0.676817;175.024812;1 out of 5
175.024796;175.024693;2-Keto-L-gluconate;[M-H2O-H];C6H10O7;-1.18460e-4;-0.676817;175.024812;1 out of 5
175.024796;175.024693;L-Altruronic acid;[M-H2O-H];C6H10O7;-1.18460e-4;-0.676817;175.024812;1 out of 5
175.036063;175.035960;Ureidosuccinic acid;[M-H];C5H8N2O5;-8.40823e-5;-0.480372;175.036044;1 out of 5
175.036063;175.035960;L-2-Amino-3-(oxalylamino)propanoic acid;[M-H];C5H8N2O5;-8.40823e-5;-0.480372;175.036044;1 out of 5
175.036063;175.035960;L-3-Amino-2-(oxalylamino)propanoic acid;[M-H];C5H8N2O5;-8.40823e-5;-0.480372;175.036044;1 out of 5
175.988498;175.988396;3-Aminopropylphosphonic acid;[M+K-H2];C3H10NO3P;-3.90955e-5;-0.222148;175.988435;1 out of 5
175.988498;175.988396;O-Phosphoethanolamine;[M+Cl];C2H8NO4P;-9.96535e-5;-0.566250;175.988495;2 out of 5
175.988498;175.988396;Aminoethanol phosphate;[M+Cl];C2H8NO4P;-1.00133e-4;-0.568972;175.988496;2 out of 5
175.988498;175.988396;(2E)-2-ethylidene-4-hydroxy-5-methyl-3(2H)-furanone;[M+K-H2];C7H7O3;-2.77058e-4;-1.574292;175.988673;1 out of 5
176.935948;176.935846;Pyrophosphate;[M-H];H4O7P2;-1.02256e-4;-0.577925;176.935949;2 out of 5
176.935948;176.935846;Acetylphosphate;[M+K-H2];C2H5O5P;-2.18532e-4;-1.235088;176.936065;1 out of 5
176.935948;176.935846;Phosphonoacetate;[M+K-H2];C2H5O5P;-2.18532e-4;-1.235088;176.936065;1 out of 5
181.038546;181.038447;1H-Indole-2-carboxamide;[M+Na-H2];C9H8N2O;1.17135e-4;0.647016;181.038330;1 out of 5
181.038546;181.038447;1H-Indole-5-carboxamide;[M+Na-H2];C9H8N2O;1.17135e-4;0.647016;181.038330;1 out of 5
181.038546;181.038447;"3-Hydroxy-1,4-benzodiazepine";[M+Na-H2];C9H8N2O;1.17135e-4;0.647016;181.038330;1 out of 5
181.038546;181.038447;"4-Quinolinamine, N-hydroxy-";[M+Na-H2];C9H8N2O;1.17135e-4;0.647016;181.038330;1 out of 5
181.038546;181.038447;5-Aminoisoquinolin-1(2H)-one;[M+Na-H2];C9H8N2O;1.17135e-4;0.647016;181.038330;1 out of 5
181.038546;181.038447;2-Methyl-4(3H)-quinazolinone;[M+Na-H2];C9H8N2O;1.17133e-4;0.647005;181.038330;1 out of 5
181.038546;181.038447;ISOVALERYLUREA;[M+K-H2];C6H12N2O2;-3.56133e-5;-0.196717;181.038483;1 out of 5
181.038546;181.038447;4-Amino-1-piperidinecarboxylic acid;[M+K-H2];C6H12N2O2;-3.56173e-5;-0.196739;181.038483;1 out of 5
181.038546;181.038447;Adipamide;[M+K-H2];C6H12N2O2;-3.56173e-5;-0.196739;181.038483;1 out of 5
181.038546;181.038447;Alanylglycine;[M+Cl];C5H10N2O3;-9.61693e-5;-0.531209;181.038543;2 out of 5
181.038546;181.038447;Cyclic Urea;[M+Cl];C5H10N2O3;-9.61693e-5;-0.531209;181.038543;2 out of 5
181.038546;181.038447;Glycyl-D-Alanine;[M+Cl];C5H10N2O3;-9.61693e-5;-0.531209;181.038543;2 out of 5
181.038546;181.038447;Glycylsarcosine;[M+Cl];C5H10N2O3;-9.61693e-5;-0.531209;181.038543;2 out of 5
181.038546;181.038447;D-Alanyl glycine;[M+Cl];C5H10N2O3;-9.61693e-5;-0.531209;181.038543;2 out of 5
181.038546;181.038447;L-Glutamine;[M+Cl];C5H10N2O3;-9.61753e-5;-0.531242;181.038543;2 out of 5
181.038546;181.038447;Ureidoisobutyric acid;[M+Cl];C5H10N2O3;-9.61753e-5;-0.531242;181.038543;2 out of 5
181.038546;181.038447;D-Glutamine;[M+Cl];C5H10N2O3;-9.61753e-5;-0.531242;181.038543;2 out of 5
181.038546;181.038447;3-ureido-isobutyrate;[M+Cl];C5H10N2O3;-9.61753e-5;-0.531242;181.038543;2 out of 5
182.022537;182.022440;"2,8-Quinolinediol";[M+Na-H2];C9H7NO2;9.40670e-5;0.516788;182.022345;1 out of 5
182.022537;182.022440;"1,5-Isoquinolinediol";[M+Na-H2];C9H7NO2;9.40670e-5;0.516788;182.022345;1 out of 5
182.022537;182.022440;"2,4-Quinolinediol";[M+Na-H2];C9H7NO2;9.40670e-5;0.516788;182.022345;1 out of 5
182.022537;182.022440;Indole-5-carboxylic acid;[M+Na-H2];C9H7NO2;9.40670e-5;0.516788;182.022345;1 out of 5
182.022537;182.022440;2-Indolecarboxylic acid;[M+Na-H2];C9H7NO2;9.40630e-5;0.516766;182.022345;1 out of 5
182.022537;182.022440;Indole-3-carboxylic acid;[M+Na-H2];C9H7NO2;9.40630e-5;0.516766;182.022345;1 out of 5
182.022537;182.022440;"4,6-Dihydroxyquinoline";[M+Na-H2];C9H7NO2;9.40630e-5;0.516766;182.022345;1 out of 5
182.022537;182.022440;3-Formyl-6-hydroxyindole;[M+Na-H2];C9H7NO2;9.40630e-5;0.516766;182.022345;1 out of 5
182.022537;182.022440;"Quinoline-4,8-diol";[M+Na-H2];C9H7NO2;9.40630e-5;0.516766;182.022345;1 out of 5
182.022537;182.022440;3-Hydroxyquinolin-2(1h)-One;[M+Na-H2];C9H7NO2;9.40630e-5;0.516766;182.022345;1 out of 5
182.022537;182.022440;Fosmidomycin;[M-H];C4H10NO5P;5.75890e-5;0.316384;182.022382;2 out of 5
182.022537;182.022440;2-Amino-4-phosphonobutyric acid;[M-H];C4H10NO5P;5.71120e-5;0.313764;182.022382;2 out of 5
182.022537;182.022440;N-Propionylalanine;[M+K-H2];C6H11NO3;-5.86820e-5;-0.322389;182.022498;1 out of 5
182.022537;182.022440;methyl 2-amino-4-oxopentanoate;[M+K-H2];C6H11NO3;-5.86820e-5;-0.322389;182.022498;1 out of 5
182.022537;182.022440;But-2-en-2-yl 2-aminoethaneperoxoate;[M+K-H2];C6H11NO3;-5.86820e-5;-0.322389;182.022498;1 out of 5
182.022537;182.022440;Amino 6-oxohexanoate;[M+K-H2];C6H11NO3;-5.86820e-5;-0.322389;182.022498;1 out of 5
182.022537;182.022440;Isobutyrylglycine;[M+K-H2];C6H11NO3;-5.86870e-5;-0.322416;182.022498;1 out of 5
182.022537;182.022440;N-Butyrylglycine;[M+K-H2];C6H11NO3;-5.86870e-5;-0.322416;182.022498;1 out of 5
182.022537;182.022440;Allysine;[M+K-H2];C6H11NO3;-5.86870e-5;-0.322416;182.022498;1 out of 5
182.022537;182.022440;4-Acetamidobutanoic acid;[M+K-H2];C6H11NO3;-5.86870e-5;-0.322416;182.022498;1 out of 5
182.022537;182.022440;(S)-5-Amino-3-oxohexanoate;[M+K-H2];C6H11NO3;-5.86870e-5;-0.322416;182.022498;1 out of 5
182.022537;182.022440;2-Keto-6-aminocaproate;[M+K-H2];C6H11NO3;-5.86870e-5;-0.322416;182.022498;1 out of 5
182.022537;182.022440;Methyl aminolevulinate;[M+K-H2];C6H11NO3;-5.86870e-5;-0.322416;182.022498;1 out of 5
182.022537;182.022440;L-cis-4-(Hydroxymethyl)-2-pyrrolidinecarboxylic acid;[M+K-H2];C6H11NO3;-5.86870e-5;-0.322416;182.022498;1 out of 5
182.022537;182.022440;L-trans-5-Hydroxy-2-piperidinecarboxylic acid;[M+K-H2];C6H11NO3;-5.86870e-5;-0.322416;182.022498;1 out of 5
182.022537;182.022440;N-(2-Carboxymethyl)-morpholine;[M+K-H2];C6H11NO3;-5.86870e-5;-0.322416;182.022498;1 out of 5
182.022537;182.022440;L-2-Amino-6-oxohexanoic acid;[M+K-H2];C6H11NO3;-5.86870e-5;-0.322416;182.022498;1 out of 5
182.022537;182.022440;N-lactoyl-Glycine;[M+Cl];C5H9NO4;-1.19238e-4;-0.655073;182.022559;2 out of 5
182.022537;182.022440;5-Hydroxy-4-oxo-L-norvaline;[M+Cl];C5H9NO4;-1.19238e-4;-0.655073;182.022559;2 out of 5
182.022537;182.022440;Alanine acetate;[M+Cl];C5H9NO4;-1.19238e-4;-0.655073;182.022559;2 out of 5
182.022537;182.022440;N-Methyl-DL-aspartic acid;[M+Cl];C5H9NO4;-1.19238e-4;-0.655073;182.022559;2 out of 5
182.022537;182.022440;L-Glutamic acid;[M+Cl];C5H9NO4;-1.19245e-4;-0.655111;182.022559;2 out of 5
182.022537;182.022440;N-Methyl-D-aspartic acid;[M+Cl];C5H9NO4;-1.19245e-4;-0.655111;182.022559;2 out of 5
182.022537;182.022440;N-Acetylserine;[M+Cl];C5H9NO4;-1.19245e-4;-0.655111;182.022559;2 out of 5
182.022537;182.022440;O-Acetylserine;[M+Cl];C5H9NO4;-1.19245e-4;-0.655111;182.022559;2 out of 5
182.022537;182.022440;D-Glutamic acid;[M+Cl];C5H9NO4;-1.19245e-4;-0.655111;182.022559;2 out of 5
182.022537;182.022440;L-4-Hydroxyglutamate semialdehyde;[M+Cl];C5H9NO4;-1.19245e-4;-0.655111;182.022559;2 out of 5
182.022537;182.022440;3-(Carboxymethylamino)propanoic acid;[M+Cl];C5H9NO4;-1.19245e-4;-0.655111;182.022559;2 out of 5
182.022537;182.022440;DL-Glutamate;[M+Cl];C5H9NO4;-1.19245e-4;-0.655111;182.022559;2 out of 5
187.041905;187.041811;Bisazobiphenyl;[M-H2O-H];C12H6N4;4.05683e-4;2.168945;187.041405;1 out of 5
188.972511;188.972419;2-Phosphonopropionic acid;[M+Cl];C3H7O5P;-9.21058e-5;-0.487403;188.972511;3 out of 5
188.995990;188.995898;RESORCINOL MONOACETATE;[M+K-H2];C8H8O3;-5.13646e-5;-0.271776;188.995949;1 out of 5
188.995990;188.995898;p-Hydroxyphenylacetic acid;[M+K-H2];C8H8O3;-5.13686e-5;-0.271797;188.995949;1 out of 5
188.995990;188.995898;3-Hydroxyphenylacetic acid;[M+K-H2];C8H8O3;-5.13686e-5;-0.271797;188.995949;1 out of 5
188.995990;188.995898;ortho-Hydroxyphenylacetic acid;[M+K-H2];C8H8O3;-5.13686e-5;-0.271797;188.995949;1 out of 5
188.995990;188.995898;Mandelic acid;[M+K-H2];C8H8O3;-5.13686e-5;-0.271797;188.995949;1 out of 5
188.995990;188.995898;p-Anisic acid;[M+K-H2];C8H8O3;-5.13686e-5;-0.271797;188.995949;1 out of 5
188.995990;188.995898;3-Cresotinic acid;[M+K-H2];C8H8O3;-5.13686e-5;-0.271797;188.995949;1 out of 5
188.995990;188.995898;"3,4-Dihydroxyphenylacetaldehyde";[M+K-H2];C8H8O3;-5.13686e-5;-0.271797;188.995949;1 out of 5
188.995990;188.995898;4-Hydroxy-3-methylbenzoic acid;[M+K-H2];C8H8O3;-5.13686e-5;-0.271797;188.995949;1 out of 5
188.995990;188.995898;Vanillin;[M+K-H2];C8H8O3;-5.13686e-5;-0.271797;188.995949;1 out of 5
188.995990;188.995898;"2,4'-Dihydroxyacetophenone";[M+K-H2];C8H8O3;-5.13686e-5;-0.271797;188.995949;1 out of 5
188.995990;188.995898;"2',3'-Dihydroxyacetophenone";[M+K-H2];C8H8O3;-5.13686e-5;-0.271797;188.995949;1 out of 5
188.995990;188.995898;"2',4'-Dihydroxyacetophenone";[M+K-H2];C8H8O3;-5.13686e-5;-0.271797;188.995949;1 out of 5
188.995990;188.995898;"2',6'-Dihydroxyacetophenone";[M+K-H2];C8H8O3;-5.13686e-5;-0.271797;188.995949;1 out of 5
188.995990;188.995898;"3',4'-Dihydroxyacetophenone";[M+K-H2];C8H8O3;-5.13686e-5;-0.271797;188.995949;1 out of 5
188.995990;188.995898;"3',5'-Dihydroxyacetophenone";[M+K-H2];C8H8O3;-5.13686e-5;-0.271797;188.995949;1 out of 5
188.995990;188.995898;Phenoxyacetic acid;[M+K-H2];C8H8O3;-5.13686e-5;-0.271797;188.995949;1 out of 5
188.995990;188.995898;Methyl furfuracrylate;[M+K-H2];C8H8O3;-5.13686e-5;-0.271797;188.995949;1 out of 5
188.995990;188.995898;Methylparaben;[M+K-H2];C8H8O3;-5.13686e-5;-0.271797;188.995949;1 out of 5
188.995990;188.995898;2-(Hydroxymethyl)benzoic acid;[M+K-H2];C8H8O3;-5.13686e-5;-0.271797;188.995949;1 out of 5
188.995990;188.995898;2-Methoxybenzoic acid;[M+K-H2];C8H8O3;-5.13686e-5;-0.271797;188.995949;1 out of 5
188.995990;188.995898;3-Methoxybenzoic acid;[M+K-H2];C8H8O3;-5.13686e-5;-0.271797;188.995949;1 out of 5
188.995990;188.995898;"2',5'-Dihydroxyacetophenone";[M+K-H2];C8H8O3;-5.13686e-5;-0.271797;188.995949;1 out of 5
188.995990;188.995898;Ethyl 2-furanyl diketone;[M+K-H2];C8H8O3;-5.13686e-5;-0.271797;188.995949;1 out of 5
188.995990;188.995898;"1-(5-Methyl-2-furanyl)-1,2-propanedione";[M+K-H2];C8H8O3;-5.13686e-5;-0.271797;188.995949;1 out of 5
188.995990;188.995898;Methyl 2-hydroxybenzoate;[M+K-H2];C8H8O3;-5.13686e-5;-0.271797;188.995949;1 out of 5
188.995990;188.995898;2-Propenyl 2-furancarboxylate;[M+K-H2];C8H8O3;-5.13686e-5;-0.271797;188.995949;1 out of 5
188.995990;188.995898;"1-(2-Furanyl)-1,3-butanedione";[M+K-H2];C8H8O3;-5.13686e-5;-0.271797;188.995949;1 out of 5
188.995990;188.995898;4-Hydroxyphenyl acetate;[M+K-H2];C8H8O3;-5.13686e-5;-0.271797;188.995949;1 out of 5
188.995990;188.995898;(R)-mandelic Acid;[M+K-H2];C8H8O3;-5.13686e-5;-0.271797;188.995949;1 out of 5
188.995990;188.995898;Gentisic acid;[M+Cl];C7H6O4;-1.11920e-4;-0.592180;188.996010;2 out of 5
188.995990;188.995898;2-Pyrocatechuic acid;[M+Cl];C7H6O4;-1.11920e-4;-0.592180;188.996010;2 out of 5
188.995990;188.995898;Protocatechuic acid;[M+Cl];C7H6O4;-1.11920e-4;-0.592180;188.996010;2 out of 5
188.995990;188.995898;"2,6-Dihydroxybenzoic acid";[M+Cl];C7H6O4;-1.11920e-4;-0.592180;188.996010;2 out of 5
188.995990;188.995898;"3,5-Dihydroxybenzoic acid";[M+Cl];C7H6O4;-1.11920e-4;-0.592180;188.996010;2 out of 5
188.995990;188.995898;"2,4-Dihydroxybenzoic acid";[M+Cl];C7H6O4;-1.11920e-4;-0.592180;188.996010;2 out of 5
188.995990;188.995898;"2,4,6-trihydroxybenzaldehyde";[M+Cl];C7H6O4;-1.11920e-4;-0.592180;188.996010;2 out of 5
188.995990;188.995898;Terreic acid;[M+Cl];C7H6O4;-1.11920e-4;-0.592180;188.996010;2 out of 5
188.995990;188.995898;Patulin;[M+Cl];C7H6O4;-1.11927e-4;-0.592217;188.996010;2 out of 5
188.995990;188.995898;"3,4,5-Trihydroxybenzaldehyde";[M+Cl];C7H6O4;-1.11927e-4;-0.592217;188.996010;2 out of 5
189.988863;189.988772;2-Amino-3-phosphonopropionic acid;[M+Na-H2];C3H8NO5P;9.63606e-5;0.507191;189.988676;2 out of 5
189.988863;189.988772;Glyphosate;[M+Na-H2];C3H8NO5P;9.63606e-5;0.507191;189.988676;2 out of 5
190.904945;190.904854;Iron(II) fumarate;[M+Na-H2];C4H2FeO4;-6.33735e-5;-0.331964;190.904918;2 out of 5
191.019714;191.019624;"2,3-diketogulonate";[M-H];C6H8O7;-1.01871e-4;-0.533302;191.019726;2 out of 5
191.019714;191.019624;dehydroascorbate (bicyclic form);[M-H];C6H8O7;-1.01871e-4;-0.533302;191.019726;2 out of 5
191.019714;191.019624;Citric acid;[M-H];C6H8O7;-1.01883e-4;-0.533365;191.019726;2 out of 5
191.019714;191.019624;Isocitric acid;[M-H];C6H8O7;-1.01883e-4;-0.533365;191.019726;2 out of 5
191.019714;191.019624;D-threo-Isocitric acid;[M-H];C6H8O7;-1.01883e-4;-0.533365;191.019726;2 out of 5
191.019714;191.019624;Diketogulonic acid;[M-H];C6H8O7;-1.01883e-4;-0.533365;191.019726;2 out of 5
191.019714;191.019624;"2,3-Diketo-L-gulonate";[M-H];C6H8O7;-1.01883e-4;-0.533365;191.019726;2 out of 5
191.019714;191.019624;"(1R,2R)-Isocitric acid";[M-H];C6H8O7;-1.01883e-4;-0.533365;191.019726;2 out of 5
191.019714;191.019624;"D-Glucaro-1,4-lactone";[M-H];C6H8O7;-1.01883e-4;-0.533365;191.019726;2 out of 5
191.019714;191.019624;Galactaric acid;[M-H2O-H];C6H10O8;-1.02569e-4;-0.536956;191.019726;1 out of 5
191.019714;191.019624;Glucaric acid;[M-H2O-H];C6H10O8;-1.02569e-4;-0.536956;191.019726;1 out of 5
191.061432;191.061341;2H-Benzo[F]isoindole-1-carbonitrile;[M-H];C13H8N2;-1.30016e-4;-0.680495;191.061471;2 out of 5
191.061432;191.061341;1-Methoxyphenazine;[M-H2O-H];C13H10N2O;-1.30700e-4;-0.684075;191.061472;2 out of 5
191.061432;191.061341;2-Aminoacridone;[M-H2O-H];C13H10N2O;-1.30700e-4;-0.684075;191.061472;2 out of 5
191.061432;191.061341;C1=CC=CC2=CC3=C(O)C(N)=CC=C3N=C21;[M-H2O-H];C13H10N2O;-1.30700e-4;-0.684075;191.061472;2 out of 5
191.061432;191.061341;Pyocyanin;[M-H2O-H];C13H10N2O;-1.30702e-4;-0.684086;191.061472;2 out of 5
193.077118;193.077030;1-Aminoacridine;[M-H];C13H10N2;-9.13048e-5;-0.472893;193.077121;2 out of 5
193.077118;193.077030;"2-Phenylimidazo[1,2-a]pyridine";[M-H];C13H10N2;-9.13048e-5;-0.472893;193.077121;2 out of 5
193.077118;193.077030;9-Aminoacridine;[M-H];C13H10N2;-9.13048e-5;-0.472893;193.077121;2 out of 5
193.077118;193.077030;Cyclopropylpyrroloindole;[M-H];C13H10N2;-9.13048e-5;-0.472893;193.077121;2 out of 5
193.077118;193.077030;Dibenzodiazepine;[M-H];C13H10N2;-9.13048e-5;-0.472893;193.077121;2 out of 5
193.077118;193.077030;Harmine;[M-H2O-H];C13H12N2O;-9.19908e-5;-0.476446;193.077122;1 out of 5
193.077118;193.077030;Carbanilide;[M-H2O-H];C13H12N2O;-9.19908e-5;-0.476446;193.077122;1 out of 5
193.077118;193.077030;Salicyaldehyde;[M-H2O-H];C13H12N2O;-9.19908e-5;-0.476446;193.077122;1 out of 5
194.061125;194.061038;Acridone;[M-H];C13H9NO;-9.90898e-5;-0.510611;194.061137;2 out of 5
194.061125;194.061038;Phenanthridinol;[M-H];C13H9NO;-9.90898e-5;-0.510611;194.061137;2 out of 5
194.061125;194.061038;9H-Carbazole-3-carboxaldehyde;[M-H];C13H9NO;-9.90908e-5;-0.510616;194.061137;2 out of 5
194.061125;194.061038;"Dibenz[b,f][1,4]oxazepine";[M-H];C13H9NO;-9.90908e-5;-0.510616;194.061137;2 out of 5
194.061125;194.061038;6(5H)-Phenanthridinone;[M-H];C13H9NO;-9.90908e-5;-0.510616;194.061137;2 out of 5
194.061125;194.061038;4-(Phenylamino)benzoic acid;[M-H2O-H];C13H11NO2;-9.97738e-5;-0.514136;194.061138;1 out of 5
194.061125;194.061038;N-phenylanthranilic acid;[M-H2O-H];C13H11NO2;-9.97738e-5;-0.514136;194.061138;1 out of 5
194.061125;194.061038;Benzyl nicotinate;[M-H2O-H];C13H11NO2;-9.97768e-5;-0.514151;194.061138;1 out of 5
194.061125;194.061038;Salicylanilide;[M-H2O-H];C13H11NO2;-9.97768e-5;-0.514151;194.061138;1 out of 5
194.074156;194.074069;"8-Chloro-1-methyl-2,3,4,5-tetrahydro-1H-benzo[d]azepine";[M-H];C11H14ClN;-1.31534e-4;-0.677751;194.074200;2 out of 5
194.074156;194.074069;benalfocin;[M-H];C11H14ClN;-1.31534e-4;-0.677751;194.074200;2 out of 5
194.074156;194.074069;Pargyline;[M+Cl];C11H13N;-1.31755e-4;-0.678890;194.074200;1 out of 5
194.074156;194.074069;Clorprenaline;[M-H2O-H];C11H16ClNO;-1.32134e-4;-0.680842;194.074201;1 out of 5
195.051021;195.050934;Galactonic acid;[M-H];C6H12O7;-9.16643e-5;-0.469950;195.051026;1 out of 5
195.051021;195.050934;Gluconic acid;[M-H];C6H12O7;-9.16643e-5;-0.469950;195.051026;1 out of 5
195.051021;195.050934;Gulonic acid;[M-H];C6H12O7;-9.16643e-5;-0.469950;195.051026;1 out of 5
195.051021;195.050934;D-Mannonic acid;[M-H];C6H12O7;-9.16643e-5;-0.469950;195.051026;1 out of 5
195.051021;195.050934;L-Gluconic acid;[M-H];C6H12O7;-9.16643e-5;-0.469950;195.051026;1 out of 5
195.051021;195.050934;2-Carboxyarabinitol;[M-H];C6H12O7;-9.16643e-5;-0.469950;195.051026;1 out of 5
195.810854;195.810769;Iron(III) chloride;[M+Cl];Cl3Fe;-1.32582e-4;-0.677094;195.810901;1 out of 5
196.038015;196.037930;"2H-1-Benzopyran-2-one, aminomethyl-";[M+Na-H2];C10H9NO2;-6.60271e-5;-0.336808;196.037996;1 out of 5
196.038015;196.037930;3-Acetoxyindole;[M+Na-H2];C10H9NO2;-6.60271e-5;-0.336808;196.037996;1 out of 5
196.038015;196.037930;"2(1H)-Quinolinone, 3-methoxy-";[M+Na-H2];C10H9NO2;-6.60271e-5;-0.336808;196.037996;1 out of 5
196.038015;196.037930;5-Acetoxyindole;[M+Na-H2];C10H9NO2;-6.60271e-5;-0.336808;196.037996;1 out of 5
196.038015;196.037930;8-Methoxyquinolin-2(1H)-one;[M+Na-H2];C10H9NO2;-6.60271e-5;-0.336808;196.037996;1 out of 5
196.038015;196.037930;N-Phenylsuccinimide;[M+Na-H2];C10H9NO2;-6.60271e-5;-0.336808;196.037996;1 out of 5
196.038015;196.037930;indole-3-glycol aldehyde;[M+Na-H2];C10H9NO2;-6.60271e-5;-0.336808;196.037996;1 out of 5
196.038015;196.037930;Indoleacetic acid;[M+Na-H2];C10H9NO2;-6.60301e-5;-0.336823;196.037996;1 out of 5
196.038015;196.037930;5-Hydroxyindoleacetaldehyde;[M+Na-H2];C10H9NO2;-6.60301e-5;-0.336823;196.037996;1 out of 5
196.038015;196.037930;Hydroxymethyl indol-3-yl ketone;[M+Na-H2];C10H9NO2;-6.60301e-5;-0.336823;196.037996;1 out of 5
196.038015;196.037930;1-Methoxy-1H-indole-3-carboxaldehyde;[M+Na-H2];C10H9NO2;-6.60301e-5;-0.336823;196.037996;1 out of 5
196.038015;196.037930;7-Amino-4-methylcoumarin;[M+Na-H2];C10H9NO2;-6.60301e-5;-0.336823;196.037996;1 out of 5
196.038015;196.037930;INDOLE-2-ACETIC ACID;[M+Na-H2];C10H9NO2;-6.60301e-5;-0.336823;196.037996;1 out of 5
196.038015;196.037930;Gentianine;[M+Na-H2];C10H9NO2;-6.60301e-5;-0.336823;196.037996;1 out of 5
196.038015;196.037930;2-Amino-5-phosphonopentanoic acid;[M-H];C5H12NO5P;-1.02981e-4;-0.525312;196.038032;1 out of 5
196.038015;196.037930;Glycerylphosphorylethanolamine;[M-H2O-H];C5H14NO6P;-1.03190e-4;-0.526378;196.038033;3 out of 5
196.038015;196.037930;sn-glycero-3-Phosphoethanolamine;[M-H2O-H];C5H14NO6P;-1.03190e-4;-0.526378;196.038033;3 out of 5
196.038015;196.037930;N-Acetylvaline;[M+K-H2];C7H13NO3;-2.18776e-4;-1.115987;196.038148;1 out of 5
196.038015;196.037930;"(2R,3S)-3-Hydroxy-1,1-dimethylpyrrolidin-1-ium-2-carboxylate";[M+K-H2];C7H13NO3;-2.18776e-4;-1.115987;196.038148;1 out of 5
196.038015;196.037930;2-Pivalamidoacetic acid;[M+K-H2];C7H13NO3;-2.18776e-4;-1.115987;196.038148;1 out of 5
196.038015;196.037930;2-Methylbutyrylglycine;[M+K-H2];C7H13NO3;-2.18780e-4;-1.116008;196.038148;1 out of 5
196.038015;196.037930;Isovalerylglycine;[M+K-H2];C7H13NO3;-2.18780e-4;-1.116008;196.038148;1 out of 5
196.038015;196.037930;Valerylglycine;[M+K-H2];C7H13NO3;-2.18780e-4;-1.116008;196.038148;1 out of 5
196.038015;196.037930;3-Dehydrocarnitine;[M+K-H2];C7H13NO3;-2.18780e-4;-1.116008;196.038148;1 out of 5
196.038015;196.037930;5-Acetamidovalerate;[M+K-H2];C7H13NO3;-2.18780e-4;-1.116008;196.038148;1 out of 5
196.038015;196.037930;4-Hydroxystachydrine;[M+K-H2];C7H13NO3;-2.18780e-4;-1.116008;196.038148;1 out of 5
196.038015;196.037930;Turicine;[M+K-H2];C7H13NO3;-2.18780e-4;-1.116008;196.038148;1 out of 5
196.038015;196.037930;Betonicine;[M+K-H2];C7H13NO3;-2.18780e-4;-1.116008;196.038148;1 out of 5
196.038015;196.037930;Calystegine A6;[M+K-H2];C7H13NO3;-2.18780e-4;-1.116008;196.038148;1 out of 5
196.038015;196.037930;Calystegine A7;[M+K-H2];C7H13NO3;-2.18780e-4;-1.116008;196.038148;1 out of 5
196.038015;196.037930;Calystegin A3;[M+K-H2];C7H13NO3;-2.18780e-4;-1.116008;196.038148;1 out of 5
196.038015;196.037930;Medicanine;[M+K-H2];C7H13NO3;-2.18780e-4;-1.116008;196.038148;1 out of 5
196.038015;196.037930;Methyl 5-(hydroxymethyl)pyrrolidine-3-carboxylate;[M+K-H2];C7H13NO3;-2.18780e-4;-1.116008;196.038148;1 out of 5
196.038015;196.037930;hydroxybutyrylglycine;[M+Cl];C6H11NO4;-2.79331e-4;-1.424881;196.038209;1 out of 5
196.038015;196.037930;3-Aminoadipic acid;[M+Cl];C6H11NO4;-2.79331e-4;-1.424881;196.038209;1 out of 5
196.038015;196.037930;Carboxybetaine;[M+Cl];C6H11NO4;-2.79331e-4;-1.424881;196.038209;1 out of 5
196.038015;196.037930;Aminoadipic acid;[M+Cl];C6H11NO4;-2.79338e-4;-1.424917;196.038209;1 out of 5
196.038015;196.037930;Acetylhomoserine;[M+Cl];C6H11NO4;-2.79338e-4;-1.424917;196.038209;1 out of 5
196.038015;196.037930;"(±)-2,2'-Iminobispropanoic acid";[M+Cl];C6H11NO4;-2.79338e-4;-1.424917;196.038209;1 out of 5
196.038015;196.037930;Glutamic acid gamma-methyl ester;[M+Cl];C6H11NO4;-2.79338e-4;-1.424917;196.038209;1 out of 5
196.038015;196.037930;N-Acetylthreonine;[M+Cl];C6H11NO4;-2.79338e-4;-1.424917;196.038209;1 out of 5
196.038015;196.037930;N-methyl-L-glutamic Acid;[M+Cl];C6H11NO4;-2.79338e-4;-1.424917;196.038209;1 out of 5
196.038015;196.037930;2-Aminoadipic acid;[M+Cl];C6H11NO4;-2.79338e-4;-1.424917;196.038209;1 out of 5
196.038015;196.037930;vanillyl mandelate;[M-H];C9H9O5;-3.40463e-4;-1.736717;196.038270;1 out of 5
198.040216;198.040132;"4(1H)-Pteridinone, 2-amino-6-methyl-";[M+Na-H2];C7H7N5O;4.05586e-4;2.048004;198.039727;1 out of 5
199.967506;199.967424;2-Chloroquinoline;[M+K-H2];C9H6ClN;-5.79815e-5;-0.289955;199.967482;1 out of 5
200.837562;200.837481;Potassium iodide;[M+Cl];IK;-9.53125e-5;-0.474575;200.837576;1 out of 5
200.986327;200.986247;Benzoic acid sulfate;[M-H];C7H6O5S;-7.07899e-5;-0.352212;200.986317;1 out of 5
200.986327;200.986247;3-Sulfobenzoic acid;[M-H];C7H6O5S;-7.07899e-5;-0.352212;200.986317;1 out of 5
200.986327;200.986247;Methylpyrogallol sulfate 3;[M-H2O-H];C7H8O6S;-7.14749e-5;-0.355621;200.986318;1 out of 5
200.986327;200.986247;Methylpyrogallol sulfate 1;[M-H2O-H];C7H8O6S;-7.14749e-5;-0.355621;200.986318;1 out of 5
200.986327;200.986247;Methylpyrogallol sulfate 2;[M-H2O-H];C7H8O6S;-7.14749e-5;-0.355621;200.986318;1 out of 5
200.986327;200.986247;2-Methoxyhydroquinone sulfate;[M-H2O-H];C7H8O6S;-7.14749e-5;-0.355621;200.986318;1 out of 5
200.986327;200.986247;5-Methylpyrogallol sulfate;[M-H2O-H];C7H8O6S;-7.14749e-5;-0.355621;200.986318;1 out of 5
202.828337;202.828258;Potassium disulfite;[M-H2O-H];K2O5S2;-2.93057e-5;-0.144485;202.828287;1 out of 5
204.004509;204.004432;Fosmidomycin;[M+Na-H2];C4H10NO5P;1.06060e-4;0.519890;204.004326;2 out of 5
204.004509;204.004432;2-Amino-4-phosphonobutyric acid;[M+Na-H2];C4H10NO5P;1.05583e-4;0.517552;204.004326;2 out of 5
204.004509;204.004432;Monosodium glutamate;[M+Cl];C5H8NNaO4;-7.14171e-5;-0.350076;204.004503;1 out of 5
204.019817;204.019739;Phosphodimethylethanolamine;[M+Cl];C4H12NO4P;-5.61546e-5;-0.275241;204.019795;2 out of 5
204.019817;204.019739;(2E)-2-butylidene-4-hydroxy-5-methyl-3(2H)-furanone;[M+K-H2];C9H11O3;-2.33560e-4;-1.144788;204.019973;1 out of 5
204.019817;204.019739;6-isobutyl-4-hydroxy-2-pyrone;[M+K-H2];C9H11O3;-2.33560e-4;-1.144788;204.019973;1 out of 5
206.983042;206.982968;3-Chloro-4-hydroxy-5-methoxybenzaldehyde;[M+Na-H2];C8H7ClO3;-7.09836e-5;-0.342944;206.983039;1 out of 5
206.983042;206.982968;4-Chlorophenoxyacetic acid;[M+Na-H2];C8H7ClO3;-7.09836e-5;-0.342944;206.983039;1 out of 5
206.983042;206.982968;Glycerol 3-phosphate;[M+Cl];C3H9O6P;-1.07716e-4;-0.520408;206.983076;3 out of 5
206.983042;206.982968;beta-Glycerophosphoric acid;[M+Cl];C3H9O6P;-1.07716e-4;-0.520408;206.983076;3 out of 5
206.983042;206.982968;Glycerophosphoric acid;[M+Cl];C3H9O6P;-1.07716e-4;-0.520408;206.983076;3 out of 5
210.977935;210.977865;4-(Trifluoromethyl)benzaldehyde;[M+K-H2];C8H5F3O;1.11252e-5;0.052732;210.977854;1 out of 5
210.977935;210.977865;"2,2,2-Trifluoroacetophenone";[M+K-H2];C8H5F3O;1.11252e-5;0.052732;210.977854;1 out of 5
211.001438;211.001368;7-Hydroxy-4-(trifluoromethyl)coumarin;[M-H2O-H];C10H5F3O3;1.30827e-4;0.620031;211.001238;1 out of 5
211.001438;211.001368;Chromocarb;[M+Na-H2];C10H6O4;9.26642e-5;0.439164;211.001276;1 out of 5
211.001438;211.001368;"5,8-Dihydroxy-1,4-naphthoquinone";[M+Na-H2];C10H6O4;9.26642e-5;0.439164;211.001276;1 out of 5
211.001438;211.001368;Coumarin-4-carboxylic acid;[M+Na-H2];C10H6O4;9.26572e-5;0.439131;211.001276;1 out of 5
211.001438;211.001368;"8H-1,3-Dioxolo[4,5-h][1]benzopyran-8-one";[M+Na-H2];C10H6O4;9.26572e-5;0.439131;211.001276;1 out of 5
211.001438;211.001368;6-Formylumbelliferone;[M+Na-H2];C10H6O4;9.26572e-5;0.439131;211.001276;1 out of 5
211.001438;211.001368;Ayapin;[M+Na-H2];C10H6O4;9.26572e-5;0.439131;211.001276;1 out of 5
211.001438;211.001368;D-Ribulose 5-phosphate;[M-H2O-H];C5H11O8P;5.54972e-5;0.263018;211.001313;1 out of 5
211.001438;211.001368;Xylulose 5-phosphate;[M-H2O-H];C5H11O8P;5.54972e-5;0.263018;211.001313;1 out of 5
211.001438;211.001368;Ribose 1-phosphate;[M-H2O-H];C5H11O8P;5.54972e-5;0.263018;211.001313;1 out of 5
211.001438;211.001368;D-Ribose 5-phosphate;[M-H2O-H];C5H11O8P;5.54972e-5;0.263018;211.001313;1 out of 5
211.001438;211.001368;D-Arabinose 5-phosphate;[M-H2O-H];C5H11O8P;5.54972e-5;0.263018;211.001313;1 out of 5
211.001438;211.001368;beta-L-Arabinose 1-phosphate;[M-H2O-H];C5H11O8P;5.54972e-5;0.263018;211.001313;1 out of 5
211.001438;211.001368;"[(3R)-3,4,5-Trihydroxy-2-oxopentyl] dihydrogen phosphate";[M-H2O-H];C5H11O8P;5.54972e-5;0.263018;211.001313;1 out of 5
211.001438;211.001368;D-Xylulose 1-phosphate;[M-H2O-H];C5H11O8P;5.50252e-5;0.260781;211.001313;1 out of 5
211.001438;211.001368;D-Ribose 1-phosphate;[M-H2O-H];C5H11O8P;5.50252e-5;0.260781;211.001313;1 out of 5
211.001438;211.001368;Phosphoribose;[M-H2O-H];C5H11O8P;5.50252e-5;0.260781;211.001313;1 out of 5
211.001438;211.001368;ribose-5-phosphate;[M-H2O-H];C5H11O8P;5.50252e-5;0.260781;211.001313;1 out of 5
211.001438;211.001368;"2,6-dimethyl-trans-2-heptenoyl-CoA";[M+K-H2];C7H10O5;-6.00848e-5;-0.284760;211.001428;1 out of 5
211.001438;211.001368;Shikimic acid;[M+K-H2];C7H10O5;-6.00928e-5;-0.284798;211.001428;1 out of 5
211.001438;211.001368;2-Isopropyl-3-oxosuccinate;[M+K-H2];C7H10O5;-6.00928e-5;-0.284798;211.001428;1 out of 5
211.001438;211.001368;Dimethyl 2-oxoglutarate;[M+K-H2];C7H10O5;-6.00928e-5;-0.284798;211.001428;1 out of 5
211.001438;211.001368;"(2R)-2-[(3R,4S)-3,4-Dihydroxy-5-oxooxolan-2-yl]-2-hydroxyacetaldehyde";[M+Cl];C6H8O6;-1.20641e-4;-0.571753;211.001489;2 out of 5
211.001438;211.001368;"5-(1,2-Dihydroxyethyl)-4-hydroxyoxolane-2,3-dione";[M+Cl];C6H8O6;-1.20641e-4;-0.571753;211.001489;2 out of 5
211.001438;211.001368;"(R)-2-((S)-1,2-Dihydroxyethyl)-4,5-dihydroxyfuran-3(2H)-one";[M+Cl];C6H8O6;-1.20641e-4;-0.571753;211.001489;2 out of 5
211.001438;211.001368;Diglyceride;[M+Cl];C6H8O6;-1.20641e-4;-0.571753;211.001489;2 out of 5
211.001438;211.001368;"(3S,4R,5S)-3,4-Dihydroxy-5-(2-hydroxyacetyl)oxolan-2-one";[M+Cl];C6H8O6;-1.20641e-4;-0.571753;211.001489;2 out of 5
211.001438;211.001368;2-Hydroxy-5-oxohexanedioic acid;[M+Cl];C6H8O6;-1.20641e-4;-0.571753;211.001489;2 out of 5
211.001438;211.001368;"(5R)-5-(1,2-Dihydroxyethyl)-3-hydroxyoxolane-2,4-dione";[M+Cl];C6H8O6;-1.20641e-4;-0.571753;211.001489;2 out of 5
211.001438;211.001368;Ascorbic acid;[M+Cl];C6H8O6;-1.20651e-4;-0.571801;211.001489;2 out of 5
211.001438;211.001368;"D-Glucurono-6,3-lactone";[M+Cl];C6H8O6;-1.20651e-4;-0.571801;211.001489;2 out of 5
211.001438;211.001368;"1,2,3-Propanetricarboxylic acid";[M+Cl];C6H8O6;-1.20651e-4;-0.571801;211.001489;2 out of 5
211.001438;211.001368;"3,4-Dihydroxy-5-[(S)-1,2-dihydroxyethyl]furan-2(5H)-one";[M+Cl];C6H8O6;-1.20651e-4;-0.571801;211.001489;2 out of 5
211.965211;211.965142;Clopidol;[M+Na-H2];C7H7Cl2NO;6.26685e-6;0.029565;211.965136;1 out of 5
213.017112;213.017045;Scopoletin;[M+Na-H2];C10H8O4;1.19329e-4;0.560187;213.016926;1 out of 5
213.017112;213.017045;8-Hydroxy-7-methoxy-2H-1-benzopyran-2-one;[M+Na-H2];C10H8O4;1.19323e-4;0.560159;213.016926;1 out of 5
213.017112;213.017045;Noreugenin;[M+Na-H2];C10H8O4;1.19323e-4;0.560159;213.016926;1 out of 5
213.017112;213.017045;Sodium (4-methoxybenzoyloxy)acetate;[M-H2O-H];C10H9NaO5;1.18397e-4;0.555812;213.016927;1 out of 5
213.017112;213.017045;Deoxyribose 5-phosphate;[M-H];C5H11O7P;8.28493e-5;0.388933;213.016962;1 out of 5
213.017112;213.017045;1-Deoxy-D-xylulose 5-phosphate;[M-H];C5H11O7P;8.28493e-5;0.388933;213.016962;1 out of 5
213.017112;213.017045;Deoxyribose 1-phosphate;[M-H];C5H11O7P;8.28493e-5;0.388933;213.016962;1 out of 5
213.017112;213.017045;Deoxyribose 5-monophosphate;[M-H];C5H11O7P;8.28493e-5;0.388933;213.016962;1 out of 5
213.017112;213.017045;5-Deoxyribose-1-phosphate;[M-H];C5H11O7P;8.28493e-5;0.388933;213.016962;1 out of 5
213.017112;213.017045;Polyribosylribitolphosphate;[M-H2O-H];C5H13O8P;8.16903e-5;0.383492;213.016963;1 out of 5
213.017112;213.017045;2-Isopropylmalic acid;[M+K-H2];C7H12O5;-3.34267e-5;-0.156920;213.017078;1 out of 5
213.017112;213.017045;"2,3-Dimethyl-3-hydroxyglutaric acid";[M+K-H2];C7H12O5;-3.34267e-5;-0.156920;213.017078;1 out of 5
213.017112;213.017045;3-Isopropylmalic acid;[M+K-H2];C7H12O5;-3.34267e-5;-0.156920;213.017078;1 out of 5
213.017112;213.017045;"(±)-Glycerol 1,2-diacetate";[M+K-H2];C7H12O5;-3.34267e-5;-0.156920;213.017078;1 out of 5
213.017112;213.017045;Glucose chloride;[M-H];C6H11ClO6;-9.37327e-5;-0.440024;213.017139;1 out of 5
213.017112;213.017045;"D-Gulono-1,4-lactone";[M+Cl];C6H10O6;-9.39747e-5;-0.441160;213.017139;1 out of 5
213.017112;213.017045;"D-Gluconic acid, delta-lactone";[M+Cl];C6H10O6;-9.39747e-5;-0.441160;213.017139;1 out of 5
213.017112;213.017045;"(3R,4R,5S,6R)-3,4,5,6-Tetrahydroxyoxepan-2-one";[M+Cl];C6H10O6;-9.39747e-5;-0.441160;213.017139;1 out of 5
213.017112;213.017045;Gluconolactone;[M+Cl];C6H10O6;-9.39847e-5;-0.441207;213.017139;1 out of 5
213.017112;213.017045;2-Keto-3-deoxy-D-gluconic acid;[M+Cl];C6H10O6;-9.39847e-5;-0.441207;213.017139;1 out of 5
213.017112;213.017045;3-Keto-b-D-galactose;[M+Cl];C6H10O6;-9.39847e-5;-0.441207;213.017139;1 out of 5
213.017112;213.017045;Galactonolactone;[M+Cl];C6H10O6;-9.39847e-5;-0.441207;213.017139;1 out of 5
213.017112;213.017045;L-Gulonolactone;[M+Cl];C6H10O6;-9.39847e-5;-0.441207;213.017139;1 out of 5
213.017112;213.017045;D-Arabino-hexos-2-ulose;[M+Cl];C6H10O6;-9.39847e-5;-0.441207;213.017139;1 out of 5
213.017112;213.017045;"L-galactono-1,4-lactone";[M+Cl];C6H10O6;-9.39847e-5;-0.441207;213.017139;1 out of 5
214.048619;214.048553;Actarit;[M+Na-H2];C10H11NO3;-7.10184e-6;-0.033179;214.048560;1 out of 5
214.048619;214.048553;n-benzoyl-d-alanine;[M+Na-H2];C10H11NO3;-7.10184e-6;-0.033179;214.048560;1 out of 5
214.048619;214.048553;N-Formyl-dl-phenylalanine;[M+Na-H2];C10H11NO3;-7.10184e-6;-0.033179;214.048560;1 out of 5
214.048619;214.048553;Phenylacetylglycine;[M+Na-H2];C10H11NO3;-7.10684e-6;-0.033202;214.048560;1 out of 5
214.048619;214.048553;Methyl hippurate;[M+Na-H2];C10H11NO3;-7.10684e-6;-0.033202;214.048560;1 out of 5
214.048619;214.048553;2-Methylhippuric acid;[M+Na-H2];C10H11NO3;-7.10684e-6;-0.033202;214.048560;1 out of 5
214.048619;214.048553;m-Methylhippuric acid;[M+Na-H2];C10H11NO3;-7.10684e-6;-0.033202;214.048560;1 out of 5
214.048619;214.048553;p-Methylhippuric acid;[M+Na-H2];C10H11NO3;-7.10684e-6;-0.033202;214.048560;1 out of 5
214.048619;214.048553;Methyl n-acetylanthranilate;[M+Na-H2];C10H11NO3;-7.10684e-6;-0.033202;214.048560;1 out of 5
214.048619;214.048553;Betamipron;[M+Na-H2];C10H11NO3;-7.10684e-6;-0.033202;214.048560;1 out of 5
214.048619;214.048553;3-Carbamoyl-2-phenylpropionaldehyde;[M+Na-H2];C10H11NO3;-7.10684e-6;-0.033202;214.048560;1 out of 5
214.048619;214.048553;"4-Hydroxy-5-phenyltetrahydro-1,3-oxazin-2-one";[M+Na-H2];C10H11NO3;-7.10684e-6;-0.033202;214.048560;1 out of 5
214.048619;214.048553;4-Anilino-4-oxobutanoic acid;[M+Na-H2];C10H11NO3;-7.10684e-6;-0.033202;214.048560;1 out of 5
214.048619;214.048553;N-Formylphenylalanine;[M+Na-H2];C10H11NO3;-7.10684e-6;-0.033202;214.048560;1 out of 5
214.048619;214.048553;Glycerylphosphorylethanolamine;[M-H];C5H14NO6P;-4.35808e-5;-0.203603;214.048597;3 out of 5
214.048619;214.048553;sn-glycero-3-Phosphoethanolamine;[M-H];C5H14NO6P;-4.35808e-5;-0.203603;214.048597;3 out of 5
214.048619;214.048553;N-Methyl-1-deoxynojirimycin;[M+K-H2];C7H15NO4;-1.59857e-4;-0.746825;214.048713;1 out of 5
214.048619;214.048553;"(2R,3R,4S,5R)-2-Amino-3,4,5,6-tetrahydroxyhexanal";[M+Cl];C6H13NO5;-2.20407e-4;-1.029704;214.048774;1 out of 5
214.048619;214.048553;1-Aminoglucose;[M+Cl];C6H13NO5;-2.20407e-4;-1.029704;214.048774;1 out of 5
214.048619;214.048553;beta-D-Galactosamine;[M+Cl];C6H13NO5;-2.20407e-4;-1.029704;214.048774;1 out of 5
214.048619;214.048553;Fructosylamine;[M+Cl];C6H13NO5;-2.20407e-4;-1.029704;214.048774;1 out of 5
214.048619;214.048553;Tricine;[M+Cl];C6H13NO5;-2.20407e-4;-1.029704;214.048774;1 out of 5
214.048619;214.048553;Glucosamine;[M+Cl];C6H13NO5;-2.20415e-4;-1.029741;214.048774;1 out of 5
214.048619;214.048553;Fructosamine;[M+Cl];C6H13NO5;-2.20415e-4;-1.029741;214.048774;1 out of 5
214.048619;214.048553;beta-D-Glucosamine;[M+Cl];C6H13NO5;-2.20415e-4;-1.029741;214.048774;1 out of 5
215.032733;215.032668;"Methyl 3,4-dihydroxycinnamate";[M+Na-H2];C10H10O4;9.21912e-5;0.428731;215.032576;1 out of 5
215.032733;215.032668;cis-Isoferulic acid;[M+Na-H2];C10H10O4;9.21912e-5;0.428731;215.032576;1 out of 5
215.032733;215.032668;5-hydroxy-coniferaldehyde;[M+Na-H2];C10H10O4;9.21912e-5;0.428731;215.032576;1 out of 5
215.032733;215.032668;Ferulic acid;[M+Na-H2];C10H10O4;9.21852e-5;0.428703;215.032576;1 out of 5
215.032733;215.032668;Isoferulic acid;[M+Na-H2];C10H10O4;9.21852e-5;0.428703;215.032576;1 out of 5
215.032733;215.032668;Monoethyl phthalate;[M+Na-H2];C10H10O4;9.21852e-5;0.428703;215.032576;1 out of 5
215.032733;215.032668;Vanillin acetate;[M+Na-H2];C10H10O4;9.21852e-5;0.428703;215.032576;1 out of 5
215.032733;215.032668;"(-)-trans-3,4-Dihydro-4,8-dihydroxy-3-methyl-1H-2-benzopyran-1-one";[M+Na-H2];C10H10O4;9.21852e-5;0.428703;215.032576;1 out of 5
215.032733;215.032668;Piperonyl acetate;[M+Na-H2];C10H10O4;9.21852e-5;0.428703;215.032576;1 out of 5
215.032733;215.032668;Meconine;[M+Na-H2];C10H10O4;9.21852e-5;0.428703;215.032576;1 out of 5
215.032733;215.032668;3-(2-Hydroxy-3-methoxyphenyl)-2-propenoic acid;[M+Na-H2];C10H10O4;9.21852e-5;0.428703;215.032576;1 out of 5
215.032733;215.032668;Repandiol;[M+Na-H2];C10H10O4;9.21852e-5;0.428703;215.032576;1 out of 5
215.032733;215.032668;mono-Benzyl malonate;[M+Na-H2];C10H10O4;9.21852e-5;0.428703;215.032576;1 out of 5
215.032733;215.032668;"2,5-Dihydroxycinnamic acid methyl ester";[M+Na-H2];C10H10O4;9.21852e-5;0.428703;215.032576;1 out of 5
215.032733;215.032668;cis-Ferulic acid;[M+Na-H2];C10H10O4;9.21852e-5;0.428703;215.032576;1 out of 5
215.032733;215.032668;Dimethyl phthalate;[M+Na-H2];C10H10O4;9.21852e-5;0.428703;215.032576;1 out of 5
215.032733;215.032668;"(R)-3,4-Dihydro-6,8-dihydroxy-3-methyl-1H-2-benzopyran-1-one";[M+Na-H2];C10H10O4;9.21852e-5;0.428703;215.032576;1 out of 5
215.032733;215.032668;Sodium ferulate;[M-H];C10H9NaO4;9.15422e-5;0.425713;215.032576;1 out of 5
215.032733;215.032668;2-C-methyl-D-erythritol-4-phosphate;[M-H];C5H13O7P;5.57112e-5;0.259083;215.032612;1 out of 5
215.032733;215.032668;"(2S,3R,4S,5R,6R)-6-Ethyloxane-2,3,4,5-tetrol";[M+K-H2];C7H14O5;-6.05578e-5;-0.281621;215.032729;1 out of 5
215.032733;215.032668;beta-D-galactosyl;[M+K-H2];C7H14O5;-6.05578e-5;-0.281621;215.032729;1 out of 5
215.032733;215.032668;Glycerol 3-hydroxybutyrate;[M+K-H2];C7H14O5;-6.05578e-5;-0.281621;215.032729;1 out of 5
215.032733;215.032668;2-O-Methyl-L-fucose;[M+K-H2];C7H14O5;-6.05648e-5;-0.281654;215.032729;1 out of 5
215.032733;215.032668;D-Tagatose;[M+Cl];C6H12O6;-1.21113e-4;-0.563229;215.032789;1 out of 5
215.032733;215.032668;muco-Inositol;[M+Cl];C6H12O6;-1.21113e-4;-0.563229;215.032789;1 out of 5
215.032733;215.032668;neo-Inositol;[M+Cl];C6H12O6;-1.21113e-4;-0.563229;215.032789;1 out of 5
215.032733;215.032668;cis-Inositol;[M+Cl];C6H12O6;-1.21113e-4;-0.563229;215.032789;1 out of 5
215.032733;215.032668;"(2R,4S,5S)-1,2,4,5,6-Pentahydroxyhexan-3-one";[M+Cl];C6H12O6;-1.21113e-4;-0.563229;215.032789;1 out of 5
215.032733;215.032668;alpha-D-Galactofuranose;[M+Cl];C6H12O6;-1.21113e-4;-0.563229;215.032789;1 out of 5
215.032733;215.032668;D-Fructofuranose;[M+Cl];C6H12O6;-1.21113e-4;-0.563229;215.032789;1 out of 5
215.032733;215.032668;D-Psicose;[M+Cl];C6H12O6;-1.21113e-4;-0.563229;215.032789;1 out of 5
215.032733;215.032668;alpha-D-Allofuranose;[M+Cl];C6H12O6;-1.21113e-4;-0.563229;215.032789;1 out of 5
215.032733;215.032668;D-Glucose;[M+Cl];C6H12O6;-1.21123e-4;-0.563276;215.032789;1 out of 5
215.032733;215.032668;D-Galactose;[M+Cl];C6H12O6;-1.21123e-4;-0.563276;215.032789;1 out of 5
215.032733;215.032668;D-Mannose;[M+Cl];C6H12O6;-1.21123e-4;-0.563276;215.032789;1 out of 5
215.032733;215.032668;myo-Inositol;[M+Cl];C6H12O6;-1.21123e-4;-0.563276;215.032789;1 out of 5
215.032733;215.032668;3-Deoxyarabinohexonic acid;[M+Cl];C6H12O6;-1.21123e-4;-0.563276;215.032789;1 out of 5
215.032733;215.032668;D-Fructose;[M+Cl];C6H12O6;-1.21123e-4;-0.563276;215.032789;1 out of 5
215.032733;215.032668;Allose;[M+Cl];C6H12O6;-1.21123e-4;-0.563276;215.032789;1 out of 5
215.032733;215.032668;L-Sorbose;[M+Cl];C6H12O6;-1.21123e-4;-0.563276;215.032789;1 out of 5
215.032733;215.032668;alpha-D-Glucose;[M+Cl];C6H12O6;-1.21123e-4;-0.563276;215.032789;1 out of 5
215.032733;215.032668;beta-D-Galactose;[M+Cl];C6H12O6;-1.21123e-4;-0.563276;215.032789;1 out of 5
215.032733;215.032668;scyllo-Inositol;[M+Cl];C6H12O6;-1.21123e-4;-0.563276;215.032789;1 out of 5
215.032733;215.032668;L-Gulose;[M+Cl];C6H12O6;-1.21123e-4;-0.563276;215.032789;1 out of 5
215.032733;215.032668;Dihydroxyacetone (dimer);[M+Cl];C6H12O6;-1.21123e-4;-0.563276;215.032789;1 out of 5
215.032733;215.032668;L-Galactose;[M+Cl];C6H12O6;-1.21123e-4;-0.563276;215.032789;1 out of 5
215.032733;215.032668;Levoinositol;[M+Cl];C6H12O6;-1.21123e-4;-0.563276;215.032789;1 out of 5
215.032733;215.032668;Glycoprotein-phospho-D-mannose;[M+Cl];C6H12O6;-1.21123e-4;-0.563276;215.032789;1 out of 5
215.032733;215.032668;epi-Inositol;[M+Cl];C6H12O6;-1.21123e-4;-0.563276;215.032789;1 out of 5
215.032733;215.032668;D-chiro-Inositol;[M+Cl];C6H12O6;-1.21123e-4;-0.563276;215.032789;1 out of 5
215.032733;215.032668;allo-Inositol;[M+Cl];C6H12O6;-1.21123e-4;-0.563276;215.032789;1 out of 5
215.032733;215.032668;"(2R,3R,4R,5R)-2,3,4,5,6-Pentahydroxyhexanal";[M+Cl];C6H12O6;-1.21123e-4;-0.563276;215.032789;1 out of 5
215.032733;215.032668;"(3R,4R,5R)-1,3,4,5,6-Pentahydroxyhexan-2-one";[M+Cl];C6H12O6;-1.21123e-4;-0.563276;215.032789;1 out of 5
215.032733;215.032668;D-Gulose;[M+Cl];C6H12O6;-1.21123e-4;-0.563276;215.032789;1 out of 5
215.032733;215.032668;Glucose;[M+Cl];C6H12O6;-1.21123e-4;-0.563276;215.032789;1 out of 5
216.051356;216.051293;Glutamyl pyruvate;[M-H];C8H11NO6;-6.74666e-5;-0.312271;216.051360;1 out of 5
216.051356;216.051293;Lycoperdic acid;[M-H];C8H11NO6;-6.74776e-5;-0.312322;216.051360;1 out of 5
216.051356;216.051293;Glycerol glutamate;[M-H2O-H];C8H13NO7;-6.81516e-5;-0.315441;216.051361;1 out of 5
216.981170;216.981107;5-Sulfosalicylic acid;[M-H];C7H6O6S;-1.24151e-4;-0.572173;216.981232;1 out of 5
216.981170;216.981107;3-hydroxybenzoic acid-3-O-sulphate;[M-H];C7H6O6S;-1.24151e-4;-0.572173;216.981232;1 out of 5
216.981170;216.981107;4-hydroxybenzoic acid-4-O-sulphate;[M-H];C7H6O6S;-1.24151e-4;-0.572173;216.981232;1 out of 5
216.981170;216.981107;4-Methylcatechol sulfate;[M-H];C7H6O6S;-1.24624e-4;-0.574353;216.981232;1 out of 5
217.015202;217.015140;Adrenochrome o-semiquinone;[M+K-H2];C9H10NO3;4.66776e-4;2.150897;217.014673;1 out of 5
217.015202;217.015140;Diphenyl disulfide;[M-H];C12H10S2;2.52671e-5;0.116430;217.015115;1 out of 5
217.015202;217.015140;"(2R,4R,5R)-2,4,5,6-Tetrahydroxy-1-sulfanylhexan-3-one";[M+Na-H2];C6H12O5S;-7.16929e-5;-0.330359;217.015212;1 out of 5
217.015202;217.015140;"(2r,3r,4s,5r,6s)-2-(Hydroxymethyl)-6-Sulfanyl-Oxane-3,4,5-Triol";[M+Na-H2];C6H12O5S;-7.16929e-5;-0.330359;217.015212;1 out of 5
217.015202;217.015140;5-Thio-D-Glucose;[M+Na-H2];C6H12O5S;-7.16929e-5;-0.330359;217.015212;1 out of 5
217.015202;217.015140;"(2R,4R,5S)-1,4,5,6-Tetrahydroxy-2-sulfanylhexan-3-one";[M+Na-H2];C6H12O5S;-7.16929e-5;-0.330359;217.015212;1 out of 5
217.015202;217.015140;Thioglucose;[M+Na-H2];C6H12O5S;-7.16929e-5;-0.330359;217.015212;1 out of 5
217.029868;217.029806;Coumestan;[M-H2O-H];C15H8O3;3.03081e-4;1.396495;217.029503;1 out of 5
222.023399;222.023344;Brassicanal C;[M-H];C10H9NO3S;3.06784e-4;1.381768;222.023037;1 out of 5
222.023399;222.023344;"5-(4-Hydroxybenzyl)thiazolidine-2,4-dione";[M-H];C10H9NO3S;3.06784e-4;1.381768;222.023037;1 out of 5
222.023399;222.023344;Naphthionic acid;[M-H];C10H9NO3S;3.06305e-4;1.379610;222.023037;1 out of 5
223.007993;223.007938;Magnesium lactate;[M+Na-H2];C6H10MgO6;4.91521e-4;2.204055;223.007447;1 out of 5
223.007993;223.007938;8-Cyano-fluoroquinolone;[M+Cl];C10H5FN2O;-5.34812e-5;-0.239818;223.007992;1 out of 5
223.007993;223.007938;Diphenylphosphine;[M+K-H2];C12H11P;-5.03881e-4;-2.259472;223.008442;1 out of 5
223.007993;223.007938;2-Oxo-4-hydroxy-4-carboxy-5-ureidoimidazoline;[M+Na-H2];C5H6N4O5;-5.47838e-4;-2.456580;223.008486;1 out of 5
223.007993;223.007938;2-Oxo-4-hydroxy-4-carboxy-5-ureidoimidazole;[M+Na-H2];C5H6N4O5;-5.47851e-4;-2.456638;223.008486;1 out of 5
224.069342;224.069289;Methyl indole-3-propanoate;[M+Na-H2];C12H13NO2;-6.17131e-6;-0.027542;224.069296;1 out of 5
224.069342;224.069289;3-Indolebutyric acid;[M+Na-H2];C12H13NO2;-6.17331e-6;-0.027551;224.069296;1 out of 5
224.069342;224.069289;Methsuximide;[M+Na-H2];C12H13NO2;-6.17331e-6;-0.027551;224.069296;1 out of 5
224.069342;224.069289;"5-(2-Furanyl)-1,2,3,4,5,6-hexahydro-7H-cyclopenta[b]pyridin-7-one";[M+Na-H2];C12H13NO2;-6.17331e-6;-0.027551;224.069296;1 out of 5
224.069342;224.069289;Isosalsolidine;[M+Na-H2];C12H13NO2;-6.17331e-6;-0.027551;224.069296;1 out of 5
224.069342;224.069289;Indole-3-acetic acid ethyl ester;[M+Na-H2];C12H13NO2;-6.17331e-6;-0.027551;224.069296;1 out of 5
224.069342;224.069289;(+)-2-Amino-7-phosphonoheptanoic acid;[M-H];C7H16NO5P;-4.31253e-5;-0.192464;224.069333;1 out of 5
224.069342;224.069289;"1-Hydroxy-2,2,5,5-tetramethylpyrrolidine-3-carboxylic acid";[M+K-H2];C9H17NO3;-1.58919e-4;-0.709241;224.069448;1 out of 5
224.069342;224.069289;Pivagabine;[M+K-H2];C9H17NO3;-1.58919e-4;-0.709241;224.069448;1 out of 5
224.069342;224.069289;"L-Valine, N-(2-hydroxy-3-butenyl)-";[M+K-H2];C9H17NO3;-1.58919e-4;-0.709241;224.069448;1 out of 5
224.069342;224.069289;N-Heptanoylglycine;[M+K-H2];C9H17NO3;-1.58923e-4;-0.709259;224.069448;1 out of 5
224.069342;224.069289;8-Amino-7-oxononanoic acid;[M+K-H2];C9H17NO3;-1.58923e-4;-0.709259;224.069448;1 out of 5
224.069342;224.069289;N-Lactoylvaline;[M+Cl];C8H15NO4;-2.19475e-4;-0.979497;224.069509;1 out of 5
224.069342;224.069289;1-hydroxyhexanoylglycine;[M+Cl];C8H15NO4;-2.19475e-4;-0.979497;224.069509;1 out of 5
224.069342;224.069289;2-hydroxyhexanoylglycine;[M+Cl];C8H15NO4;-2.19475e-4;-0.979497;224.069509;1 out of 5
224.069342;224.069289;3-hydroxyhexanoylglycine;[M+Cl];C8H15NO4;-2.19475e-4;-0.979497;224.069509;1 out of 5
224.069342;224.069289;4-hydroxyhexanoylglycine;[M+Cl];C8H15NO4;-2.19475e-4;-0.979497;224.069509;1 out of 5
224.069342;224.069289;5-hydroxyhexanoylglycine;[M+Cl];C8H15NO4;-2.19475e-4;-0.979497;224.069509;1 out of 5
224.069342;224.069289;1-Carboxyethylvaline;[M+Cl];C8H15NO4;-2.19475e-4;-0.979497;224.069509;1 out of 5
224.069342;224.069289;Castanospermine;[M+Cl];C8H15NO4;-2.19475e-4;-0.979497;224.069509;1 out of 5
224.069342;224.069289;H-D-Asp(OtBu)-OH;[M+Cl];C8H15NO4;-2.19475e-4;-0.979497;224.069509;1 out of 5
224.069342;224.069289;DIMBOA trihexose;[M+Cl];C8H15NO4;-2.19475e-4;-0.979497;224.069509;1 out of 5
224.069342;224.069289;N-Methylcalystegine B2;[M+Cl];C8H15NO4;-2.19481e-4;-0.979523;224.069509;1 out of 5
224.803455;224.803403;Copper iodide;[M+Cl];CuI;-6.76915e-5;-0.301114;224.803470;1 out of 5
226.996438;226.996389;2-O-Methylascorbic acid;[M+K-H2];C7H10O6;4.61495e-5;0.203305;226.996343;1 out of 5
226.996438;226.996389;3-Dehydroquinic acid;[M+K-H2];C7H10O6;4.61395e-5;0.203261;226.996343;1 out of 5
226.996438;226.996389;2-Hydroxy-2-(2-oxopropyl)butanedioic acid;[M+K-H2];C7H10O6;4.61395e-5;0.203261;226.996343;1 out of 5
226.996438;226.996389;"2,3-diketogulonate";[M+Cl];C6H8O7;-1.44065e-5;-0.063466;226.996404;2 out of 5
226.996438;226.996389;dehydroascorbate (bicyclic form);[M+Cl];C6H8O7;-1.44065e-5;-0.063466;226.996404;2 out of 5
226.996438;226.996389;Citric acid;[M+Cl];C6H8O7;-1.44185e-5;-0.063518;226.996404;2 out of 5
226.996438;226.996389;Isocitric acid;[M+Cl];C6H8O7;-1.44185e-5;-0.063518;226.996404;2 out of 5
226.996438;226.996389;D-threo-Isocitric acid;[M+Cl];C6H8O7;-1.44185e-5;-0.063518;226.996404;2 out of 5
226.996438;226.996389;Diketogulonic acid;[M+Cl];C6H8O7;-1.44185e-5;-0.063518;226.996404;2 out of 5
226.996438;226.996389;"2,3-Diketo-L-gulonate";[M+Cl];C6H8O7;-1.44185e-5;-0.063518;226.996404;2 out of 5
226.996438;226.996389;"(1R,2R)-Isocitric acid";[M+Cl];C6H8O7;-1.44185e-5;-0.063518;226.996404;2 out of 5
226.996438;226.996389;"D-Glucaro-1,4-lactone";[M+Cl];C6H8O7;-1.44185e-5;-0.063518;226.996404;2 out of 5
227.038177;227.038128;2H-Benzo[F]isoindole-1-carbonitrile;[M+Cl];C13H8N2;-2.14946e-5;-0.094674;227.038149;2 out of 5
227.038177;227.038128;Polyanethole-sulfate;[M-H];C10H12O4S;-2.25269e-4;-0.992205;227.038353;2 out of 5
228.045926;228.045878;1-Nitropyrene;[M-H2O-H];C16H9NO2;3.90803e-4;1.713704;228.045488;1 out of 5
229.046391;229.046345;L-beta-aspartyl-L-aspartic acid;[M-H2O-H];C8H12N2O7;-2.65096e-4;-1.157388;229.046610;1 out of 5
229.046391;229.046345;Aspartyl-Aspartate;[M-H2O-H];C8H12N2O7;-2.65096e-4;-1.157388;229.046610;1 out of 5
229.046794;229.046748;L-beta-aspartyl-L-aspartic acid;[M-H2O-H];C8H12N2O7;1.38272e-4;0.603686;229.046610;1 out of 5
229.046794;229.046748;Aspartyl-Aspartate;[M-H2O-H];C8H12N2O7;1.38272e-4;0.603686;229.046610;1 out of 5
229.047735;229.047689;"5-(3',4'-Dihydroxyphenyl)-gamma-valerolactone";[M+Na-H2];C11H12O4;-5.36648e-4;-2.342947;229.048226;1 out of 5
229.047735;229.047689;"Propanedioic acid, (2-phenylethyl)-";[M+Na-H2];C11H12O4;-5.36648e-4;-2.342947;229.048226;1 out of 5
229.047735;229.047689;Dihydroxyphenyl-valerolactone;[M+Na-H2];C11H12O4;-5.36648e-4;-2.342947;229.048226;1 out of 5
229.047735;229.047689;Sinapaldehyde;[M+Na-H2];C11H12O4;-5.36648e-4;-2.342947;229.048226;1 out of 5
229.047735;229.047689;(R)-2-Benzylsuccinate;[M+Na-H2];C11H12O4;-5.36654e-4;-2.342973;229.048226;1 out of 5
229.047735;229.047689;"3-(3,4-Dimethoxyphenyl)-2-propenoic acid";[M+Na-H2];C11H12O4;-5.36654e-4;-2.342973;229.048226;1 out of 5
229.047735;229.047689;Furapiole;[M+Na-H2];C11H12O4;-5.36654e-4;-2.342973;229.048226;1 out of 5
229.047735;229.047689;"1-(2-Methoxy-3,4-methylenedioxyphenyl)-1-propanone";[M+Na-H2];C11H12O4;-5.36654e-4;-2.342973;229.048226;1 out of 5
229.047735;229.047689;6-Methoxymellein;[M+Na-H2];C11H12O4;-5.36654e-4;-2.342973;229.048226;1 out of 5
229.047735;229.047689;"3-(3-Methoxy-4,5-methylenedioxyphenyl)-2-propen-1-ol";[M+Na-H2];C11H12O4;-5.36654e-4;-2.342973;229.048226;1 out of 5
229.047735;229.047689;Anthriscinol;[M+Na-H2];C11H12O4;-5.36654e-4;-2.342973;229.048226;1 out of 5
229.047735;229.047689;"5-(3',5'-Dihydroxyphenyl)-gamma-valerolactone";[M+Na-H2];C11H12O4;-5.36654e-4;-2.342973;229.048226;1 out of 5
229.047735;229.047689;"5-(3',4'-Dihydroxyphenyl)-γ-valerolactone";[M+Na-H2];C11H12O4;-5.36654e-4;-2.342973;229.048226;1 out of 5
229.047735;229.047689;Caffeic acid ethyl ester;[M+Na-H2];C11H12O4;-5.36654e-4;-2.342973;229.048226;1 out of 5
229.047735;229.047689;Methyl ferulate;[M+Na-H2];C11H12O4;-5.36654e-4;-2.342973;229.048226;1 out of 5
229.048206;229.048160;"5-(3',4'-Dihydroxyphenyl)-gamma-valerolactone";[M+Na-H2];C11H12O4;-6.60460e-5;-0.288350;229.048226;1 out of 5
229.048206;229.048160;"Propanedioic acid, (2-phenylethyl)-";[M+Na-H2];C11H12O4;-6.60460e-5;-0.288350;229.048226;1 out of 5
229.048206;229.048160;Dihydroxyphenyl-valerolactone;[M+Na-H2];C11H12O4;-6.60460e-5;-0.288350;229.048226;1 out of 5
229.048206;229.048160;Sinapaldehyde;[M+Na-H2];C11H12O4;-6.60460e-5;-0.288350;229.048226;1 out of 5
229.048206;229.048160;(R)-2-Benzylsuccinate;[M+Na-H2];C11H12O4;-6.60520e-5;-0.288376;229.048226;1 out of 5
229.048206;229.048160;"3-(3,4-Dimethoxyphenyl)-2-propenoic acid";[M+Na-H2];C11H12O4;-6.60520e-5;-0.288376;229.048226;1 out of 5
229.048206;229.048160;Furapiole;[M+Na-H2];C11H12O4;-6.60520e-5;-0.288376;229.048226;1 out of 5
229.048206;229.048160;"1-(2-Methoxy-3,4-methylenedioxyphenyl)-1-propanone";[M+Na-H2];C11H12O4;-6.60520e-5;-0.288376;229.048226;1 out of 5
229.048206;229.048160;6-Methoxymellein;[M+Na-H2];C11H12O4;-6.60520e-5;-0.288376;229.048226;1 out of 5
229.048206;229.048160;"3-(3-Methoxy-4,5-methylenedioxyphenyl)-2-propen-1-ol";[M+Na-H2];C11H12O4;-6.60520e-5;-0.288376;229.048226;1 out of 5
229.048206;229.048160;Anthriscinol;[M+Na-H2];C11H12O4;-6.60520e-5;-0.288376;229.048226;1 out of 5
229.048206;229.048160;"5-(3',5'-Dihydroxyphenyl)-gamma-valerolactone";[M+Na-H2];C11H12O4;-6.60520e-5;-0.288376;229.048226;1 out of 5
229.048206;229.048160;"5-(3',4'-Dihydroxyphenyl)-γ-valerolactone";[M+Na-H2];C11H12O4;-6.60520e-5;-0.288376;229.048226;1 out of 5
229.048206;229.048160;Caffeic acid ethyl ester;[M+Na-H2];C11H12O4;-6.60520e-5;-0.288376;229.048226;1 out of 5
229.048206;229.048160;Methyl ferulate;[M+Na-H2];C11H12O4;-6.60520e-5;-0.288376;229.048226;1 out of 5
229.048206;229.048160;"(5S,6R)-Methyl 5,6,7-trihydroxyheptanoate";[M+K-H2];C8H16O5;-2.18795e-4;-0.955235;229.048379;1 out of 5
229.048206;229.048160;1D-5-O-Methyl-chiro-inositol;[M+Cl];C7H14O6;-2.79351e-4;-1.219615;229.048439;1 out of 5
229.048206;229.048160;1-Deoxy-D-manno-heptulose;[M+Cl];C7H14O6;-2.79351e-4;-1.219615;229.048439;1 out of 5
229.048206;229.048160;3-O-Methyl-d-glucose;[M+Cl];C7H14O6;-2.79351e-4;-1.219615;229.048439;1 out of 5
229.048206;229.048160;3-O-Methyl-D-fructose;[M+Cl];C7H14O6;-2.79351e-4;-1.219615;229.048439;1 out of 5
229.048206;229.048160;3-O-Methyl-D-glucopyranose;[M+Cl];C7H14O6;-2.79351e-4;-1.219615;229.048439;1 out of 5
229.048206;229.048160;"(2R,3R,5S)-1,2,3,5,6-Pentahydroxyheptan-4-one";[M+Cl];C7H14O6;-2.79351e-4;-1.219615;229.048439;1 out of 5
229.048206;229.048160;D-4-O-Methyl-myo-inositol;[M+Cl];C7H14O6;-2.79360e-4;-1.219655;229.048439;1 out of 5
229.048206;229.048160;Methyl beta-D-glucopyranoside;[M+Cl];C7H14O6;-2.79360e-4;-1.219655;229.048439;1 out of 5
229.048206;229.048160;(-)-Bornesitol;[M+Cl];C7H14O6;-2.79360e-4;-1.219655;229.048439;1 out of 5
229.048206;229.048160;Sequoyitol;[M+Cl];C7H14O6;-2.79360e-4;-1.219655;229.048439;1 out of 5
229.048206;229.048160;Mytilitol;[M+Cl];C7H14O6;-2.79360e-4;-1.219655;229.048439;1 out of 5
229.048206;229.048160;D-Pinitol;[M+Cl];C7H14O6;-2.79360e-4;-1.219655;229.048439;1 out of 5
229.048206;229.048160;L-Quebrachitol;[M+Cl];C7H14O6;-2.79360e-4;-1.219655;229.048439;1 out of 5
229.048206;229.048160;Methyl alpha-D-galactopyranoside;[M+Cl];C7H14O6;-2.79360e-4;-1.219655;229.048439;1 out of 5
229.048206;229.048160;D-ononitol;[M+Cl];C7H14O6;-2.79360e-4;-1.219655;229.048439;1 out of 5
229.048676;229.048630;"5-(3',4'-Dihydroxyphenyl)-gamma-valerolactone";[M+Na-H2];C11H12O4;4.04558e-4;1.766256;229.048226;1 out of 5
229.048676;229.048630;"Propanedioic acid, (2-phenylethyl)-";[M+Na-H2];C11H12O4;4.04558e-4;1.766256;229.048226;1 out of 5
229.048676;229.048630;Dihydroxyphenyl-valerolactone;[M+Na-H2];C11H12O4;4.04558e-4;1.766256;229.048226;1 out of 5
229.048676;229.048630;Sinapaldehyde;[M+Na-H2];C11H12O4;4.04558e-4;1.766256;229.048226;1 out of 5
229.048676;229.048630;(R)-2-Benzylsuccinate;[M+Na-H2];C11H12O4;4.04552e-4;1.766229;229.048226;1 out of 5
229.048676;229.048630;"3-(3,4-Dimethoxyphenyl)-2-propenoic acid";[M+Na-H2];C11H12O4;4.04552e-4;1.766229;229.048226;1 out of 5
229.048676;229.048630;Furapiole;[M+Na-H2];C11H12O4;4.04552e-4;1.766229;229.048226;1 out of 5
229.048676;229.048630;"1-(2-Methoxy-3,4-methylenedioxyphenyl)-1-propanone";[M+Na-H2];C11H12O4;4.04552e-4;1.766229;229.048226;1 out of 5
229.048676;229.048630;6-Methoxymellein;[M+Na-H2];C11H12O4;4.04552e-4;1.766229;229.048226;1 out of 5
229.048676;229.048630;"3-(3-Methoxy-4,5-methylenedioxyphenyl)-2-propen-1-ol";[M+Na-H2];C11H12O4;4.04552e-4;1.766229;229.048226;1 out of 5
229.048676;229.048630;Anthriscinol;[M+Na-H2];C11H12O4;4.04552e-4;1.766229;229.048226;1 out of 5
229.048676;229.048630;"5-(3',5'-Dihydroxyphenyl)-gamma-valerolactone";[M+Na-H2];C11H12O4;4.04552e-4;1.766229;229.048226;1 out of 5
229.048676;229.048630;"5-(3',4'-Dihydroxyphenyl)-γ-valerolactone";[M+Na-H2];C11H12O4;4.04552e-4;1.766229;229.048226;1 out of 5
229.048676;229.048630;Caffeic acid ethyl ester;[M+Na-H2];C11H12O4;4.04552e-4;1.766229;229.048226;1 out of 5
229.048676;229.048630;Methyl ferulate;[M+Na-H2];C11H12O4;4.04552e-4;1.766229;229.048226;1 out of 5
229.048676;229.048630;"(5S,6R)-Methyl 5,6,7-trihydroxyheptanoate";[M+K-H2];C8H16O5;2.51809e-4;1.099369;229.048379;1 out of 5
229.048676;229.048630;1D-5-O-Methyl-chiro-inositol;[M+Cl];C7H14O6;1.91253e-4;0.834988;229.048439;1 out of 5
229.048676;229.048630;1-Deoxy-D-manno-heptulose;[M+Cl];C7H14O6;1.91253e-4;0.834988;229.048439;1 out of 5
229.048676;229.048630;3-O-Methyl-d-glucose;[M+Cl];C7H14O6;1.91253e-4;0.834988;229.048439;1 out of 5
229.048676;229.048630;3-O-Methyl-D-fructose;[M+Cl];C7H14O6;1.91253e-4;0.834988;229.048439;1 out of 5
229.048676;229.048630;3-O-Methyl-D-glucopyranose;[M+Cl];C7H14O6;1.91253e-4;0.834988;229.048439;1 out of 5
229.048676;229.048630;"(2R,3R,5S)-1,2,3,5,6-Pentahydroxyheptan-4-one";[M+Cl];C7H14O6;1.91253e-4;0.834988;229.048439;1 out of 5
229.048676;229.048630;D-4-O-Methyl-myo-inositol;[M+Cl];C7H14O6;1.91244e-4;0.834949;229.048439;1 out of 5
229.048676;229.048630;Methyl beta-D-glucopyranoside;[M+Cl];C7H14O6;1.91244e-4;0.834949;229.048439;1 out of 5
229.048676;229.048630;(-)-Bornesitol;[M+Cl];C7H14O6;1.91244e-4;0.834949;229.048439;1 out of 5
229.048676;229.048630;Sequoyitol;[M+Cl];C7H14O6;1.91244e-4;0.834949;229.048439;1 out of 5
229.048676;229.048630;Mytilitol;[M+Cl];C7H14O6;1.91244e-4;0.834949;229.048439;1 out of 5
229.048676;229.048630;D-Pinitol;[M+Cl];C7H14O6;1.91244e-4;0.834949;229.048439;1 out of 5
229.048676;229.048630;L-Quebrachitol;[M+Cl];C7H14O6;1.91244e-4;0.834949;229.048439;1 out of 5
229.048676;229.048630;Methyl alpha-D-galactopyranoside;[M+Cl];C7H14O6;1.91244e-4;0.834949;229.048439;1 out of 5
229.048676;229.048630;D-ononitol;[M+Cl];C7H14O6;1.91244e-4;0.834949;229.048439;1 out of 5
229.049147;229.049101;"1,9-Nonanedithiol";[M+K-H2];C9H20S2;-1.45991e-4;-0.637376;229.049247;1 out of 5
229.049147;229.049101;3-[(2-Mercapto-1-methylpropyl)thio]-2-butanol;[M+Cl];C8H18OS2;-2.06549e-4;-0.901765;229.049308;1 out of 5
229.049618;229.049572;"1,9-Nonanedithiol";[M+K-H2];C9H20S2;3.24617e-4;1.417237;229.049247;1 out of 5
229.049618;229.049572;3-[(2-Mercapto-1-methylpropyl)thio]-2-butanol;[M+Cl];C8H18OS2;2.64059e-4;1.152848;229.049308;1 out of 5
229.049618;229.049572;Caffeine;[M+Cl];C8H10N4O2;-2.04947e-4;-0.894770;229.049777;1 out of 5
229.049618;229.049572;Enprofylline;[M+Cl];C8H10N4O2;-2.04947e-4;-0.894770;229.049777;1 out of 5
229.049618;229.049572;Chloroethyl nitrosourea;[M-H2O-H];C8H13ClN4O3;-2.05363e-4;-0.896587;229.049777;1 out of 5
229.050088;229.050042;Caffeine;[M+Cl];C8H10N4O2;2.65663e-4;1.159847;229.049777;1 out of 5
229.050088;229.050042;Enprofylline;[M+Cl];C8H10N4O2;2.65663e-4;1.159847;229.049777;1 out of 5
229.050088;229.050042;Chloroethyl nitrosourea;[M-H2O-H];C8H13ClN4O3;2.65247e-4;1.158030;229.049777;1 out of 5
229.050559;229.050513;"2,3,4-Trihydroxybenzophenone";[M-H];C13H10O4;-1.18944e-4;-0.519291;229.050632;2 out of 5
229.050559;229.050513;3-(4-Hydroxyphenoxy)benzoic acid;[M-H];C13H10O4;-1.18944e-4;-0.519291;229.050632;2 out of 5
229.050559;229.050513;Visnagin;[M-H];C13H10O4;-1.18944e-4;-0.519291;229.050632;2 out of 5
229.050559;229.050513;Coriandrin;[M-H];C13H10O4;-1.18950e-4;-0.519317;229.050632;2 out of 5
229.050559;229.050513;Wyeronic acid;[M-H];C13H10O4;-1.18950e-4;-0.519317;229.050632;2 out of 5
229.050559;229.050513;"2',4'-Dihydroxy-2-biphenylcarboxylic acid";[M-H];C13H10O4;-1.18950e-4;-0.519317;229.050632;2 out of 5
229.050559;229.050513;Bisnoryangonin;[M-H];C13H10O4;-1.18950e-4;-0.519317;229.050632;2 out of 5
229.050559;229.050513;Coriandrone E;[M-H2O-H];C13H12O5;-1.19636e-4;-0.522312;229.050632;1 out of 5
229.051500;229.051454;(+)-Epibatidine;[M+Na-H2];C11H13ClN2;6.09539e-5;0.266114;229.051393;1 out of 5
229.051500;229.051454;"3-(3-(Pyridin-3-yl)-1,2,4-oxadiazol-5-yl)benzonitrile";[M-H2O-H];C14H8N4O;-5.15807e-4;-2.251922;229.051970;1 out of 5
229.053786;229.053740;1-Aminoacridine;[M+Cl];C13H10N2;-5.93696e-5;-0.259195;229.053799;2 out of 5
229.053786;229.053740;"2-Phenylimidazo[1,2-a]pyridine";[M+Cl];C13H10N2;-5.93696e-5;-0.259195;229.053799;2 out of 5
229.053786;229.053740;9-Aminoacridine;[M+Cl];C13H10N2;-5.93696e-5;-0.259195;229.053799;2 out of 5
229.053786;229.053740;Cyclopropylpyrroloindole;[M+Cl];C13H10N2;-5.93696e-5;-0.259195;229.053799;2 out of 5
229.053786;229.053740;Dibenzodiazepine;[M+Cl];C13H10N2;-5.93696e-5;-0.259195;229.053799;2 out of 5
229.053786;229.053740;"6-Chloro-2,3,4,9-tetrahydro-1H-carbazole-1-carboxamide";[M-H2O-H];C13H13ClN2O;-5.97396e-5;-0.260810;229.053800;1 out of 5
229.053786;229.053740;Thymol Sulfate;[M-H];C10H14O4S;-2.63145e-4;-1.148832;229.054003;2 out of 5
229.059366;229.059320;Allobarbital;[M+Na-H2];C10H12N2O3;-1.38881e-4;-0.606311;229.059459;1 out of 5
229.059366;229.059320;L-Kynurenine;[M+Na-H2];C10H12N2O3;-1.38887e-4;-0.606337;229.059459;1 out of 5
229.059366;229.059320;Formyl-5-hydroxykynurenamine;[M+Na-H2];C10H12N2O3;-1.38887e-4;-0.606337;229.059459;1 out of 5
229.059366;229.059320;4-Aminobenzoyl-(beta)-alanine;[M+Na-H2];C10H12N2O3;-1.38887e-4;-0.606337;229.059459;1 out of 5
229.059366;229.059320;D-Kynurenine;[M+Na-H2];C10H12N2O3;-1.38887e-4;-0.606337;229.059459;1 out of 5
229.059837;229.059791;Allobarbital;[M+Na-H2];C10H12N2O3;3.31768e-4;1.448394;229.059459;1 out of 5
229.059837;229.059791;L-Kynurenine;[M+Na-H2];C10H12N2O3;3.31762e-4;1.448368;229.059459;1 out of 5
229.059837;229.059791;Formyl-5-hydroxykynurenamine;[M+Na-H2];C10H12N2O3;3.31762e-4;1.448368;229.059459;1 out of 5
229.059837;229.059791;4-Aminobenzoyl-(beta)-alanine;[M+Na-H2];C10H12N2O3;3.31762e-4;1.448368;229.059459;1 out of 5
229.059837;229.059791;D-Kynurenine;[M+Na-H2];C10H12N2O3;3.31762e-4;1.448368;229.059459;1 out of 5
230.012885;230.012840;Paracetamol sulfate;[M-H];C8H9NO5S;-2.56208e-5;-0.111389;230.012866;1 out of 5
230.012885;230.012840;Benzeneacetamide-4-O-sulphate;[M-H];C8H9NO5S;-2.56208e-5;-0.111389;230.012866;1 out of 5
230.012885;230.012840;HPAA sulfate;[M-H];C8H9NO5S;-2.60958e-5;-0.113454;230.012867;1 out of 5
230.012885;230.012840;"2,5-Dioxopyrrolidin-1-yl 2-(acetylthio)acetate";[M-H];C8H9NO5S;-2.60958e-5;-0.113454;230.012867;1 out of 5
230.012885;230.012840;1-(2-Amino-3-hydroxyphenyl)-ethanone sulfate;[M-H];C8H9NO5S;-2.60958e-5;-0.113454;230.012867;1 out of 5
230.012885;230.012840;Norepinephrine sulfate;[M-H2O-H];C8H11NO6S;-2.63068e-5;-0.114371;230.012867;1 out of 5
230.012885;230.012840;Norepinephrine 3-sulfate;[M-H2O-H];C8H11NO6S;-2.67798e-5;-0.116427;230.012867;1 out of 5
230.012885;230.012840;"S-[(3R,3As,6S,6aS)-3-nitrooxy-2,3,3a,5,6,6a-hexahydrofuro[3,2-b]furan-6-yl] ethanethioate";[M-H2O-H];C8H11NO6S;-2.67798e-5;-0.116427;230.012867;1 out of 5
230.037769;230.037724;1-Aminoanthracene;[M+K-H2];C14H11N;-2.98929e-5;-0.129948;230.037754;1 out of 5
230.037769;230.037724;Iminostilbene;[M+K-H2];C14H11N;-2.98929e-5;-0.129948;230.037754;1 out of 5
230.037769;230.037724;2-Aminoanthracene;[M+K-H2];C14H11N;-2.98939e-5;-0.129952;230.037754;1 out of 5
230.037769;230.037724;2-Phenylindole;[M+K-H2];C14H11N;-2.98939e-5;-0.129952;230.037754;1 out of 5
230.037769;230.037724;2-Methyl-6-(phenylethynyl)pyridine;[M+K-H2];C14H11N;-2.98939e-5;-0.129952;230.037754;1 out of 5
230.037769;230.037724;2-Amino-5-chlorobenzophenone;[M-H];C13H10ClNO;-9.01359e-5;-0.391831;230.037815;1 out of 5
230.037769;230.037724;Acridone;[M+Cl];C13H9NO;-9.04499e-5;-0.393196;230.037815;2 out of 5
230.037769;230.037724;Phenanthridinol;[M+Cl];C13H9NO;-9.04499e-5;-0.393196;230.037815;2 out of 5
230.037769;230.037724;9H-Carbazole-3-carboxaldehyde;[M+Cl];C13H9NO;-9.04509e-5;-0.393200;230.037815;2 out of 5
230.037769;230.037724;"Dibenz[b,f][1,4]oxazepine";[M+Cl];C13H9NO;-9.04509e-5;-0.393200;230.037815;2 out of 5
230.037769;230.037724;6(5H)-Phenanthridinone;[M+Cl];C13H9NO;-9.04509e-5;-0.393200;230.037815;2 out of 5
230.050789;230.050745;"8-Chloro-1-methyl-2,3,4,5-tetrahydro-1H-benzo[d]azepine";[M+Cl];C11H14ClN;-1.33262e-4;-0.579274;230.050878;2 out of 5
230.050789;230.050745;benalfocin;[M+Cl];C11H14ClN;-1.33262e-4;-0.579274;230.050878;2 out of 5
230.056283;230.056238;n-(3-Chloro-2-hydroxypropyl)valine;[M+Na-H2];C8H16ClNO3;-2.99708e-4;-1.302758;230.056538;1 out of 5
230.056283;230.056238;6-(4-methyl-2-oxopentyl)-4-hydroxy-2-pyrone;[M+Na-H2];C11H13O4;-3.61087e-4;-1.569557;230.056599;1 out of 5
230.057165;230.057120;6-(4-methyl-2-oxopentyl)-4-hydroxy-2-pyrone;[M+Na-H2];C11H13O4;5.20603e-4;2.262934;230.056599;1 out of 5
230.057165;230.057120;6-Nitrotryptophan;[M-H2O-H];C11H11N3O4;5.23592e-6;0.022759;230.057115;1 out of 5
230.057165;230.057120;Nitrotryptophan;[M-H2O-H];C11H11N3O4;5.23592e-6;0.022759;230.057115;1 out of 5
230.060013;230.059969;Cysteinyl-Glutamine;[M-H2O-H];C8H15N3O4S;-5.17008e-4;-2.247270;230.060486;1 out of 5
230.060013;230.059969;Cysteinyl-Gamma-glutamate;[M-H2O-H];C8H15N3O4S;-5.17008e-4;-2.247270;230.060486;1 out of 5
230.060013;230.059969;Glutaminylcysteine;[M-H2O-H];C8H15N3O4S;-5.17484e-4;-2.249339;230.060486;1 out of 5
230.060013;230.059969;Ala-Cys-Gly;[M-H2O-H];C8H15N3O4S;-5.17484e-4;-2.249339;230.060486;1 out of 5
231.048506;231.048463;"(2E,11Z)-5-[5-(Methylthio)-4-penten-2-ynyl]-2-furanacrolein";[M-H];C13H12O2S;-6.01609e-5;-0.260382;231.048523;2 out of 5
231.048506;231.048463;"2-[(5-Methylsulfinyl)-4-penten-2-ynylidene]-1,6-dioxaspiro[4.4]non-3-ene";[M-H2O-H];C13H14O3S;-6.08469e-5;-0.263351;231.048524;1 out of 5
231.048506;231.048463;L-galacto-2-Heptulose;[M+Na-H2];C7H14O7;-1.56634e-4;-0.677926;231.048620;2 out of 5
231.048506;231.048463;D-manno-2-Heptulose;[M+Na-H2];C7H14O7;-1.56634e-4;-0.677926;231.048620;2 out of 5
231.048506;231.048463;"(3R,5R,6R)-1,2,3,5,6,7-Hexahydroxyheptan-4-one";[M+Na-H2];C7H14O7;-1.56634e-4;-0.677926;231.048620;2 out of 5
231.048506;231.048463;Crocose;[M+Na-H2];C7H14O7;-1.56634e-4;-0.677926;231.048620;2 out of 5
231.048506;231.048463;Sedoheptulose;[M+Na-H2];C7H14O7;-1.56645e-4;-0.677974;231.048620;2 out of 5
231.048506;231.048463;D-altro-D-manno-Heptose;[M+Na-H2];C7H14O7;-1.56645e-4;-0.677974;231.048620;2 out of 5
231.048506;231.048463;d-Glycero-d-galacto-heptose;[M+Na-H2];C7H14O7;-1.56645e-4;-0.677974;231.048620;2 out of 5
231.048506;231.048463;MANNOHEPTULOSE;[M+Na-H2];C7H14O7;-1.56645e-4;-0.677974;231.048620;2 out of 5
231.048985;231.048942;"(2E,11Z)-5-[5-(Methylthio)-4-penten-2-ynyl]-2-furanacrolein";[M-H];C13H12O2S;4.18698e-4;1.812167;231.048523;2 out of 5
231.048985;231.048942;"2-[(5-Methylsulfinyl)-4-penten-2-ynylidene]-1,6-dioxaspiro[4.4]non-3-ene";[M-H2O-H];C13H14O3S;4.18012e-4;1.809198;231.048524;1 out of 5
231.048985;231.048942;L-galacto-2-Heptulose;[M+Na-H2];C7H14O7;3.22225e-4;1.394622;231.048620;2 out of 5
231.048985;231.048942;D-manno-2-Heptulose;[M+Na-H2];C7H14O7;3.22225e-4;1.394622;231.048620;2 out of 5
231.048985;231.048942;"(3R,5R,6R)-1,2,3,5,6,7-Hexahydroxyheptan-4-one";[M+Na-H2];C7H14O7;3.22225e-4;1.394622;231.048620;2 out of 5
231.048985;231.048942;Crocose;[M+Na-H2];C7H14O7;3.22225e-4;1.394622;231.048620;2 out of 5
231.048985;231.048942;Sedoheptulose;[M+Na-H2];C7H14O7;3.22214e-4;1.394574;231.048620;2 out of 5
231.048985;231.048942;D-altro-D-manno-Heptose;[M+Na-H2];C7H14O7;3.22214e-4;1.394574;231.048620;2 out of 5
231.048985;231.048942;d-Glycero-d-galacto-heptose;[M+Na-H2];C7H14O7;3.22214e-4;1.394574;231.048620;2 out of 5
231.048985;231.048942;MANNOHEPTULOSE;[M+Na-H2];C7H14O7;3.22214e-4;1.394574;231.048620;2 out of 5
231.049943;231.049900;Caffeinol;[M+Na-H2];C8H10N4O3;-5.74569e-5;-0.248678;231.049957;1 out of 5
231.049943;231.049900;"1,3,7-Trimethyluric acid";[M+Na-H2];C8H10N4O3;-5.74649e-5;-0.248712;231.049957;1 out of 5
231.049943;231.049900;"1,3,9-Trimethyluric acid";[M+Na-H2];C8H10N4O3;-5.74649e-5;-0.248712;231.049957;1 out of 5
231.051721;231.051678;"Hexahydro-2',4-dimethylspiro[1,3-dithiolo[4,5-c]furan-2,3'(2'H)-furan]";[M-H];C10H16O2S2;-2.15742e-4;-0.933740;231.051894;2 out of 5
231.051721;231.051678;"Hexahydro-2',3alpha-dimethylspiro[1,3-dithiolo[4,5-b]furan-2,3'(2'H)-furan]";[M-H];C10H16O2S2;-2.15742e-4;-0.933740;231.051894;2 out of 5
231.054184;231.054141;1-Methoxyphenazine;[M+Na-H2];C13H10N2O;1.61238e-4;0.697838;231.053980;2 out of 5
231.054184;231.054141;2-Aminoacridone;[M+Na-H2];C13H10N2O;1.61238e-4;0.697838;231.053980;2 out of 5
231.054184;231.054141;C1=CC=CC2=CC3=C(O)C(N)=CC=C3N=C21;[M+Na-H2];C13H10N2O;1.61238e-4;0.697838;231.053980;2 out of 5
231.054184;231.054141;Pyocyanin;[M+Na-H2];C13H10N2O;1.61236e-4;0.697830;231.053980;2 out of 5
231.054184;231.054141;Cppene;[M-H2O-H];C8H15N2O5P;1.23599e-4;0.534937;231.054018;1 out of 5
231.054184;231.054141;alpha-(4-Pyridyl-1-oxide)-N-tert-butylnitrone;[M+K-H2];C10H14N2O2;8.48935e-6;0.036742;231.054133;1 out of 5
231.054184;231.054141;Laccarin;[M+K-H2];C10H14N2O2;8.48635e-6;0.036729;231.054133;1 out of 5
231.054184;231.054141;6-Hydroxypseudooxynicotine;[M+K-H2];C10H14N2O2;8.48635e-6;0.036729;231.054133;1 out of 5
231.054184;231.054141;3-Amino-L-tyrosine;[M+Cl];C9H12N2O3;-5.20657e-5;-0.225340;231.054193;1 out of 5
231.054184;231.054141;4-Amino-3-hydroxyphenylalanine;[M+Cl];C9H12N2O3;-5.20657e-5;-0.225340;231.054193;1 out of 5
231.054184;231.054141;5-Aminosalicyl-glycine;[M+Cl];C9H12N2O3;-5.20657e-5;-0.225340;231.054193;1 out of 5
231.054184;231.054141;Aethallymal;[M+Cl];C9H12N2O3;-5.20657e-5;-0.225340;231.054193;1 out of 5
231.054184;231.054141;"2-(Ethylamino)-4,5-dihydroxybenzamide";[M+Cl];C9H12N2O3;-5.20717e-5;-0.225366;231.054193;1 out of 5
231.054184;231.054141;5-Nitro-2-propoxyaniline;[M+Cl];C9H12N2O3;-5.20717e-5;-0.225366;231.054193;1 out of 5
232.054225;232.054183;Medemo;[M+Na-H2];C7H18NO2PS;-7.08727e-5;-0.305414;232.054254;1 out of 5
232.054225;232.054183;3-Fluorophenmetrazine;[M+K-H2];C11H14FNO;-3.64115e-4;-1.569091;232.054547;1 out of 5
232.054225;232.054183;4-(4-Fluorophenyl)piperidin-4-ol;[M+K-H2];C11H14FNO;-3.64115e-4;-1.569091;232.054547;1 out of 5
232.943854;232.943814;Pentafluorobenzaldehyde;[M+K-H2];C7HF5O;4.53660e-4;1.947512;232.943360;1 out of 5
232.983427;232.983386;8-Nitroguanine;[M+K-H2];C5H4N6O3;2.93410e-4;1.259361;232.983093;1 out of 5
239.981146;239.981116;3-Azido-7-hydroxycoumarin;[M+K-H2];C9H5N3O3;-5.79968e-4;-2.416718;239.981696;1 out of 5
241.011890;241.011862;Dracunculin;[M+Na-H2];C11H8O5;2.19979e-5;0.091273;241.011840;1 out of 5
241.011890;241.011862;Buntansin A;[M+Na-H2];C11H8O5;2.19979e-5;0.091273;241.011840;1 out of 5
241.011890;241.011862;7-Hydroxy-2-methyl-4-oxo-4H-1-benzopyran-5-carboxylic acid;[M+Na-H2];C11H8O5;2.19979e-5;0.091273;241.011840;1 out of 5
241.011890;241.011862;"8-Methoxy-6,7-methylenedioxycoumarin";[M+Na-H2];C11H8O5;2.19979e-5;0.091273;241.011840;1 out of 5
241.011890;241.011862;purpurogallin;[M+Na-H2];C11H8O5;2.19979e-5;0.091273;241.011840;1 out of 5
241.011890;241.011862;Inositol cyclic phosphate;[M-H];C6H11O8P;-1.44761e-5;-0.060064;241.011877;2 out of 5
241.011890;241.011862;Phosphohexose;[M-H];C6H11O8P;-1.49481e-5;-0.062022;241.011877;2 out of 5
241.011890;241.011862;"(6S,7R)-2,6,7,8-Tetrahydroxy-2-oxo-1,3,2lambda5-dioxaphosphonan-5-one";[M-H];C6H11O8P;-1.49481e-5;-0.062022;241.011877;2 out of 5
241.011890;241.011862;Fructose 6-phosphate;[M-H2O-H];C6H13O9P;-1.51621e-5;-0.062910;241.011878;3 out of 5
241.011890;241.011862;Galactose 1-phosphate;[M-H2O-H];C6H13O9P;-1.51621e-5;-0.062910;241.011878;3 out of 5
241.011890;241.011862;Dolichyl phosphate D-mannose;[M-H2O-H];C6H13O9P;-1.51621e-5;-0.062910;241.011878;3 out of 5
241.011890;241.011862;Fructose 1-phosphate;[M-H2O-H];C6H13O9P;-1.51621e-5;-0.062910;241.011878;3 out of 5
241.011890;241.011862;Mannose 6-phosphate;[M-H2O-H];C6H13O9P;-1.51621e-5;-0.062910;241.011878;3 out of 5
241.011890;241.011862;D-myo-Inositol 4-phosphate;[M-H2O-H];C6H13O9P;-1.51621e-5;-0.062910;241.011878;3 out of 5
241.011890;241.011862;Glucose 6-phosphate;[M-H2O-H];C6H13O9P;-1.51621e-5;-0.062910;241.011878;3 out of 5
241.011890;241.011862;Glucose 1-phosphate;[M-H2O-H];C6H13O9P;-1.51621e-5;-0.062910;241.011878;3 out of 5
241.011890;241.011862;myo-Inositol 6-phosphate;[M-H2O-H];C6H13O9P;-1.51621e-5;-0.062910;241.011878;3 out of 5
241.011890;241.011862;beta-D-Glucose 6-phosphate;[M-H2O-H];C6H13O9P;-1.51621e-5;-0.062910;241.011878;3 out of 5
241.011890;241.011862;Beta-D-Fructose 6-phosphate;[M-H2O-H];C6H13O9P;-1.51621e-5;-0.062910;241.011878;3 out of 5
241.011890;241.011862;D-Tagatose 1-phosphate;[M-H2O-H];C6H13O9P;-1.51621e-5;-0.062910;241.011878;3 out of 5
241.011890;241.011862;D-Mannose 1-phosphate;[M-H2O-H];C6H13O9P;-1.51621e-5;-0.062910;241.011878;3 out of 5
241.011890;241.011862;Sorbose 1-phosphate;[M-H2O-H];C6H13O9P;-1.51621e-5;-0.062910;241.011878;3 out of 5
241.011890;241.011862;Beta-D-Fructose 2-phosphate;[M-H2O-H];C6H13O9P;-1.51621e-5;-0.062910;241.011878;3 out of 5
241.011890;241.011862;D-myo-Inositol 3-phosphate;[M-H2O-H];C6H13O9P;-1.51621e-5;-0.062910;241.011878;3 out of 5
241.011890;241.011862;D-Tagatose 6-phosphate;[M-H2O-H];C6H13O9P;-1.51621e-5;-0.062910;241.011878;3 out of 5
241.011890;241.011862;D-fructose 1-phosphate;[M-H2O-H];C6H13O9P;-1.51621e-5;-0.062910;241.011878;3 out of 5
241.011890;241.011862;"(3S,4R)-Ketose 1-phosphate";[M-H2O-H];C6H13O9P;-1.51621e-5;-0.062910;241.011878;3 out of 5
241.011890;241.011862;"[(2R,3R,4S,5S)-3,4,5,6-Tetrahydroxyoxan-2-yl]methyl dihydrogen phosphate";[M-H2O-H];C6H13O9P;-1.51621e-5;-0.062910;241.011878;3 out of 5
241.011890;241.011862;beta-D-Glucose 1-phosphate;[M-H2O-H];C6H13O9P;-1.51621e-5;-0.062910;241.011878;3 out of 5
241.011890;241.011862;D-mannose 6-phosphate;[M-H2O-H];C6H13O9P;-1.51621e-5;-0.062910;241.011878;3 out of 5
241.011890;241.011862;myo-Inositol 1-phosphate;[M-H2O-H];C6H13O9P;-1.56331e-5;-0.064864;241.011878;3 out of 5
241.011890;241.011862;"(2,3,4,5,6-Pentahydroxycyclohexyl) dihydrogen phosphate";[M-H2O-H];C6H13O9P;-1.56331e-5;-0.064864;241.011878;3 out of 5
241.011890;241.011862;"(2R,3R,4S,5R)-2,3,4,5-Tetrahydroxy-6-oxohexyl dihydrogen phosphate";[M-H2O-H];C6H13O9P;-1.56331e-5;-0.064864;241.011878;3 out of 5
241.011890;241.011862;beta-D-Fructopyranose 1-phosphate;[M-H2O-H];C6H13O9P;-1.56331e-5;-0.064864;241.011878;3 out of 5
241.011890;241.011862;D-Glucose 2-phosphate;[M-H2O-H];C6H13O9P;-1.56331e-5;-0.064864;241.011878;3 out of 5
241.011890;241.011862;Fructose 3-phosphate;[M-H2O-H];C6H13O9P;-1.56331e-5;-0.064864;241.011878;3 out of 5
241.011890;241.011862;Fructose-6-Phosphate (closed form);[M-H2O-H];C6H13O9P;-1.56331e-5;-0.064864;241.011878;3 out of 5
241.011890;241.011862;2-(2-Hydroxyethyl)-4-oxohexanedioic acid;[M+K-H2];C8H12O6;-1.30742e-4;-0.542471;241.011993;1 out of 5
241.011890;241.011862;"3,5,6-Trihydroxy-5-(hydroxymethyl)-2-methoxy-2-cyclohexen-1-one";[M+K-H2];C8H12O6;-1.30752e-4;-0.542513;241.011993;1 out of 5
241.011890;241.011862;"2-Methoxypropane-1,2,3-tricarboxylic acid";[M+Cl];C7H10O7;-1.91298e-4;-0.793728;241.012054;1 out of 5
241.011890;241.011862;Glucose ketone;[M+Cl];C7H10O7;-1.91298e-4;-0.793728;241.012054;1 out of 5
241.011890;241.011862;2-Methylcitric acid;[M+Cl];C7H10O7;-1.91310e-4;-0.793778;241.012054;1 out of 5
241.011890;241.011862;Homocitric acid;[M+Cl];C7H10O7;-1.91310e-4;-0.793778;241.012054;1 out of 5
241.011890;241.011862;Methylisocitric acid;[M+Cl];C7H10O7;-1.91310e-4;-0.793778;241.012054;1 out of 5
241.011890;241.011862;3-(Carboxymethyl)-3-hydroxypentanedioic acid;[M+Cl];C7H10O7;-1.91310e-4;-0.793778;241.012054;1 out of 5
242.043494;242.043468;Methyl 5-hydroxyoxindole-3-acetate;[M+Na-H2];C11H11NO4;-6.82701e-6;-0.028206;242.043475;1 out of 5
242.043494;242.043468;Methyl dioxindole-3-acetate;[M+Na-H2];C11H11NO4;-6.82701e-6;-0.028206;242.043475;1 out of 5
242.043494;242.043468;1-alkyl-2-acylglycerophosphoethanolamine;[M-H];C6H14NO7P;-4.37750e-5;-0.180856;242.043512;1 out of 5
242.043494;242.043468;"2-Acetamido-2,6-dideoxygalactose";[M+K-H2];C8H15NO5;-1.59569e-4;-0.659257;242.043628;1 out of 5
242.043494;242.043468;valine lactate;[M+K-H2];C8H15NO5;-1.59569e-4;-0.659257;242.043628;1 out of 5
242.043494;242.043468;N-Methylcalystegine C1;[M+K-H2];C8H15NO5;-1.59577e-4;-0.659290;242.043628;1 out of 5
244.819292;244.819271;Dichloroiodomethane;[M+Cl];CHCl2I;-1.30264e-4;-0.532084;244.819401;1 out of 5
245.043155;245.043134;"2-Oxo-2-(3,4,5-trimethoxyphenyl)acetaldehyde";[M+Na-H2];C11H12O5;-6.73485e-6;-0.027484;245.043140;1 out of 5
245.043155;245.043134;Elenolide;[M+Na-H2];C11H12O5;-6.74285e-6;-0.027517;245.043140;1 out of 5
245.043155;245.043134;Sinapic acid;[M+Na-H2];C11H12O5;-6.74285e-6;-0.027517;245.043140;1 out of 5
245.043155;245.043134;cis-Sinapic acid;[M+Na-H2];C11H12O5;-6.74285e-6;-0.027517;245.043140;1 out of 5
245.043155;245.043134;"5-(3',4',5'-Trihydroxyphenyl)-gamma-valerolactone";[M+Na-H2];C11H12O5;-6.74285e-6;-0.027517;245.043140;1 out of 5
245.043155;245.043134;Glycerophosphoglycerol;[M-H];C6H15O8P;-4.36898e-5;-0.178294;245.043177;2 out of 5
245.043155;245.043134;Ethyl beta-D-glucopyranoside;[M+K-H2];C8H16O6;-1.59484e-4;-0.650839;245.043293;1 out of 5
245.043155;245.043134;Ethyl beta-D-fructofuranoside;[M+K-H2];C8H16O6;-1.59484e-4;-0.650839;245.043293;1 out of 5
245.043155;245.043134;Dambonitol;[M+K-H2];C8H16O6;-1.59493e-4;-0.650876;245.043293;1 out of 5
245.043155;245.043134;Ethyl glucoside;[M+K-H2];C8H16O6;-1.59493e-4;-0.650876;245.043293;1 out of 5
245.043155;245.043134;L-galacto-2-Heptulose;[M+Cl];C7H14O7;-2.20040e-4;-0.897963;245.043354;3 out of 5
245.043155;245.043134;D-manno-2-Heptulose;[M+Cl];C7H14O7;-2.20040e-4;-0.897963;245.043354;3 out of 5
245.043155;245.043134;"(3R,5R,6R)-1,2,3,5,6,7-Hexahydroxyheptan-4-one";[M+Cl];C7H14O7;-2.20040e-4;-0.897963;245.043354;3 out of 5
245.043155;245.043134;Crocose;[M+Cl];C7H14O7;-2.20040e-4;-0.897963;245.043354;3 out of 5
245.043155;245.043134;Sedoheptulose;[M+Cl];C7H14O7;-2.20051e-4;-0.898008;245.043354;3 out of 5
245.043155;245.043134;D-altro-D-manno-Heptose;[M+Cl];C7H14O7;-2.20051e-4;-0.898008;245.043354;3 out of 5
245.043155;245.043134;d-Glycero-d-galacto-heptose;[M+Cl];C7H14O7;-2.20051e-4;-0.898008;245.043354;3 out of 5
245.043155;245.043134;MANNOHEPTULOSE;[M+Cl];C7H14O7;-2.20051e-4;-0.898008;245.043354;3 out of 5
248.008964;248.008948;Alendronic acid;[M-H];C4H13NO7P2;-5.00252e-4;-2.017070;248.009448;1 out of 5
248.008964;248.008948;Avenin;[M+K-H2];C6H14NO5P;-6.16528e-4;-2.485906;248.009564;1 out of 5
248.978283;248.978269;Thioxanthen-9-one;[M+K-H2];C13H8OS;7.77173e-5;0.312145;248.978191;1 out of 5
248.978283;248.978269;Fenson;[M-H2O-H];C12H9ClO3S;1.67693e-5;0.067352;248.978252;1 out of 5
250.025284;250.025271;Glycerylphosphorylethanolamine;[M+Cl];C5H14NO6P;-3.95104e-6;-0.015803;250.025275;3 out of 5
250.025284;250.025271;sn-glycero-3-Phosphoethanolamine;[M+Cl];C5H14NO6P;-3.95104e-6;-0.015803;250.025275;3 out of 5
250.025284;250.025271;3-2-carboxyphenylcatechol;[M+Na-H2];C13H9O4;-2.86040e-5;-0.114405;250.025299;1 out of 5
250.860535;250.860524;"2,3,4,6-Tetrachlorophenol";[M+Na-H2];C6H2Cl4O;-1.18436e-4;-0.472117;250.860643;1 out of 5
250.860535;250.860524;"2,3,4,5-Tetrachlorophenol";[M+Na-H2];C6H2Cl4O;-1.18450e-4;-0.472173;250.860643;1 out of 5
256.072783;256.072780;Metronidazole benzoate;[M-H2O-H];C13H13N3O4;1.55452e-5;0.060706;256.072765;1 out of 5
259.022428;259.022432;Benzoylmalic acid;[M+Na-H2];C11H10O6;2.65310e-5;0.102428;259.022405;1 out of 5
259.022428;259.022432;Fructose 6-phosphate;[M-H];C6H13O9P;-9.94297e-6;-0.038387;259.022442;3 out of 5
259.022428;259.022432;Galactose 1-phosphate;[M-H];C6H13O9P;-9.94297e-6;-0.038387;259.022442;3 out of 5
259.022428;259.022432;Dolichyl phosphate D-mannose;[M-H];C6H13O9P;-9.94297e-6;-0.038387;259.022442;3 out of 5
259.022428;259.022432;Fructose 1-phosphate;[M-H];C6H13O9P;-9.94297e-6;-0.038387;259.022442;3 out of 5
259.022428;259.022432;Mannose 6-phosphate;[M-H];C6H13O9P;-9.94297e-6;-0.038387;259.022442;3 out of 5
259.022428;259.022432;D-myo-Inositol 4-phosphate;[M-H];C6H13O9P;-9.94297e-6;-0.038387;259.022442;3 out of 5
259.022428;259.022432;Glucose 6-phosphate;[M-H];C6H13O9P;-9.94297e-6;-0.038387;259.022442;3 out of 5
259.022428;259.022432;Glucose 1-phosphate;[M-H];C6H13O9P;-9.94297e-6;-0.038387;259.022442;3 out of 5
259.022428;259.022432;myo-Inositol 6-phosphate;[M-H];C6H13O9P;-9.94297e-6;-0.038387;259.022442;3 out of 5
259.022428;259.022432;beta-D-Glucose 6-phosphate;[M-H];C6H13O9P;-9.94297e-6;-0.038387;259.022442;3 out of 5
259.022428;259.022432;Beta-D-Fructose 6-phosphate;[M-H];C6H13O9P;-9.94297e-6;-0.038387;259.022442;3 out of 5
259.022428;259.022432;D-Tagatose 1-phosphate;[M-H];C6H13O9P;-9.94297e-6;-0.038387;259.022442;3 out of 5
259.022428;259.022432;D-Mannose 1-phosphate;[M-H];C6H13O9P;-9.94297e-6;-0.038387;259.022442;3 out of 5
259.022428;259.022432;Sorbose 1-phosphate;[M-H];C6H13O9P;-9.94297e-6;-0.038387;259.022442;3 out of 5
259.022428;259.022432;Beta-D-Fructose 2-phosphate;[M-H];C6H13O9P;-9.94297e-6;-0.038387;259.022442;3 out of 5
259.022428;259.022432;D-myo-Inositol 3-phosphate;[M-H];C6H13O9P;-9.94297e-6;-0.038387;259.022442;3 out of 5
259.022428;259.022432;D-Tagatose 6-phosphate;[M-H];C6H13O9P;-9.94297e-6;-0.038387;259.022442;3 out of 5
259.022428;259.022432;D-fructose 1-phosphate;[M-H];C6H13O9P;-9.94297e-6;-0.038387;259.022442;3 out of 5
259.022428;259.022432;"(3S,4R)-Ketose 1-phosphate";[M-H];C6H13O9P;-9.94297e-6;-0.038387;259.022442;3 out of 5
259.022428;259.022432;"[(2R,3R,4S,5S)-3,4,5,6-Tetrahydroxyoxan-2-yl]methyl dihydrogen phosphate";[M-H];C6H13O9P;-9.94297e-6;-0.038387;259.022442;3 out of 5
259.022428;259.022432;beta-D-Glucose 1-phosphate;[M-H];C6H13O9P;-9.94297e-6;-0.038387;259.022442;3 out of 5
259.022428;259.022432;D-mannose 6-phosphate;[M-H];C6H13O9P;-9.94297e-6;-0.038387;259.022442;3 out of 5
259.022428;259.022432;myo-Inositol 1-phosphate;[M-H];C6H13O9P;-1.04140e-5;-0.040205;259.022442;3 out of 5
259.022428;259.022432;"(2,3,4,5,6-Pentahydroxycyclohexyl) dihydrogen phosphate";[M-H];C6H13O9P;-1.04140e-5;-0.040205;259.022442;3 out of 5
259.022428;259.022432;"(2R,3R,4S,5R)-2,3,4,5-Tetrahydroxy-6-oxohexyl dihydrogen phosphate";[M-H];C6H13O9P;-1.04140e-5;-0.040205;259.022442;3 out of 5
259.022428;259.022432;beta-D-Fructopyranose 1-phosphate;[M-H];C6H13O9P;-1.04140e-5;-0.040205;259.022442;3 out of 5
259.022428;259.022432;D-Glucose 2-phosphate;[M-H];C6H13O9P;-1.04140e-5;-0.040205;259.022442;3 out of 5
259.022428;259.022432;Fructose 3-phosphate;[M-H];C6H13O9P;-1.04140e-5;-0.040205;259.022442;3 out of 5
259.022428;259.022432;Fructose-6-Phosphate (closed form);[M-H];C6H13O9P;-1.04140e-5;-0.040205;259.022442;3 out of 5
259.022428;259.022432;Ethyl glucuronide;[M+K-H2];C8H14O7;-1.26219e-4;-0.487289;259.022558;1 out of 5
259.936125;259.936130;Pentafluorophenyl isothiocyanate;[M+Cl];C7F5NS;-4.32096e-4;-1.662315;259.936562;1 out of 5
260.071006;260.071011;6-Benzylaminopurine;[M+Cl];C12H11N5;1.64292e-4;0.631721;260.070846;1 out of 5
262.086758;262.086767;"2-Amino-3,7,8-trimethylimidazo(4,5-f)quinoxaline";[M+Cl];C12H13N5;2.70626e-4;1.032583;262.086496;1 out of 5
262.086758;262.086767;"2-Amino-3,4,8-trimethyl-3H-imidazo[4,5-f]quinoxaline";[M+Cl];C12H13N5;2.70624e-4;1.032575;262.086496;1 out of 5
262.086758;262.086767;"2-Amino-1,7,9-trimethylimidazo[4,5-g]quinoxaline";[M+Cl];C12H13N5;2.70624e-4;1.032575;262.086496;1 out of 5
262.086758;262.086767;Asparaginyl-Methionine;[M-H];C9H17N3O4S;6.73280e-5;0.256892;262.086700;1 out of 5
262.086758;262.086767;Methionyl-Asparagine;[M-H];C9H17N3O4S;6.73280e-5;0.256892;262.086700;1 out of 5
262.086758;262.086767;Dehydroanonaine;[M-H];C17H13NO2;-5.84600e-4;-2.230554;262.087352;1 out of 5
262.086758;262.086767;2-Naphthalenol 2-aminobenzoate;[M-H];C17H13NO2;-5.84600e-4;-2.230554;262.087352;1 out of 5
262.086758;262.086767;Acetoxyacetylaminofluorene;[M-H2O-H];C17H15NO3;-5.85282e-4;-2.233156;262.087352;1 out of 5
262.086758;262.086767;Juzirine;[M-H2O-H];C17H15NO3;-5.85286e-4;-2.233172;262.087352;1 out of 5
262.086758;262.086767;indoprofen;[M-H2O-H];C17H15NO3;-5.85286e-4;-2.233172;262.087352;1 out of 5
262.086758;262.086767;(-)-Norushinsunine;[M-H2O-H];C17H15NO3;-5.85286e-4;-2.233172;262.087352;1 out of 5
263.014883;263.014893;Polyanethole-sulfate;[M+Cl];C10H12O4S;-1.37834e-4;-0.524052;263.015031;2 out of 5
265.011895;265.011909;Urolithin C;[M+Na-H2];C13H8O5;6.87346e-5;0.259364;265.011840;1 out of 5
265.011895;265.011909;Gentisein;[M+Na-H2];C13H8O5;6.87346e-5;0.259364;265.011840;1 out of 5
265.027375;265.027390;Resveratrol;[M+K-H2];C14H12O3;1.40442e-4;0.529915;265.027249;1 out of 5
265.027375;265.027390;(Z)-Resveratrol;[M+K-H2];C14H12O3;1.40442e-4;0.529915;265.027249;1 out of 5
265.027375;265.027390;Seselin;[M+K-H2];C14H12O3;1.40442e-4;0.529915;265.027249;1 out of 5
265.027375;265.027390;"1,3-Benzenediol, 5-[(1Z)-2-(4-hydroxyphenyl)ethenyl]-";[M+K-H2];C14H12O3;1.40442e-4;0.529915;265.027249;1 out of 5
265.027375;265.027390;Benzyl 4-hydroxybenzoate;[M+K-H2];C14H12O3;1.40442e-4;0.529915;265.027249;1 out of 5
265.027375;265.027390;trihydroxystilbene;[M+K-H2];C14H12O3;1.40442e-4;0.529915;265.027249;1 out of 5
265.027375;265.027390;Oxybenzone;[M+K-H2];C14H12O3;1.40438e-4;0.529899;265.027249;1 out of 5
265.027375;265.027390;Trioxsalen;[M+K-H2];C14H12O3;1.40438e-4;0.529899;265.027249;1 out of 5
265.027375;265.027390;Benzyl salicylate;[M+K-H2];C14H12O3;1.40438e-4;0.529899;265.027249;1 out of 5
265.027375;265.027390;"2,4-Difurfurylfuran";[M+K-H2];C14H12O3;1.40438e-4;0.529899;265.027249;1 out of 5
265.027375;265.027390;"5,6-Dihydro-5-hydroxy-6-methyl-2H-pyran-2-one";[M+K-H2];C14H12O3;1.40438e-4;0.529899;265.027249;1 out of 5
265.027375;265.027390;o-Tolyl salicylate;[M+K-H2];C14H12O3;1.40438e-4;0.529899;265.027249;1 out of 5
265.027375;265.027390;Benzilic acid;[M+K-H2];C14H12O3;1.40438e-4;0.529899;265.027249;1 out of 5
265.027375;265.027390;Xanthyletin;[M+K-H2];C14H12O3;1.40438e-4;0.529899;265.027249;1 out of 5
265.027375;265.027390;"2,3,4-Trihydroxybenzophenone";[M+Cl];C13H10O4;7.98858e-5;0.301425;265.027310;2 out of 5
265.027375;265.027390;3-(4-Hydroxyphenoxy)benzoic acid;[M+Cl];C13H10O4;7.98858e-5;0.301425;265.027310;2 out of 5
265.027375;265.027390;Visnagin;[M+Cl];C13H10O4;7.98858e-5;0.301425;265.027310;2 out of 5
265.027375;265.027390;Coriandrin;[M+Cl];C13H10O4;7.98798e-5;0.301402;265.027310;2 out of 5
265.027375;265.027390;Wyeronic acid;[M+Cl];C13H10O4;7.98798e-5;0.301402;265.027310;2 out of 5
265.027375;265.027390;"2',4'-Dihydroxy-2-biphenylcarboxylic acid";[M+Cl];C13H10O4;7.98798e-5;0.301402;265.027310;2 out of 5
265.027375;265.027390;Bisnoryangonin;[M+Cl];C13H10O4;7.98798e-5;0.301402;265.027310;2 out of 5
265.030436;265.030450;"N,N'-Dichloro-N,N'-diphenylmethanediamine";[M-H];C13H12Cl2N2;-2.67820e-5;-0.101053;265.030477;3 out of 5
265.030436;265.030450;"4,4'-Methylenebis(2-chloroaniline)";[M-H];C13H12Cl2N2;-2.67900e-5;-0.101083;265.030477;3 out of 5
265.030436;265.030450;Thymol Sulfate;[M+Cl];C10H14O4S;-2.31087e-4;-0.871925;265.030681;2 out of 5
265.033496;265.033510;1-O-Galloylglycerol;[M+Na-H2];C10H12O7;5.40681e-4;2.040051;265.032970;1 out of 5
265.033496;265.033510;"3-Fluoro-5-[3-(5-fluoropyridin-2-yl)-1,2,4-oxadiazol-5-yl]benzonitrile";[M-H2O-H];C14H6F2N4O;3.84264e-4;1.449871;265.033126;1 out of 5
265.034216;265.034231;"1,3,5-Triazin-2(1H)-one, 4-amino-1-(2-deoxy-beta-D-erythro-pentofuranosyl)-";[M+K-H2];C8H12N4O4;-2.29359e-4;-0.865391;265.034460;1 out of 5
265.034216;265.034231;Decitabine;[M+K-H2];C8H12N4O4;-2.29369e-4;-0.865429;265.034460;1 out of 5
265.034756;265.034771;"1,3,5-Triazin-2(1H)-one, 4-amino-1-(2-deoxy-beta-D-erythro-pentofuranosyl)-";[M+K-H2];C8H12N4O4;3.10722e-4;1.172385;265.034460;1 out of 5
265.034756;265.034771;Decitabine;[M+K-H2];C8H12N4O4;3.10712e-4;1.172347;265.034460;1 out of 5
265.034756;265.034771;Echinochrome A;[M-H];C12H10O7;-6.05058e-4;-2.282931;265.035376;1 out of 5
265.034756;265.034771;2-O-p-Coumaroyltartronic acid;[M-H];C12H10O7;-6.05070e-4;-2.282976;265.035376;1 out of 5
266.033787;266.033804;N-Acetylamrinone;[M+K-H2];C12H11N3O2;7.19771e-5;0.270556;266.033732;1 out of 5
266.033787;266.033804;5-(4-Acetamidophenyl)pyrazin-2(1H)-one;[M+K-H2];C12H11N3O2;7.19771e-5;0.270556;266.033732;1 out of 5
266.033787;266.033804;"Guanidine, (4-chloro-3-methoxy-1-oxo-1H-2-benzopyran-7-yl)-";[M-H];C11H10ClN3O3;1.16831e-5;0.043916;266.033792;2 out of 5
266.151287;266.151304;Carbuterol;[M-H];C13H21N3O3;2.89079e-4;1.086145;266.151015;1 out of 5
266.904746;266.904765;Pentafluorobenzoyl chloride;[M+K-H2];C7ClF5O;3.76421e-4;1.410321;266.904388;1 out of 5
267.025027;267.025045;Glycerophosphoglycerol;[M+Na-H2];C6H15O8P;-7.59461e-5;-0.284416;267.025121;2 out of 5
267.025027;267.025045;"(2E,11Z)-5-[5-(Methylthio)-4-penten-2-ynyl]-2-furanacrolein";[M+Cl];C13H12O2S;-1.55823e-4;-0.583552;267.025201;3 out of 5
267.026306;267.026325;(-)-Dioxibrassinin;[M-H];C11H12N2O2S2;-4.17328e-4;-1.562868;267.026742;1 out of 5
267.027494;267.027513;Isopimpinellin;[M+Na-H2];C13H10O5;2.21039e-5;0.082778;267.027490;1 out of 5
267.027494;267.027513;"2,2',4,4'-Tetrahydroxybenzophenone";[M+Na-H2];C13H10O5;2.21039e-5;0.082778;267.027490;1 out of 5
267.027494;267.027513;Hispidin;[M+Na-H2];C13H10O5;2.21039e-5;0.082778;267.027490;1 out of 5
267.027494;267.027513;Iriflophenone;[M+Na-H2];C13H10O5;2.21039e-5;0.082778;267.027490;1 out of 5
267.027494;267.027513;Pimpinellidine;[M+Na-H2];C13H10O5;2.21039e-5;0.082778;267.027490;1 out of 5
267.027494;267.027513;Coriandrone C;[M+Na-H2];C13H10O5;2.20959e-5;0.082748;267.027490;1 out of 5
267.027494;267.027513;"Galactitol, 1,2:5,6-dianhydro-, diacetate";[M+K-H2];C10H14O6;-1.30645e-4;-0.489257;267.027643;1 out of 5
267.028682;267.028700;Dibenzyl disulfide;[M+Na-H2];C14H14S2;3.41544e-4;1.279055;267.028359;1 out of 5
267.028682;267.028700;"Hexahydro-2',4-dimethylspiro[1,3-dithiolo[4,5-c]furan-2,3'(2'H)-furan]";[M+Cl];C10H16O2S2;1.28236e-4;0.480233;267.028572;2 out of 5
267.028682;267.028700;"Hexahydro-2',3alpha-dimethylspiro[1,3-dithiolo[4,5-b]furan-2,3'(2'H)-furan]";[M+Cl];C10H16O2S2;1.28236e-4;0.480233;267.028572;2 out of 5
267.028682;267.028700;(2-Quinoxalinylmethylene)hydrazinecarboxylic acid methyl ester;[M+K-H2];C11H10N4O2;-2.80206e-4;-1.049347;267.028981;1 out of 5
267.028682;267.028700;Hydralazine pyruvate hydrazone;[M+K-H2];C11H10N4O2;-2.80212e-4;-1.049370;267.028981;1 out of 5
267.028682;267.028700;Taurine glutamate;[M-H];C7H12N2O7S;-5.44536e-4;-2.039238;267.029245;1 out of 5
267.029961;267.029980;Coumesterol;[M-H];C15H8O5;8.32445e-5;0.311742;267.029896;1 out of 5
267.029961;267.029980;sparstolonin B;[M-H];C15H8O5;8.32445e-5;0.311742;267.029896;1 out of 5
267.029961;267.029980;Protoapigenone;[M-H2O-H];C15H10O6;8.25605e-5;0.309181;267.029897;1 out of 5
267.029961;267.029980;Luteolin;[M-H2O-H];C15H10O6;8.25505e-5;0.309143;267.029897;1 out of 5
267.029961;267.029980;Kaempferol;[M-H2O-H];C15H10O6;8.25505e-5;0.309143;267.029897;1 out of 5
267.029961;267.029980;Maritimetin;[M-H2O-H];C15H10O6;8.25505e-5;0.309143;267.029897;1 out of 5
267.029961;267.029980;Norartocarpetin;[M-H2O-H];C15H10O6;8.25505e-5;0.309143;267.029897;1 out of 5
267.029961;267.029980;2'-Hydroxygenistein;[M-H2O-H];C15H10O6;8.25505e-5;0.309143;267.029897;1 out of 5
267.029961;267.029980;Cernuine;[M-H2O-H];C15H10O6;8.25505e-5;0.309143;267.029897;1 out of 5
267.029961;267.029980;Citreorosein;[M-H2O-H];C15H10O6;8.25505e-5;0.309143;267.029897;1 out of 5
267.029961;267.029980;3'-Hydroxygenistein;[M-H2O-H];C15H10O6;8.25505e-5;0.309143;267.029897;1 out of 5
267.029961;267.029980;"5,6,7,4'-Tetrahydroxyisoflavone";[M-H2O-H];C15H10O6;8.25505e-5;0.309143;267.029897;1 out of 5
267.029961;267.029980;"7,8,3',4'-Tetrahydroxyisoflavone";[M-H2O-H];C15H10O6;8.25505e-5;0.309143;267.029897;1 out of 5
267.029961;267.029980;8-Hydroxygenistein;[M-H2O-H];C15H10O6;8.25505e-5;0.309143;267.029897;1 out of 5
267.037271;267.037290;Imirestat;[M-H2O-H];C15H8F2N2O2;-2.53105e-4;-0.947826;267.037543;1 out of 5
268.024510;268.024530;Coumarin-3-carboxylic acid succinimidyl ester;[M-H2O-H];C14H9NO6;-6.15746e-4;-2.297345;268.025146;1 out of 5
270.027963;270.027988;"4-(3-Pyridin-2-yl-[1,2,4]oxadiazol-5-yl)-butyric acid";[M+K-H2];C11H11N3O3;-6.58513e-4;-2.438679;270.028646;1 out of 5
271.004066;271.004093;Bisphenol S;[M+Na-H2];C12H10O4S;-5.54405e-4;-2.045738;271.004647;1 out of 5
271.004066;271.004093;Diphenyl sulfate;[M+Na-H2];C12H10O4S;-5.54405e-4;-2.045738;271.004647;1 out of 5
272.088723;272.088752;Glutamine-glutamate;[M-H2O-H];C10H17N3O7;-5.70631e-5;-0.209722;272.088809;1 out of 5
273.003286;273.003316;5-Hydroxy-3-[(5-nitrofuran-2-yl)methylideneamino]-1H-imidazol-2-one;[M+Cl];C8H6N4O5;9.60310e-5;0.351758;273.003220;1 out of 5
273.003286;273.003316;Nitrofurantoin;[M+Cl];C8H6N4O5;9.60180e-5;0.351710;273.003220;1 out of 5
273.033947;273.033978;"(5R,6S)-6-[(1R)-1-Hydroxyethyl]-7-oxo-3-pyridin-3-yl-4-thia-1-azabicyclo[3.2.0]hept-2-ene-2-carboxylic acid";[M-H2O-H];C13H12N2O4S;4.07278e-5;0.149167;273.033937;3 out of 5
273.043501;273.043531;Nafimidone;[M+K-H2];C15H12N2O;-3.69820e-5;-0.135444;273.043568;1 out of 5
273.043501;273.043531;Carbamazepine;[M+K-H2];C15H12N2O;-3.69840e-5;-0.135451;273.043568;1 out of 5
273.043501;273.043531;Glycosminine;[M+K-H2];C15H12N2O;-3.69840e-5;-0.135451;273.043568;1 out of 5
273.043501;273.043531;Acridonecarboxamide;[M+Cl];C14H10N2O2;-9.75380e-5;-0.357225;273.043629;1 out of 5
273.043501;273.043531;S-methylazathioprine;[M-H2O-H];C10H10N7O2S;-2.96257e-4;-1.085016;273.043827;3 out of 5
273.043501;273.043531;4-Hydroxy-5-(phenyl)-valeric acid-O-sulphate;[M-H];C11H14O6S;-3.00838e-4;-1.101794;273.043832;2 out of 5
274.046764;274.046796;Nifuroxazide;[M-H];C12H9N3O5;-1.47323e-4;-0.537583;274.046943;2 out of 5
274.104519;274.104552;Glutaminylglutamic acid;[M-H];C10H17N3O6;9.35279e-5;0.341213;274.104458;1 out of 5
274.104519;274.104552;Glutamylglutamine;[M-H];C10H17N3O6;9.35279e-5;0.341213;274.104458;1 out of 5
274.104519;274.104552;Glutamyl-Gamma-glutamate;[M-H];C10H17N3O6;9.35279e-5;0.341213;274.104458;1 out of 5
274.104519;274.104552;N-gamma-Glutamylglutamine;[M-H];C10H17N3O6;9.35279e-5;0.341213;274.104458;1 out of 5
274.104519;274.104552;Norophthalmic acid;[M-H];C10H17N3O6;9.35159e-5;0.341169;274.104458;1 out of 5
274.104519;274.104552;N2-gamma-Glutamylglutamine;[M-H];C10H17N3O6;9.35159e-5;0.341169;274.104458;1 out of 5
275.001207;275.001241;1-Propenyl 1-(propylsulfinyl)propyl disulfide;[M+K-H2];C9H18OS3;6.59046e-4;2.396527;275.000582;1 out of 5
275.001207;275.001241;1-(1-Propenylsulfinyl)propyl propyl disulfide;[M+K-H2];C9H18OS3;6.59046e-4;2.396527;275.000582;1 out of 5
275.001207;275.001241;1-(2-Propenylsulfinyl)propyl propyl disulfide;[M+K-H2];C9H18OS3;6.59046e-4;2.396527;275.000582;1 out of 5
275.001207;275.001241;2-Propenyl 1-(propylsulfinyl)propyl disulfide;[M+K-H2];C9H18OS3;6.59046e-4;2.396527;275.000582;1 out of 5
276.988566;276.988604;4-Methylumbelliferyl phosphate;[M+Na-H2];C10H9O6P;2.62622e-4;0.948135;276.988342;1 out of 5
276.988566;276.988604;"1H-2-Benzopyran-7-carboxylic acid, 5-chloro-3,4-dihydro-8-hydroxy-3-methyl-1-oxo-";[M+Na-H2];C11H9ClO5;8.60543e-5;0.310678;276.988518;1 out of 5
276.988566;276.988604;Inositol cyclic phosphate;[M+Cl];C6H11O8P;4.93143e-5;0.178037;276.988555;2 out of 5
276.988566;276.988604;Phosphohexose;[M+Cl];C6H11O8P;4.88423e-5;0.176333;276.988555;2 out of 5
276.988566;276.988604;"(6S,7R)-2,6,7,8-Tetrahydroxy-2-oxo-1,3,2lambda5-dioxaphosphonan-5-one";[M+Cl];C6H11O8P;4.88423e-5;0.176333;276.988555;2 out of 5
282.028872;282.028921;2-Hydroxy-4-(3-azidomethylphenyl)-4-oxo-2-butenoic acid;[M+Cl];C11H9N3O4;2.14445e-4;0.760366;282.028707;1 out of 5
282.028872;282.028921;N-Acetylgalactosamine 4-sulphate;[M-H2O-H];C8H15NO9S;1.04541e-5;0.037067;282.028911;2 out of 5
282.028872;282.028921;N-Acetylglucosamine 6-sulfate;[M-H2O-H];C8H15NO9S;1.04541e-5;0.037067;282.028911;2 out of 5
282.028872;282.028921;N-Acetylgalactosamine 6-sulfate;[M-H2O-H];C8H15NO9S;1.04541e-5;0.037067;282.028911;2 out of 5
282.028872;282.028921;2-(Acetylamino)-2-Deoxy-6-O-Sulfo-alpha-D-Glucopyranose;[M-H2O-H];C8H15NO9S;9.98608e-6;0.035408;282.028911;2 out of 5
287.012383;287.012443;"N,N'-Dichloro-N,N'-diphenylmethanediamine";[M+Na-H2];C13H12Cl2N2;2.22420e-5;0.077495;287.012421;3 out of 5
287.012383;287.012443;"4,4'-Methylenebis(2-chloroaniline)";[M+Na-H2];C13H12Cl2N2;2.22340e-5;0.077467;287.012421;3 out of 5
288.015858;288.015920;"Guanidine, (4-chloro-3-methoxy-1-oxo-1H-2-benzopyran-7-yl)-";[M+Na-H2];C11H10ClN3O3;1.84529e-4;0.640692;288.015736;2 out of 5
289.009462;289.009527;Cysteinyl-Methionine;[M+K-H2];C8H16N2O3S2;6.87982e-4;2.380488;289.008839;1 out of 5
289.009462;289.009527;Methionyl-Cysteine;[M+K-H2];C8H16N2O3S2;6.87982e-4;2.380488;289.008839;1 out of 5
289.009462;289.009527;Djenkolic acid;[M+Cl];C7H14N2O4S2;6.27424e-4;2.170951;289.008899;1 out of 5
289.009462;289.009527;2-Amino-4-[(2-amino-2-carboxyethyl)disulfanyl]butanoic acid;[M+Cl];C7H14N2O4S2;6.26463e-4;2.167626;289.008900;1 out of 5
289.028837;289.028901;Nimesulide;[M-H2O-H];C13H12N2O5S;5.02497e-5;0.173857;289.028851;1 out of 5
290.088105;290.088172;"2-Deoxy-2,3-dehydro-n-acetyl-neuraminic acid";[M-H];C11H17NO8;3.27145e-5;0.112774;290.088140;2 out of 5
290.088105;290.088172;3h-Sialic acid;[M-H2O-H];C11H19NO9;3.20295e-5;0.110413;290.088140;1 out of 5
290.088105;290.088172;Glucose-6-glutamate;[M-H2O-H];C11H19NO9;3.20295e-5;0.110413;290.088140;1 out of 5
290.088105;290.088172;9-O-Acetylneuraminic acid;[M-H2O-H];C11H19NO9;3.20295e-5;0.110413;290.088140;1 out of 5
290.088105;290.088172;Aceneuramic acid;[M-H2O-H];C11H19NO9;3.20295e-5;0.110413;290.088140;1 out of 5
290.088105;290.088172;N-Acetylneuraminic acid;[M-H2O-H];C11H19NO9;3.20145e-5;0.110361;290.088140;1 out of 5
290.088105;290.088172;N-Acetyl-a-neuraminic acid;[M-H2O-H];C11H19NO9;3.20145e-5;0.110361;290.088140;1 out of 5
291.006419;291.006488;5-L-Glutamyl-taurine;[M+K-H2];C7H14N2O6S;6.26152e-4;2.151681;291.005862;1 out of 5
291.006419;291.006488;Daidzein;[M+K-H2];C15H10O4;-2.57702e-5;-0.088555;291.006514;1 out of 5
291.006419;291.006488;"7,8-Dihydroxyflavone";[M+K-H2];C15H10O4;-2.57702e-5;-0.088555;291.006514;1 out of 5
291.006419;291.006488;Rubiadin;[M+K-H2];C15H10O4;-2.57702e-5;-0.088555;291.006514;1 out of 5
291.006419;291.006488;Xanthenone-4-acetic acid;[M+K-H2];C15H10O4;-2.57702e-5;-0.088555;291.006514;1 out of 5
291.006419;291.006488;Chrysophanol;[M+K-H2];C15H10O4;-2.57762e-5;-0.088576;291.006514;1 out of 5
291.006419;291.006488;"5,7-Dihydroxyisoflavone";[M+K-H2];C15H10O4;-2.57762e-5;-0.088576;291.006514;1 out of 5
291.006419;291.006488;Phomarin;[M+K-H2];C15H10O4;-2.57762e-5;-0.088576;291.006514;1 out of 5
291.006419;291.006488;"(Z)-4',6-Dihydroxyaurone";[M+K-H2];C15H10O4;-2.57762e-5;-0.088576;291.006514;1 out of 5
291.006419;291.006488;"5,7-Dihydroxyflavone";[M+K-H2];C15H10O4;-2.57762e-5;-0.088576;291.006514;1 out of 5
291.006419;291.006488;"7,4'-Dihydroxyflavone";[M+K-H2];C15H10O4;-2.57762e-5;-0.088576;291.006514;1 out of 5
291.006419;291.006488;Anhydroglycinol;[M+K-H2];C15H10O4;-2.57762e-5;-0.088576;291.006514;1 out of 5
291.006419;291.006488;PURPURIN;[M+Cl];C14H8O5;-8.63262e-5;-0.296647;291.006574;1 out of 5
291.044406;291.044475;1-Oxoestazolam;[M-H2O-H];C16H11ClN4O;1.77149e-4;0.608667;291.044298;1 out of 5
291.044406;291.044475;4-Hydroxy-estazolam;[M-H2O-H];C16H11ClN4O;1.77148e-4;0.608664;291.044298;1 out of 5
291.044406;291.044475;"(5R,6S)-6-[(1R)-1-Hydroxyethyl]-7-oxo-3-pyridin-3-yl-4-thia-1-azabicyclo[3.2.0]hept-2-ene-2-carboxylic acid";[M-H];C13H12N2O4S;-2.61989e-5;-0.090017;291.044501;3 out of 5
291.053958;291.054027;"7H-Benzimidazo(2,1-a)benz(de)isoquinolin-7-one";[M+Na-H2];C18H10N2O;4.74305e-5;0.162961;291.053980;1 out of 5
291.053958;291.054027;3-Deoxypentosone;[M+K-H2];C15H14N2O2;-1.05318e-4;-0.361852;291.054133;1 out of 5
291.053958;291.054027;9-Fluorenylmethyl carbazate;[M+K-H2];C15H14N2O2;-1.05318e-4;-0.361852;291.054133;1 out of 5
291.053958;291.054027;9-Hydroxymethyl-10-carbamoylacridan;[M+K-H2];C15H14N2O2;-1.05318e-4;-0.361852;291.054133;1 out of 5
291.053958;291.054027;Nepafenac;[M+K-H2];C15H14N2O2;-1.05321e-4;-0.361862;291.054133;1 out of 5
291.053958;291.054027;10-Hydroxycarbazepine;[M+K-H2];C15H14N2O2;-1.05321e-4;-0.361862;291.054133;1 out of 5
291.053958;291.054027;(R)-MHD;[M+K-H2];C15H14N2O2;-1.05321e-4;-0.361862;291.054133;1 out of 5
291.053958;291.054027;(S)-MHD;[M+K-H2];C15H14N2O2;-1.05321e-4;-0.361862;291.054133;1 out of 5
291.053958;291.054027;S-methylazathioprine;[M-H];C10H10N7O2S;-3.63908e-4;-1.250311;291.054391;3 out of 5
292.049434;292.049505;"6-(4-Methoxyphenyl)-2-methyl-7H-imidazo[1,2-a]pyrazin-3-one";[M+K-H2];C14H13N3O2;1.23551e-4;0.423049;292.049382;1 out of 5
292.057413;292.057484;(S)-5-[(4-Amino-4-carboxy-1-oxobutyl)amino]-2-nitrobenzoic acid;[M-H2O-H];C12H13N3O7;-2.45113e-5;-0.083926;292.057509;1 out of 5
293.179236;293.179310;Sodium Tetradecyl Sulfate;[M-H];C14H30O4S;1.06682e-4;0.363880;293.179203;1 out of 5
294.046439;294.046515;BEMESETRON;[M-H2O-H];C15H17Cl2NO2;7.21760e-4;2.454583;294.045793;1 out of 5
294.046439;294.046515;Triazophos;[M-H2O-H];C12H16N3O3PS;-6.43599e-4;-2.188762;294.047159;1 out of 5
294.999058;294.999137;Fructose 6-phosphate;[M+Cl];C6H13O9P;1.70568e-5;0.057820;294.999120;3 out of 5
294.999058;294.999137;Galactose 1-phosphate;[M+Cl];C6H13O9P;1.70568e-5;0.057820;294.999120;3 out of 5
294.999058;294.999137;Dolichyl phosphate D-mannose;[M+Cl];C6H13O9P;1.70568e-5;0.057820;294.999120;3 out of 5
294.999058;294.999137;Fructose 1-phosphate;[M+Cl];C6H13O9P;1.70568e-5;0.057820;294.999120;3 out of 5
294.999058;294.999137;Mannose 6-phosphate;[M+Cl];C6H13O9P;1.70568e-5;0.057820;294.999120;3 out of 5
294.999058;294.999137;D-myo-Inositol 4-phosphate;[M+Cl];C6H13O9P;1.70568e-5;0.057820;294.999120;3 out of 5
294.999058;294.999137;Glucose 6-phosphate;[M+Cl];C6H13O9P;1.70568e-5;0.057820;294.999120;3 out of 5
294.999058;294.999137;Glucose 1-phosphate;[M+Cl];C6H13O9P;1.70568e-5;0.057820;294.999120;3 out of 5
294.999058;294.999137;myo-Inositol 6-phosphate;[M+Cl];C6H13O9P;1.70568e-5;0.057820;294.999120;3 out of 5
294.999058;294.999137;beta-D-Glucose 6-phosphate;[M+Cl];C6H13O9P;1.70568e-5;0.057820;294.999120;3 out of 5
294.999058;294.999137;Beta-D-Fructose 6-phosphate;[M+Cl];C6H13O9P;1.70568e-5;0.057820;294.999120;3 out of 5
294.999058;294.999137;D-Tagatose 1-phosphate;[M+Cl];C6H13O9P;1.70568e-5;0.057820;294.999120;3 out of 5
294.999058;294.999137;D-Mannose 1-phosphate;[M+Cl];C6H13O9P;1.70568e-5;0.057820;294.999120;3 out of 5
294.999058;294.999137;Sorbose 1-phosphate;[M+Cl];C6H13O9P;1.70568e-5;0.057820;294.999120;3 out of 5
294.999058;294.999137;Beta-D-Fructose 2-phosphate;[M+Cl];C6H13O9P;1.70568e-5;0.057820;294.999120;3 out of 5
294.999058;294.999137;D-myo-Inositol 3-phosphate;[M+Cl];C6H13O9P;1.70568e-5;0.057820;294.999120;3 out of 5
294.999058;294.999137;D-Tagatose 6-phosphate;[M+Cl];C6H13O9P;1.70568e-5;0.057820;294.999120;3 out of 5
294.999058;294.999137;D-fructose 1-phosphate;[M+Cl];C6H13O9P;1.70568e-5;0.057820;294.999120;3 out of 5
294.999058;294.999137;"(3S,4R)-Ketose 1-phosphate";[M+Cl];C6H13O9P;1.70568e-5;0.057820;294.999120;3 out of 5
294.999058;294.999137;"[(2R,3R,4S,5S)-3,4,5,6-Tetrahydroxyoxan-2-yl]methyl dihydrogen phosphate";[M+Cl];C6H13O9P;1.70568e-5;0.057820;294.999120;3 out of 5
294.999058;294.999137;beta-D-Glucose 1-phosphate;[M+Cl];C6H13O9P;1.70568e-5;0.057820;294.999120;3 out of 5
294.999058;294.999137;D-mannose 6-phosphate;[M+Cl];C6H13O9P;1.70568e-5;0.057820;294.999120;3 out of 5
294.999058;294.999137;myo-Inositol 1-phosphate;[M+Cl];C6H13O9P;1.65858e-5;0.056223;294.999120;3 out of 5
294.999058;294.999137;"(2,3,4,5,6-Pentahydroxycyclohexyl) dihydrogen phosphate";[M+Cl];C6H13O9P;1.65858e-5;0.056223;294.999120;3 out of 5
294.999058;294.999137;"(2R,3R,4S,5R)-2,3,4,5-Tetrahydroxy-6-oxohexyl dihydrogen phosphate";[M+Cl];C6H13O9P;1.65858e-5;0.056223;294.999120;3 out of 5
294.999058;294.999137;beta-D-Fructopyranose 1-phosphate;[M+Cl];C6H13O9P;1.65858e-5;0.056223;294.999120;3 out of 5
294.999058;294.999137;D-Glucose 2-phosphate;[M+Cl];C6H13O9P;1.65858e-5;0.056223;294.999120;3 out of 5
294.999058;294.999137;Fructose 3-phosphate;[M+Cl];C6H13O9P;1.65858e-5;0.056223;294.999120;3 out of 5
294.999058;294.999137;Fructose-6-Phosphate (closed form);[M+Cl];C6H13O9P;1.65858e-5;0.056223;294.999120;3 out of 5
296.996162;296.996245;Pentaerythritol tetranitrate;[M-H2O-H];C5H8N4O12;2.14322e-4;0.721632;296.996031;1 out of 5
297.038103;297.038186;O-Demethylfonsecin;[M+Na-H2];C14H12O6;1.31062e-4;0.441230;297.038055;1 out of 5
297.038103;297.038186;3-Furanmethanol glucoside;[M+K-H2];C11H16O7;-2.16880e-5;-0.073014;297.038208;1 out of 5
298.069883;298.069969;D-4'-Phosphopantothenate;[M-H];C9H18NO8P;2.42918e-4;0.814970;298.069726;1 out of 5
298.069883;298.069969;alpha-Cephalin;[M-H];C9H18NO8P;2.42445e-4;0.813383;298.069727;1 out of 5
298.069883;298.069969;Succinylcarnitine;[M+K-H2];C11H19NO6;1.26651e-4;0.424904;298.069842;1 out of 5
298.069883;298.069969;O-methylmalonyl-L-carnitine;[M+K-H2];C11H19NO6;1.26651e-4;0.424904;298.069842;1 out of 5
298.069883;298.069969;O-Methylmalonylcarnitine;[M+K-H2];C11H19NO6;1.26651e-4;0.424904;298.069842;1 out of 5
298.069883;298.069969;5-[1-Carboxy-2-(trimethylazaniumyl)ethoxy]-5-oxopentanoate;[M+K-H2];C11H19NO6;1.26651e-4;0.424904;298.069842;1 out of 5
298.069883;298.069969;Lotaustralin;[M+K-H2];C11H19NO6;1.26642e-4;0.424873;298.069842;1 out of 5
298.069883;298.069969;Epidermin;[M+K-H2];C11H19NO6;1.26642e-4;0.424873;298.069842;1 out of 5
298.069883;298.069969;O-Succinylcarnitine;[M+K-H2];C11H19NO6;1.26642e-4;0.424873;298.069842;1 out of 5
298.069883;298.069969;Epiheterodendrin;[M+K-H2];C11H19NO6;1.26642e-4;0.424873;298.069842;1 out of 5
298.069883;298.069969;Salicylic acid 2-beta-D-glucoside;[M-H];C13H15O8;4.96395e-6;0.016654;298.069964;1 out of 5
298.069883;298.069969;Camelinin;[M+K-H2];C12H23NOS2;-7.41756e-4;-2.488524;298.070711;1 out of 5
299.053722;299.053810;3-Hydroxy-4-butanolide;[M+Cl];C10H16O8;-1.08676e-4;-0.363399;299.053918;1 out of 5
300.039462;300.039552;Olaquindox;[M+K-H2];C12H13N3O4;3.41449e-4;1.138016;300.039211;1 out of 5
300.039462;300.039552;Isoniazid alpha-ketoglutaric acid;[M+Cl];C11H11N3O5;2.80883e-4;0.936155;300.039271;1 out of 5
300.039462;300.039552;N-Acetylgalactosamine 4-sulphate;[M-H];C8H15NO9S;7.75874e-5;0.258591;300.039475;2 out of 5
300.039462;300.039552;N-Acetylglucosamine 6-sulfate;[M-H];C8H15NO9S;7.75874e-5;0.258591;300.039475;2 out of 5
300.039462;300.039552;N-Acetylgalactosamine 6-sulfate;[M-H];C8H15NO9S;7.75874e-5;0.258591;300.039475;2 out of 5
300.039462;300.039552;2-(Acetylamino)-2-Deoxy-6-O-Sulfo-alpha-D-Glucopyranose;[M-H];C8H15NO9S;7.71194e-5;0.257031;300.039475;2 out of 5
300.039462;300.039552;"(2R,4S)-2-Aminoformyl-6-fluoro-spiro[chroman-4,4'-imidazolidine]-2',5'-dione";[M+Na-H2];C12H10FN3O4;-6.48617e-4;-2.161766;300.040201;1 out of 5
302.051727;302.051822;Beta-Citryl-L-glutamic acid;[M-H2O-H];C11H15NO10;6.72929e-5;0.222786;302.051755;3 out of 5
302.986411;302.986508;"N,N'-Dichloro-N,N'-diphenylmethanediamine";[M+K-H2];C13H12Cl2N2;1.49550e-4;0.493588;302.986359;3 out of 5
302.986411;302.986508;"4,4'-Methylenebis(2-chloroaniline)";[M+K-H2];C13H12Cl2N2;1.49542e-4;0.493561;302.986359;3 out of 5
306.029743;306.029848;"5-(4-Fluorophenyl)-3-(3-nitrophenyl)-1,2,4-oxadiazole";[M+Na-H2];C14H8FN3O3;2.11224e-4;0.690207;306.029636;1 out of 5
306.029743;306.029848;Pelargonidin;[M+Cl];C15H11O5;-2.01945e-4;-0.659887;306.030049;1 out of 5
306.029743;306.029848;Luteolinidin;[M+Cl];C15H11O5;-2.01945e-4;-0.659887;306.030049;1 out of 5
306.029743;306.029848;"(2R,3R)-pinobanksin";[M+Cl];C15H11O5;-7.50517e-4;-2.452425;306.030598;1 out of 5
306.029743;306.029848;p-coumaroyltriacetic acid lactone;[M+Cl];C15H11O5;-7.50517e-4;-2.452425;306.030598;1 out of 5
306.076435;306.076540;Letrozole;[M+Na-H2];C17H11N5;4.27547e-4;1.396864;306.076112;1 out of 5
306.076435;306.076540;Endralazine;[M+K-H2];C14H15N5O;2.74801e-4;0.897818;306.076265;1 out of 5
306.076435;306.076540;zaprinast;[M+Cl];C13H13N5O2;2.14245e-4;0.699971;306.076326;1 out of 5
306.076435;306.076540;Glutathione;[M-H];C10H17N3O6S;1.09427e-5;0.035751;306.076529;3 out of 5
306.076435;306.076540;Glutathionate(1-);[M-H];C10H17N3O6S;1.04707e-5;0.034209;306.076529;3 out of 5
306.076435;306.076540;"Methyl 2-((3,4-dihydro-3,4-dioxo-1-naphthalenyl)amino)benzoate";[M-H];C18H13NO4;-6.40979e-4;-2.094175;306.077181;3 out of 5
306.076435;306.076540;Hallacridone;[M-H];C18H13NO4;-6.40985e-4;-2.094195;306.077181;3 out of 5
306.076435;306.076540;Aristolodione;[M-H];C18H13NO4;-6.40985e-4;-2.094195;306.077181;3 out of 5
306.076435;306.076540;Avenanthramide L;[M-H2O-H];C18H15NO5;-6.41671e-4;-2.096436;306.077182;1 out of 5
306.762132;306.762239;Hexachlorocyclopentadiene;[M+K-H2];C5Cl6;5.17542e-4;1.687115;306.761721;1 out of 5
307.070062;307.070169;Manitimus;[M-H];C15H11F3N2O2;1.84270e-4;0.600091;307.069985;2 out of 5
307.070062;307.070169;2-Cyano-3-oxo-N-[4-(trifluoromethyl)phenyl]hept-6-ynamide;[M-H];C15H11F3N2O2;1.84270e-4;0.600091;307.069985;2 out of 5
307.070062;307.070169;"3',4'-Dihydrodiol";[M+Na-H2];C15H14N2O4;1.45415e-4;0.473556;307.070024;1 out of 5
307.070062;307.070169;Phenytoin dihydrodiol;[M+Na-H2];C15H14N2O4;1.45415e-4;0.473556;307.070024;1 out of 5
307.070062;307.070169;Hypoglycin B;[M+K-H2];C12H18N2O5;-7.33521e-6;-0.023888;307.070177;1 out of 5
307.079849;307.079957;Gastrodin;[M+Na-H2];C13H18O7;3.70572e-5;0.120676;307.079920;1 out of 5
307.079849;307.079957;Salicin;[M+Na-H2];C13H18O7;3.70472e-5;0.120644;307.079920;1 out of 5
307.079849;307.079957;Isosalicin;[M+Na-H2];C13H18O7;3.70472e-5;0.120644;307.079920;1 out of 5
307.079849;307.079957;3-Hydroxybenzyl alcohol glucoside;[M+Na-H2];C13H18O7;3.70472e-5;0.120644;307.079920;1 out of 5
307.079849;307.079957;"3-Hydroxy-4,6-heptadiyne-1-yl 1-glucoside";[M+Na-H2];C13H18O7;3.70472e-5;0.120644;307.079920;1 out of 5
307.079849;307.079957;Methylarbutin;[M+Na-H2];C13H18O7;3.70472e-5;0.120644;307.079920;1 out of 5
307.098943;307.099051;Bilineal;[M-H2O-H];C20H14N4O;1.30580e-4;0.425205;307.098920;1 out of 5
308.065540;308.065650;Ranimustine;[M-H2O-H];C10H18ClN3O7;1.63069e-4;0.529334;308.065487;1 out of 5
308.073323;308.073433;Diclobutrazol;[M-H2O-H];C15H19Cl2N3O;7.56666e-4;2.456129;308.072677;1 out of 5
308.073323;308.073433;N-Ethyl-N-(2-hydroxy-3-sulfopropyl)-3-toluidine;[M+Cl];C12H19NO4S;5.52996e-4;1.795018;308.072880;1 out of 5
308.979874;308.979986;quinalizarin;[M+K-H2];C14H8O6;-7.06872e-4;-2.287754;308.980693;1 out of 5
309.020128;309.020241;"(Z)-5-Chloro-3-((3,5-dimethyl-1H-pyrrol-2-yl)methylene)indolin-2-one";[M+K-H2];C15H13ClN2O;-4.93876e-6;-0.015982;309.020246;1 out of 5
309.020128;309.020241;4-Hydroxy-5-(phenyl)-valeric acid-O-sulphate;[M+Cl];C11H14O6S;-2.69109e-4;-0.870844;309.020510;2 out of 5
309.174024;309.174137;8-O-Methyloblongine;[M-H2O-H];C20H26NO3;7.09362e-4;2.294383;309.173428;1 out of 5
309.174024;309.174137;Ropivacaine;[M+Cl];C17H26N2O;2.22601e-4;0.719987;309.173914;1 out of 5
309.174024;309.174137;Cyanidin 3-(diferuloylsophoroside) 5-glucoside;[M+Cl];C17H26N2O;2.22601e-4;0.719987;309.173914;1 out of 5
309.174024;309.174137;"5-Methoxy-N,N-diisopropyltryptamine";[M+Cl];C17H26N2O;2.22601e-4;0.719987;309.173914;1 out of 5
309.174024;309.174137;(R)-(+)-Ropivacaine;[M+Cl];C17H26N2O;2.22600e-4;0.719984;309.173914;1 out of 5
310.023507;310.023622;Pomalidomide;[M+K-H2];C13H11N3O4;6.12922e-5;0.197702;310.023561;1 out of 5
310.023507;310.023622;Nifuroxazide;[M+Cl];C12H9N3O5;7.45158e-7;0.002404;310.023621;2 out of 5
311.017184;311.017301;N-Succinimidyl 3-(2-pyridyldithio)propionate;[M-H];C12H12N2O4S2;7.29200e-4;2.344570;311.016572;2 out of 5
311.017184;311.017301;Parylene C;[M+Cl];C16H14Cl2;6.44522e-4;2.072307;311.016657;1 out of 5
311.168609;311.168727;N-Undecylbenzenesulfonic acid;[M-H];C17H28O3S;8.84586e-5;0.284279;311.168638;1 out of 5
312.020495;312.020615;N-(2-hydroxymethyl-3-chlorophenyl)anthranilic acid;[M+Cl];C14H12ClNO3;6.42726e-4;2.059887;312.019972;1 out of 5
312.020495;312.020615;N-(2-methyl-3-chloro-4-hydroxyphenyl)anthranilic acid;[M+Cl];C14H12ClNO3;6.42726e-4;2.059887;312.019972;1 out of 5
312.020495;312.020615;N-(2-methyl-3-chloro-5-hydroxyphenyl)anthranilic acid;[M+Cl];C14H12ClNO3;6.42726e-4;2.059887;312.019972;1 out of 5
315.048530;315.048658;Glycerophosphoinositol;[M-H2O-H];C9H19O11P;1.02118e-6;0.003241;315.048657;2 out of 5
315.048530;315.048658;Tuliposide A;[M+K-H2];C11H18O8;-1.14557e-4;-0.363616;315.048773;1 out of 5
315.048530;315.048658;Isovalerylglucuronide;[M+K-H2];C11H18O8;-1.14569e-4;-0.363654;315.048773;1 out of 5
315.048530;315.048658;GHB-Gluc;[M+Cl];C10H16O9;-1.75112e-4;-0.555824;315.048833;1 out of 5
317.069635;317.069768;"3-(Hydroxymethyl)-5,5-diphenylimidazolidine-2,4-dione";[M+Cl];C16H14N2O3;-7.54780e-5;-0.238049;317.069843;1 out of 5
317.069635;317.069768;bendazac;[M+Cl];C16H14N2O3;-7.54780e-5;-0.238049;317.069843;1 out of 5
317.225336;317.225469;"6,10,14-Trimethyl-2-methylenepentadecanal";[M+K-H2];C19H36O;2.48512e-4;0.783394;317.225221;1 out of 5
317.225336;317.225469;2-Chlorooctadecanoic acid;[M-H];C18H35ClO2;1.88186e-4;0.593226;317.225281;1 out of 5
317.225336;317.225469;Oleic acid;[M+Cl];C18H34O2;1.87954e-4;0.592495;317.225281;1 out of 5
317.225336;317.225469;Elaidic acid;[M+Cl];C18H34O2;1.87954e-4;0.592495;317.225281;1 out of 5
317.225336;317.225469;Ethyl 9-hexadecenoate;[M+Cl];C18H34O2;1.87954e-4;0.592495;317.225281;1 out of 5
317.225336;317.225469;cis-Vaccenic acid;[M+Cl];C18H34O2;1.87954e-4;0.592495;317.225281;1 out of 5
317.225336;317.225469;7-Octadecenoic acid;[M+Cl];C18H34O2;1.87954e-4;0.592495;317.225281;1 out of 5
317.225336;317.225469;trans-10-Octadecenoic acid;[M+Cl];C18H34O2;1.87954e-4;0.592495;317.225281;1 out of 5
317.225336;317.225469;6-Octadecenoic acid;[M+Cl];C18H34O2;1.87954e-4;0.592495;317.225281;1 out of 5
317.225336;317.225469;Petroselinic acid;[M+Cl];C18H34O2;1.87951e-4;0.592486;317.225281;1 out of 5
317.225336;317.225469;Vaccenic acid;[M+Cl];C18H34O2;1.87951e-4;0.592486;317.225281;1 out of 5
317.225336;317.225469;(Z)-13-Octadecenoic acid;[M+Cl];C18H34O2;1.87951e-4;0.592486;317.225281;1 out of 5
317.225336;317.225469;7Z-octadecenoic acid;[M+Cl];C18H34O2;1.87951e-4;0.592486;317.225281;1 out of 5
317.225336;317.225469;Octadec-9-enoic Acid;[M+Cl];C18H34O2;1.87951e-4;0.592486;317.225281;1 out of 5
317.225336;317.225469;11-Aoctadecenoic acid;[M+Cl];C18H34O2;1.87951e-4;0.592486;317.225281;1 out of 5
317.225336;317.225469;Octadecenoic acid;[M+Cl];C18H34O2;1.87951e-4;0.592486;317.225281;1 out of 5
317.225336;317.225469;Octadec-5-enoic acid;[M+Cl];C18H34O2;1.87951e-4;0.592486;317.225281;1 out of 5
317.225336;317.225469;cis-12-Octadecenoic acid;[M+Cl];C18H34O2;1.87951e-4;0.592486;317.225281;1 out of 5
317.225336;317.225469;cis-15-Octadecenoic acid;[M+Cl];C18H34O2;1.87951e-4;0.592486;317.225281;1 out of 5
317.225336;317.225469;trans-12-Octadecenoic acid;[M+Cl];C18H34O2;1.87951e-4;0.592486;317.225281;1 out of 5
317.225336;317.225469;trans-14-Octadecenoic acid;[M+Cl];C18H34O2;1.87951e-4;0.592486;317.225281;1 out of 5
317.225336;317.225469;trans-15-Octadecenoic acid;[M+Cl];C18H34O2;1.87951e-4;0.592486;317.225281;1 out of 5
317.225336;317.225469;trans-16-Octadecenoic acid;[M+Cl];C18H34O2;1.87951e-4;0.592486;317.225281;1 out of 5
317.225336;317.225469;trans-4-Octadecenoic acid;[M+Cl];C18H34O2;1.87951e-4;0.592486;317.225281;1 out of 5
317.225336;317.225469;trans-8-Elaidic acid;[M+Cl];C18H34O2;1.87951e-4;0.592486;317.225281;1 out of 5
318.091823;318.091959;N-Desmethyladinazolam;[M-H2O-H];C18H16ClN5;3.76345e-4;1.183134;318.091582;1 out of 5
319.095177;319.095316;Enterolactone;[M+Na-H2];C18H18O4;1.39705e-4;0.437815;319.095176;1 out of 5
319.095177;319.095316;"(E)-3-(2,3-Dimethoxyphenyl)-1-(4-methoxyphenyl)prop-2-en-1-one";[M+Na-H2];C18H18O4;1.39705e-4;0.437815;319.095176;1 out of 5
319.095177;319.095316;7C-aglycone;[M+Na-H2];C18H18O4;1.39701e-4;0.437802;319.095176;1 out of 5
319.095177;319.095316;(+)-Ligballinol;[M+Na-H2];C18H18O4;1.39701e-4;0.437802;319.095176;1 out of 5
319.095177;319.095316;"7-Hydroxy-5-methoxy-6,8-dimethylflavanone";[M+Na-H2];C18H18O4;1.39701e-4;0.437802;319.095176;1 out of 5
319.095177;319.095316;"1-(2,4-Dihydroxy-6-methoxy-3,5-dimethylphenyl)-3-phenyl-2-propen-1-one";[M+Na-H2];C18H18O4;1.39701e-4;0.437802;319.095176;1 out of 5
319.095177;319.095316;"5,7-Dimethoxy-6-methylflavanone";[M+Na-H2];C18H18O4;1.39701e-4;0.437802;319.095176;1 out of 5
319.095177;319.095316;Dihydrophaseic acid;[M+K-H2];C15H22O5;-1.30433e-5;-0.040876;319.095329;1 out of 5
319.095177;319.095316;(+)-Arteannuin;[M+K-H2];C15H22O5;-1.30433e-5;-0.040876;319.095329;1 out of 5
319.095177;319.095316;Hymenoxon;[M+K-H2];C15H22O5;-1.30433e-5;-0.040876;319.095329;1 out of 5
319.095177;319.095316;Octyl gallate;[M+K-H2];C15H22O5;-1.30493e-5;-0.040895;319.095329;1 out of 5
319.095177;319.095316;Artabsinolide D;[M+K-H2];C15H22O5;-1.30493e-5;-0.040895;319.095329;1 out of 5
319.095177;319.095316;Cynaratriol;[M+K-H2];C15H22O5;-1.30493e-5;-0.040895;319.095329;1 out of 5
319.095177;319.095316;Anguidol;[M+K-H2];C15H22O5;-1.30493e-5;-0.040895;319.095329;1 out of 5
319.095177;319.095316;Epidihydrophaseic acid;[M+K-H2];C15H22O5;-1.30493e-5;-0.040895;319.095329;1 out of 5
319.095177;319.095316;Oxyhumulinic acid;[M+K-H2];C15H22O5;-1.30493e-5;-0.040895;319.095329;1 out of 5
319.095177;319.095316;Pisumic acid;[M+K-H2];C15H22O5;-1.30493e-5;-0.040895;319.095329;1 out of 5
319.095177;319.095316;Bisbynin;[M+K-H2];C15H22O5;-1.30493e-5;-0.040895;319.095329;1 out of 5
319.095177;319.095316;2-Phenylethyl beta-D-glucopyranoside;[M+Cl];C14H20O6;-7.36073e-5;-0.230675;319.095389;1 out of 5
320.062344;320.062485;Beta-Citryl-L-glutamic acid;[M-H];C11H15NO10;1.66279e-4;0.519520;320.062319;3 out of 5
320.062344;320.062485;"Benzonitrile, 3-amino-4-((2-((dimethylamino)methyl)phenyl)thio)-";[M+K-H2];C16H17N3S;-4.38749e-4;-1.370822;320.062924;1 out of 5
320.062344;320.062485;4-(2-Methoxyphenyl)-2-((5-methyl-1H-imidazol-4-yl)methyl)thiazole;[M+Cl];C15H15N3OS;-4.99305e-4;-1.560022;320.062984;1 out of 5
320.989437;320.989581;Sulfametrole;[M+Cl];C9H10N4O3S2;7.47112e-4;2.327534;320.988834;1 out of 5
322.983569;322.983718;Iron(II) lactate trihydrate;[M+Cl];C6H16FeO9;-5.71654e-5;-0.176992;322.983775;1 out of 5
322.984371;322.984520;Iron(II) lactate trihydrate;[M+Cl];C6H16FeO9;7.44912e-4;2.306346;322.983775;1 out of 5
322.985441;322.985590;Ethacrynic acid;[M+Na-H2];C13H12Cl2O4;-3.41688e-4;-1.057903;322.985931;1 out of 5
322.987312;322.987461;Urolithin c 3-sulfate;[M-H];C13H8O8S;7.49749e-4;2.321299;322.986711;2 out of 5
322.987312;322.987461;Clofentezine;[M+Na-H2];C14H8Cl2N4;1.92451e-4;0.595846;322.987269;1 out of 5
322.989050;322.989199;Methyl 2-(1H-indole-3-carbonyl)thiazole-4-carboxylate;[M+K-H2];C14H10N2O3S;-6.19343e-4;-1.917531;322.989818;1 out of 5
322.990788;322.990937;9-(6-Sulfanylidene-3H-purin-9-yl)-3H-purine-6-thione;[M+Na-H2];C10H6N8S2;5.85347e-4;1.812274;322.990352;1 out of 5
322.993729;322.993878;3-deoxy-D-arabino-heptulosonate-7-phosphate;[M+Cl];C7H13O10P;-1.56126e-4;-0.483371;322.994034;2 out of 5
322.994531;322.994680;3-deoxy-D-arabino-heptulosonate-7-phosphate;[M+Cl];C7H13O10P;6.46002e-4;2.000044;322.994034;2 out of 5
323.028491;323.028641;Olsalazine;[M+Na-H2];C14H10N2O6;8.74998e-5;0.270873;323.028553;1 out of 5
323.028491;323.028641;Uridine 5'-monophosphate;[M-H];C9H13N2O9P;5.10258e-5;0.157961;323.028590;2 out of 5
323.028491;323.028641;Pseudouridine 5'-phosphate;[M-H];C9H13N2O9P;5.10258e-5;0.157961;323.028590;2 out of 5
323.028491;323.028641;Uridine 2'-phosphate;[M-H];C9H13N2O9P;5.10258e-5;0.157961;323.028590;2 out of 5
323.028491;323.028641;Uridine 3'-monophosphate;[M-H];C9H13N2O9P;5.10258e-5;0.157961;323.028590;2 out of 5
323.028491;323.028641;"[(2S,3R,4R,5R)-5-(2,4-Dioxopyrimidin-1-yl)-3,4-dihydroxyoxolan-2-yl]methyl dihydrogen phosphate";[M-H];C9H13N2O9P;5.05568e-5;0.156509;323.028590;2 out of 5
323.028491;323.028641;Orotidine;[M+Cl];C10H12N2O8;-1.25808e-4;-0.389464;323.028766;1 out of 5
323.106467;323.106616;Irtemazole;[M+Cl];C18H16N4;-2.81453e-4;-0.871082;323.106898;1 out of 5
323.106467;323.106616;Clozapine N-oxide;[M-H2O-H];C18H19ClN4O;-2.81879e-4;-0.872401;323.106898;1 out of 5
323.106467;323.106616;Acetohexamide;[M-H];C15H20N2O4S;-4.84750e-4;-1.500276;323.107101;1 out of 5
323.106467;323.106616;(4-Acetamidophenyl) (2S)-2-acetamido-4-methylsulfanylbutanoate;[M-H];C15H20N2O4S;-4.85228e-4;-1.501755;323.107101;1 out of 5
323.106467;323.106616;"N-(6-Cyano-3-hydroxy-2,2-dimethyl-3,4-dihydrochromen-4-yl)-N-methylethanesulfonamide";[M-H];C15H20N2O4S;-4.85228e-4;-1.501755;323.107101;1 out of 5
323.106467;323.106616;N-(N-Formyl-L-methionyl)-L-phenylalanine;[M-H];C15H20N2O4S;-4.85228e-4;-1.501755;323.107101;1 out of 5
323.986055;323.986206;Ethyl dicapthon;[M-H];C10H13ClNO5PS;-5.75125e-4;-1.775149;323.986781;1 out of 5
324.973399;324.973553;3-deoxy-D-arabino-heptulosonate-7-phosphate;[M+K-H2];C7H13O10P;3.15033e-4;0.969412;324.973238;3 out of 5
324.990722;324.990877;Ritipenem;[M+K-H2];C10H12N2O6S;6.64247e-4;2.043899;324.990212;1 out of 5
324.991805;324.991959;Terbufos;[M+K-H2];C9H21O2PS3;-7.76130e-4;-2.388146;324.992735;1 out of 5
324.995865;324.996020;methoxychlor;[M-H2O-H];C16H15Cl3O2;9.79166e-5;0.301286;324.995922;1 out of 5
325.103639;325.103794;Arginylasparagine;[M+K-H2];C10H20N6O4;5.86102e-4;1.802820;325.103208;1 out of 5
325.103639;325.103794;Asparaginylarginine;[M+K-H2];C10H20N6O4;5.86102e-4;1.802820;325.103208;1 out of 5
325.103639;325.103794;gamma-Glutamyldopa;[M-H];C14H18N2O7;-3.29678e-4;-1.014067;325.104124;1 out of 5
325.103639;325.103794;Humilixanthin;[M-H];C14H18N2O7;-3.29690e-4;-1.014104;325.104124;1 out of 5
325.184246;325.184401;2-Dodecylbenzenesulfonic acid;[M-H];C18H30O3S;1.12507e-4;0.345980;325.184289;1 out of 5
325.184246;325.184401;4-Dodecylbenzenesulfonic Acid;[M-H];C18H30O3S;1.12507e-4;0.345980;325.184289;1 out of 5
325.184246;325.184401;4-Dodecan-6-ylbenzenesulfonic Acid;[M-H];C18H30O3S;1.12023e-4;0.344492;325.184289;1 out of 5
325.184246;325.184401;Dodecyl benzenesulfonate;[M-H];C18H30O3S;1.12023e-4;0.344492;325.184289;1 out of 5
326.064844;326.065001;Fluazifop;[M-H];C15H12F3NO4;4.35776e-4;1.336471;326.064565;1 out of 5
326.064844;326.065001;Ascorbigen;[M+Na-H2];C15H15NO6;3.96928e-4;1.217329;326.064604;1 out of 5
326.064844;326.065001;"2-Deoxy-2,3-dehydro-n-acetyl-neuraminic acid";[M+Cl];C11H17NO8;1.83624e-4;0.563152;326.064818;2 out of 5
326.983103;326.983263;Apigeninidin;[M+K-H2];C15H11ClO4;7.11986e-5;0.217744;326.983192;1 out of 5
326.983103;326.983263;Carboxyphosphamide;[M+Cl];C7H15Cl2N2O4P;-7.87158e-4;-2.407330;326.984050;1 out of 5
326.983103;326.983263;Carboxyifosfamide;[M+Cl];C7H15Cl2N2O4P;-7.87158e-4;-2.407330;326.984050;1 out of 5
326.983103;326.983263;4-Hydroperoxycyclophosphamide;[M+Cl];C7H15Cl2N2O4P;-7.87654e-4;-2.408846;326.984050;1 out of 5
327.021059;327.021219;"(5R,6S)-6-[(1R)-1-Hydroxyethyl]-7-oxo-3-pyridin-3-yl-4-thia-1-azabicyclo[3.2.0]hept-2-ene-2-carboxylic acid";[M+Cl];C13H12N2O4S;4.00135e-5;0.122357;327.021179;3 out of 5
327.030652;327.030812;Chloroxuron;[M+K-H2];C15H15ClN2O2;1.90503e-6;0.005825;327.030810;1 out of 5
327.030652;327.030812;S-methylazathioprine;[M+Cl];C10H10N7O2S;-2.56984e-4;-0.785809;327.031069;3 out of 5
328.058458;328.058621;Glutathione;[M+Na-H2];C10H17N3O6S;1.47919e-4;0.450892;328.058473;3 out of 5
328.058458;328.058621;Glutathionate(1-);[M+Na-H2];C10H17N3O6S;1.47447e-4;0.449453;328.058473;3 out of 5
328.058458;328.058621;"Methyl 2-((3,4-dihydro-3,4-dioxo-1-naphthalenyl)amino)benzoate";[M+Na-H2];C18H13NO4;-5.04003e-4;-1.536318;328.059125;3 out of 5
328.058458;328.058621;Hallacridone;[M+Na-H2];C18H13NO4;-5.04009e-4;-1.536337;328.059125;3 out of 5
328.058458;328.058621;Aristolodione;[M+Na-H2];C18H13NO4;-5.04009e-4;-1.536337;328.059125;3 out of 5
328.061906;328.062069;5-Aminofluorescein;[M-H2O-H];C20H13NO5;5.37242e-4;1.637626;328.061532;1 out of 5
328.061906;328.062069;"2-(3,6,9-Trihydroxy-4-amino-9H-xanthene-9-yl)benzoic acid gamma-lactone";[M-H2O-H];C20H13NO5;5.37242e-4;1.637626;328.061532;1 out of 5
328.061906;328.062069;Hydroxysanguinarine;[M-H2O-H];C20H13NO5;5.37242e-4;1.637626;328.061532;1 out of 5
328.061906;328.062069;Islatravir;[M+Cl];C12H12FN5O3;2.50336e-4;0.763076;328.061818;1 out of 5
328.061906;328.062069;Cyproconazole;[M+K-H2];C15H18ClN3O;-3.76155e-4;-1.146596;328.062445;1 out of 5
328.061906;328.062069;TRIADIMEFON;[M+Cl];C14H16ClN3O2;-4.36713e-4;-1.331188;328.062505;1 out of 5
328.061906;328.062069;4-(Methylsulfanyl)-2-oxobutanoylcarnitine;[M+K-H2];C12H21NO5S;-5.80189e-4;-1.768531;328.062649;1 out of 5
328.980229;328.980395;(R)-5-Diphosphomevalonic acid;[M+Na-H2];C6H14O10P2;-4.91800e-4;-1.494921;328.980887;1 out of 5
328.980229;328.980395;(R)-Mevalonic acid-5-pyrophosphate;[M+Na-H2];C6H14O10P2;-4.91800e-4;-1.494921;328.980887;1 out of 5
329.018235;329.018400;Wasalexin A;[M+Cl];C13H14N2O2S2;-6.69941e-4;-2.036176;329.019070;1 out of 5
329.018235;329.018400;Wasalexin B;[M+Cl];C13H14N2O2S2;-6.69941e-4;-2.036176;329.019070;1 out of 5
329.018235;329.018400;Methoxybrassenin B;[M+Cl];C13H14N2O2S2;-6.69941e-4;-2.036176;329.019070;1 out of 5
329.027807;329.027972;Fulvic acid;[M+Na-H2];C14H12O8;8.78448e-5;0.266983;329.027884;1 out of 5
329.027807;329.027972;2-O-(6-Phospho-alpha-mannosyl)-D-glycerate;[M-H2O-H];C9H17O12P;5.06708e-5;0.154002;329.027922;1 out of 5
329.027807;329.027972;Glucose-6-phosphate lactate;[M-H2O-H];C9H17O12P;5.02058e-5;0.152588;329.027922;1 out of 5
329.027807;329.027972;"3,4-Bis(carboxymethyl)-3,4-dihydroxyhexanedioic acid";[M+Cl];C10H14O10;-1.25460e-4;-0.381305;329.028098;1 out of 5
329.027807;329.027972;Malathion;[M-H];C10H19O6PS2;-8.17041e-4;-2.483191;329.028789;2 out of 5
329.069569;329.069735;Blebbistatin;[M+K-H2];C18H16N2O2;-4.77268e-5;-0.145036;329.069783;1 out of 5
329.069569;329.069735;Tyrphostin B42;[M+Cl];C17H14N2O3;-1.08283e-4;-0.329057;329.069843;1 out of 5
329.069569;329.069735;Rosoxacin;[M+Cl];C17H14N2O3;-1.08288e-4;-0.329072;329.069843;1 out of 5
329.983504;329.983672;Hydroflumethiazide;[M-H];C8H8F3N3O4S2;1.17495e-4;0.356063;329.983555;1 out of 5
330.950103;330.950274;"2,2'-Dithiobisbenzothiazole";[M-H];C14H8N2S4;5.17811e-4;1.564622;330.949756;1 out of 5
331.002042;331.002213;Medicagol;[M+Cl];C16H8O6;7.24336e-4;2.188317;331.001489;1 out of 5
332.999118;332.999295;N-Succinimidyl 3-(2-pyridyldithio)propionate;[M+Na-H2];C12H12N2O4S2;7.78328e-4;2.337332;332.998516;2 out of 5
332.999118;332.999295;N-Acetyldjenkolic acid;[M+K-H2];C9H16N2O5S2;6.26538e-4;1.881504;332.998668;1 out of 5
332.999118;332.999295;Disulfiram;[M+K-H2];C10H20N2S4;-2.41860e-4;-0.726307;332.999536;1 out of 5
333.059236;333.059413;7-Hydroxymethyl-12-methylbenz[a]anthracene sulfate;[M-H2O-H];C20H16O4S;3.24372e-4;0.973916;333.059089;1 out of 5
333.059236;333.059413;isorhamnetin 3-rutinoside-7-glucoside;[M+Na-H2];C14H16O8;2.28587e-4;0.686324;333.059184;1 out of 5
333.059236;333.059413;Glycerophosphoinositol;[M-H];C9H19O11P;1.92100e-4;0.576773;333.059221;2 out of 5
333.059236;333.059413;"2,3,4,5-Tetrahydroxy-6-(1,2,3,4-tetrahydroxybutyl)oxane-2-carbaldehyde";[M+Cl];C10H18O10;1.52815e-5;0.045882;333.059398;1 out of 5
334.096165;334.096345;5-(N-Methyl-N-isobutyl)amiloride;[M+Cl];C11H18ClN7O;8.07809e-4;2.417899;334.095537;1 out of 5
334.096165;334.096345;Ethylisopropylamiloride;[M+Cl];C11H18ClN7O;8.07809e-4;2.417899;334.095537;1 out of 5
334.096165;334.096345;Glycyl-proline-1-naphthylamide;[M+K-H2];C17H19N3O2;1.28454e-5;0.038448;334.096332;1 out of 5
334.096165;334.096345;Niraxostat;[M+Cl];C16H17N3O3;-4.77156e-5;-0.142820;334.096392;1 out of 5
338.954058;338.954252;Ellagic acid;[M+K-H2];C14H6O8;-6.20500e-4;-1.830628;338.954872;1 out of 5
338.988806;338.989001;"D-myo-Inositol 1,4-bisphosphate";[M-H];C6H14O12P2;2.28653e-4;0.674516;338.988772;2 out of 5
338.988806;338.989001;"D-Fructose 2,6-bisphosphate";[M-H];C6H14O12P2;2.28653e-4;0.674516;338.988772;2 out of 5
338.988806;338.989001;"Fructose 1,6-bisphosphate";[M-H];C6H14O12P2;2.28653e-4;0.674516;338.988772;2 out of 5
338.988806;338.989001;"alpha-D-Glucose 1,6-bisphosphate";[M-H];C6H14O12P2;2.28653e-4;0.674516;338.988772;2 out of 5
338.988806;338.989001;"D-myo-Inositol 1,3-bisphosphate";[M-H];C6H14O12P2;2.28653e-4;0.674516;338.988772;2 out of 5
338.988806;338.989001;"D-myo-Inositol 3,4-bisphosphate";[M-H];C6H14O12P2;2.28653e-4;0.674516;338.988772;2 out of 5
338.988806;338.989001;"D-Tagatose 1,6-bisphosphate";[M-H];C6H14O12P2;2.28653e-4;0.674516;338.988772;2 out of 5
338.988806;338.989001;"D-Mannose 1,6-bisphosphate";[M-H];C6H14O12P2;2.28653e-4;0.674516;338.988772;2 out of 5
338.988806;338.989001;"1,6-Di-O-phosphono-D-fructose";[M-H];C6H14O12P2;2.27702e-4;0.671710;338.988773;2 out of 5
338.988806;338.989001;"Fructose-1,6-diphosphate";[M-H];C6H14O12P2;2.27702e-4;0.671710;338.988773;2 out of 5
338.988806;338.989001;Di-phosphofructose;[M-H];C6H14O12P2;2.27702e-4;0.671710;338.988773;2 out of 5
338.988806;338.989001;Diphosphoglucose;[M-H];C6H14O12P2;2.27702e-4;0.671710;338.988773;2 out of 5
338.988806;338.989001;"[(2R,3R)-2,3,5-Trihydroxy-4-oxo-6-phosphonooxyhexyl] dihydrogen phosphate";[M-H];C6H14O12P2;2.27702e-4;0.671710;338.988773;2 out of 5
339.209687;339.209882;Cardanolmonoene;[M+K-H2];C21H34O;3.10979e-4;0.916776;339.209571;1 out of 5
339.209687;339.209882;Pregnan-20-one;[M+K-H2];C21H34O;3.10974e-4;0.916762;339.209571;1 out of 5
339.209687;339.209882;Arachidonic acid;[M+Cl];C20H32O2;2.50421e-4;0.738249;339.209631;1 out of 5
339.209687;339.209882;"Cis-8,11,14,17-Eicosatetraenoic acid";[M+Cl];C20H32O2;2.50421e-4;0.738249;339.209631;1 out of 5
339.209687;339.209882;Mesterolone;[M+Cl];C20H32O2;2.50421e-4;0.738249;339.209631;1 out of 5
339.209687;339.209882;Drostanolone;[M+Cl];C20H32O2;2.50421e-4;0.738249;339.209631;1 out of 5
339.209687;339.209882;Sideridiol;[M+Cl];C20H32O2;2.50421e-4;0.738249;339.209631;1 out of 5
339.209687;339.209882;ent-17-Hydroxy-16beta-kauran-19-al;[M+Cl];C20H32O2;2.50421e-4;0.738249;339.209631;1 out of 5
339.209687;339.209882;Yucalexin P21;[M+Cl];C20H32O2;2.50421e-4;0.738249;339.209631;1 out of 5
339.209687;339.209882;Copalic acid;[M+Cl];C20H32O2;2.50421e-4;0.738249;339.209631;1 out of 5
339.209687;339.209882;Junicedral;[M+Cl];C20H32O2;2.50421e-4;0.738249;339.209631;1 out of 5
339.209687;339.209882;"7,13-Eperudien-15-oic acid";[M+Cl];C20H32O2;2.50421e-4;0.738249;339.209631;1 out of 5
339.209687;339.209882;Oryzalexin S;[M+Cl];C20H32O2;2.50421e-4;0.738249;339.209631;1 out of 5
339.209687;339.209882;Oryzalexin E;[M+Cl];C20H32O2;2.50421e-4;0.738249;339.209631;1 out of 5
339.209687;339.209882;Oryzalexin D;[M+Cl];C20H32O2;2.50421e-4;0.738249;339.209631;1 out of 5
339.209687;339.209882;Oryzalexin F;[M+Cl];C20H32O2;2.50421e-4;0.738249;339.209631;1 out of 5
339.209687;339.209882;"2,6,10,14-Hexadecatetraenoic acid, 3,7,11,15-tetramethyl-, (Z,E,E)-";[M+Cl];C20H32O2;2.50419e-4;0.738243;339.209631;1 out of 5
339.209687;339.209882;"5,8,11,14-Icosatetraenoic Acid";[M+Cl];C20H32O2;2.50419e-4;0.738243;339.209631;1 out of 5
339.209687;339.209882;Eicosatetraenoic acid;[M+Cl];C20H32O2;2.50419e-4;0.738243;339.209631;1 out of 5
339.209687;339.209882;Mestaline;[M+Cl];C20H32O2;2.50419e-4;0.738243;339.209631;1 out of 5
339.209687;339.209882;Methandriol;[M+Cl];C20H32O2;2.50419e-4;0.738243;339.209631;1 out of 5
339.209687;339.209882;abietadiene-diol;[M+Cl];C20H32O2;2.50419e-4;0.738243;339.209631;1 out of 5
342.044272;342.044475;Beta-Citryl-L-glutamic acid;[M+Na-H2];C11H15NO10;2.11953e-4;0.619666;342.044263;3 out of 5
342.044272;342.044475;Pirimiphos-methyl;[M+K-H2];C11H20N3O3PS;-4.29065e-4;-1.254411;342.044904;1 out of 5
342.044272;342.044475;indole-3-acetyl-methionine;[M+K-H2];C15H17N2O3S;-6.67511e-4;-1.951529;342.045142;1 out of 5
342.053267;342.053470;Glutathione;[M+Cl];C10H17N3O6S;2.63288e-4;0.769728;342.053207;3 out of 5
342.053267;342.053470;Glutathionate(1-);[M+Cl];C10H17N3O6S;2.62816e-4;0.768348;342.053207;3 out of 5
342.053267;342.053470;N-Acetyldehydroanonaine;[M+K-H2];C19H15NO3;-3.28082e-4;-0.959153;342.053798;1 out of 5
342.053267;342.053470;O-Desmethylindomethacin;[M-H];C18H14ClNO4;-3.88379e-4;-1.135432;342.053859;2 out of 5
342.053267;342.053470;"Methyl 2-((3,4-dihydro-3,4-dioxo-1-naphthalenyl)amino)benzoate";[M+Cl];C18H13NO4;-3.88634e-4;-1.136178;342.053859;3 out of 5
342.053267;342.053470;Hallacridone;[M+Cl];C18H13NO4;-3.88640e-4;-1.136195;342.053859;3 out of 5
342.053267;342.053470;Aristolodione;[M+Cl];C18H13NO4;-3.88640e-4;-1.136195;342.053859;3 out of 5
342.053267;342.053470;Fenoxaprop-ethyl;[M-H2O-H];C18H16ClNO5;-3.89065e-4;-1.137438;342.053859;1 out of 5
343.046583;343.046789;Aflatoxin GM1;[M-H];C17H12O8;8.48926e-4;2.474671;343.045940;1 out of 5
343.046583;343.046789;Wharangin;[M-H];C17H12O8;8.48926e-4;2.474671;343.045940;1 out of 5
343.046583;343.046789;"5,3',4'-Trihydroxy-3-methoxy-6,7-methylenedioxyflavone";[M-H];C17H12O8;8.48926e-4;2.474671;343.045940;1 out of 5
343.046583;343.046789;Manitimus;[M+Cl];C15H11F3N2O2;1.26195e-4;0.367864;343.046663;2 out of 5
343.046583;343.046789;2-Cyano-3-oxo-N-[4-(trifluoromethyl)phenyl]hept-6-ynamide;[M+Cl];C15H11F3N2O2;1.26195e-4;0.367864;343.046663;2 out of 5
344.050236;344.050445;Aspergillomarasmine A;[M+K-H2];C10H17N3O8;2.75278e-4;0.800109;344.050170;1 out of 5
344.987319;344.987531;"1-(3',4'-Dichloro-2-fluoro(1,1'-biphenyl)-4-yl)cyclopropanecarboxylic acid";[M+Na-H2];C16H11Cl2FO2;8.50817e-4;2.466231;344.986680;1 out of 5
345.043606;345.043818;Sulfadoxine;[M+Cl];C12H14N4O4S;8.41222e-4;2.438020;345.042977;1 out of 5
345.043606;345.043818;Sulfadimethoxine;[M+Cl];C12H14N4O4S;8.41222e-4;2.438020;345.042977;1 out of 5
345.043606;345.043818;Glucose pyruvate acetate;[M+Na-H2];C11H16O11;-1.10467e-4;-0.320154;345.043928;1 out of 5
346.000075;346.000290;"5-Chloro-3-[2-(2,6-difluorophenyl)ethyl]-1H-imidazo[4,5-b]pyridine-2-thione";[M+Na-H2];C14H10ClF2N3S;4.20901e-4;1.216478;345.999869;1 out of 5
346.055772;346.055987;p38 MAP Kinase Inhibitor;[M-H2O-H];C20H13ClFN3O;7.10562e-4;2.053319;346.055277;1 out of 5
346.055772;346.055987;Lipo-pab;[M+Na-H2];C15H19NO3S2;6.84638e-4;1.978406;346.055303;1 out of 5
346.055772;346.055987;Zofenoprilat;[M+Na-H2];C15H19NO3S2;6.84638e-4;1.978406;346.055303;1 out of 5
346.055772;346.055987;Adenosine monophosphate;[M-H];C10H14N5O7P;1.80123e-4;0.520502;346.055807;2 out of 5
346.055772;346.055987;2'-Deoxyguanosine 5'-monophosphate;[M-H];C10H14N5O7P;1.80123e-4;0.520502;346.055807;2 out of 5
346.055772;346.055987;3'-AMP;[M-H];C10H14N5O7P;1.80123e-4;0.520502;346.055807;2 out of 5
346.055772;346.055987;Adenosine 2'-phosphate;[M-H];C10H14N5O7P;1.80123e-4;0.520502;346.055807;2 out of 5
346.055772;346.055987;2-hydroxy-dAMP;[M-H];C10H14N5O7P;1.80123e-4;0.520502;346.055807;2 out of 5
346.055772;346.055987;Vidarabine phosphate;[M-H];C10H14N5O7P;1.80123e-4;0.520502;346.055807;2 out of 5
346.055772;346.055987;3-Phosphoadenosine;[M-H];C10H14N5O7P;1.79653e-4;0.519144;346.055808;2 out of 5
346.055772;346.055987;Zidovudine monophosphate;[M-H];C10H14N5O7P;1.79653e-4;0.519144;346.055808;2 out of 5
346.055772;346.055987;"[(2R,5R)-5-(6-Aminopurin-9-yl)-4-hydroxy-2-(hydroxymethyl)oxolan-3-yl] dihydrogen phosphate";[M-H];C10H14N5O7P;1.79653e-4;0.519144;346.055808;2 out of 5
347.059076;347.059294;Albendazole 2-aminosulphone;[M+Cl];C12H16N4O4S;6.67290e-4;1.922702;347.058627;1 out of 5
347.059076;347.059294;Quinacridone;[M+Cl];C20H12N2O2;1.58375e-5;0.045633;347.059279;1 out of 5
347.059076;347.059294;Glucose lactate acetate;[M+Na-H2];C11H18O11;-2.83925e-4;-0.818086;347.059578;1 out of 5
347.059076;347.059294;3-O-alpha-D-Glucopyranuronosyl-D-xylose;[M+Na-H2];C11H18O11;-2.83943e-4;-0.818138;347.059578;1 out of 5
347.059076;347.059294;Aldobiouronic acid D3;[M+Na-H2];C11H18O11;-2.83943e-4;-0.818138;347.059578;1 out of 5
347.080224;347.080442;"3-(2,4-Dimethyl-5-(2-oxo-1,2-dihydroindol-3-ylidenemethyl)-1H-pyrrol-3-yl)propionic acid";[M+K-H2];C18H18N2O3;9.44387e-5;0.272095;347.080347;1 out of 5
347.080224;347.080442;Piromelatine;[M+Cl];C17H16N2O4;3.38837e-5;0.097625;347.080408;1 out of 5
347.080224;347.080442;Dictyoquinazol A;[M+Cl];C17H16N2O4;3.38767e-5;0.097605;347.080408;1 out of 5
347.103844;347.104062;20R-Camptothecin;[M-H];C20H16N2O4;3.32112e-4;0.956809;347.103730;2 out of 5
347.103844;347.104062;Camptothecin sodium;[M-H2O-H];C20H18N2O5;3.31427e-4;0.954836;347.103731;1 out of 5
347.103844;347.104062;N-Caffeoyltryptophan;[M-H2O-H];C20H18N2O5;3.31419e-4;0.954813;347.103731;1 out of 5
347.103844;347.104062;"3-((4-(4-Chlorophenyl)piperazin-1-yl)methyl)-1H-pyrrolo[2,3-b]pyridine";[M+Na-H2];C18H19ClN4;-4.29185e-4;-1.236472;347.104491;1 out of 5
347.103844;347.104062;Clozapine;[M+Na-H2];C18H19ClN4;-4.29220e-4;-1.236573;347.104491;1 out of 5
347.103844;347.104062;Hydroxyhexamide;[M+Na-H2];C15H22N2O4S;-6.32777e-4;-1.823015;347.104695;1 out of 5
347.103844;347.104062;N-(N-Acetylmethionyl)dopamine;[M+Na-H2];C15H22N2O4S;-6.33255e-4;-1.824392;347.104695;1 out of 5
347.103844;347.104062;"N-[1-(2-Cyclopropylethyl)-6-fluoro-4-hydroxy-2-oxo-1,2-dihydroquinoline-3-carbonyl]glycine";[M-H];C17H17FN2O5;-8.10703e-4;-2.335614;347.104873;1 out of 5
350.007942;350.008169;"3-(3,5-Dichlorophenyl)-4-hydroxy-2-oxo-N-propan-2-ylimidazole-1-carboxamide";[M+Na-H2];C13H13Cl2N3O3;1.05786e-4;0.302239;350.008064;1 out of 5
350.007942;350.008169;Iprodione;[M+Na-H2];C13H13Cl2N3O3;1.05775e-4;0.302208;350.008064;1 out of 5
353.048873;353.049109;4-Glucogallic acid;[M+Na-H2];C13H16O10;9.55327e-5;0.270593;353.049014;1 out of 5
353.048873;353.049109;6-Galloylglucose;[M+Na-H2];C13H16O10;9.55157e-5;0.270545;353.049014;1 out of 5
353.048873;353.049109;beta-Glucogallin;[M+Na-H2];C13H16O10;9.55157e-5;0.270545;353.049014;1 out of 5
353.048873;353.049109;4-Glucosyl gallate;[M+Na-H2];C13H16O10;9.55157e-5;0.270545;353.049014;1 out of 5
353.048873;353.049109;1-O-Galloylfructose;[M+Na-H2];C13H16O10;9.55157e-5;0.270545;353.049014;1 out of 5
353.048873;353.049109;3-Glucogallic acid;[M+Na-H2];C13H16O10;9.55157e-5;0.270545;353.049014;1 out of 5
353.048873;353.049109;5-O-Galloylhamamelofuranose;[M+Na-H2];C13H16O10;9.55157e-5;0.270545;353.049014;1 out of 5
353.048873;353.049109;2-Galloylglucose;[M+Na-H2];C13H16O10;9.55157e-5;0.270545;353.049014;1 out of 5
353.048873;353.049109;Galloyl glucose;[M+Na-H2];C13H16O10;9.55157e-5;0.270545;353.049014;1 out of 5
353.048873;353.049109;6-O-Galloylglucose;[M+Na-H2];C13H16O10;9.55157e-5;0.270545;353.049014;1 out of 5
353.200357;353.200594;1-Cyclohexyl-N-{[1-(4-Methylphenyl)-1h-Indol-3-Yl]methyl}methanamine;[M+Na-H2];C23H28N2;6.77668e-4;1.918652;353.199916;1 out of 5
354.068456;354.068695;PYRAZOPHOS;[M-H2O-H];C14H20N3O5PS;4.07351e-4;1.150486;354.068288;1 out of 5
354.068456;354.068695;Ethalfluralin;[M+Na-H2];C13H14F3N3O4;3.87713e-4;1.095022;354.068308;1 out of 5
354.068456;354.068695;TIARAMIDE;[M-H];C15H18ClN3O3S;2.31979e-4;0.655180;354.068463;3 out of 5
355.062116;355.062359;Progabide;[M+Na-H2];C17H16ClFN2O2;-7.41876e-4;-2.089421;355.063101;1 out of 5
355.064539;355.064782;Tebupirimfos;[M+K-H2];C13H23N2O3PS;-5.22717e-4;-1.472173;355.065305;1 out of 5
355.064539;355.064782;Chlorpromazine-N-oxide;[M+Na-H2];C17H19ClN2OS;-5.46540e-4;-1.539267;355.065329;1 out of 5
355.064539;355.064782;hydroxychlorpromazine;[M+Na-H2];C17H19ClN2OS;-5.46540e-4;-1.539267;355.065329;1 out of 5
355.064539;355.064782;Chlorpromazine sulfoxide;[M+Na-H2];C17H19ClN2OS;-5.47003e-4;-1.540571;355.065329;1 out of 5
355.071809;355.072052;N-Desmethylzopiclone;[M-H2O-H];C16H15ClN6O3;4.77098e-4;1.343666;355.071575;1 out of 5
356.065431;356.065677;Aspartyl-Tryptophan;[M+K-H2];C15H17N3O5;2.51224e-4;0.705555;356.065426;1 out of 5
356.065431;356.065677;Tryptophyl-Aspartate;[M+K-H2];C15H17N3O5;2.51224e-4;0.705555;356.065426;1 out of 5
357.059238;357.059487;Dattelic acid;[M+Na-H2];C16H16O8;3.02367e-4;0.846827;357.059184;1 out of 5
357.059238;357.059487;"3-Caffeoyl-1,5-quinolactone";[M+Na-H2];C16H16O8;3.02354e-4;0.846791;357.059184;1 out of 5
357.059238;357.059487;"4-Caffeoyl-1,5-quinolactone";[M+Na-H2];C16H16O8;3.02354e-4;0.846791;357.059184;1 out of 5
357.059238;357.059487;3-O-Caffeoylshikimic acid;[M+Na-H2];C16H16O8;3.02354e-4;0.846791;357.059184;1 out of 5
357.059238;357.059487;Juglone glucoside;[M+Na-H2];C16H16O8;3.02354e-4;0.846791;357.059184;1 out of 5
357.059238;357.059487;4-O-Caffeoylshikimic acid;[M+Na-H2];C16H16O8;3.02354e-4;0.846791;357.059184;1 out of 5
357.059238;357.059487;lysophosphatidylinositol;[M-H2O-H];C11H21O12P;2.64728e-4;0.741413;357.059222;1 out of 5
357.059238;357.059487;Lepidimoic acid;[M+Cl];C12H18O10;8.90464e-5;0.249388;357.059398;1 out of 5
358.963166;358.963421;Urolithin c 3-sulfate;[M+Cl];C13H8O8S;3.17662e-5;0.088494;358.963389;2 out of 5
359.005277;359.005532;5-Thymidylic acid;[M+K-H2];C10H15N2O8P;3.25062e-4;0.905451;359.005207;1 out of 5
359.005277;359.005532;thymidine 3'-monophosphate;[M+K-H2];C10H15N2O8P;3.24591e-4;0.904139;359.005207;1 out of 5
359.005277;359.005532;Uridine 5'-monophosphate;[M+Cl];C9H13N2O9P;2.64504e-4;0.736768;359.005268;2 out of 5
359.005277;359.005532;Pseudouridine 5'-phosphate;[M+Cl];C9H13N2O9P;2.64504e-4;0.736768;359.005268;2 out of 5
359.005277;359.005532;Uridine 2'-phosphate;[M+Cl];C9H13N2O9P;2.64504e-4;0.736768;359.005268;2 out of 5
359.005277;359.005532;Uridine 3'-monophosphate;[M+Cl];C9H13N2O9P;2.64504e-4;0.736768;359.005268;2 out of 5
359.005277;359.005532;"[(2S,3R,4R,5R)-5-(2,4-Dioxopyrimidin-1-yl)-3,4-dihydroxyoxolan-2-yl]methyl dihydrogen phosphate";[M+Cl];C9H13N2O9P;2.64035e-4;0.735461;359.005268;2 out of 5
360.102471;360.102730;5-Hydroxyomeprazole;[M-H];C17H19N3O4S;3.80540e-4;1.056755;360.102350;2 out of 5
360.102471;360.102730;Omeprazole sulfone;[M-H];C17H19N3O4S;3.80540e-4;1.056755;360.102350;2 out of 5
360.102471;360.102730;3-Hydroxyomeprazole;[M-H];C17H19N3O4S;3.80540e-4;1.056755;360.102350;2 out of 5
360.102471;360.102730;metampicillin;[M-H];C17H19N3O4S;3.80063e-4;1.055430;360.102350;2 out of 5
360.102471;360.102730;"5-Methoxy-2-[(4-methoxy-3,5-dimethylpyridin-2-yl)methylsulfinyl]-1H-benzimidazol-4-ol";[M-H];C17H19N3O4S;3.80063e-4;1.055430;360.102350;2 out of 5
360.970641;360.970902;Tris(2-chloropropyl) phosphate;[M+Cl];C9H18Cl3O4P;6.72257e-4;1.862360;360.970230;1 out of 5
360.970641;360.970902;"D-myo-Inositol 1,4-bisphosphate";[M+Na-H2];C6H14O12P2;1.86521e-4;0.516720;360.970716;2 out of 5
360.970641;360.970902;"D-Fructose 2,6-bisphosphate";[M+Na-H2];C6H14O12P2;1.86521e-4;0.516720;360.970716;2 out of 5
360.970641;360.970902;"Fructose 1,6-bisphosphate";[M+Na-H2];C6H14O12P2;1.86521e-4;0.516720;360.970716;2 out of 5
360.970641;360.970902;"alpha-D-Glucose 1,6-bisphosphate";[M+Na-H2];C6H14O12P2;1.86521e-4;0.516720;360.970716;2 out of 5
360.970641;360.970902;"D-myo-Inositol 1,3-bisphosphate";[M+Na-H2];C6H14O12P2;1.86521e-4;0.516720;360.970716;2 out of 5
360.970641;360.970902;"D-myo-Inositol 3,4-bisphosphate";[M+Na-H2];C6H14O12P2;1.86521e-4;0.516720;360.970716;2 out of 5
360.970641;360.970902;"D-Tagatose 1,6-bisphosphate";[M+Na-H2];C6H14O12P2;1.86521e-4;0.516720;360.970716;2 out of 5
360.970641;360.970902;"D-Mannose 1,6-bisphosphate";[M+Na-H2];C6H14O12P2;1.86521e-4;0.516720;360.970716;2 out of 5
360.970641;360.970902;"1,6-Di-O-phosphono-D-fructose";[M+Na-H2];C6H14O12P2;1.85570e-4;0.514085;360.970717;2 out of 5
360.970641;360.970902;"Fructose-1,6-diphosphate";[M+Na-H2];C6H14O12P2;1.85570e-4;0.514085;360.970717;2 out of 5
360.970641;360.970902;Di-phosphofructose;[M+Na-H2];C6H14O12P2;1.85570e-4;0.514085;360.970717;2 out of 5
360.970641;360.970902;Diphosphoglucose;[M+Na-H2];C6H14O12P2;1.85570e-4;0.514085;360.970717;2 out of 5
360.970641;360.970902;"[(2R,3R)-2,3,5-Trihydroxy-4-oxo-6-phosphonooxyhexyl] dihydrogen phosphate";[M+Na-H2];C6H14O12P2;1.85570e-4;0.514085;360.970717;2 out of 5
362.050670;362.050936;3-methylthiopropyl-desulfoglucosinolate;[M+Cl];C11H21NO6S2;5.04800e-4;1.394281;362.050431;1 out of 5
362.050670;362.050936;Guanosine monophosphate;[M-H];C10H14N5O8P;2.13587e-4;0.589937;362.050722;1 out of 5
362.050670;362.050936;8-Oxo-dGMP;[M-H];C10H14N5O8P;2.13587e-4;0.589937;362.050722;1 out of 5
362.050670;362.050936;Cyclic pyranopterin monophosphate;[M-H];C10H14N5O8P;2.13587e-4;0.589937;362.050722;1 out of 5
362.050670;362.050936;Guanosine 2'-monophosphate;[M-H];C10H14N5O8P;2.13587e-4;0.589937;362.050722;1 out of 5
362.050670;362.050936;Guanosine 3'-monophosphate;[M-H];C10H14N5O8P;2.13587e-4;0.589937;362.050722;1 out of 5
362.050670;362.050936;"[(2R,5R)-5-(2-Amino-6-oxo-1H-purin-9-yl)-3,4-dihydroxyoxolan-2-yl]methyl dihydrogen phosphate";[M-H];C10H14N5O8P;2.13587e-4;0.589937;362.050722;1 out of 5
362.050670;362.050936;o6-Carboxymethyl-2'-deoxy-guanosine;[M+K-H2];C12H15N5O6;9.73249e-5;0.268816;362.050838;1 out of 5
362.127451;362.127716;Benzydamine N-oxide;[M+K-H2];C19H23N3O2;8.39702e-5;0.231880;362.127632;1 out of 5
362.127451;362.127716;Ergobasin;[M+K-H2];C19H23N3O2;8.39702e-5;0.231880;362.127632;1 out of 5
362.127451;362.127716;Ergonovine;[M+K-H2];C19H23N3O2;8.39682e-5;0.231875;362.127632;1 out of 5
362.127451;362.127716;N1-(2-Methoxy-4-methylbenzyl)-n2-(2-(pyridin-2-yl) ethyl)oxalamide;[M+Cl];C18H21N3O3;2.34102e-5;0.064646;362.127693;1 out of 5
362.127451;362.127716;Cinereain;[M+Cl];C18H21N3O3;2.34102e-5;0.064646;362.127693;1 out of 5
363.007450;363.007718;Boscalid;[M+Na-H2];C18H12Cl2N2O;3.82430e-4;1.053504;363.007335;1 out of 5
364.035177;364.035449;O-Desmethylindomethacin;[M+Na-H2];C18H14ClNO4;-3.53715e-4;-0.971648;364.035803;2 out of 5
364.035177;364.035449;4-coumaroyl-4'-hydroxyphenyllactate;[M+K-H2];C18H15O6;-5.67850e-4;-1.559872;364.036017;1 out of 5
365.004537;365.004812;Malathion;[M+Cl];C10H19O6PS2;-6.55687e-4;-1.796376;365.005467;2 out of 5
370.072793;370.073084;Arotinolol;[M-H];C15H21N3O2S3;7.70814e-4;2.082875;370.072313;1 out of 5
370.134930;370.135222;4-(1-Isopropyl-2-methyl-1H-imidazol-5-yl)-N-(4-(methylsulfonyl)phenyl)pyrimidin-2-amine;[M-H];C18H21N5O2S;9.02685e-4;2.438803;370.134319;1 out of 5
370.134930;370.135222;Amocarzine;[M-H];C18H21N5O2S;9.02685e-4;2.438803;370.134319;1 out of 5
370.933686;370.933981;Phosphoribosyl pyrophosphate;[M-H2O-H];C5H13O14P3;7.01719e-6;0.018918;370.933974;1 out of 5
370.933686;370.933981;5-O-phosphonato-alpha-D-ribofuranosyl Diphosphate(5-);[M-H2O-H];C5H13O14P3;5.58419e-6;0.015054;370.933975;1 out of 5
370.933686;370.933981;"[(3R,4R,5R)-4-Hydroxy-5-(hydroxymethyl)-3-phosphonooxyoxolan-2-yl] phosphono hydrogen phosphate";[M-H2O-H];C5H13O14P3;5.58419e-6;0.015054;370.933975;1 out of 5
370.933686;370.933981;"[(3R,4S,5R)-3,4-Dihydroxy-5-(hydroxymethyl)oxolan-2-yl] [hydroxy(phosphonooxy)phosphoryl] hydrogen phosphate";[M-H2O-H];C5H13O14P3;5.58419e-6;0.015054;370.933975;1 out of 5
371.074794;371.075089;"6-[2,3-Dihydroxy-1-(hydroxymethyl)propyl]-1,2-dihydro-7-hydroxy-9-methoxy-cyclopenta[c][1]benzopyran-3,4-dione";[M+Na-H2];C17H18O8;2.54002e-4;0.684504;371.074835;1 out of 5
371.074794;371.075089;"3-Feruloyl-1,5-quinolactone";[M+Na-H2];C17H18O8;2.53990e-4;0.684471;371.074835;1 out of 5
371.074794;371.075089;"4-Feruloyl-1,5-quinolactone";[M+Na-H2];C17H18O8;2.53990e-4;0.684471;371.074835;1 out of 5
371.074794;371.075089;"2,3-Dimercapto-1-propanol tributyrate";[M+K-H2];C15H26O4S2;-7.68123e-4;-2.069989;371.075857;1 out of 5
371.074794;371.075089;Sulindac sulfone;[M-H];C20H17FO4S;-7.92385e-4;-2.135372;371.075881;1 out of 5
371.138327;371.138622;Strychnine N-oxide;[M+Na-H2];C21H22N2O3;9.12537e-4;2.458755;371.137710;1 out of 5
371.138327;371.138622;Paquinimod;[M+Na-H2];C21H22N2O3;9.12537e-4;2.458755;371.137710;1 out of 5
371.138327;371.138622;polyneuridine aldehyde;[M+Na-H2];C21H22N2O3;9.12537e-4;2.458755;371.137710;1 out of 5
371.138327;371.138622;Proglumide;[M+K-H2];C18H26N2O4;7.59788e-4;2.047185;371.137862;1 out of 5
376.050385;376.050697;TIARAMIDE;[M+Na-H2];C15H18ClN3O3S;2.89539e-4;0.769948;376.050407;3 out of 5
376.050385;376.050697;"Imidodicarbonimidic diamide, N-(1-methylethyl)-N'-(3-(2,4,5-trichlorophenoxy)propoxy)-, hydrochloride";[M-H2O-H];C14H20Cl3N5O2;2.79839e-4;0.744153;376.050417;1 out of 5
376.050385;376.050697;Alkaloid A6;[M+Cl];C19H16ClNO3;-5.75251e-4;-1.529714;376.051272;1 out of 5
376.050385;376.050697;6-Chloro-5-(4-(1-hydroxycyclobutyl)phenyl)-1H-indole-3-carboxylic acid;[M+Cl];C19H16ClNO3;-5.75261e-4;-1.529740;376.051272;1 out of 5
377.085609;377.085924;Gentiopicroside;[M+Na-H2];C16H20O9;5.24997e-4;1.392250;377.085399;1 out of 5
377.085609;377.085924;1-O-Feruloylglucose;[M+Na-H2];C16H20O9;5.24983e-4;1.392213;377.085399;1 out of 5
377.085609;377.085924;Veranisatin B;[M+Na-H2];C16H20O9;5.24983e-4;1.392213;377.085399;1 out of 5
377.085609;377.085924;1-O-2'-Hydroxy-4'-methoxycinnamoyl-b-D-glucose;[M+Na-H2];C16H20O9;5.24983e-4;1.392213;377.085399;1 out of 5
377.085609;377.085924;Ferulic acid 4-glucoside;[M+Na-H2];C16H20O9;5.24983e-4;1.392213;377.085399;1 out of 5
377.085609;377.085924;trans-p-Feruloyl-beta-D-glucopyranoside;[M+Na-H2];C16H20O9;5.24983e-4;1.392213;377.085399;1 out of 5
377.085609;377.085924;1-O-Feruloyl-beta-D-glucopyranose;[M+Na-H2];C16H20O9;5.24983e-4;1.392213;377.085399;1 out of 5
377.085609;377.085924;1-O-Feruloyl-beta-D-glucose;[M+Na-H2];C16H20O9;5.24983e-4;1.392213;377.085399;1 out of 5
377.085609;377.085924;Epimelibiose;[M+Cl];C12H22O11;3.11693e-4;0.826585;377.085613;1 out of 5
377.085609;377.085924;Neotrehalose;[M+Cl];C12H22O11;3.11693e-4;0.826585;377.085613;1 out of 5
377.085609;377.085924;Galabiose;[M+Cl];C12H22O11;3.11693e-4;0.826585;377.085613;1 out of 5
377.085609;377.085924;Polymaltose;[M+Cl];C12H22O11;3.11693e-4;0.826585;377.085613;1 out of 5
377.085609;377.085924;laminaribiose;[M+Cl];C12H22O11;3.11693e-4;0.826585;377.085613;1 out of 5
377.085609;377.085924;"D-Fructose, 6-O-alpha-D-glucopyranosyl-";[M+Cl];C12H22O11;3.11693e-4;0.826585;377.085613;1 out of 5
377.085609;377.085924;6-O-alpha-D-Galactopyranosyl-D-galactopyranose;[M+Cl];C12H22O11;3.11693e-4;0.826585;377.085613;1 out of 5
377.085609;377.085924;"Gal-alpha1,2-Gal";[M+Cl];C12H22O11;3.11693e-4;0.826585;377.085613;1 out of 5
377.085609;377.085924;Palatinose;[M+Cl];C12H22O11;3.11693e-4;0.826585;377.085613;1 out of 5
377.085609;377.085924;"(2R,3S,4R,5R)-2,4,5,6-Tetrahydroxy-3-[(2S,3R,4S,5S,6R)-3,4,5-trihydroxy-6-(hydroxymethyl)oxan-2-yl]oxyhexanal";[M+Cl];C12H22O11;3.11693e-4;0.826585;377.085613;1 out of 5
377.085609;377.085924;"D-Glucose, 6-O-alpha-D-glucopyranosyl-";[M+Cl];C12H22O11;3.11693e-4;0.826585;377.085613;1 out of 5
377.085609;377.085924;"(3S,4R,5R)-1,4,5,6-Tetrahydroxy-3-[(2S,3R,4S,5S,6R)-3,4,5-trihydroxy-6-(hydroxymethyl)oxan-2-yl]oxyhexan-2-one";[M+Cl];C12H22O11;3.11693e-4;0.826585;377.085613;1 out of 5
377.085609;377.085924;"(3S,4R,5S)-3,4,5,6-Tetrahydroxy-1-[(2S,3R,4S,5S,6R)-3,4,5-trihydroxy-6-(hydroxymethyl)oxan-2-yl]oxyhexan-2-one";[M+Cl];C12H22O11;3.11693e-4;0.826585;377.085613;1 out of 5
377.085609;377.085924;Melibiose;[M+Cl];C12H22O11;3.11675e-4;0.826537;377.085613;1 out of 5
377.085609;377.085924;Cellobiose;[M+Cl];C12H22O11;3.11675e-4;0.826537;377.085613;1 out of 5
377.085609;377.085924;D-Maltose;[M+Cl];C12H22O11;3.11675e-4;0.826537;377.085613;1 out of 5
377.085609;377.085924;Alpha-Lactose;[M+Cl];C12H22O11;3.11675e-4;0.826537;377.085613;1 out of 5
377.085609;377.085924;Sucrose;[M+Cl];C12H22O11;3.11675e-4;0.826537;377.085613;1 out of 5
377.085609;377.085924;Lactulose;[M+Cl];C12H22O11;3.11675e-4;0.826537;377.085613;1 out of 5
377.085609;377.085924;Trehalose;[M+Cl];C12H22O11;3.11675e-4;0.826537;377.085613;1 out of 5
377.085609;377.085924;Isomaltose;[M+Cl];C12H22O11;3.11675e-4;0.826537;377.085613;1 out of 5
377.085609;377.085924;Galactinol;[M+Cl];C12H22O11;3.11675e-4;0.826537;377.085613;1 out of 5
377.085609;377.085924;3-b-Galactopyranosyl glucose;[M+Cl];C12H22O11;3.11675e-4;0.826537;377.085613;1 out of 5
377.085609;377.085924;Turanose;[M+Cl];C12H22O11;3.11675e-4;0.826537;377.085613;1 out of 5
377.085609;377.085924;Kojibiose;[M+Cl];C12H22O11;3.11675e-4;0.826537;377.085613;1 out of 5
377.085609;377.085924;Sakebiose;[M+Cl];C12H22O11;3.11675e-4;0.826537;377.085613;1 out of 5
377.085609;377.085924;Inulobiose;[M+Cl];C12H22O11;3.11675e-4;0.826537;377.085613;1 out of 5
377.085609;377.085924;Maltulose;[M+Cl];C12H22O11;3.11675e-4;0.826537;377.085613;1 out of 5
377.085609;377.085924;Mannobiose;[M+Cl];C12H22O11;3.11675e-4;0.826537;377.085613;1 out of 5
377.085609;377.085924;DEAE-cellulose;[M+Cl];C12H22O11;3.11675e-4;0.826537;377.085613;1 out of 5
377.085609;377.085924;Allolactose;[M+Cl];C12H22O11;3.11675e-4;0.826537;377.085613;1 out of 5
377.085609;377.085924;Glucinol;[M+Cl];C12H22O11;3.11675e-4;0.826537;377.085613;1 out of 5
377.085609;377.085924;Trehalulose;[M+Cl];C12H22O11;3.11675e-4;0.826537;377.085613;1 out of 5
377.085609;377.085924;Fagopyritol A1;[M+Cl];C12H22O11;3.11675e-4;0.826537;377.085613;1 out of 5
377.085609;377.085924;beta-Lactose;[M+Cl];C12H22O11;3.11675e-4;0.826537;377.085613;1 out of 5
377.085609;377.085924;"Glucose-1,3-mannose oligosaccharide";[M+Cl];C12H22O11;3.11675e-4;0.826537;377.085613;1 out of 5
377.085609;377.085924;3h-Sucrose;[M+Cl];C12H22O11;3.11675e-4;0.826537;377.085613;1 out of 5
377.085609;377.085924;"D-Glucose, 4-O-beta-D-galactopyranosyl-";[M+Cl];C12H22O11;3.11675e-4;0.826537;377.085613;1 out of 5
377.085609;377.085924;"beta-D-Fructofuranosyl-(2,1)-beta-D-Fructofuranose";[M+Cl];C12H22O11;3.11675e-4;0.826537;377.085613;1 out of 5
377.085609;377.085924;"N-(2,4-Dinitrophenyl)-5-methoxytryptamine";[M+Na-H2];C17H16N4O5;-8.12410e-4;-2.154438;377.086737;1 out of 5
380.987042;380.987371;"2-O-Galloyl-1,4-galactarolactone";[M+K-H2];C13H12O11;8.04511e-4;2.111653;380.986566;1 out of 5
380.987042;380.987371;"3-O-Galloyl-1,4-galactarolactone";[M+K-H2];C13H12O11;8.04511e-4;2.111653;380.986566;1 out of 5
380.987042;380.987371;"5-O-Galloyl-1,4-galactarolactone";[M+K-H2];C13H12O11;8.04511e-4;2.111653;380.986566;1 out of 5
382.025723;382.026055;5'-Hydroxypiroxicam;[M+Cl];C15H13N3O5S;-9.37134e-4;-2.453057;382.026992;1 out of 5
382.032643;382.032975;Adenosine monophosphate;[M+Cl];C10H14N5O7P;4.89635e-4;1.281658;382.032485;2 out of 5
382.032643;382.032975;2'-Deoxyguanosine 5'-monophosphate;[M+Cl];C10H14N5O7P;4.89635e-4;1.281658;382.032485;2 out of 5
382.032643;382.032975;3'-AMP;[M+Cl];C10H14N5O7P;4.89635e-4;1.281658;382.032485;2 out of 5
382.032643;382.032975;Adenosine 2'-phosphate;[M+Cl];C10H14N5O7P;4.89635e-4;1.281658;382.032485;2 out of 5
382.032643;382.032975;2-hydroxy-dAMP;[M+Cl];C10H14N5O7P;4.89635e-4;1.281658;382.032485;2 out of 5
382.032643;382.032975;Vidarabine phosphate;[M+Cl];C10H14N5O7P;4.89635e-4;1.281658;382.032485;2 out of 5
382.032643;382.032975;3-Phosphoadenosine;[M+Cl];C10H14N5O7P;4.89165e-4;1.280428;382.032486;2 out of 5
382.032643;382.032975;Zidovudine monophosphate;[M+Cl];C10H14N5O7P;4.89165e-4;1.280428;382.032486;2 out of 5
382.032643;382.032975;"[(2R,5R)-5-(6-Aminopurin-9-yl)-4-hydroxy-2-(hydroxymethyl)oxolan-3-yl] dihydrogen phosphate";[M+Cl];C10H14N5O7P;4.89165e-4;1.280428;382.032486;2 out of 5
382.210213;382.210546;Amperozide;[M-H2O-H];C23H29F2N3O;5.18204e-4;1.355808;382.210028;1 out of 5
383.056920;383.057256;"Propanoic acid, 3-((((2-(1,1-dimethylethyl)-5-methoxy-6-benzothiazolyl)amino)thioxomethyl)thio)-";[M-H];C16H20N2O3S3;9.26782e-4;2.419440;383.056329;1 out of 5
383.080237;383.080573;Relebactam;[M+Cl];C12H20N4O6S;8.16565e-4;2.131579;383.079757;1 out of 5
383.080237;383.080573;Dihydrorhodamine 123;[M+K-H2];C21H18N2O3;2.25671e-4;0.589095;383.080347;1 out of 5
383.080237;383.080573;20R-Camptothecin;[M+Cl];C20H16N2O4;1.65116e-4;0.431021;383.080408;2 out of 5
384.083869;384.084208;R-138727;[M+Cl];C18H20FNO3S;1.48465e-5;0.038654;384.084193;1 out of 5
384.083869;384.084208;{1-[2-Cyclopropyl-1-(2-fluorophenyl)-2-oxoethyl]-4-sulfanylpiperidin-3-ylidene}acetic acid;[M+Cl];C18H20FNO3S;1.44075e-5;0.037511;384.084194;1 out of 5
384.083869;384.084208;Voriconazole;[M+Cl];C16H14F3N5O;-2.37457e-4;-0.618243;384.084446;1 out of 5
384.083869;384.084208;Pelargonidin 3-arabinoside;[M-H2O-H];C20H19O9;-8.57953e-4;-2.233759;384.085066;1 out of 5
384.941755;384.942097;Daidzein sulfate;[M+K-H2];C15H8O8S;-4.96163e-4;-1.288927;384.942593;1 out of 5
384.984294;384.984636;Uridine 5'-diphosphate;[M-H2O-H];C9H14N2O12P2;2.80514e-4;0.728638;384.984356;2 out of 5
385.054010;385.054353;Xanthotoxol glucoside;[M+Na-H2];C17H16O9;2.53647e-4;0.658732;385.054099;1 out of 5
385.054010;385.054353;"8-Chloro-10-[3-(dimethylamino)propyl]phenothiazine-2,3-diol";[M+Cl];C17H19ClN2O2S;-6.24943e-4;-1.622996;385.054978;1 out of 5
385.054010;385.054353;N-[4-Cloro-3-(T-butyloxome)phenyl-2-methyl-3-furan-carbothiamide;[M+Cl];C17H19ClN2O2S;-6.24943e-4;-1.622996;385.054978;1 out of 5
385.077381;385.077724;2-trans-O-Feruloylglucaric acid;[M-H];C16H18O11;8.93960e-5;0.232151;385.077634;2 out of 5
385.077381;385.077724;Coumarin 6;[M+Cl];C20H18N2O2S;-5.76188e-4;-1.496288;385.078300;1 out of 5
388.108105;388.108459;Taisho;[M-H];C17H19N5O4S;-3.89945e-5;-0.100473;388.108498;1 out of 5
390.045247;390.045608;TIARAMIDE;[M+Cl];C15H18ClN3O3S;4.66296e-4;1.195492;390.045141;3 out of 5
391.225550;391.225915;Vesatolimod;[M-H2O-H];C22H30N6O2;7.31536e-4;1.869859;391.225183;1 out of 5
391.225550;391.225915;"3-Oxo-4,6-choladienoic acid";[M+Na-H2];C24H34O3;4.52812e-4;1.157420;391.225462;1 out of 5
391.225550;391.225915;Rimexolone;[M+Na-H2];C24H34O3;4.52812e-4;1.157420;391.225462;1 out of 5
391.225550;391.225915;Antibiotic SB 202742;[M+Na-H2];C24H34O3;4.52812e-4;1.157420;391.225462;1 out of 5
391.225550;391.225915;"CPA(16:0/0:0)";[M-H];C19H37O6P;4.16338e-4;1.064189;391.225498;1 out of 5
391.225550;391.225915;"LysoPA(0:0/16:0)";[M-H2O-H];C19H39O7P;4.15652e-4;1.062436;391.225499;1 out of 5
391.225550;391.225915;"LysoPA(16:0/0:0)";[M-H2O-H];C19H39O7P;4.15652e-4;1.062436;391.225499;1 out of 5
391.225550;391.225915;"MG(0:0/18:2(9Z,12Z)/0:0)";[M+K-H2];C21H38O4;3.00062e-4;0.766979;391.225615;1 out of 5
391.225550;391.225915;"MG(18:2(9Z,12Z)/0:0/0:0)";[M+K-H2];C21H38O4;3.00062e-4;0.766979;391.225615;1 out of 5
391.225550;391.225915;Glyceryl monolinoleate;[M+K-H2];C21H38O4;3.00062e-4;0.766979;391.225615;1 out of 5
391.225550;391.225915;2-Linoleoyl Glycerol;[M+K-H2];C21H38O4;3.00062e-4;0.766979;391.225615;1 out of 5
391.225550;391.225915;RIOPROSTIL;[M+K-H2];C21H38O4;3.00062e-4;0.766979;391.225615;1 out of 5
391.225550;391.225915;7-[3-Hydroxy-2-(3-hydroxyoctyl)-5-oxocyclopentyl]heptanoic acid;[M+Cl];C20H36O5;2.39507e-4;0.612196;391.225675;1 out of 5
391.225550;391.225915;"13,14-Dihydroprostaglandin F2alpha";[M+Cl];C20H36O5;2.39507e-4;0.612196;391.225675;1 out of 5
391.225550;391.225915;8-Epi pgf1alpha;[M+Cl];C20H36O5;2.39507e-4;0.612196;391.225675;1 out of 5
391.225550;391.225915;Prostaglandin F1a;[M+Cl];C20H36O5;2.39504e-4;0.612189;391.225675;1 out of 5
391.225550;391.225915;"13,14-Dihydro PGE1";[M+Cl];C20H36O5;2.39504e-4;0.612189;391.225675;1 out of 5
391.225550;391.225915;"13,14-Dihydro PGF2a";[M+Cl];C20H36O5;2.39504e-4;0.612189;391.225675;1 out of 5
391.225550;391.225915;Prostaglandin F-1-alpha;[M+Cl];C20H36O5;2.39504e-4;0.612189;391.225675;1 out of 5
392.042194;392.042562;6-Methylthioguanosine monophosphate;[M-H];C11H16N5O7PS;-9.65765e-4;-2.463413;392.043528;2 out of 5
393.130034;393.130406;N-Acetylserotonin glucuronide;[M-H];C18H22N2O8;6.75700e-5;0.171877;393.130339;1 out of 5
396.078969;396.079351;Rabeprazole;[M+K-H2];C18H21N3O3S;3.84157e-4;0.969900;396.078967;1 out of 5
396.078969;396.079351;5-Hydroxyomeprazole;[M+Cl];C17H19N3O4S;3.23599e-4;0.817006;396.079028;2 out of 5
396.078969;396.079351;Omeprazole sulfone;[M+Cl];C17H19N3O4S;3.23599e-4;0.817006;396.079028;2 out of 5
396.078969;396.079351;3-Hydroxyomeprazole;[M+Cl];C17H19N3O4S;3.23599e-4;0.817006;396.079028;2 out of 5
396.078969;396.079351;metampicillin;[M+Cl];C17H19N3O4S;3.23122e-4;0.815802;396.079028;2 out of 5
396.078969;396.079351;"5-Methoxy-2-[(4-methoxy-3,5-dimethylpyridin-2-yl)methylsulfinyl]-1H-benzimidazol-4-ol";[M+Cl];C17H19N3O4S;3.23122e-4;0.815802;396.079028;2 out of 5
396.078969;396.079351;6-Heptenyl glucosinolate;[M-H2O-H];C14H25NO9S2;1.19617e-4;0.302003;396.079232;1 out of 5
398.104217;398.104607;"2-Imidazolidinone, 1-(3,5-dichlorophenyl)-3-(2-(1,4-dioxa-8-azaspiro(4.5)dec-8-yl)ethyl)-";[M-H];C18H23Cl2N3O3;2.37471e-4;0.596506;398.104370;1 out of 5
401.005271;401.005672;5'-Sulfamoyl-2-chloroadenosine;[M+Na-H2];C10H13ClN6O6S;4.23954e-4;1.057229;401.005248;1 out of 5
402.994958;402.995366;Uridine 5'-diphosphate;[M-H];C9H14N2O12P2;4.46361e-4;1.107610;402.994920;2 out of 5
402.994958;402.995366;Orotidylic acid;[M+Cl];C10H13N2O11P;2.69527e-4;0.668810;402.995097;1 out of 5
404.014375;404.014787;Glucoiberin;[M-H2O-H];C11H21NO10S3;-1.31083e-4;-0.324451;404.014918;1 out of 5
408.011626;408.012053;"Adenosine 3',5'-diphosphate";[M-H2O-H];C10H15N5O10P2;4.79547e-4;1.175327;408.011574;3 out of 5
408.011626;408.012053;dGDP;[M-H2O-H];C10H15N5O10P2;4.79547e-4;1.175327;408.011574;3 out of 5
408.011626;408.012053;ADP;[M-H2O-H];C10H15N5O10P2;4.79547e-4;1.175327;408.011574;3 out of 5
408.011626;408.012053;"[(2S,3R,4R,5R)-5-(6-Aminopurin-9-yl)-3,4-dihydroxyoxolan-2-yl]methyl phosphono hydrogen phosphate";[M-H2O-H];C10H15N5O10P2;4.79547e-4;1.175327;408.011574;3 out of 5
408.011626;408.012053;Zidovudine diphosphate;[M-H2O-H];C10H15N5O10P2;4.78597e-4;1.172999;408.011575;3 out of 5
408.046614;408.047042;25I-NBOMe;[M-H2O-H];C18H22INO3;4.43163e-4;1.086060;408.046599;1 out of 5
408.046614;408.047042;3-Quinuclidinyl alpha-hydroxy-alpha-(1-iodo-1-propen-3-yl)-alpha-phenylacetate;[M-H2O-H];C18H22INO3;4.43163e-4;1.086060;408.046599;1 out of 5
408.108713;408.109141;4-(2-Chlorophenoxy)-N-[3-(methylcarbamoyl)phenyl]piperidine-1-carboxamide;[M+Na-H2];C20H22ClN3O3;-4.95459e-4;-1.214035;408.109636;1 out of 5
409.117304;409.117736;Diamfenetide;[M+K-H2];C20H24N2O5;6.09425e-4;1.489609;409.117127;1 out of 5
409.117304;409.117736;Medroxalol;[M+K-H2];C20H24N2O5;6.09425e-4;1.489609;409.117127;1 out of 5
411.007679;411.008119;8-Nitro-cGMP;[M+Na-H2];C10H11N6O9P;9.38640e-4;2.283756;411.007180;1 out of 5
414.024115;414.024566;6-Methylthioguanosine monophosphate;[M+Na-H2];C11H16N5O7PS;-9.06563e-4;-2.189631;414.025472;2 out of 5
415.225403;415.225858;Lexibulin;[M-H2O-H];C24H30N6O2;6.74895e-4;1.625372;415.225183;1 out of 5
415.225403;415.225858;Stanolone benzoate;[M+Na-H2];C26H34O3;3.96170e-4;0.954109;415.225462;1 out of 5
415.225403;415.225858;"CPA(18:2(9Z,12Z)/0:0)";[M-H];C21H37O6P;3.59697e-4;0.866270;415.225498;1 out of 5
415.225403;415.225858;"LysoPA(0:0/18:2(9Z,12Z))";[M-H2O-H];C21H39O7P;3.58531e-4;0.863462;415.225500;1 out of 5
415.225403;415.225858;"LysoPA(18:2(9Z,12Z)/0:0)";[M-H2O-H];C21H39O7P;3.58531e-4;0.863462;415.225500;1 out of 5
415.225403;415.225858;"MG(0:0/20:4(5Z,8Z,11Z,14Z)/0:0)";[M+K-H2];C23H38O4;2.43421e-4;0.586239;415.225615;1 out of 5
415.225403;415.225858;"MG(0:0/20:4(8Z,11Z,14Z,17Z)/0:0)";[M+K-H2];C23H38O4;2.43421e-4;0.586239;415.225615;1 out of 5
415.225403;415.225858;"MG(20:4(5Z,8Z,11Z,14Z)/0:0/0:0)";[M+K-H2];C23H38O4;2.43421e-4;0.586239;415.225615;1 out of 5
415.225403;415.225858;"MG(20:4(8Z,11Z,14Z,17Z)/0:0/0:0)";[M+K-H2];C23H38O4;2.43421e-4;0.586239;415.225615;1 out of 5
415.225403;415.225858;"1-Acetoxy-2-hydroxy-5,12,15-heneicosatrien-4-one";[M+K-H2];C23H38O4;2.43421e-4;0.586239;415.225615;1 out of 5
415.225403;415.225858;[12]-Gingerol;[M+K-H2];C23H38O4;2.43421e-4;0.586239;415.225615;1 out of 5
415.225403;415.225858;Persenone A;[M+K-H2];C23H38O4;2.43421e-4;0.586239;415.225615;1 out of 5
415.225403;415.225858;1-Arachidonoylglycerol;[M+K-H2];C23H38O4;2.43421e-4;0.586239;415.225615;1 out of 5
415.225403;415.225858;"Eicosa-5,8,11,14-tetraenoic acid 1,3-dihydroxypropan-2-yl ester";[M+K-H2];C23H38O4;2.43421e-4;0.586239;415.225615;1 out of 5
415.225403;415.225858;24-Nor Ursodeoxycholic Acid;[M+K-H2];C23H38O4;2.43421e-4;0.586239;415.225615;1 out of 5
415.225403;415.225858;METENEPROST;[M+K-H2];C23H38O4;2.43421e-4;0.586239;415.225615;1 out of 5
415.225403;415.225858;TRIMOPROSTIL;[M+K-H2];C23H38O4;2.43421e-4;0.586239;415.225615;1 out of 5
415.225403;415.225858;Nordeoxycholic acid;[M+K-H2];C23H38O4;2.43421e-4;0.586239;415.225615;1 out of 5
415.225403;415.225858;"16,16-Dimethylprostaglandin E2";[M+Cl];C22H36O5;1.82866e-4;0.440402;415.225675;1 out of 5
415.225403;415.225858;"20a,20b-Dihomo-9-oxo-11R,15S-dihydroxy-5Z,13E-prostadienoic acid";[M+Cl];C22H36O5;1.82866e-4;0.440402;415.225675;1 out of 5
415.225403;415.225858;"7-[(1R,2R,3R)-3-Hydroxy-2-[(3R)-3-hydroxy-4,4-dimethyloct-1-enyl]-5-oxocyclopentyl]hept-2-enoic acid";[M+Cl];C22H36O5;1.82866e-4;0.440402;415.225675;1 out of 5
415.225403;415.225858;Enisoprost;[M+Cl];C22H36O5;1.82866e-4;0.440402;415.225675;1 out of 5
415.225403;415.225858;Limaprost;[M+Cl];C22H36O5;1.82866e-4;0.440402;415.225675;1 out of 5
415.225403;415.225858;Prostalene;[M+Cl];C22H36O5;1.82866e-4;0.440402;415.225675;1 out of 5
415.225403;415.225858;Bisnorcholic acid;[M+Cl];C22H36O5;1.82863e-4;0.440395;415.225675;1 out of 5
417.241033;417.241497;"(2E,4E,6E,8E)-3,7-Dimethyl-9-(2-nonoxyphenyl)nona-2,4,6,8-tetraenoic acid";[M+Na-H2];C26H36O3;3.84875e-4;0.922429;417.241112;1 out of 5
417.241033;417.241497;estradiol cypionate;[M+Na-H2];C26H36O3;3.84875e-4;0.922429;417.241112;1 out of 5
417.241033;417.241497;"[(8R,9S,13S,14S,17S)-17-Hydroxy-13-methyl-6,7,8,9,11,12,14,15,16,17-decahydrocyclopenta[a]phenanthren-3-yl] 3-cyclopentylpropanoate";[M+Na-H2];C26H36O3;3.84875e-4;0.922429;417.241112;1 out of 5
417.241033;417.241497;"CPA(18:1(11Z)/0:0)";[M-H];C21H39O6P;3.48402e-4;0.835015;417.241148;1 out of 5
417.241033;417.241497;"CPA(18:1(9Z)/0:0)";[M-H];C21H39O6P;3.48402e-4;0.835015;417.241148;1 out of 5
417.241033;417.241497;DHAP(18:0);[M-H2O-H];C21H41O7P;3.47716e-4;0.833371;417.241149;1 out of 5
417.241033;417.241497;(2-Hydroxy-3-phosphonooxypropyl) octadec-9-enoate;[M-H2O-H];C21H41O7P;3.47716e-4;0.833371;417.241149;1 out of 5
417.241033;417.241497;"LysoPA(0:0/18:1(9Z))";[M-H2O-H];C21H41O7P;3.47236e-4;0.832220;417.241150;1 out of 5
417.241033;417.241497;"LysoPA(18:1(9Z)/0:0)";[M-H2O-H];C21H41O7P;3.47236e-4;0.832220;417.241150;1 out of 5
417.241033;417.241497;"MG(0:0/20:3(11Z,14Z,17Z)/0:0)";[M+K-H2];C23H40O4;2.32126e-4;0.556336;417.241265;1 out of 5
417.241033;417.241497;"MG(0:0/20:3(5Z,8Z,11Z)/0:0)";[M+K-H2];C23H40O4;2.32126e-4;0.556336;417.241265;1 out of 5
417.241033;417.241497;"MG(0:0/20:3(8Z,11Z,14Z)/0:0)";[M+K-H2];C23H40O4;2.32126e-4;0.556336;417.241265;1 out of 5
417.241033;417.241497;"MG(20:3(11Z,14Z,17Z)/0:0/0:0)";[M+K-H2];C23H40O4;2.32126e-4;0.556336;417.241265;1 out of 5
417.241033;417.241497;"MG(20:3(5Z,8Z,11Z)/0:0/0:0)";[M+K-H2];C23H40O4;2.32126e-4;0.556336;417.241265;1 out of 5
417.241033;417.241497;"MG(20:3(8Z,11Z,14Z)/0:0/0:0)";[M+K-H2];C23H40O4;2.32126e-4;0.556336;417.241265;1 out of 5
417.241033;417.241497;Isopersin;[M+K-H2];C23H40O4;2.32126e-4;0.556336;417.241265;1 out of 5
417.241033;417.241497;"2-Hydroxy-4-oxo-5,12-heneicosadien-1-yl acetate";[M+K-H2];C23H40O4;2.32126e-4;0.556336;417.241265;1 out of 5
417.241033;417.241497;Persin;[M+K-H2];C23H40O4;2.32126e-4;0.556336;417.241265;1 out of 5
417.241033;417.241497;[12]-Gingerdiol;[M+K-H2];C23H40O4;2.32126e-4;0.556336;417.241265;1 out of 5
417.241033;417.241497;"(11R,16S)-misoprostol";[M+Cl];C22H38O5;1.71570e-4;0.411202;417.241325;1 out of 5
417.241033;417.241497;"13,14-Dihydro-15-keto-20-ethyl prostaglandin f2alpha";[M+Cl];C22H38O5;1.71570e-4;0.411202;417.241325;1 out of 5
417.241033;417.241497;"16,16-Dimethyl Prostaglandin E1";[M+Cl];C22H38O5;1.71570e-4;0.411202;417.241325;1 out of 5
417.241033;417.241497;Carboprost methyl;[M+Cl];C22H38O5;1.71570e-4;0.411202;417.241325;1 out of 5
417.241033;417.241497;Misoprostol;[M+Cl];C22H38O5;1.71568e-4;0.411197;417.241325;1 out of 5
419.033628;419.034099;"5-(5-(2,6-Dichloro-4-(4,5-Dihydro-2-Oxazoly)phenoxy)pentyl)-3-Methyl Isoxazole";[M+K-H2];C18H20Cl2N2O3;3.96188e-4;0.945479;419.033703;1 out of 5
419.057256;419.057726;Enterodiol sulfate;[M+K-H2];C18H22O7S;4.97262e-4;1.186622;419.057229;1 out of 5
419.057256;419.057726;Ilaprazole sulfone;[M+K-H2];C19H18N4O3S;-8.40146e-4;-2.004841;419.058567;1 out of 5
419.256731;419.257203;Benzotest;[M+Na-H2];C26H38O3;4.40518e-4;1.050711;419.256762;1 out of 5
419.256731;419.257203;"CPA(18:0/0:0)";[M-H];C21H41O6P;4.04046e-4;0.963719;419.256799;2 out of 5
419.256731;419.257203;"LysoPA(0:0/18:0)";[M-H2O-H];C21H43O7P;4.03360e-4;0.962083;419.256799;3 out of 5
419.256731;419.257203;"LysoPA(18:0/0:0)";[M-H2O-H];C21H43O7P;4.02879e-4;0.960936;419.256800;3 out of 5
419.256731;419.257203;"MG(0:0/20:2(11Z,14Z)/0:0)";[M+K-H2];C23H42O4;2.87770e-4;0.686380;419.256915;1 out of 5
419.256731;419.257203;"MG(20:2(11Z,14Z)/0:0/0:0)";[M+K-H2];C23H42O4;2.87770e-4;0.686380;419.256915;1 out of 5
419.256731;419.257203;Persenone B;[M+K-H2];C23H42O4;2.87770e-4;0.686380;419.256915;1 out of 5
419.256731;419.257203;Lepidiumterpenyl ester;[M+K-H2];C23H42O4;2.87770e-4;0.686380;419.256915;1 out of 5
420.009284;420.009758;Glucocheirolin;[M-H2O-H];C11H21NO11S3;-7.34587e-5;-0.174898;420.009832;1 out of 5
420.114653;420.115128;Difloxacin;[M+Na-H2];C21H19F2N3O3;1.01318e-3;2.411687;420.114115;1 out of 5
420.114653;420.115128;Quetiapine;[M+K-H2];C21H25N3O2S;-2.24755e-4;-0.534985;420.115353;1 out of 5
421.054230;421.054709;Theaflagallin;[M+Na-H2];C20H16O9;6.09792e-4;1.448251;421.054099;1 out of 5
421.054230;421.054709;"3,4,5-trihydroxy-6-{2-hydroxy-5-[(5-oxooxolan-2-yl)methyl]phenoxy}oxane-2-carboxylic acid";[M+K-H2];C17H20O10;4.57058e-4;1.085509;421.054252;1 out of 5
421.054230;421.054709;Eleutheroside B1;[M+K-H2];C17H20O10;4.57042e-4;1.085471;421.054252;1 out of 5
421.054230;421.054709;Tomenin;[M+K-H2];C17H20O10;4.57042e-4;1.085471;421.054252;1 out of 5
421.054230;421.054709;"5-(3',5'-Dihydroxyphenyl)-gamma-valerolactone 3-O-glucuronide";[M+K-H2];C17H20O10;4.57042e-4;1.085471;421.054252;1 out of 5
421.054230;421.054709;"5-(3',4'-Dihydroxyphenyl)-gamma-valerolactone-4'-O-glucuronide";[M+K-H2];C17H20O10;4.57042e-4;1.085471;421.054252;1 out of 5
421.054230;421.054709;2-trans-O-Feruloylglucaric acid;[M+Cl];C16H18O11;3.96484e-4;0.941646;421.054312;2 out of 5
422.057589;422.058072;Gluconasturtiin;[M-H];C15H21NO9S2;-4.23871e-4;-1.004294;422.058496;1 out of 5
422.125852;422.126335;Alpelisib;[M-H2O-H];C19H22F3N5O2S;-4.53979e-4;-1.075456;422.126789;1 out of 5
422.125852;422.126335;Ipsapirone;[M+Na-H2];C19H23N5O3S;-4.92496e-4;-1.166701;422.126828;1 out of 5
423.119418;423.119905;n6-[2-(4-Aminophenyl)ethyl]adenosine;[M+K-H2];C18H22N6O4;1.04713e-3;2.474792;423.118858;1 out of 5
423.119418;423.119905;"5'-(1,4-Dihydro-1-methyl-3-pyridinylcarbonyl)-3'-azido-3'-deoxythymidine";[M+Cl];C17H20N6O5;9.86575e-4;2.331673;423.118919;1 out of 5
423.119418;423.119905;Rondomycin;[M-H2O-H];C22H22N2O8;1.30667e-4;0.308818;423.119775;1 out of 5
423.119418;423.119905;Methacycline;[M-H2O-H];C22H22N2O8;1.30653e-4;0.308785;423.119775;1 out of 5
423.135019;423.135506;Delmadinone acetate;[M+Na-H2];C23H27ClO4;1.05242e-3;2.487204;423.134454;1 out of 5
423.138002;423.138489;Eprosartan;[M-H];C23H24N2O4S;8.81560e-5;0.208339;423.138401;2 out of 5
423.138002;423.138489;4-[[2-Butyl-5-(2-carboxy-3-thiophen-2-ylprop-1-enyl)-1-imidazolyl]methyl]benzoic acid;[M-H];C23H24N2O4S;8.76770e-5;0.207207;423.138401;2 out of 5
424.122052;424.122543;Fasidotril;[M-H2O-H];C23H25NO6S;1.25504e-4;0.295916;424.122418;1 out of 5
424.122052;424.122543;Perphenazine;[M+Na-H2];C21H26ClN3OS;-6.34659e-4;-1.496401;424.123178;1 out of 5
425.125512;425.126007;purvalanol A;[M+K-H2];C19H25ClN6O;-4.35213e-4;-1.023725;425.126442;1 out of 5
425.135239;425.135734;15-(4-Iodophenyl)pentadecanoic acid;[M-H2O-H];C21H33IO2;1.04530e-3;2.458752;425.134689;1 out of 5
425.135239;425.135734;Epitetracycline;[M-H2O-H];C22H24N2O8;3.09560e-4;0.728144;425.135425;1 out of 5
425.135239;425.135734;Doxycycline;[M-H2O-H];C22H24N2O8;3.09547e-4;0.728113;425.135425;1 out of 5
425.135239;425.135734;Tetracycline;[M-H2O-H];C22H24N2O8;3.09547e-4;0.728113;425.135425;1 out of 5
425.135239;425.135734;Flibanserin;[M+Cl];C20H21F3N4O;-4.12628e-4;-0.970579;425.136147;1 out of 5
425.144967;425.145462;Serylvalylglycylglutamic acid;[M+Cl];C15H26N4O8;9.97346e-4;2.345900;425.144465;1 out of 5
425.144967;425.145462;"6-(2-Carboxyethyl)-7-hydroxy-2,2-dimethyl-4-chromanone glucoside";[M-H];C20H26O10;1.42107e-4;0.334256;425.145320;2 out of 5
426.022065;426.022564;"Adenosine 3',5'-diphosphate";[M-H];C10H15N5O10P2;4.25881e-4;0.999670;426.022138;3 out of 5
426.022065;426.022564;dGDP;[M-H];C10H15N5O10P2;4.25881e-4;0.999670;426.022138;3 out of 5
426.022065;426.022564;ADP;[M-H];C10H15N5O10P2;4.25881e-4;0.999670;426.022138;3 out of 5
426.022065;426.022564;"[(2S,3R,4R,5R)-5-(6-Aminopurin-9-yl)-3,4-dihydroxyoxolan-2-yl]methyl phosphono hydrogen phosphate";[M-H];C10H15N5O10P2;4.25881e-4;0.999670;426.022138;3 out of 5
426.022065;426.022564;Zidovudine diphosphate;[M-H];C10H15N5O10P2;4.24931e-4;0.997440;426.022139;3 out of 5
426.022065;426.022564;Acetyl adenylate;[M+K-H2];C12H16N5O8P;3.09605e-4;0.726735;426.022254;1 out of 5
426.138618;426.139117;N-desmethyltoremifene;[M+Cl];C25H26ClNO;-5.76248e-4;-1.352251;426.139693;1 out of 5
430.027599;430.028114;Bensultap;[M-H];C17H21NO4S4;4.80358e-5;0.111704;430.028066;1 out of 5
435.096206;435.096742;N-Feruloylglycyl-L-phenylalanine;[M+K-H2];C21H22N2O6;3.50929e-4;0.806555;435.096391;1 out of 5
436.283275;436.283816;N-Eicosapentaenoyl Isoleucine;[M+Na-H2];C26H41NO3;5.04530e-4;1.156428;436.283311;1 out of 5
436.283275;436.283816;N-Eicosapentaenoyl Leucine;[M+Na-H2];C26H41NO3;5.04530e-4;1.156428;436.283311;1 out of 5
436.283275;436.283816;"LysoPE(P-16:0/0:0)";[M-H];C21H44NO6P;4.68057e-4;1.072828;436.283348;1 out of 5
436.283275;436.283816;L-Palmitoylcarnitine;[M+K-H2];C23H45NO4;3.51781e-4;0.806313;436.283464;1 out of 5
436.283275;436.283816;O-Palmitoylcarnitine;[M+K-H2];C23H45NO4;3.51781e-4;0.806313;436.283464;1 out of 5
436.283275;436.283816;12-Methylpentadecanoylcarnitine;[M+K-H2];C23H45NO4;3.51781e-4;0.806313;436.283464;1 out of 5
436.283275;436.283816;9-Methylpentadecanoylcarnitine;[M+K-H2];C23H45NO4;3.51781e-4;0.806313;436.283464;1 out of 5
436.283275;436.283816;5-Methylpentadecanoylcarnitine;[M+K-H2];C23H45NO4;3.51781e-4;0.806313;436.283464;1 out of 5
436.283275;436.283816;6-Methylpentadecanoylcarnitine;[M+K-H2];C23H45NO4;3.51781e-4;0.806313;436.283464;1 out of 5
436.283275;436.283816;11-Methylpentadecanoylcarnitine;[M+K-H2];C23H45NO4;3.51781e-4;0.806313;436.283464;1 out of 5
436.283275;436.283816;3-Methylpentadecanoylcarnitine;[M+K-H2];C23H45NO4;3.51781e-4;0.806313;436.283464;1 out of 5
436.283275;436.283816;8-Methylpentadecanoylcarnitine;[M+K-H2];C23H45NO4;3.51781e-4;0.806313;436.283464;1 out of 5
436.283275;436.283816;7-Methylpentadecanoylcarnitine;[M+K-H2];C23H45NO4;3.51781e-4;0.806313;436.283464;1 out of 5
436.283275;436.283816;13-Methylpentadecanoylcarnitine;[M+K-H2];C23H45NO4;3.51781e-4;0.806313;436.283464;1 out of 5
436.283275;436.283816;4-Methylpentadecanoylcarnitine;[M+K-H2];C23H45NO4;3.51781e-4;0.806313;436.283464;1 out of 5
436.283275;436.283816;14-Methylpentadecanoylcarnitine;[M+K-H2];C23H45NO4;3.51781e-4;0.806313;436.283464;1 out of 5
436.283275;436.283816;10-Methylpentadecanoylcarnitine;[M+K-H2];C23H45NO4;3.51781e-4;0.806313;436.283464;1 out of 5
436.283275;436.283816;10-Hydroxypentadecanoylcarnitine;[M+Cl];C22H43NO5;2.91225e-4;0.667514;436.283524;1 out of 5
436.283275;436.283816;7-Hydroxypentadecanoylcarnitine;[M+Cl];C22H43NO5;2.91225e-4;0.667514;436.283524;1 out of 5
436.283275;436.283816;9-Hydroxypentadecanoylcarnitine;[M+Cl];C22H43NO5;2.91225e-4;0.667514;436.283524;1 out of 5
436.283275;436.283816;6-Hydroxypentadecanoylcarnitine;[M+Cl];C22H43NO5;2.91225e-4;0.667514;436.283524;1 out of 5
436.283275;436.283816;5-Hydroxypentadecanoylcarnitine;[M+Cl];C22H43NO5;2.91225e-4;0.667514;436.283524;1 out of 5
436.283275;436.283816;3-hydroxypentadecanoyl carnitine;[M+Cl];C22H43NO5;2.91223e-4;0.667509;436.283524;1 out of 5
437.267493;437.268038;"LysoPA(0:0/18:0)";[M-H];C21H43O7P;6.75229e-4;1.544202;437.267363;3 out of 5
437.267493;437.268038;"LysoPA(18:0/0:0)";[M-H];C21H43O7P;6.74748e-4;1.543102;437.267364;3 out of 5
437.267493;437.268038;"DG(8:0/12:0/0:0)";[M+K-H2];C23H44O5;5.58954e-4;1.278289;437.267480;1 out of 5
437.267493;437.268038;"DG(8:0/0:0/12:0)";[M+K-H2];C23H44O5;5.58954e-4;1.278289;437.267480;1 out of 5
437.267493;437.268038;"DG(8:0/i-12:0/0:0)";[M+K-H2];C23H44O5;5.58954e-4;1.278289;437.267480;1 out of 5
437.267493;437.268038;"DG(8:0/0:0/i-12:0)";[M+K-H2];C23H44O5;5.58954e-4;1.278289;437.267480;1 out of 5
437.267493;437.268038;"DG(10:0/0:0/10:0)";[M+K-H2];C23H44O5;5.58954e-4;1.278289;437.267480;1 out of 5
437.267493;437.268038;"DG(12:0/8:0/0:0)";[M+K-H2];C23H44O5;5.58954e-4;1.278289;437.267480;1 out of 5
437.267493;437.268038;"DG(12:0/0:0/8:0)";[M+K-H2];C23H44O5;5.58954e-4;1.278289;437.267480;1 out of 5
437.267493;437.268038;"DG(i-12:0/8:0/0:0)";[M+K-H2];C23H44O5;5.58954e-4;1.278289;437.267480;1 out of 5
437.267493;437.268038;"DG(i-12:0/0:0/8:0)";[M+K-H2];C23H44O5;5.58954e-4;1.278289;437.267480;1 out of 5
437.267493;437.268038;3-(Acetyloxy)-2-hydroxypropyl octadecanoate;[M+K-H2];C23H44O5;5.58953e-4;1.278286;437.267480;1 out of 5
437.267493;437.268038;"DG(10:0/10:0/0:0)";[M+K-H2];C23H44O5;5.58953e-4;1.278286;437.267480;1 out of 5
437.267493;437.268038;Sorbitan palmitate;[M+Cl];C22H42O6;4.98395e-4;1.139794;437.267540;1 out of 5
442.016975;442.017540;Guanosine diphosphate;[M-H];C10H15N5O11P2;4.87854e-4;1.103700;442.017052;1 out of 5
442.016975;442.017540;8-oxo-dGDP;[M-H];C10H15N5O11P2;4.87854e-4;1.103700;442.017052;1 out of 5
442.016975;442.017540;Guanosine diphos-phate;[M-H];C10H15N5O11P2;4.86906e-4;1.101555;442.017053;1 out of 5
442.016975;442.017540;"Guanosine-3',5'-Diphosphate";[M-H];C10H15N5O11P2;4.86906e-4;1.101555;442.017053;1 out of 5
442.016975;442.017540;"N-[4-[3,5-Bis(trifluoromethyl)pyrazol-1-yl]phenyl]-4-methylthiadiazole-5-carboxamide";[M+Na-H2];C15H9F6N5OS;-3.26857e-4;-0.739465;442.017867;1 out of 5
443.077068;443.077638;3-[[(2S)-3-(4-Phenylphenyl)-2-(phosphonomethylamino)propanoyl]amino]propanoic acid;[M+K-H2];C19H23N2O6P;-3.40187e-4;-0.767781;443.077978;1 out of 5
443.077068;443.077638;2-Aminoethyl 2-[[2-[4-(4-chlorophenoxy)phenoxy]acetyl]amino]ethyl hydrogen phosphate;[M-H];C18H22ClN2O7P;-4.00520e-4;-0.903948;443.078039;1 out of 5
443.077068;443.077638;2-Ethoxy-3-[4-[2-[4-(trifluoromethylsulfonyloxy)phenyl]ethoxy]phenyl]propanoic acid;[M-H2O-H];C20H21F3O7S;-5.29399e-4;-1.194820;443.078168;1 out of 5
443.077068;443.077638;4-Methoxybenzenepropanol 1-(2-sulfoglucoside);[M+Cl];C16H24O10S;-7.80398e-4;-1.761308;443.078419;1 out of 5
443.122607;443.123178;Melatonin glucuronide;[M+Cl];C19H24N2O8;5.10755e-4;1.152627;443.122667;1 out of 5
445.093742;445.094321;"2-(2-Aminoethoxymethyl)-4-(2-chlorophenyl)-6-methyl-1,4-dihydropyridine-3,5-dicarboxylic acid O3-ethyl ester O5-methyl ester;benzenesulfonic acid";[M+K-H2];C20H25ClN2O5;5.16362e-4;1.160119;445.093805;1 out of 5
445.093742;445.094321;Amlodipine;[M+K-H2];C20H25ClN2O5;5.16335e-4;1.160058;445.093805;1 out of 5
448.003672;448.004264;"Adenosine 3',5'-diphosphate";[M+Na-H2];C10H15N5O10P2;1.81999e-4;0.406245;448.004082;3 out of 5
448.003672;448.004264;dGDP;[M+Na-H2];C10H15N5O10P2;1.81999e-4;0.406245;448.004082;3 out of 5
448.003672;448.004264;ADP;[M+Na-H2];C10H15N5O10P2;1.81999e-4;0.406245;448.004082;3 out of 5
448.003672;448.004264;"[(2S,3R,4R,5R)-5-(6-Aminopurin-9-yl)-3,4-dihydroxyoxolan-2-yl]methyl phosphono hydrogen phosphate";[M+Na-H2];C10H15N5O10P2;1.81999e-4;0.406245;448.004082;3 out of 5
448.003672;448.004264;Zidovudine diphosphate;[M+Na-H2];C10H15N5O10P2;1.81049e-4;0.404124;448.004083;3 out of 5
455.233582;455.234206;Phytyl diphosphate;[M-H];C20H42O7P2;9.05801e-4;1.989751;455.233300;1 out of 5
455.233582;455.234206;"CPA(18:0/0:0)";[M+Cl];C21H41O6P;7.28967e-4;1.601303;455.233477;2 out of 5
458.084370;458.085006;3-(6-Methylpyridin-2-yl)-N-phenyl-4-(quinolin-4-yl)-1H-pyrazole-1-carbothioamide;[M+K-H2];C25H19N5S;2.83769e-4;0.619469;458.084722;1 out of 5
458.084370;458.085006;"N-(4-(2-Chlorophenyl)-6,7-dimethyl-3-quinolyl)-N'-(2,4-difluorophenyl)urea";[M+Na-H2];C24H18ClF2N3O;-3.07625e-4;-0.671544;458.085313;1 out of 5
458.084370;458.085006;5-O-p-Coumaroylnigrumin;[M+K-H2];C20H23NO9;-8.80764e-4;-1.922704;458.085886;1 out of 5
458.091361;458.091997;Ethyl 3-[[(4-chlorophenyl)methyl-[(5-nitrothiophen-2-yl)methyl]amino]methyl]pyrrolidine-1-carboxylate;[M+Na-H2];C20H24ClN3O4S;-2.74951e-4;-0.600209;458.092272;1 out of 5
459.096325;459.096965;AUREOMYCIN;[M-H2O-H];C22H23ClN2O8;5.12898e-4;1.117190;459.096452;1 out of 5
459.096325;459.096965;Chembl456066;[M-H2O-H];C22H23ClN2O8;5.12898e-4;1.117190;459.096452;1 out of 5
459.111180;459.111821;Losartan;[M+K-H2];C22H23ClN6O;1.02874e-3;2.240723;459.110792;1 out of 5
459.114962;459.115602;Eprosartan;[M+Cl];C23H24N2O4S;5.23442e-4;1.140112;459.115079;2 out of 5
459.114962;459.115602;Ponesimod;[M-H];C23H25ClN2O4S;5.23198e-4;1.139580;459.115079;3 out of 5
459.114962;459.115602;4-[[2-Butyl-5-(2-carboxy-3-thiophen-2-ylprop-1-enyl)-1-imidazolyl]methyl]benzoic acid;[M+Cl];C23H24N2O4S;5.22963e-4;1.139068;459.115079;2 out of 5
459.232221;459.232862;Mosapramine;[M-H2O-H];C28H35ClN4O;7.63260e-4;1.662036;459.232099;1 out of 5
459.232221;459.232862;Camicinal;[M+Cl];C25H33FN4O;-3.79102e-4;-0.825510;459.233241;1 out of 5
460.094857;460.095502;"2-[(4s)-6-(4-Chlorophenyl)-8-Methoxy-1-Methyl-4h-[1,2,4]triazolo[4,3-A][1,4]benzodiazepin-4-Yl]-N-Ethylacetamide";[M+K-H2];C22H22ClN5O2;6.93885e-4;1.508134;460.094808;1 out of 5
460.098655;460.099299;Prulifloxacin;[M-H];C21H20FN3O6S;8.91656e-4;1.937968;460.098408;1 out of 5
460.105165;460.105810;Coelenterazine;[M+K-H2];C26H21N3O3;-1.08654e-3;-2.361504;460.106897;1 out of 5
460.105165;460.105810;"4-[4-(3-Hydroxyphenyl)-3-(4-methylphenyl)-6-oxo-1,4-dihydropyrrolo[3,4-d]pyrazol-5-yl]benzoic acid";[M+Cl];C25H19N3O4;-1.14710e-3;-2.493117;460.106957;1 out of 5
460.112219;460.112863;Skepinone-L;[M+Cl];C24H21F2NO4;-4.02087e-4;-0.873887;460.113265;1 out of 5
460.118458;460.119103;KBT 1585 hydrochloride;[M-H];C21H23N3O7S;7.08854e-4;1.540591;460.118394;2 out of 5
460.989059;460.989708;Ceftezole;[M+Na-H2];C13H12N8O4S3;6.76827e-4;1.468207;460.989031;1 out of 5
461.121446;461.122096;Butyrolactone derivative;[M+Na-H2];C24H24O8;3.10782e-4;0.673970;461.121785;1 out of 5
461.121446;461.122096;8-Acetylneosolaniol;[M+K-H2];C21H28O9;1.58033e-4;0.342715;461.121937;1 out of 5
461.121446;461.122096;Taraxinic acid glucosyl ester;[M+K-H2];C21H28O9;1.58021e-4;0.342689;461.121937;1 out of 5
461.121446;461.122096;Crepidiaside B;[M+K-H2];C21H28O9;1.58021e-4;0.342689;461.121937;1 out of 5
461.121446;461.122096;"6-(2-Carboxyethyl)-7-hydroxy-2,2-dimethyl-4-chromanone glucoside";[M+Cl];C20H26O10;9.74634e-5;0.211361;461.121998;2 out of 5
462.109386;462.110040;Domperidone;[M+K-H2];C22H24ClN5O2;-4.17414e-4;-0.903278;462.110458;1 out of 5
462.115133;462.115787;"7,8-dihydrofolate";[M+Na-H2];C19H19N7O6;3.41507e-4;0.739008;462.115446;1 out of 5
462.115133;462.115787;Peonidin-3-glucoside;[M-H];C22H23O11;-9.72551e-4;-2.104557;462.116760;2 out of 5
462.115133;462.115787;Isopeonidin 3-galactoside;[M-H];C22H23O11;-9.72551e-4;-2.104557;462.116760;2 out of 5
462.115133;462.115787;Isopeonidin 3-glucoside;[M-H];C22H23O11;-9.72551e-4;-2.104557;462.116760;2 out of 5
462.115133;462.115787;Malvidin 3-arabinoside;[M-H];C22H23O11;-9.72551e-4;-2.104557;462.116760;2 out of 5
462.115133;462.115787;Peonidin 3-galactoside;[M-H];C22H23O11;-9.72551e-4;-2.104557;462.116760;2 out of 5
463.108990;463.109648;Balipodect;[M+Cl];C23H17FN6O2;5.44962e-4;1.176747;463.109103;1 out of 5
463.118609;463.119267;Descarboxyethoxyloratadine;[M+K-H2];C24H27ClN2O3;-3.58074e-4;-0.773177;463.119625;1 out of 5
463.118609;463.119267;"2-[3-[1-[[2-(3,4-Dichlorophenyl)acetyl]-methylamino]-2-pyrrolidin-1-ylethyl]phenoxy]acetic acid";[M-H];C23H26Cl2N2O4;-4.18374e-4;-0.903381;463.119686;2 out of 5
464.088638;464.089300;Baloxavir;[M-H2O-H];C24H19F2N3O4S;7.07798e-4;1.525136;464.088593;1 out of 5
464.098022;464.098685;[3H]Pemetrexed;[M+K-H2];C20H21N5O6;8.96106e-4;1.930857;464.097788;1 out of 5
464.098022;464.098685;Pemetrexed;[M+K-H2];C20H21N5O6;8.96093e-4;1.930829;464.097788;1 out of 5
464.098022;464.098685;Nicergoline;[M-H2O-H];C24H26BrN3O3;7.71162e-4;1.661637;464.097913;1 out of 5
468.131297;468.131979;"(2R)-1-[4-[1,3-Benzothiazol-2-yl(methyl)amino]piperidin-1-yl]-3-(3,4-difluorophenoxy)propan-2-ol";[M+Cl];C22H25F2N3O2S;-9.76927e-4;-2.086859;468.132956;1 out of 5
473.244214;473.244919;"LysoPA(0:0/18:0)";[M+Cl];C21H43O7P;8.78206e-4;1.855715;473.244041;3 out of 5
473.244214;473.244919;"LysoPA(18:0/0:0)";[M+Cl];C21H43O7P;8.77725e-4;1.854699;473.244042;3 out of 5
480.309467;480.310205;"LysoPC(15:0/0:0)";[M-H];C23H48NO7P;6.42934e-4;1.338582;480.309562;1 out of 5
480.309467;480.310205;"LysoPE(0:0/18:0)";[M-H];C23H48NO7P;6.42934e-4;1.338582;480.309562;1 out of 5
480.309467;480.310205;"LysoPE(18:0/0:0)";[M-H];C23H48NO7P;6.42934e-4;1.338582;480.309562;1 out of 5
480.309467;480.310205;3-Hydroxyoctadecanoylcarnitine;[M+K-H2];C25H49NO5;5.26659e-4;1.096499;480.309679;1 out of 5
480.309467;480.310205;10-Hydroxyoctadecanoylcarnitine;[M+K-H2];C25H49NO5;5.26659e-4;1.096499;480.309679;1 out of 5
480.309467;480.310205;9-Hydroxyoctadecanoylcarnitine;[M+K-H2];C25H49NO5;5.26659e-4;1.096499;480.309679;1 out of 5
480.309467;480.310205;13-Hydroxyoctadecanoylcarnitine;[M+K-H2];C25H49NO5;5.26659e-4;1.096499;480.309679;1 out of 5
480.309467;480.310205;5-Hydroxyoctadecanoylcarnitine;[M+K-H2];C25H49NO5;5.26659e-4;1.096499;480.309679;1 out of 5
480.309467;480.310205;7-Hydroxyoctadecanoylcarnitine;[M+K-H2];C25H49NO5;5.26659e-4;1.096499;480.309679;1 out of 5
480.309467;480.310205;8-Hydroxyoctadecanoylcarnitine;[M+K-H2];C25H49NO5;5.26659e-4;1.096499;480.309679;1 out of 5
480.309467;480.310205;11-Hydroxyoctadecanoylcarnitine;[M+K-H2];C25H49NO5;5.26659e-4;1.096499;480.309679;1 out of 5
480.309467;480.310205;6-Hydroxyoctadecanoylcarnitine;[M+K-H2];C25H49NO5;5.26659e-4;1.096499;480.309679;1 out of 5
480.309467;480.310205;(2S)-2-Hydroxyoctadecanoylcarnitine;[M+K-H2];C25H49NO5;5.26659e-4;1.096499;480.309679;1 out of 5
480.309467;480.310205;12-Hydroxy-12-octadecanoylcarnitine;[M+K-H2];C25H49NO5;5.26658e-4;1.096497;480.309679;1 out of 5
487.263417;487.264189;Ixabepilone;[M-H2O-H];C27H42N2O5S;5.86588e-4;1.203840;487.263602;1 out of 5
490.364773;490.365560;"LysoPC(O-18:0/0:0)";[M-H2O-H];C26H56NO6P;-1.12371e-3;-2.291578;490.366684;1 out of 5
492.332995;492.333791;Chenodeoxycholylthreonine;[M-H];C28H47NO6;7.29994e-4;1.482725;492.333061;1 out of 5
492.332995;492.333791;Deoxycholylthreonine;[M-H];C28H47NO6;7.29994e-4;1.482725;492.333061;1 out of 5
492.332995;492.333791;Glycolipids;[M-H];C24H50N2O6P;4.19377e-4;0.851816;492.333372;1 out of 5
495.073799;495.074609;Raltitrexed;[M+K-H2];C21H22N4O6S;-9.10068e-7;-0.001838;495.074610;1 out of 5
495.091388;495.092198;2'-(E)-Feruloyl-3-(arabinosylxylose);[M+K-H2];C20H26O12;1.16720e-3;2.357544;495.091031;1 out of 5
495.091388;495.092198;cis-p-Coumaric acid 4-[apiosyl-(1-&gt;2)-glucoside];[M+K-H2];C20H26O12;1.16720e-3;2.357544;495.091031;1 out of 5
495.091388;495.092198;7-Hydroxy-4-methylphthalide O-[arabinosyl-(1-&gt;6)-glucoside];[M+K-H2];C20H26O12;1.16720e-3;2.357544;495.091031;1 out of 5
495.091388;495.092198;Cefpirome;[M-H2O-H];C22H22N6O5S2;7.30271e-4;1.475022;495.091468;1 out of 5
495.091388;495.092198;Ponesimod;[M+Cl];C23H25ClN2O4S;4.41295e-4;0.891339;495.091757;3 out of 5
495.091388;495.092198;12-Hydroxynevirapine glucuronide;[M+K-H2];C21H22N4O8;-1.70205e-4;-0.343785;495.092369;1 out of 5
495.091388;495.092198;2-Hydroxynevirapine glucuronide;[M+K-H2];C21H22N4O8;-1.70205e-4;-0.343785;495.092369;1 out of 5
495.091388;495.092198;3-Hydroxynevirapine glucuronide;[M+K-H2];C21H22N4O8;-1.70205e-4;-0.343785;495.092369;1 out of 5
495.091388;495.092198;8-Hydroxynevirapine glucuronide;[M+K-H2];C21H22N4O8;-1.70205e-4;-0.343785;495.092369;1 out of 5
495.100183;495.100994;Apremilast;[M+Cl];C22H24N2O7S;1.17030e-3;2.363761;495.099823;2 out of 5
495.100183;495.100994;Daf-FM DA;[M-H];C25H18F2N2O7;6.33388e-5;0.127931;495.100930;1 out of 5
495.104581;495.105391;Wistin;[M+Cl];C23H24O10;-9.56729e-4;-1.932371;495.106348;2 out of 5
495.104581;495.105391;"5,7-Dihydroxy-2',6-dimethoxyisoflavone 7-rhamnoside";[M+Cl];C23H24O10;-9.56729e-4;-1.932371;495.106348;2 out of 5
495.104581;495.105391;6''-Acetylliquiritin;[M+Cl];C23H24O10;-9.56729e-4;-1.932371;495.106348;2 out of 5
496.095095;496.095910;KBT 1585 hydrochloride;[M+Cl];C21H23N3O7S;8.38014e-4;1.689220;496.095072;2 out of 5
496.095095;496.095910;2-Methyl-1-hydroxypropyl-ThPP;[M-H];C16H27N4O8P2S;7.04707e-4;1.420507;496.095206;2 out of 5
497.071216;497.072036;Ponesimod;[M+K-H2];C23H25ClN2O4S;1.07459e-3;2.161838;497.070961;3 out of 5
497.077548;497.078368;Apremilast;[M+K-H2];C22H24N2O7S;-6.58982e-4;-1.325710;497.079027;2 out of 5
497.084514;497.085334;Wistin;[M+K-H2];C23H24O10;-2.17711e-4;-0.437974;497.085552;2 out of 5
497.084514;497.085334;"5,7-Dihydroxy-2',6-dimethoxyisoflavone 7-rhamnoside";[M+K-H2];C23H24O10;-2.17711e-4;-0.437974;497.085552;2 out of 5
497.084514;497.085334;6''-Acetylliquiritin;[M+K-H2];C23H24O10;-2.17711e-4;-0.437974;497.085552;2 out of 5
497.084514;497.085334;"5-Hydroxy-3-(4-hydroxyphenyl)-6-methoxy-7-[(2S,4S,5S)-3,4,5-trihydroxy-6-(hydroxymethyl)oxan-2-yl]oxychromen-4-one";[M+Cl];C22H22O11;-2.78251e-4;-0.559764;497.085613;1 out of 5
497.084514;497.085334;Swertiajaponin;[M+Cl];C22H22O11;-2.78269e-4;-0.559800;497.085613;1 out of 5
497.084514;497.085334;Isoswertiajaponin;[M+Cl];C22H22O11;-2.78269e-4;-0.559800;497.085613;1 out of 5
497.084514;497.085334;Diosmetin 7-O-beta-D-glucopyranoside;[M+Cl];C22H22O11;-2.78269e-4;-0.559800;497.085613;1 out of 5
497.084514;497.085334;Leptosin;[M+Cl];C22H22O11;-2.78269e-4;-0.559800;497.085613;1 out of 5
497.084514;497.085334;6-beta-D-Glucopyranosyldiosmetin;[M+Cl];C22H22O11;-2.78269e-4;-0.559800;497.085613;1 out of 5
497.084514;497.085334;Pratensein 3'-glucoside;[M+Cl];C22H22O11;-2.78269e-4;-0.559800;497.085613;1 out of 5
497.084514;497.085334;Kaempferide 7-glucoside;[M+Cl];C22H22O11;-2.78269e-4;-0.559800;497.085613;1 out of 5
497.084514;497.085334;2-Cinnamoyl-1-galloyl-beta-D-glucopyranose;[M+Cl];C22H22O11;-2.78269e-4;-0.559800;497.085613;1 out of 5
497.084514;497.085334;6-Cinnamoyl-1-galloylglucose;[M+Cl];C22H22O11;-2.78269e-4;-0.559800;497.085613;1 out of 5
497.084514;497.085334;Tricin arabinoside;[M+Cl];C22H22O11;-2.78269e-4;-0.559800;497.085613;1 out of 5
497.084514;497.085334;Hispiduloside;[M+Cl];C22H22O11;-2.78269e-4;-0.559800;497.085613;1 out of 5
497.092747;497.093567;"Methyl 4,6-di-O-galloyl-beta-D-glucopyranoside";[M-H];C21H22O14;-1.11379e-4;-0.224061;497.093678;1 out of 5
498.084246;498.085071;Probenecid Glucuronide;[M+K-H2];C19H27NO10S;8.98770e-4;1.804454;498.084172;1 out of 5
498.084246;498.085071;Azlocillin;[M+K-H2];C20H23N5O6S;-4.38166e-4;-0.879700;498.085509;1 out of 5
498.087425;498.088250;Mdz-glucuronide;[M-H2O-H];C24H21ClFN3O7;8.85279e-4;1.777356;498.087365;2 out of 5
498.087425;498.088250;Glutamate nitrogen;[M+Cl];C15H21N5O12;1.78043e-4;0.357452;498.088072;1 out of 5
498.091876;498.092701;Peonidin-3-glucoside;[M+Cl];C22H23O11;-7.36505e-4;-1.478648;498.093438;2 out of 5
498.091876;498.092701;Isopeonidin 3-galactoside;[M+Cl];C22H23O11;-7.36505e-4;-1.478648;498.093438;2 out of 5
498.091876;498.092701;Isopeonidin 3-glucoside;[M+Cl];C22H23O11;-7.36505e-4;-1.478648;498.093438;2 out of 5
498.091876;498.092701;Malvidin 3-arabinoside;[M+Cl];C22H23O11;-7.36505e-4;-1.478648;498.093438;2 out of 5
498.091876;498.092701;Peonidin 3-galactoside;[M+Cl];C22H23O11;-7.36505e-4;-1.478648;498.093438;2 out of 5
499.085773;499.086603;Hesperetin 5-glucuronide;[M+Na-H2];C22H22O12;8.09680e-4;1.622327;499.085793;1 out of 5
499.085773;499.086603;Isorhamnetin 7-glucoside;[M+Na-H2];C22H22O12;8.09660e-4;1.622287;499.085793;1 out of 5
499.085773;499.086603;Nepitrin;[M+Na-H2];C22H22O12;8.09660e-4;1.622287;499.085793;1 out of 5
499.085773;499.086603;Pedaliin;[M+Na-H2];C22H22O12;8.09660e-4;1.622287;499.085793;1 out of 5
499.085773;499.086603;Estragonoside;[M+Na-H2];C22H22O12;8.09660e-4;1.622287;499.085793;1 out of 5
499.085773;499.086603;Alliumoside A;[M+Na-H2];C22H22O12;8.09660e-4;1.622287;499.085793;1 out of 5
499.085773;499.086603;8-Hydroxyluteolin 4'-methyl ether 8-glucoside;[M+Na-H2];C22H22O12;8.09660e-4;1.622287;499.085793;1 out of 5
499.085773;499.086603;Azaleatin 3-glucoside;[M+Na-H2];C22H22O12;8.09660e-4;1.622287;499.085793;1 out of 5
499.085773;499.086603;2-O-(4-Hydroxycinnamoyl)-1-O-galloyl-beta-D-glucopyranoside;[M+Na-H2];C22H22O12;8.09660e-4;1.622287;499.085793;1 out of 5
499.085773;499.086603;"1,3,5,8-Tetrahydroxy-6-methoxy-2-methylanthraquinone 8-O-b-D-glucoside";[M+Na-H2];C22H22O12;8.09660e-4;1.622287;499.085793;1 out of 5
499.085773;499.086603;Pollenin B;[M+Na-H2];C22H22O12;8.09660e-4;1.622287;499.085793;1 out of 5
499.085773;499.086603;6-Methoxyluteolin 3'-glucoside;[M+Na-H2];C22H22O12;8.09660e-4;1.622287;499.085793;1 out of 5
499.085773;499.086603;Eupafolin 4'-glucoside;[M+Na-H2];C22H22O12;8.09660e-4;1.622287;499.085793;1 out of 5
499.085773;499.086603;Hesperetin 3'-O-glucuronide;[M+Na-H2];C22H22O12;8.09660e-4;1.622287;499.085793;1 out of 5
499.085773;499.086603;Hesperetin 7-O-glucuronide;[M+Na-H2];C22H22O12;8.09660e-4;1.622287;499.085793;1 out of 5
499.085773;499.086603;Isorhamnetin 3-galactoside;[M+Na-H2];C22H22O12;8.09660e-4;1.622287;499.085793;1 out of 5
499.085773;499.086603;Isorhamnetin 3-beta-D-glucoside;[M+Na-H2];C22H22O12;8.09660e-4;1.622287;499.085793;1 out of 5
499.095030;499.095860;"2-[3-[1-[[2-(3,4-Dichlorophenyl)acetyl]-methylamino]-2-pyrrolidin-1-ylethyl]phenoxy]acetic acid";[M+Cl];C23H26Cl2N2O4;-5.04076e-4;-1.009977;499.096364;2 out of 5
501.082618;501.083458;Garciduol B;[M-H];C27H18O10;7.37905e-4;1.472621;501.082720;2 out of 5
501.082618;501.083458;"2',7'-Bis-(2-carboxyethyl)-6-carboxyfluorescein";[M-H2O-H];C27H20O11;7.37237e-4;1.471288;501.082720;1 out of 5
501.082618;501.083458;Melitric acid B;[M-H2O-H];C27H20O11;7.37219e-4;1.471252;501.082720;1 out of 5
501.082618;501.083458;Latamoxef;[M-H2O-H];C20H20N6O9S;5.17429e-5;0.103262;501.083406;2 out of 5
501.092270;501.093110;Sibenadet;[M+K-H2];C22H28N2O5S2;5.41126e-4;1.079891;501.092569;1 out of 5
502.085914;502.086759;Tebuquine;[M+K-H2];C26H25Cl2N3O;6.85784e-4;1.365870;502.086073;1 out of 5
502.085914;502.086759;Bepafant;[M+Cl];C23H22ClN5O2S;-9.16216e-4;-1.824812;502.087675;1 out of 5
502.085914;502.086759;Sporidesmin D;[M-H];C20H26ClN3O6S2;-1.12002e-3;-2.230716;502.087879;1 out of 5
505.253160;505.254021;Falecalcitriol;[M-H2O-H];C27H38F6O3;-6.52255e-4;-1.290944;505.254673;1 out of 5
505.253160;505.254021;"LysoPG(16:0/0:0)";[M+Na-H2];C22H45O9P;-7.66220e-4;-1.516503;505.254787;1 out of 5
505.253160;505.254021;"[3-[2,3-Dihydroxypropoxy(hydroxy)phosphoryl]oxy-2-hydroxypropyl] hexadecanoate";[M+Na-H2];C22H45O9P;-7.66220e-4;-1.516503;505.254787;1 out of 5
505.988635;505.989500;Adenosine triphosphate;[M-H];C10H16N5O13P3;1.03186e-3;2.039286;505.988468;1 out of 5
505.988635;505.989500;dGTP;[M-H];C10H16N5O13P3;1.03186e-3;2.039286;505.988468;1 out of 5
505.988635;505.989500;2-hydroxy-dATP;[M-H];C10H16N5O13P3;1.03186e-3;2.039286;505.988468;1 out of 5
505.988635;505.989500;"[[(2R,5R)-5-(6-Aminopurin-9-yl)-3,4-dihydroxyoxolan-2-yl]methoxy-hydroxyphosphoryl] phosphono hydrogen phosphate";[M-H];C10H16N5O13P3;1.03186e-3;2.039286;505.988468;1 out of 5
506.104803;506.105669;Dibutyryl cyclic gmp;[M+Na-H2];C18H24N5O9P;-1.62761e-4;-0.321595;506.105831;1 out of 5
506.104803;506.105669;Delphinidin 3-(acetylglucoside);[M-H];C23H23O13;-9.20212e-4;-1.818218;506.106589;2 out of 5
506.104803;506.105669;Delphinidin 3-(6'-acetylgalactoside);[M-H];C23H23O13;-9.20212e-4;-1.818218;506.106589;2 out of 5
517.061005;517.061927;"3,3',5,5'-Tetrahydroxy-6,7-methyleneoxy-4'-methoxyflavone 3-glucuronide";[M-H2O-H];C23H20O15;-4.52341e-4;-0.874829;517.062379;2 out of 5
517.073681;517.074603;Cefepime;[M+K-H2];C19H24N6O5S2;1.03887e-3;2.009127;517.073564;1 out of 5
517.073681;517.074603;4'-O-Methylepicatechin 7-O-glucuronide;[M+K-H2];C22H24O12;-7.78059e-4;-1.504730;517.075381;1 out of 5
517.073681;517.074603;4'-Methylepicatechin 5-glucuronide;[M+K-H2];C22H24O12;-7.78059e-4;-1.504730;517.075381;1 out of 5
517.073681;517.074603;"(2S,3S,4S,5R)-3,4,5-Trihydroxy-6-[2-methoxy-5-(3,5,7-trihydroxy-3,4-dihydro-2H-chromen-2-yl)phenoxy]oxane-2-carboxylic acid";[M+K-H2];C22H24O12;-7.78059e-4;-1.504730;517.075381;1 out of 5
517.073681;517.074603;"(2S,3S,4S,5R)-6-[[3,5-Dihydroxy-2-(4-hydroxy-3-methoxyphenyl)-3,4-dihydro-2H-chromen-7-yl]oxy]-3,4,5-trihydroxyoxane-2-carboxylic acid";[M+K-H2];C22H24O12;-7.78059e-4;-1.504730;517.075381;1 out of 5
517.073681;517.074603;Torachrysone 8-(6-oxalylglucoside);[M+K-H2];C22H24O12;-7.78078e-4;-1.504767;517.075381;1 out of 5
517.073681;517.074603;3'-O-Methylepicatechin 7-O-glucuronide;[M+K-H2];C22H24O12;-7.78078e-4;-1.504767;517.075381;1 out of 5
517.073681;517.074603;4'-O-Methyl-(-)-epicatechin 3'-O-glucuronide;[M+K-H2];C22H24O12;-7.78078e-4;-1.504767;517.075381;1 out of 5
517.073681;517.074603;3'-(2''-Galloylglucosyl)-phloroacetophenone;[M+Cl];C21H22O13;-8.38636e-4;-1.621883;517.075442;1 out of 5
517.073681;517.074603;3'-(6''-Galloylglucosyl)-phloroacetophenone;[M+Cl];C21H22O13;-8.38636e-4;-1.621883;517.075442;1 out of 5
517.073681;517.074603;(-)-Epigallocatechin 3'-glucuronide;[M+Cl];C21H22O13;-8.38636e-4;-1.621883;517.075442;1 out of 5
517.073681;517.074603;(-)-Epigallocatechin 3-glucuronide;[M+Cl];C21H22O13;-8.38636e-4;-1.621883;517.075442;1 out of 5
517.073681;517.074603;(-)-Epigallocatechin 7-glucuronide;[M+Cl];C21H22O13;-8.38636e-4;-1.621883;517.075442;1 out of 5
518.064708;518.065635;Yersiniabactin;[M+K-H2];C21H27N3O4S3;6.59963e-4;1.273901;518.064975;1 out of 5
518.076746;518.077673;2-Methyl-1-hydroxypropyl-ThPP;[M+Na-H2];C16H27N4O8P2S;5.23165e-4;1.009821;518.077150;2 out of 5
519.070589;519.071521;Pseudohypericin;[M-H];C30H16O9;-6.34052e-4;-1.221511;519.072155;3 out of 5
519.070589;519.071521;"3,3''-Biflavone, 4',4''',5,5'',7,7''-hexahydroxy-";[M-H2O-H];C30H18O10;-6.34737e-4;-1.222831;519.072156;1 out of 5
519.070589;519.071521;"2-(3-(5,7-Dihydroxy-2-(4-hydroxyphenyl)-4-oxo-4H-chromen-8-yl)-4-hydroxyphenyl)-5,7-dihydroxy-4H-chromen-4-one";[M-H2O-H];C30H18O10;-6.34737e-4;-1.222831;519.072156;1 out of 5
519.070589;519.071521;Hinokiflavone;[M-H2O-H];C30H18O10;-6.34737e-4;-1.222831;519.072156;1 out of 5
519.070589;519.071521;Sennidin B;[M-H2O-H];C30H18O10;-6.34753e-4;-1.222861;519.072156;1 out of 5
519.070589;519.071521;Amentoflavone;[M-H2O-H];C30H18O10;-6.34753e-4;-1.222861;519.072156;1 out of 5
519.070589;519.071521;"4',4''',5,5'',7,7''-Hexahydroxy-3,8''-biflavone";[M-H2O-H];C30H18O10;-6.34753e-4;-1.222861;519.072156;1 out of 5
519.079911;519.080843;Sulforaphane-glutathione;[M+Cl];C16H28N4O7S3;-5.70316e-4;-1.098703;519.081414;1 out of 5
520.074144;520.075082;4-(cytidine 5'-diphospho)-2-C-methyl-D-erythritol;[M-H];C14H25N3O14P2;1.18342e-3;2.275487;520.073899;2 out of 5
521.105597;521.106541;"7-Methyl-1,4,5-naphthalenetriol 4-[xylosyl-(1-&gt;6)-glucoside]";[M+K-H2];C22H28O12;-1.40829e-4;-0.270250;521.106681;1 out of 5
522.110757;522.111706;Afatinib;[M+K-H2];C24H25ClFN5O3;1.05039e-4;0.201182;522.111601;1 out of 5
522.110757;522.111706;Canertinib;[M+K-H2];C24H25ClFN5O3;1.04936e-4;0.200984;522.111601;1 out of 5
523.064752;523.065705;Garciduol B;[M+Na-H2];C27H18O10;1.04156e-3;1.991272;523.064664;2 out of 5
523.064752;523.065705;4'-Methyl-(-)-epigallocatechin 3-(4-methyl-gallate);[M+K-H2];C24H22O11;8.88814e-4;1.699243;523.064817;1 out of 5
523.064752;523.065705;Foeniculoside X;[M+K-H2];C24H22O11;8.88814e-4;1.699243;523.064817;1 out of 5
523.102620;523.103573;Sennidin C;[M-H];C30H20O9;1.17955e-4;0.225491;523.103455;2 out of 5
523.102620;523.103573;Rheidin A;[M-H];C30H20O9;1.17955e-4;0.225491;523.103455;2 out of 5
523.102620;523.103573;Chamaechromone;[M-H2O-H];C30H22O10;1.17285e-4;0.224210;523.103456;1 out of 5
523.102620;523.103573;Neochamaejasmin A;[M-H2O-H];C30H22O10;1.17285e-4;0.224210;523.103456;1 out of 5
523.102620;523.103573;Rhusflavanone;[M-H2O-H];C30H22O10;1.17285e-4;0.224210;523.103456;1 out of 5
523.102620;523.103573;Yuccaol C;[M-H2O-H];C30H22O10;1.17269e-4;0.224180;523.103456;1 out of 5
529.052773;529.053758;Triflusulfuron-methyl;[M+K-H2];C17H19F3N6O6S;1.26518e-3;2.391402;529.052493;1 out of 5
529.052773;529.053758;Salvianolic acid C;[M+K-H2];C26H20O10;-4.93992e-4;-0.933726;529.054252;1 out of 5
529.207047;529.208034;Ustiloxin D;[M+Cl];C23H34N4O8;9.68443e-4;1.829990;529.207065;1 out of 5
529.207047;529.208034;Gomisin D;[M-H];C28H34O10;1.13232e-4;0.213966;529.207920;1 out of 5
529.207047;529.208034;7-Acetoxy-6-hydroxylimonin;[M-H];C28H34O10;1.13219e-4;0.213941;529.207920;1 out of 5
532.041536;532.042537;Gadopentetic acid;[M-H2O-H];C14H23GdN3O10;-4.31820e-4;-0.811627;532.042969;1 out of 5
532.055683;532.056684;"4-[2-[(1R)-1-(N-(4-Chlorophenyl)sulfonyl-2,5-difluoroanilino)ethyl]-5-fluorophenyl]butanoic acid";[M+Na-H2];C24H21ClF3NO4S;-1.17409e-3;-2.206688;532.057858;1 out of 5
535.035645;535.036663;UDP-D-Xylose;[M-H];C14H22N2O16P2;-5.15964e-4;-0.964351;535.037179;2 out of 5
535.035645;535.036663;UDP-D-apiose;[M-H];C14H22N2O16P2;-5.15964e-4;-0.964351;535.037179;2 out of 5
535.035645;535.036663;UDP-L-arabinose;[M-H];C14H22N2O16P2;-5.15964e-4;-0.964351;535.037179;2 out of 5
536.035293;536.036316;Fluralaner;[M-H2O-H];C22H17Cl2F6N3O3;-9.58734e-4;-1.788558;536.037275;1 out of 5
539.055658;539.056698;"L-Alanine, N-(2,6-dichloro-4-(((3-(2-furanyl)-1-oxo-2-propenyl)amino)methyl)benzoyl)-3-(((4R)-4-thiazolidinylcarbonyl)amino)-";[M-H];C22H22Cl2N4O6S;2.64127e-4;0.489980;539.056434;2 out of 5
539.080980;539.082020;6''-Malonylgenistin;[M+Na-H2];C24H22O13;1.31253e-3;2.434759;539.080708;1 out of 5
539.080980;539.082020;6''-Malonylcosmosiin;[M+Na-H2];C24H22O13;1.31251e-3;2.434718;539.080708;1 out of 5
541.052202;541.053252;Pseudohypericin;[M+Na-H2];C30H16O9;-8.46784e-4;-1.565064;541.054099;3 out of 5
542.081258;542.082314;Peonidin 3-(6''-acetyl-galactoside);[M+K-H2];C24H25O12;-8.92165e-4;-1.645809;542.083206;1 out of 5
542.081258;542.082314;Peonidin 3-(6''-acetyl-glucoside);[M+K-H2];C24H25O12;-8.92165e-4;-1.645809;542.083206;1 out of 5
542.081258;542.082314;Delphinidin 3-(acetylglucoside);[M+Cl];C23H23O13;-9.52723e-4;-1.757522;542.083267;2 out of 5
542.081258;542.082314;Delphinidin 3-(6'-acetylgalactoside);[M+Cl];C23H23O13;-9.52723e-4;-1.757522;542.083267;2 out of 5
543.075305;543.076367;Myricetin 3-(6-acetylgalactoside);[M+Na-H2];C23H22O14;7.44638e-4;1.371149;543.075622;1 out of 5
543.075305;543.076367;Spinatoside;[M+Na-H2];C23H22O14;7.44638e-4;1.371149;543.075622;1 out of 5
543.075305;543.076367;"3,4',5,6-Tetrahydroxy-3',7-dimethoxyflavone 3-glucuronide";[M+Na-H2];C23H22O14;7.44638e-4;1.371149;543.075622;1 out of 5
543.075305;543.076367;"3,3',5,6-Tetrahydroxy-4',7-dimethoxyflavone 3-glucuronide";[M+Na-H2];C23H22O14;7.44638e-4;1.371149;543.075622;1 out of 5
548.152709;548.153799;Met Kinase Inhibitor;[M-H2O-H];C28H30ClN5O4S;9.37085e-4;1.709533;548.152862;1 out of 5
548.152709;548.153799;Esorubicin;[M+Na-H2];C27H29NO10;-1.37527e-5;-0.025089;548.153813;1 out of 5
548.152709;548.153799;N-Demethylmenogaril;[M+Na-H2];C27H29NO10;-1.37527e-5;-0.025089;548.153813;1 out of 5
548.152709;548.153799;Cerubidin;[M+Na-H2];C27H29NO10;-1.37527e-5;-0.025089;548.153813;1 out of 5
548.152709;548.153799;Pirozadil;[M+Na-H2];C27H29NO10;-1.37527e-5;-0.025089;548.153813;1 out of 5
548.152709;548.153799;Daunorubicin;[M+Na-H2];C27H29NO10;-1.37677e-5;-0.025116;548.153813;1 out of 5
550.374112;550.375214;Rocuronium;[M+Na-H2];C32H53N2O4;1.40532e-5;0.025534;550.375200;1 out of 5
551.143367;551.144474;Nb-trans-Feruloylserotonin glucoside;[M+K-H2];C26H30N2O9;7.38186e-4;1.339372;551.143736;1 out of 5
553.038513;553.039631;Ceftriaxone;[M-H];C18H18N8O7S3;8.50990e-4;1.538754;553.038780;2 out of 5
553.038513;553.039631;Cefatriaxone;[M-H];C18H18N8O7S3;8.49556e-4;1.536161;553.038781;2 out of 5
553.045176;553.046294;cefsulodin;[M+Na-H2];C22H20N4O8S2;-6.28944e-4;-1.137235;553.046923;1 out of 5
553.278481;553.279600;Ganoderic acid I;[M+Na-H2];C30H44O8;1.31462e-3;2.376047;553.278285;1 out of 5
553.278481;553.279600;Ganoderic acid G;[M+Na-H2];C30H44O8;1.31462e-3;2.376047;553.278285;1 out of 5
553.278481;553.279600;Ganoderic acid eta;[M+Na-H2];C30H44O8;1.31462e-3;2.376047;553.278285;1 out of 5
553.278481;553.279600;"LysoPI(16:0/0:0)";[M-H2O-H];C25H49O12P;1.27746e-3;2.308884;553.278323;1 out of 5
553.278481;553.279600;Ganoderic acid H;[M-H2O-H];C32H44O9;-1.09201e-3;-1.973694;553.280692;1 out of 5
554.053522;554.054645;Mdz-glucuronide;[M+K-H2];C24H21ClFN3O7;8.34416e-4;1.506020;554.053811;2 out of 5
555.047390;555.048519;Pseudohypericin;[M+Cl];C30H16O9;-3.13654e-4;-0.565093;555.048833;3 out of 5
556.039284;556.040419;TTF-1;[M+Na-H2];C22H33NS7;-4.65189e-5;-0.083661;556.040465;1 out of 5
556.050378;556.051513;4-(cytidine 5'-diphospho)-2-C-methyl-D-erythritol;[M+Cl];C14H25N3O14P2;9.36066e-4;1.683419;556.050577;2 out of 5
557.032741;557.033881;"3',4',5-Trihydroxy-3-methoxy-6,7-methylenedioxyflavone 4'-glucuronide";[M+K-H2];C23H20O14;-2.88600e-5;-0.051810;557.033910;1 out of 5
557.032741;557.033881;"3,3',5-Trihydroxy-4'-methoxy-6,7-methylenedioxyflavone 3-glucuronide";[M+K-H2];C23H20O14;-2.88600e-5;-0.051810;557.033910;1 out of 5
557.032741;557.033881;"5,3',4'-Trihydroxy-3-methoxy-6,7-methylenedioxyflavone 4'-glucuronide";[M+K-H2];C23H20O14;-2.88600e-5;-0.051810;557.033910;1 out of 5
557.049441;557.050582;Latamoxef;[M+K-H2];C20H20N6O9S;7.29983e-4;1.310445;557.049852;2 out of 5
557.053418;557.054558;"3,3',5,5'-Tetrahydroxy-6,7-methyleneoxy-4'-methoxyflavone 3-glucuronide";[M+Na-H2];C23H20O15;-3.28581e-4;-0.589855;557.054887;2 out of 5
558.085626;558.086772;Apalcillin;[M+K-H2];C25H23N5O6S;1.26245e-3;2.262107;558.085510;1 out of 5
559.041557;559.042709;Dichloromethotrexate;[M+K-H2];C20H20Cl2N8O5;7.32404e-4;1.310105;559.041976;1 out of 5
559.079205;559.080357;Sennidin C;[M+Cl];C30H20O9;2.24052e-4;0.400751;559.080133;2 out of 5
559.079205;559.080357;Rheidin A;[M+Cl];C30H20O9;2.24052e-4;0.400751;559.080133;2 out of 5
559.079205;559.080357;"N,N'-[Sulfanediylbis(Ethane-2,1-Diyl-1,3,4-Thiadiazole-5,2-Diyl)]bis(2-Phenylacetamide)";[M+Cl];C24H24N6O2S3;-1.32982e-3;-2.378583;559.081687;1 out of 5
560.092006;560.093164;Hapten;[M+K-H2];C26H26ClN5O3S;7.04862e-5;0.125847;560.093094;1 out of 5
571.012000;571.013221;UDP-D-Xylose;[M+Cl];C14H22N2O16P2;-6.35509e-4;-1.112948;571.013857;2 out of 5
571.012000;571.013221;UDP-D-apiose;[M+Cl];C14H22N2O16P2;-6.35509e-4;-1.112948;571.013857;2 out of 5
571.012000;571.013221;UDP-L-arabinose;[M+Cl];C14H22N2O16P2;-6.35509e-4;-1.112948;571.013857;2 out of 5
573.018308;573.019542;Gossypetin 8-glucuronide 3-sulfate;[M-H];C21H18O17S;3.48722e-4;0.608569;573.019193;1 out of 5
573.305413;573.306648;Ganoderic acid alpha;[M-H];C32H46O9;-2.57674e-4;-0.449451;573.306906;1 out of 5
573.305413;573.306648;Ganoderic acid K;[M-H];C32H46O9;-2.57674e-4;-0.449451;573.306906;1 out of 5
573.305413;573.306648;Cucurbitacin A;[M-H];C32H46O9;-2.57674e-4;-0.449451;573.306906;1 out of 5
573.305413;573.306648;"Aplysiatoxin, 17-debromo-";[M-H2O-H];C32H48O10;-2.58350e-4;-0.450631;573.306907;1 out of 5
573.513555;573.514791;Cheritamine;[M-H2O-H];C40H68N2O;-5.32659e-4;-0.928762;573.515324;1 out of 5
573.994459;573.995698;Cefotetan;[M-H];C17H17N7O8S4;8.31567e-4;1.448736;573.994866;1 out of 5
575.032409;575.033655;"L-Alanine, N-(2,6-dichloro-4-(((3-(2-furanyl)-1-oxo-2-propenyl)amino)methyl)benzoyl)-3-(((4R)-4-thiazolidinylcarbonyl)amino)-";[M+Cl];C22H22Cl2N4O6S;5.42503e-4;0.943428;575.033112;2 out of 5
575.057834;575.059079;(+)-Lithospermic acid;[M+K-H2];C27H22O12;-6.51718e-4;-1.133305;575.059731;1 out of 5
575.057834;575.059079;Isomelitric acid A;[M+K-H2];C27H22O12;-6.51738e-4;-1.133340;575.059731;1 out of 5
575.057834;575.059079;Melitric acid A;[M+K-H2];C27H22O12;-6.51738e-4;-1.133340;575.059731;1 out of 5
576.061363;576.062614;Mezlocillin;[M+K-H2];C21H25N5O8S2;-4.45103e-4;-0.772664;576.063059;1 out of 5
579.026044;579.027313;Uridine diphosphate glucuronic acid;[M-H];C15H22N2O18P2;3.04885e-4;0.526546;579.027008;2 out of 5
579.026044;579.027313;UDP-D-galacturonic acid;[M-H];C15H22N2O18P2;3.04885e-4;0.526546;579.027008;2 out of 5
579.026044;579.027313;UDP-L-iduronate;[M-H];C15H22N2O18P2;3.04885e-4;0.526546;579.027008;2 out of 5
579.026044;579.027313;"(2R,3R,4R,5S,6R)-6-[[[(2S,3R,4R,5R)-5-(2,4-Dioxopyrimidin-1-yl)-3,4-dihydroxyoxolan-2-yl]methoxy-hydroxyphosphoryl]oxy-hydroxyphosphoryl]oxy-3,4,5-trihydroxyoxane-2-carboxylic acid";[M-H];C15H22N2O18P2;3.03947e-4;0.524927;579.027009;2 out of 5
579.026044;579.027313;"[(2R,3S,4R,5R)-5-(2,4-Dioxopyrimidin-1-yl)-4-hydroxy-2-[[hydroxy(phosphonooxy)phosphoryl]oxymethyl]oxolan-3-yl] (3S,4R,5S)-3,4,5,6-tetrahydroxy-2-oxohexanoate";[M-H];C15H22N2O18P2;3.03947e-4;0.524927;579.027009;2 out of 5
579.064713;579.065983;p-MPPI;[M+K-H2];C25H27IN4O2;-4.92343e-4;-0.850236;579.066475;1 out of 5
581.309494;581.310776;Cucurbitacin C;[M+Na-H2];C32H48O8;1.19096e-3;2.048755;581.309586;1 out of 5
581.309494;581.310776;"LysoPI(0:0/18:0)";[M-H2O-H];C27H53O12P;1.15380e-3;1.984830;581.309623;2 out of 5
581.309494;581.310776;"LysoPI(18:0/0:0)";[M-H2O-H];C27H53O12P;1.15380e-3;1.984830;581.309623;2 out of 5
583.107343;583.108637;Eriodictyol 7-(6-galloylglucoside);[M-H2O-H];C28H26O15;-6.92085e-4;-1.186887;583.109329;1 out of 5
584.130006;584.131306;"N-(S-Nitroso-N-acetyl-D,L-penicillamine)-2-amino-2-deoxy-1,3,4,6-tetra-O-acetyl-beta-D-glucopyranose";[M+Cl];C21H31N3O12S;-9.39794e-4;-1.608872;584.132246;1 out of 5
585.309875;585.311182;Presqualene diphosphate;[M-H];C30H52O7P2;-3.68131e-4;-0.628949;585.311550;1 out of 5
585.309875;585.311182;all-trans-Hexaprenyl diphosphate;[M-H];C30H52O7P2;-3.68131e-4;-0.628949;585.311550;1 out of 5
587.027476;587.028793;Uridine diphosphate glucose;[M+Na-H2];C15H24N2O17P2;-8.94061e-4;-1.523024;587.029687;1 out of 5
587.027476;587.028793;Uridine diphosphategalactose;[M+Na-H2];C15H24N2O17P2;-8.94061e-4;-1.523024;587.029687;1 out of 5
587.027476;587.028793;"Glucose-uridine-C1,5'-diphosphate";[M+Na-H2];C15H24N2O17P2;-8.94061e-4;-1.523024;587.029687;1 out of 5
587.129943;587.131261;Sulforhodamine 101;[M-H2O-H];C31H30N2O7S2;-3.42037e-4;-0.582556;587.131603;1 out of 5
587.129943;587.131261;Cucumerin B;[M+Cl];C29H28O11;-1.30211e-3;-2.217750;587.132563;1 out of 5
587.129943;587.131261;Cucumerin A;[M+Cl];C29H28O11;-1.30211e-3;-2.217750;587.132563;1 out of 5
589.014710;589.016040;Ceftriaxone;[M+Cl];C18H18N8O7S3;5.81640e-4;0.987478;589.015458;2 out of 5
589.014710;589.016040;Cefatriaxone;[M+Cl];C18H18N8O7S3;5.80206e-4;0.985044;589.015459;2 out of 5
592.152768;592.154117;2-Decarboxyphyllocactin;[M-H];C26H29N2O14;-4.85043e-4;-0.819116;592.154602;1 out of 5
593.008637;593.009991;N6-(delta2-isopentenyl)-adenosine 5'-triphosphate;[M+Na-H2];C15H21N5O13P3;-1.19353e-3;-2.012666;593.011184;1 out of 5
593.068577;593.069932;Salvianolic acid K;[M+K-H2];C27H24O13;-3.64127e-4;-0.613970;593.070296;1 out of 5
594.979026;594.980392;"(2S,3S,4S,5R)-6-[2-(3,4-Dihydroxyphenyl)-7-hydroxy-4-oxo-3-sulfooxychromen-5-yl]oxy-3,4,5-trihydroxyoxane-2-carboxylic acid";[M+K-H2];C21H18O16S;2.31315e-4;0.388777;594.980161;1 out of 5
595.065683;595.067049;Emitefur;[M+K-H2];C28H19FN4O8;-2.47558e-4;-0.416017;595.067297;1 out of 5
599.319989;599.321382;"LysoPI(0:0/18:0)";[M-H];C27H53O12P;1.19513e-3;1.994135;599.320187;2 out of 5
599.319989;599.321382;"LysoPI(18:0/0:0)";[M-H];C27H53O12P;1.19513e-3;1.994135;599.320187;2 out of 5
600.196255;600.197654;Lac Dye;[M+Cl];C26H35N3O11;1.09380e-3;1.822404;600.196560;1 out of 5
601.137133;601.138538;Nutlin-3;[M+Na-H2];C30H30Cl2N4O4;-5.40297e-4;-0.898789;601.139078;1 out of 5
601.278404;601.279809;"LysoPI(20:4(5Z,8Z,11Z,14Z)/0:0)";[M-H2O-H];C29H49O12P;1.48630e-3;2.471902;601.278323;1 out of 5
601.278404;601.279809;"PI(20:4(5Z,8Z,11Z,14Z)/0:0)";[M-H2O-H];C29H49O12P;1.48583e-3;2.471117;601.278323;1 out of 5
606.073876;606.075311;Uridine diphosphate-N-acetylglucosamine;[M-H];C17H27N3O17P2;1.01863e-3;1.680695;606.074292;1 out of 5
606.073876;606.075311;Uridine diphosphate-N-acetylgalactosamine;[M-H];C17H27N3O17P2;1.01863e-3;1.680695;606.074292;1 out of 5
606.073876;606.075311;UDP-N-acetyl-D-mannosamine;[M-H];C17H27N3O17P2;1.01863e-3;1.680695;606.074292;1 out of 5
606.073876;606.075311;UDP-N-acetyl-alpha-D-galactosamine;[M-H];C17H27N3O17P2;1.01863e-3;1.680695;606.074292;1 out of 5
607.105069;607.106511;Prunin 6''-O-gallate;[M+Na-H2];C28H26O14;-4.11216e-4;-0.677336;607.106923;1 out of 5
608.108501;608.109949;Cyclochlorotine;[M+K-H2];C24H31Cl2N5O7;1.29020e-3;2.121667;608.108659;1 out of 5
608.108501;608.109949;Islanditoxin;[M+K-H2];C24H31Cl2N5O7;1.29020e-3;2.121667;608.108659;1 out of 5
608.108501;608.109949;Telaglenastat;[M+K-H2];C26H24F3N7O3S;6.65179e-7;0.001094;608.109948;1 out of 5
608.108501;608.109949;Biotinyl-5'-AMP;[M+Cl];C20H28N7O9PS;-1.34742e-4;-0.221575;608.110084;1 out of 5
611.325990;611.327458;Remikiren;[M-H2O-H];C33H50N4O6S;1.93151e-4;0.315953;611.327265;1 out of 5
612.012549;612.014022;I-Abopx;[M+K-H2];C23H22IN5O5;-1.14282e-3;-1.867299;612.015165;1 out of 5
612.118643;612.120117;Clazosentan;[M+Cl];C25H23N9O6S;1.51505e-3;2.475094;612.118602;1 out of 5
612.118643;612.120117;"(E)-3-(6-Acetamidopyridin-3-yl)-N-[2-[2,4-dichloro-N-methyl-3-[(2-methylquinolin-8-yl)oxymethyl]anilino]-2-oxoethyl]prop-2-enamide";[M+Na-H2];C30H27Cl2N5O4;1.43992e-3;2.352358;612.118677;1 out of 5
612.118643;612.120117;"4,5-Dihydro-4-hydroxy-5-S-glutathionyl-benzo[a]pyrene";[M+K-H2];C30H29N3O7S;-1.10926e-3;-1.812165;612.121226;1 out of 5
612.118643;612.120117;"7,8-Dihydro-7-hydroxy-8-S-glutathionyl-benzo[a]pyrene";[M+K-H2];C30H29N3O7S;-1.10926e-3;-1.812165;612.121226;1 out of 5
613.118015;613.119495;"2-Cinnamoyl-1,6-digalloyl-beta-D-glucopyranose";[M-H];C29H26O15;-3.97827e-4;-0.648857;613.119893;1 out of 5
613.118015;613.119495;"6-Cinnamoyl-1,2-digalloylglucose";[M-H];C29H26O15;-3.97827e-4;-0.648857;613.119893;1 out of 5
613.341130;613.342612;Chenodeoxycholyltryptophan;[M+Cl];C35H50N2O5;1.23827e-3;2.018886;613.341374;1 out of 5
613.341130;613.342612;Deoxycholyltryptophan;[M+Cl];C35H50N2O5;1.23827e-3;2.018886;613.341374;1 out of 5
614.121623;614.123109;cefteram pivoxil;[M+Na-H2];C22H27N9O7S2;9.55548e-4;1.555958;614.122154;1 out of 5
615.002963;615.004455;Uridine diphosphate glucuronic acid;[M+Cl];C15H22N2O18P2;7.69082e-4;1.250532;615.003686;2 out of 5
615.002963;615.004455;UDP-D-galacturonic acid;[M+Cl];C15H22N2O18P2;7.69082e-4;1.250532;615.003686;2 out of 5
615.002963;615.004455;UDP-L-iduronate;[M+Cl];C15H22N2O18P2;7.69082e-4;1.250532;615.003686;2 out of 5
615.002963;615.004455;"(2R,3R,4R,5S,6R)-6-[[[(2S,3R,4R,5R)-5-(2,4-Dioxopyrimidin-1-yl)-3,4-dihydroxyoxolan-2-yl]methoxy-hydroxyphosphoryl]oxy-hydroxyphosphoryl]oxy-3,4,5-trihydroxyoxane-2-carboxylic acid";[M+Cl];C15H22N2O18P2;7.68144e-4;1.249006;615.003687;2 out of 5
615.002963;615.004455;"[(2R,3S,4R,5R)-5-(2,4-Dioxopyrimidin-1-yl)-4-hydroxy-2-[[hydroxy(phosphonooxy)phosphoryl]oxymethyl]oxolan-3-yl] (3S,4R,5S)-3,4,5,6-tetrahydroxy-2-oxohexanoate";[M+Cl];C15H22N2O18P2;7.68144e-4;1.249006;615.003687;2 out of 5
615.115430;615.116922;Fostamatinib;[M+Cl];C23H26FN6O9P;-7.69763e-4;-1.251408;615.117692;1 out of 5
616.118782;616.120281;Hyacinthin;[M+Na-H2];C30H27O13;4.48171e-4;0.727408;616.119833;1 out of 5
616.118782;616.120281;3-Caffeoylpelargonidin 5-glucoside;[M+Na-H2];C30H27O13;4.48171e-4;0.727408;616.119833;1 out of 5
616.118782;616.120281;Cyanidin 3-galactoside p-coumaric acid ester;[M+Na-H2];C30H27O13;4.48171e-4;0.727408;616.119833;1 out of 5
616.118782;616.120281;Pelargonidin 3-rhamnoside 5-glucoside;[M+K-H2];C27H31O14;2.95421e-4;0.479486;616.119986;1 out of 5
616.118782;616.120281;Pelargonidin 3-rutinoside;[M+K-H2];C27H31O14;2.95421e-4;0.479486;616.119986;1 out of 5
616.118782;616.120281;Cyanidin 3-sambubioside;[M+Cl];C26H29O15;2.34863e-4;0.381196;616.120046;1 out of 5
616.141645;616.143145;"Ethyl 5-[[[4-(3-methylsulfonylphenyl)phenyl]methyl-(2,4,6-trimethylphenyl)sulfonylamino]methyl]furan-2-carboxylate";[M+Na-H2];C31H33NO7S2;-1.36687e-3;-2.218426;616.144512;1 out of 5
618.996819;618.998337;Cefodizime;[M+Cl];C20H20N6O7S4;1.30652e-3;2.110709;618.997031;1 out of 5
618.996819;618.998337;"Cefodizime,(S)";[M+Cl];C20H20N6O7S4;1.30460e-3;2.107607;618.997033;1 out of 5
620.106495;620.108020;Fostemsavir;[M+K-H2];C25H26N7O8P;1.36677e-3;2.204084;620.106653;1 out of 5
621.109400;621.110932;"Genistein 4',7-O-diglucuronide";[M-H];C27H26O17;1.20946e-3;1.947260;621.109722;2 out of 5
621.109400;621.110932;Apigenin 7-O-diglucuronide;[M-H];C27H26O17;1.20946e-3;1.947260;621.109722;2 out of 5
621.109400;621.110932;Nelumboside;[M-H2O-H];C27H28O18;1.20878e-3;1.946156;621.109723;1 out of 5
624.100739;624.102290;"Quinoline, 6-(1-methyl-1-(methylsulfonyl)ethyl)-8-(3-((1E)-2-(3-methyl-1,2,4-oxadiazol-5-yl)-2-(4-(methylsulfonyl)phenyl)ethenyl)phenyl)-";[M+K-H2];C31H29N3O5S2;-1.17830e-3;-1.887987;624.103468;1 out of 5
625.420722;625.422282;"Pregna-1,9(11)-diene-3,20-dione, 21-(4-(2,6-di-1-pyrrolidinyl-4-pyrimidinyl)-1-piperazinyl)-16-methyl-, (5beta,16alpha)-";[M-H];C38H54N6O2;-1.26609e-3;-2.024370;625.423548;1 out of 5
625.420722;625.422282;Cycloartanyl ferulate;[M+Na-H2];C40H60O4;-1.54549e-3;-2.471114;625.423827;1 out of 5
629.168267;629.169851;2-[[(1R)-2-[Bis(carboxymethyl)amino]cyclohexyl]-[(2S)-2-[bis(carboxymethyl)amino]-3-(4-isothiocyanatophenyl)propyl]amino]acetic acid;[M+Cl];C26H34N4O10S;8.85762e-4;1.407829;629.168965;1 out of 5
631.128343;631.129940;6''-Malonylapiin;[M-H2O-H];C29H30O17;-5.18763e-4;-0.821959;631.130459;1 out of 5
631.128343;631.129940;"3,4,5-Trimethoxyphenyl 2,6-digalloylglucoside";[M-H2O-H];C29H30O17;-5.18763e-4;-0.821959;631.130459;1 out of 5
631.128343;631.129940;Apigenin 7-O-(6''-malonyl-apiosyl-glucoside);[M-H2O-H];C29H30O17;-5.18763e-4;-0.821959;631.130459;1 out of 5
636.146160;636.147791;Malvidin 3-(6''-caffeoyl-glucoside);[M-H2O-H];C32H31O15;-6.63687e-4;-1.043290;636.148454;1 out of 5
636.146160;636.147791;Malvidin 3-(6''-p-caffeyglucoside);[M-H2O-H];C32H31O15;-6.63687e-4;-1.043290;636.148454;1 out of 5
636.520796;636.522428;"Cer(d18:0/PGF2alpha)";[M-H];C38H71NO6;1.56647e-3;2.460992;636.520862;1 out of 5
636.520796;636.522428;"Cer(d18:0/PGE1)";[M-H];C38H71NO6;1.56647e-3;2.460992;636.520862;1 out of 5
636.520796;636.522428;"Cer(d18:0/PGD1)";[M-H];C38H71NO6;1.56647e-3;2.460992;636.520862;1 out of 5
636.520796;636.522428;"Cer(d18:1/PGF1alpha)";[M-H];C38H71NO6;1.56647e-3;2.460992;636.520862;1 out of 5
636.520796;636.522428;"Cer(t18:0/20:3(8Z,11Z,14Z)-2OH(5,6))";[M-H];C38H71NO6;1.56647e-3;2.460992;636.520862;1 out of 5
636.520796;636.522428;"Cer(t18:0/PGF1alpha)";[M-H2O-H];C38H73NO7;1.56579e-3;2.459916;636.520863;1 out of 5
638.107756;638.109399;Ladirubicin;[M+K-H2];C29H31NO11S;-9.87497e-4;-1.547533;638.110387;1 out of 5
643.091315;643.092992;"Genistein 4',7-O-diglucuronide";[M+Na-H2];C27H26O17;1.32550e-3;2.061134;643.091666;2 out of 5
643.091315;643.092992;Apigenin 7-O-diglucuronide;[M+Na-H2];C27H26O17;1.32550e-3;2.061134;643.091666;2 out of 5
646.082508;646.084205;Nicotinic acid adenine dinucleotide;[M-H2O-H];C21H27N6O15P2;1.08373e-3;1.677378;646.083121;1 out of 5
651.115841;651.117572;CMP-N-glycoloylneuraminate;[M+Na-H2];C20H31N4O17P;7.23034e-4;1.110452;651.116849;1 out of 5
651.115841;651.117572;CMP-N-glycoloyl-beta-neuraminate(2-);[M+Na-H2];C20H31N4O17P;7.22580e-4;1.109755;651.116850;1 out of 5
651.183757;651.185489;chrysoeriol 7-O-neohesperidoside;[M+K-H2];C32H38O12;5.57211e-4;0.855687;651.184932;1 out of 5
651.183757;651.185489;131-hydroxy-magnesium-protoporphyrin IX 13-monomethyl ester;[M+K-H2];C35H34MgN4O5;-1.07804e-3;-1.655494;651.186567;1 out of 5
651.315283;651.317016;17-Dimethylaminogeldanamycin;[M+Cl];C32H48N4O8;4.00444e-4;0.614822;651.316616;1 out of 5
651.939942;651.941679;Perfluorotributylamine;[M-H2O-H];C12F27N;-4.39454e-4;-0.674069;651.942118;1 out of 5
657.473312;657.475087;"DG(11M3/9D3/0:0)";[M-H];C40H66O7;1.50961e-3;2.296080;657.473577;1 out of 5
657.473312;657.475087;"DG(9D3/11M3/0:0)";[M-H];C40H66O7;1.50961e-3;2.296080;657.473577;1 out of 5
657.473312;657.475087;"DG(9D3/9M5/0:0)";[M-H];C40H66O7;1.50961e-3;2.296080;657.473577;1 out of 5
657.473312;657.475087;"DG(9M5/9D3/0:0)";[M-H];C40H66O7;1.50961e-3;2.296080;657.473577;1 out of 5
657.473312;657.475087;"DG(15:0/22:6(5Z,8E,10Z,13Z,15E,19Z)-2OH(7S, 17S)/0:0)";[M-H];C40H66O7;1.50961e-3;2.296080;657.473577;1 out of 5
657.473312;657.475087;"DG(22:6(5Z,8E,10Z,13Z,15E,19Z)-2OH(7S, 17S)/15:0/0:0)";[M-H];C40H66O7;1.50961e-3;2.296080;657.473577;1 out of 5
657.473312;657.475087;"DG(15:0/0:0/22:6(5Z,8E,10Z,13Z,15E,19Z)-2OH(7S, 17S))";[M-H];C40H66O7;1.50961e-3;2.296080;657.473577;1 out of 5
657.473312;657.475087;"DG(22:6(5Z,8E,10Z,13Z,15E,19Z)-2OH(7S, 17S)/0:0/15:0)";[M-H];C40H66O7;1.50961e-3;2.296080;657.473577;1 out of 5
657.473312;657.475087;"DG(15:0/22:6(4Z,7Z,11E,13Z,15E,19Z)-2OH(10S,17)/0:0)";[M-H];C40H66O7;1.50961e-3;2.296080;657.473577;1 out of 5
657.473312;657.475087;"DG(22:6(4Z,7Z,11E,13Z,15E,19Z)-2OH(10S,17)/15:0/0:0)";[M-H];C40H66O7;1.50961e-3;2.296080;657.473577;1 out of 5
657.473312;657.475087;"DG(15:0/0:0/22:6(4Z,7Z,11E,13Z,15E,19Z)-2OH(10S,17))";[M-H];C40H66O7;1.50961e-3;2.296080;657.473577;1 out of 5
657.473312;657.475087;"DG(22:6(4Z,7Z,11E,13Z,15E,19Z)-2OH(10S,17)/0:0/15:0)";[M-H];C40H66O7;1.50961e-3;2.296080;657.473577;1 out of 5
657.473312;657.475087;"DG(a-15:0/22:6(5Z,8E,10Z,13Z,15E,19Z)-2OH(7S, 17S)/0:0)";[M-H];C40H66O7;1.50961e-3;2.296080;657.473577;1 out of 5
657.473312;657.475087;"DG(22:6(5Z,8E,10Z,13Z,15E,19Z)-2OH(7S, 17S)/a-15:0/0:0)";[M-H];C40H66O7;1.50961e-3;2.296080;657.473577;1 out of 5
657.473312;657.475087;"DG(a-15:0/0:0/22:6(5Z,8E,10Z,13Z,15E,19Z)-2OH(7S, 17S))";[M-H];C40H66O7;1.50961e-3;2.296080;657.473577;1 out of 5
657.473312;657.475087;"DG(22:6(5Z,8E,10Z,13Z,15E,19Z)-2OH(7S, 17S)/0:0/a-15:0)";[M-H];C40H66O7;1.50961e-3;2.296080;657.473577;1 out of 5
657.473312;657.475087;"DG(a-15:0/22:6(4Z,7Z,11E,13Z,15E,19Z)-2OH(10S,17)/0:0)";[M-H];C40H66O7;1.50961e-3;2.296080;657.473577;1 out of 5
657.473312;657.475087;"DG(22:6(4Z,7Z,11E,13Z,15E,19Z)-2OH(10S,17)/a-15:0/0:0)";[M-H];C40H66O7;1.50961e-3;2.296080;657.473577;1 out of 5
657.473312;657.475087;"DG(a-15:0/0:0/22:6(4Z,7Z,11E,13Z,15E,19Z)-2OH(10S,17))";[M-H];C40H66O7;1.50961e-3;2.296080;657.473577;1 out of 5
657.473312;657.475087;"DG(22:6(4Z,7Z,11E,13Z,15E,19Z)-2OH(10S,17)/0:0/a-15:0)";[M-H];C40H66O7;1.50961e-3;2.296080;657.473577;1 out of 5
657.473312;657.475087;"DG(i-15:0/22:6(5Z,8E,10Z,13Z,15E,19Z)-2OH(7S, 17S)/0:0)";[M-H];C40H66O7;1.50961e-3;2.296080;657.473577;1 out of 5
657.473312;657.475087;"DG(22:6(5Z,8E,10Z,13Z,15E,19Z)-2OH(7S, 17S)/i-15:0/0:0)";[M-H];C40H66O7;1.50961e-3;2.296080;657.473577;1 out of 5
657.473312;657.475087;"DG(i-15:0/0:0/22:6(5Z,8E,10Z,13Z,15E,19Z)-2OH(7S, 17S))";[M-H];C40H66O7;1.50961e-3;2.296080;657.473577;1 out of 5
657.473312;657.475087;"DG(22:6(5Z,8E,10Z,13Z,15E,19Z)-2OH(7S, 17S)/0:0/i-15:0)";[M-H];C40H66O7;1.50961e-3;2.296080;657.473577;1 out of 5
657.473312;657.475087;"DG(i-15:0/22:6(4Z,7Z,11E,13Z,15E,19Z)-2OH(10S,17)/0:0)";[M-H];C40H66O7;1.50961e-3;2.296080;657.473577;1 out of 5
657.473312;657.475087;"DG(22:6(4Z,7Z,11E,13Z,15E,19Z)-2OH(10S,17)/i-15:0/0:0)";[M-H];C40H66O7;1.50961e-3;2.296080;657.473577;1 out of 5
657.473312;657.475087;"DG(i-15:0/0:0/22:6(4Z,7Z,11E,13Z,15E,19Z)-2OH(10S,17))";[M-H];C40H66O7;1.50961e-3;2.296080;657.473577;1 out of 5
657.473312;657.475087;"DG(22:6(4Z,7Z,11E,13Z,15E,19Z)-2OH(10S,17)/0:0/i-15:0)";[M-H];C40H66O7;1.50961e-3;2.296080;657.473577;1 out of 5
657.473312;657.475087;"DG(17:0/20:5(7Z,9Z,11E,13E,17Z)-3OH(5,6,15)/0:0)";[M-H2O-H];C40H68O8;1.50893e-3;2.295038;657.473578;1 out of 5
657.473312;657.475087;"DG(20:5(7Z,9Z,11E,13E,17Z)-3OH(5,6,15)/17:0/0:0)";[M-H2O-H];C40H68O8;1.50893e-3;2.295038;657.473578;1 out of 5
657.473312;657.475087;"DG(17:0/0:0/20:5(7Z,9Z,11E,13E,17Z)-3OH(5,6,15))";[M-H2O-H];C40H68O8;1.50893e-3;2.295038;657.473578;1 out of 5
657.473312;657.475087;"DG(20:5(7Z,9Z,11E,13E,17Z)-3OH(5,6,15)/0:0/17:0)";[M-H2O-H];C40H68O8;1.50893e-3;2.295038;657.473578;1 out of 5
657.473312;657.475087;"DG(a-17:0/20:5(7Z,9Z,11E,13E,17Z)-3OH(5,6,15)/0:0)";[M-H2O-H];C40H68O8;1.50893e-3;2.295038;657.473578;1 out of 5
657.473312;657.475087;"DG(20:5(7Z,9Z,11E,13E,17Z)-3OH(5,6,15)/a-17:0/0:0)";[M-H2O-H];C40H68O8;1.50893e-3;2.295038;657.473578;1 out of 5
657.473312;657.475087;"DG(a-17:0/0:0/20:5(7Z,9Z,11E,13E,17Z)-3OH(5,6,15))";[M-H2O-H];C40H68O8;1.50893e-3;2.295038;657.473578;1 out of 5
657.473312;657.475087;"DG(20:5(7Z,9Z,11E,13E,17Z)-3OH(5,6,15)/0:0/a-17:0)";[M-H2O-H];C40H68O8;1.50893e-3;2.295038;657.473578;1 out of 5
657.473312;657.475087;"DG(i-17:0/20:5(7Z,9Z,11E,13E,17Z)-3OH(5,6,15)/0:0)";[M-H2O-H];C40H68O8;1.50893e-3;2.295038;657.473578;1 out of 5
657.473312;657.475087;"DG(20:5(7Z,9Z,11E,13E,17Z)-3OH(5,6,15)/i-17:0/0:0)";[M-H2O-H];C40H68O8;1.50893e-3;2.295038;657.473578;1 out of 5
657.473312;657.475087;"DG(i-17:0/0:0/20:5(7Z,9Z,11E,13E,17Z)-3OH(5,6,15))";[M-H2O-H];C40H68O8;1.50893e-3;2.295038;657.473578;1 out of 5
657.473312;657.475087;"DG(20:5(7Z,9Z,11E,13E,17Z)-3OH(5,6,15)/0:0/i-17:0)";[M-H2O-H];C40H68O8;1.50893e-3;2.295038;657.473578;1 out of 5
659.388842;659.390631;"PG(a-13:0/a-13:0)";[M+Na-H2];C32H63O10P;7.84348e-5;0.118950;659.390552;1 out of 5
659.388842;659.390631;"PG(a-13:0/i-13:0)";[M+Na-H2];C32H63O10P;7.84348e-5;0.118950;659.390552;1 out of 5
659.388842;659.390631;"PG(i-12:0/i-14:0)";[M+Na-H2];C32H63O10P;7.84348e-5;0.118950;659.390552;1 out of 5
659.388842;659.390631;"PG(i-13:0/a-13:0)";[M+Na-H2];C32H63O10P;7.84348e-5;0.118950;659.390552;1 out of 5
659.388842;659.390631;"PG(i-13:0/i-13:0)";[M+Na-H2];C32H63O10P;7.84348e-5;0.118950;659.390552;1 out of 5
659.388842;659.390631;"PG(i-14:0/i-12:0)";[M+Na-H2];C32H63O10P;7.84348e-5;0.118950;659.390552;1 out of 5
673.120652;673.122537;Adenosine thiamine diphosphate;[M-H];C22H30N9O10P2S;-1.34264e-3;-1.994641;673.123880;1 out of 5
676.158724;676.160630;Malvin;[M+Na-H2];C29H35O17;-1.46136e-3;-2.161253;676.162092;1 out of 5
676.158724;676.160630;Malvidin 3-laminaribioside;[M+Na-H2];C29H35O17;-1.46136e-3;-2.161253;676.162092;1 out of 5
677.152054;677.153968;Citbismine A;[M+K-H2];C35H32N2O10;-3.32110e-4;-0.490449;677.154300;1 out of 5
679.149270;679.151199;Chrysoeriol 7-O-(6''-malonyl-apiosyl-glucoside);[M-H];C30H32O18;-3.88684e-4;-0.572308;679.151587;1 out of 5
704.134594;704.136705;"Peonidin acetyl 3,5-diglucoside";[M+K-H2];C30H35O17;6.75616e-4;0.959497;704.136030;1 out of 5
726.155907;726.158185;Epiafzelechin-(4alpha-&gt;8)-pelargonidin 3'-glucoside;[M+Na-H2];C36H33O15;1.57231e-3;2.165251;726.156612;1 out of 5
726.155907;726.158185;Afzelechin-(4alpha-&gt;8)-pelargonidin 3-O-beta-glucopyranoside;[M+Na-H2];C36H33O15;1.57231e-3;2.165251;726.156612;1 out of 5
727.162761;727.165046;"Epicatechin-(2alpha-&gt;7,4alpha-&gt;8)-epicatechin 3-galactoside";[M+Na-H2];C36H34O15;6.09013e-4;0.837518;727.164437;1 out of 5
729.146714;729.149015;"2,2'-(4,4'-(4,4'-Methylenebis(2-chloro-4,1-phenylene))bis(azanediyl)bis(oxomethylene)bis(azanediyl)bis(4,1-phenylene))bis(oxy)bis(2-Methylpropanoic acid)";[M+Na-H2];C35H34Cl2N4O8;-1.02138e-3;-1.400783;729.150036;1 out of 5
730.150271;730.152580;Licorice glycoside E;[M+K-H2];C35H35NO14;-1.78028e-3;-2.438225;730.154360;1 out of 5
733.165874;733.168206;"2,10,15,20-Tetraphenyl-21,22,23,24-tetrahydroporphyrin-5-sulfonic acid";[M+K-H2];C44H32N4O3S;8.93356e-5;0.121849;733.168117;1 out of 5
735.162680;735.165028;Scleroglucan;[M+Na-H2];C24H44O20P2;2.43950e-4;0.331831;735.164784;1 out of 5
735.473779;735.476130;"1,2-Ethanediamine propylene oxide ethylene oxide polymer";[M+Cl];C34H72N2O12;-1.79721e-3;-2.443597;735.477927;1 out of 5
748.138089;748.140539;Fura-2 acetoxymethyl;[M+Cl];C32H31N3O16;7.06248e-4;0.944006;748.139833;1 out of 5
759.473287;759.475829;"Cer(d18:0/LTE4)";[M+K-H2];C41H74N2O6S;4.64677e-4;0.611840;759.475364;1 out of 5
767.103194;767.105798;Fluo-3;[M-H];C36H30Cl2N2O13;5.80540e-4;0.756793;767.105217;2 out of 5
786.111338;786.114099;Erioglaucine A;[M+K-H2];C37H37N2O9S3;-6.24174e-4;-0.793998;786.114723;1 out of 5
789.548096;789.550886;"SM(d18:0/20:3(5Z,8Z,11Z)-O(14R,15S))";[M+Na-H2];C43H81N2O7P;-1.92126e-3;-2.433358;789.552807;1 out of 5
789.548096;789.550886;"SM(d18:0/20:3(5Z,8Z,14Z)-O(11S,12R))";[M+Na-H2];C43H81N2O7P;-1.92126e-3;-2.433358;789.552807;1 out of 5
789.548096;789.550886;"SM(d18:0/20:3(5Z,11Z,14Z)-O(8,9))";[M+Na-H2];C43H81N2O7P;-1.92126e-3;-2.433358;789.552807;1 out of 5
789.548096;789.550886;"SM(d18:0/20:3(8Z,11Z,14Z)-O(5,6))";[M+Na-H2];C43H81N2O7P;-1.92126e-3;-2.433358;789.552807;1 out of 5
789.548096;789.550886;"SM(d18:0/20:4(5Z,8Z,11Z,14Z)-OH(20))";[M+Na-H2];C43H81N2O7P;-1.92126e-3;-2.433358;789.552807;1 out of 5
789.548096;789.550886;"SM(d18:0/20:4(6E,8Z,11Z,14Z)-OH(5S))";[M+Na-H2];C43H81N2O7P;-1.92126e-3;-2.433358;789.552807;1 out of 5
789.548096;789.550886;"SM(d18:0/20:4(5Z,8Z,11Z,14Z)-OH(19S))";[M+Na-H2];C43H81N2O7P;-1.92126e-3;-2.433358;789.552807;1 out of 5
789.548096;789.550886;"SM(d18:0/20:4(5Z,8Z,11Z,14Z)-OH(18R))";[M+Na-H2];C43H81N2O7P;-1.92126e-3;-2.433358;789.552807;1 out of 5
789.548096;789.550886;"SM(d18:0/20:4(5Z,8Z,11Z,14Z)-OH(17))";[M+Na-H2];C43H81N2O7P;-1.92126e-3;-2.433358;789.552807;1 out of 5
789.548096;789.550886;"SM(d18:0/20:4(5Z,8Z,11Z,14Z)-OH(16R))";[M+Na-H2];C43H81N2O7P;-1.92126e-3;-2.433358;789.552807;1 out of 5
789.548096;789.550886;"SM(d18:0/20:4(5Z,8Z,11Z,13E)-OH(15S))";[M+Na-H2];C43H81N2O7P;-1.92126e-3;-2.433358;789.552807;1 out of 5
789.548096;789.550886;"SM(d18:0/20:4(5Z,8Z,10E,14Z)-OH(12S))";[M+Na-H2];C43H81N2O7P;-1.92126e-3;-2.433358;789.552807;1 out of 5
789.548096;789.550886;"SM(d18:0/20:4(5E,8Z,12Z,14Z)-OH(11R))";[M+Na-H2];C43H81N2O7P;-1.92126e-3;-2.433358;789.552807;1 out of 5
789.548096;789.550886;"SM(d18:0/20:4(5Z,7E,11Z,14Z)-OH(9))";[M+Na-H2];C43H81N2O7P;-1.92126e-3;-2.433358;789.552807;1 out of 5
789.548096;789.550886;"SM(d18:1/20:3(6,8,11)-OH(5))";[M+Na-H2];C43H81N2O7P;-1.92126e-3;-2.433358;789.552807;1 out of 5
789.548096;789.550886;"SM(d20:1/18:2(10E,12Z)+=O(9))";[M+Na-H2];C43H81N2O7P;-1.92126e-3;-2.433358;789.552807;1 out of 5
789.548096;789.550886;"SM(d20:1/18:2(9Z,11E)+=O(13))";[M+Na-H2];C43H81N2O7P;-1.92126e-3;-2.433358;789.552807;1 out of 5
789.548096;789.550886;"SM(d20:1/18:3(10,12,15)-OH(9))";[M+Na-H2];C43H81N2O7P;-1.92126e-3;-2.433358;789.552807;1 out of 5
789.548096;789.550886;"SM(d20:1/18:3(9,11,15)-OH(13))";[M+Na-H2];C43H81N2O7P;-1.92126e-3;-2.433358;789.552807;1 out of 5
790.106079;790.108874;Acetyl-CoA;[M-H2O-H];C23H38N7O17P3S;9.41982e-4;1.192220;790.107932;1 out of 5
790.106079;790.108874;Acetyl CoA;[M-H2O-H];C23H38N7O17P3S;9.40073e-4;1.189804;790.107934;1 out of 5
803.079971;803.082876;Fluo-3;[M+Cl];C36H30Cl2N2O13;9.80879e-4;1.221394;803.081895;2 out of 5
806.178694;806.181626;Peonidin 3-(6''-p-coumaroyl-glucoside) 5-glucoside;[M+K-H2];C38H41O17;-1.35390e-3;-1.679391;806.182980;1 out of 5
806.178694;806.181626;Petunidin 3-(4'''-p-coumaroyl-rutinoside);[M+Cl];C37H39O18;-1.41445e-3;-1.754508;806.183040;1 out of 5
809.355143;809.358102;Dulcoside A;[M+Na-H2];C38H60O17;3.84198e-4;0.474695;809.357717;1 out of 5
809.518863;809.521823;"PC(DiMe(9,3)/DiMe(9,3))";[M-H];C44H77NO10P;5.91290e-4;0.730419;809.521232;1 out of 5
809.518863;809.521823;"SM(d18:2(4E,14Z)/22:6(5Z,7Z,10Z,13Z,16Z,19Z)-OH(4))";[M+Na-H2];C45H77N2O7P;3.16666e-4;0.391176;809.521507;1 out of 5
809.518863;809.521823;"SM(d18:2(4E,14Z)/22:6(4Z,8Z,10Z,13Z,16Z,19Z)-OH(7))";[M+Na-H2];C45H77N2O7P;3.16666e-4;0.391176;809.521507;1 out of 5
809.518863;809.521823;"SM(d18:2(4E,14Z)/22:6(4Z,7Z,10Z,12E,16Z,19Z)-OH(14))";[M+Na-H2];C45H77N2O7P;3.16666e-4;0.391176;809.521507;1 out of 5
809.518863;809.521823;"SM(d18:2(4E,14Z)/22:6(4Z,7Z,10Z,13E,15E,19Z)-OH(17))";[M+Na-H2];C45H77N2O7P;3.16666e-4;0.391176;809.521507;1 out of 5
809.518863;809.521823;"SM(d18:2(4E,14Z)/22:5(4Z,7Z,10Z,13Z,19Z)-O(16,17))";[M+Na-H2];C45H77N2O7P;3.16666e-4;0.391176;809.521507;1 out of 5
809.518863;809.521823;"SM(d16:1/PGF1alpha)";[M+Cl];C41H79N2O9P;1.03361e-4;0.127681;809.521720;1 out of 5
809.518863;809.521823;"SM(d18:0/5-iso PGF2VI)";[M+Cl];C41H79N2O9P;1.03361e-4;0.127681;809.521720;1 out of 5
810.522782;810.525751;"PS(18:0/18:1(9Z))";[M+Na-H2];C42H80NO10P;-9.00831e-4;-1.111415;810.526652;1 out of 5
810.522782;810.525751;"PS(18:1(9Z)/18:0)";[M+Na-H2];C42H80NO10P;-9.00831e-4;-1.111415;810.526652;1 out of 5
810.522782;810.525751;"PS(14:1(9Z)/22:0)";[M+Na-H2];C42H80NO10P;-9.00831e-4;-1.111415;810.526652;1 out of 5
810.522782;810.525751;"PS(16:0/20:1(11Z))";[M+Na-H2];C42H80NO10P;-9.00831e-4;-1.111415;810.526652;1 out of 5
810.522782;810.525751;"PS(16:1(9Z)/20:0)";[M+Na-H2];C42H80NO10P;-9.00831e-4;-1.111415;810.526652;1 out of 5
810.522782;810.525751;"PS(18:0/18:1(11Z))";[M+Na-H2];C42H80NO10P;-9.00831e-4;-1.111415;810.526652;1 out of 5
810.522782;810.525751;"PS(14:0/22:1(13Z))";[M+Na-H2];C42H80NO10P;-9.00831e-4;-1.111415;810.526652;1 out of 5
810.522782;810.525751;"PS(18:1(11Z)/18:0)";[M+Na-H2];C42H80NO10P;-9.00831e-4;-1.111415;810.526652;1 out of 5
810.522782;810.525751;"PS(20:0/16:1(9Z))";[M+Na-H2];C42H80NO10P;-9.00831e-4;-1.111415;810.526652;1 out of 5
810.522782;810.525751;"PS(20:1(11Z)/16:0)";[M+Na-H2];C42H80NO10P;-9.00831e-4;-1.111415;810.526652;1 out of 5
810.522782;810.525751;"PS(22:0/14:1(9Z))";[M+Na-H2];C42H80NO10P;-9.00831e-4;-1.111415;810.526652;1 out of 5
810.522782;810.525751;"PS(22:1(13Z)/14:0)";[M+Na-H2];C42H80NO10P;-9.00831e-4;-1.111415;810.526652;1 out of 5
810.522782;810.525751;"PC(16:1(9Z)/18:1(12Z)-2OH(9,10))";[M+Na-H2];C42H80NO10P;-9.00831e-4;-1.111415;810.526652;1 out of 5
810.522782;810.525751;"PC(18:1(12Z)-2OH(9,10)/16:1(9Z))";[M+Na-H2];C42H80NO10P;-9.00831e-4;-1.111415;810.526652;1 out of 5
833.518299;833.521470;"SM(d19:0/PGJ2)";[M+K-H2];C44H81N2O8P;-1.89158e-4;-0.226938;833.521660;1 out of 5
833.518299;833.521470;"SM(d19:1/20:4(6Z,8E,10E,14Z)-2OH(5S,12R))";[M+K-H2];C44H81N2O8P;-1.89158e-4;-0.226938;833.521660;1 out of 5
833.518299;833.521470;"SM(d19:1/20:4(6E,8Z,11Z,13E)-2OH(5S,15S))";[M+K-H2];C44H81N2O8P;-1.89158e-4;-0.226938;833.521660;1 out of 5
833.518299;833.521470;"SM(d19:1/20:4(8Z,11Z,14Z,17Z)-2OH(5S,6R))";[M+K-H2];C44H81N2O8P;-1.89158e-4;-0.226938;833.521660;1 out of 5
833.518299;833.521470;"SM(d18:0/20:5(7Z,9Z,11E,13E,17Z)-3OH(5,6,15))";[M+Cl];C43H79N2O9P;-2.49714e-4;-0.299589;833.521720;1 out of 5
833.518299;833.521470;"SM(d18:1/PGE2)";[M+Cl];C43H79N2O9P;-2.49714e-4;-0.299589;833.521720;1 out of 5
833.518299;833.521470;"SM(d18:1/PGD2)";[M+Cl];C43H79N2O9P;-2.49714e-4;-0.299589;833.521720;1 out of 5
833.518299;833.521470;"SM(d18:1/20:4(7E,9E,11Z,13E)-3OH(5S,6R,15S))";[M+Cl];C43H79N2O9P;-2.49714e-4;-0.299589;833.521720;1 out of 5
833.518299;833.521470;"SM(d18:2(4E,14Z)/PGF2alpha)";[M+Cl];C43H79N2O9P;-2.49714e-4;-0.299589;833.521720;1 out of 5
833.518299;833.521470;"SM(d18:2(4E,14Z)/PGE1)";[M+Cl];C43H79N2O9P;-2.49714e-4;-0.299589;833.521720;1 out of 5
833.518299;833.521470;"SM(d18:2(4E,14Z)/PGD1)";[M+Cl];C43H79N2O9P;-2.49714e-4;-0.299589;833.521720;1 out of 5
835.534333;835.537522;"SM(d19:0/20:4(6Z,8E,10E,14Z)-2OH(5S,12R))";[M+K-H2];C44H83N2O8P;2.12150e-4;0.253908;835.537310;1 out of 5
835.534333;835.537522;"SM(d19:0/20:4(6E,8Z,11Z,13E)-2OH(5S,15S))";[M+K-H2];C44H83N2O8P;2.12150e-4;0.253908;835.537310;1 out of 5
835.534333;835.537522;"SM(d19:0/20:4(8Z,11Z,14Z,17Z)-2OH(5S,6R))";[M+K-H2];C44H83N2O8P;2.12150e-4;0.253908;835.537310;1 out of 5
835.534333;835.537522;"SM(d19:1/20:3(8Z,11Z,14Z)-2OH(5,6))";[M+K-H2];C44H83N2O8P;2.12150e-4;0.253908;835.537310;1 out of 5
835.534333;835.537522;"SM(d18:0/PGE2)";[M+Cl];C43H81N2O9P;1.51595e-4;0.181434;835.537370;1 out of 5
835.534333;835.537522;"SM(d18:0/PGD2)";[M+Cl];C43H81N2O9P;1.51595e-4;0.181434;835.537370;1 out of 5
835.534333;835.537522;"SM(d18:0/20:4(7E,9E,11Z,13E)-3OH(5S,6R,15S))";[M+Cl];C43H81N2O9P;1.51595e-4;0.181434;835.537370;1 out of 5
835.534333;835.537522;"SM(d18:1/PGF2alpha)";[M+Cl];C43H81N2O9P;1.51595e-4;0.181434;835.537370;1 out of 5
835.534333;835.537522;"SM(d18:1/PGE1)";[M+Cl];C43H81N2O9P;1.51595e-4;0.181434;835.537370;1 out of 5
835.534333;835.537522;"SM(d18:1/PGD1)";[M+Cl];C43H81N2O9P;1.51595e-4;0.181434;835.537370;1 out of 5
835.534333;835.537522;"SM(d18:2(4E,14Z)/PGF1alpha)";[M+Cl];C43H81N2O9P;1.51595e-4;0.181434;835.537370;1 out of 5
835.534333;835.537522;"SM(d20:1/5-iso PGF2VI)";[M+Cl];C43H81N2O9P;1.51595e-4;0.181434;835.537370;1 out of 5
836.537492;836.540690;"PS(14:1(9Z)/24:1(15Z))";[M+Na-H2];C44H82NO10P;-1.61208e-3;-1.927072;836.542302;1 out of 5
836.537492;836.540690;"PS(16:0/22:2(13Z,16Z))";[M+Na-H2];C44H82NO10P;-1.61208e-3;-1.927072;836.542302;1 out of 5
836.537492;836.540690;"PS(16:1(9Z)/22:1(13Z))";[M+Na-H2];C44H82NO10P;-1.61208e-3;-1.927072;836.542302;1 out of 5
836.537492;836.540690;"PS(18:0/20:2(11Z,14Z))";[M+Na-H2];C44H82NO10P;-1.61208e-3;-1.927072;836.542302;1 out of 5
836.537492;836.540690;"PS(18:1(11Z)/20:1(11Z))";[M+Na-H2];C44H82NO10P;-1.61208e-3;-1.927072;836.542302;1 out of 5
836.537492;836.540690;"PS(18:1(9Z)/20:1(11Z))";[M+Na-H2];C44H82NO10P;-1.61208e-3;-1.927072;836.542302;1 out of 5
836.537492;836.540690;"PS(18:2(9Z,12Z)/20:0)";[M+Na-H2];C44H82NO10P;-1.61208e-3;-1.927072;836.542302;1 out of 5
836.537492;836.540690;"PS(20:0/18:2(9Z,12Z))";[M+Na-H2];C44H82NO10P;-1.61208e-3;-1.927072;836.542302;1 out of 5
836.537492;836.540690;"PS(20:1(11Z)/18:1(11Z))";[M+Na-H2];C44H82NO10P;-1.61208e-3;-1.927072;836.542302;1 out of 5
836.537492;836.540690;"PS(20:1(11Z)/18:1(9Z))";[M+Na-H2];C44H82NO10P;-1.61208e-3;-1.927072;836.542302;1 out of 5
836.537492;836.540690;"PS(20:2(11Z,14Z)/18:0)";[M+Na-H2];C44H82NO10P;-1.61208e-3;-1.927072;836.542302;1 out of 5
836.537492;836.540690;"PS(22:1(13Z)/16:1(9Z))";[M+Na-H2];C44H82NO10P;-1.61208e-3;-1.927072;836.542302;1 out of 5
836.537492;836.540690;"PS(22:2(13Z,16Z)/16:0)";[M+Na-H2];C44H82NO10P;-1.61208e-3;-1.927072;836.542302;1 out of 5
836.537492;836.540690;"PS(24:1(15Z)/14:1(9Z))";[M+Na-H2];C44H82NO10P;-1.61208e-3;-1.927072;836.542302;1 out of 5
836.537492;836.540690;"PC(16:0/20:3(8Z,11Z,14Z)-2OH(5,6))";[M+Na-H2];C44H82NO10P;-1.61208e-3;-1.927072;836.542302;1 out of 5
836.537492;836.540690;"PC(20:3(8Z,11Z,14Z)-2OH(5,6)/16:0)";[M+Na-H2];C44H82NO10P;-1.61208e-3;-1.927072;836.542302;1 out of 5
836.537492;836.540690;"PC(18:2(9Z,12Z)/18:1(12Z)-2OH(9,10))";[M+Na-H2];C44H82NO10P;-1.61208e-3;-1.927072;836.542302;1 out of 5
836.537492;836.540690;"PC(18:1(12Z)-2OH(9,10)/18:2(9Z,12Z))";[M+Na-H2];C44H82NO10P;-1.61208e-3;-1.927072;836.542302;1 out of 5
836.537492;836.540690;"PC(P-16:0/PGF2alpha)";[M+Na-H2];C44H82NO10P;-1.61208e-3;-1.927072;836.542302;1 out of 5
836.537492;836.540690;"PC(PGF2alpha/P-16:0)";[M+Na-H2];C44H82NO10P;-1.61208e-3;-1.927072;836.542302;1 out of 5
836.537492;836.540690;"PC(P-16:0/PGE1)";[M+Na-H2];C44H82NO10P;-1.61208e-3;-1.927072;836.542302;1 out of 5
836.537492;836.540690;"PC(PGE1/P-16:0)";[M+Na-H2];C44H82NO10P;-1.61208e-3;-1.927072;836.542302;1 out of 5
836.537492;836.540690;"PC(P-16:0/PGD1)";[M+Na-H2];C44H82NO10P;-1.61208e-3;-1.927072;836.542302;1 out of 5
836.537492;836.540690;"PC(PGD1/P-16:0)";[M+Na-H2];C44H82NO10P;-1.61208e-3;-1.927072;836.542302;1 out of 5
836.537492;836.540690;"PC(P-18:0/5-iso PGF2VI)";[M+Na-H2];C44H82NO10P;-1.61208e-3;-1.927072;836.542302;1 out of 5
836.537492;836.540690;"PC(5-iso PGF2VI/P-18:0)";[M+Na-H2];C44H82NO10P;-1.61208e-3;-1.927072;836.542302;1 out of 5
837.550254;837.553461;"PC(DiMe(11,3)/DiMe(9,3))";[M-H];C46H81NO10P;9.28581e-4;1.108684;837.552532;1 out of 5
837.550254;837.553461;"PC(DiMe(9,3)/DiMe(11,3))";[M-H];C46H81NO10P;9.28581e-4;1.108684;837.552532;1 out of 5
837.550254;837.553461;"PC(DiMe(9,3)/DiMe(9,5))";[M-H];C46H81NO10P;9.28581e-4;1.108684;837.552532;1 out of 5
837.550254;837.553461;"PC(DiMe(9,5)/DiMe(9,3))";[M-H];C46H81NO10P;9.28581e-4;1.108684;837.552532;1 out of 5
837.550254;837.553461;"PC(MonoMe(11,3)/MonoMe(11,3))";[M-H];C46H81NO10P;9.28581e-4;1.108684;837.552532;1 out of 5
837.550254;837.553461;"PC(MonoMe(11,3)/MonoMe(9,5))";[M-H];C46H81NO10P;9.28581e-4;1.108684;837.552532;1 out of 5
837.550254;837.553461;"PC(MonoMe(9,5)/MonoMe(11,3))";[M-H];C46H81NO10P;9.28581e-4;1.108684;837.552532;1 out of 5
837.550254;837.553461;"PC(MonoMe(9,5)/MonoMe(9,5))";[M-H];C46H81NO10P;9.28581e-4;1.108684;837.552532;1 out of 5
837.550254;837.553461;"SM(d19:0/20:3(8Z,11Z,14Z)-2OH(5,6))";[M+K-H2];C44H85N2O8P;5.01207e-4;0.598419;837.552960;1 out of 5
837.550254;837.553461;"SM(d18:0/PGF2alpha)";[M+Cl];C43H83N2O9P;4.40651e-4;0.526117;837.553020;1 out of 5
837.550254;837.553461;"SM(d18:0/PGE1)";[M+Cl];C43H83N2O9P;4.40651e-4;0.526117;837.553020;1 out of 5
837.550254;837.553461;"SM(d18:0/PGD1)";[M+Cl];C43H83N2O9P;4.40651e-4;0.526117;837.553020;1 out of 5
837.550254;837.553461;"SM(d18:1/PGF1alpha)";[M+Cl];C43H83N2O9P;4.40651e-4;0.526117;837.553020;1 out of 5
857.518320;857.521708;"SM(d19:1/22:6(5Z,8E,10Z,13Z,15E,19Z)-2OH(7S, 17S))";[M+K-H2];C46H81N2O8P;4.82686e-5;0.056289;857.521660;1 out of 5
857.518320;857.521708;"SM(d19:1/22:6(4Z,7Z,11E,13Z,15E,19Z)-2OH(10S,17))";[M+K-H2];C46H81N2O8P;4.82686e-5;0.056289;857.521660;1 out of 5
858.522100;858.525497;"PS(18:0/22:5(7Z,10Z,13Z,16Z,19Z))";[M+Na-H2];C46H80NO10P;-1.15420e-3;-1.344391;858.526651;1 out of 5
858.522100;858.525497;"PE(DiMe(11,3)/MonoMe(11,5))";[M+Na-H2];C46H80NO10P;-1.15420e-3;-1.344391;858.526651;1 out of 5
858.522100;858.525497;"PE(DiMe(11,5)/MonoMe(11,3))";[M+Na-H2];C46H80NO10P;-1.15420e-3;-1.344391;858.526651;1 out of 5
858.522100;858.525497;"PE(DiMe(11,5)/MonoMe(9,5))";[M+Na-H2];C46H80NO10P;-1.15420e-3;-1.344391;858.526651;1 out of 5
858.522100;858.525497;"PE(DiMe(9,3)/MonoMe(13,5))";[M+Na-H2];C46H80NO10P;-1.15420e-3;-1.344391;858.526651;1 out of 5
858.522100;858.525497;"PE(DiMe(9,5)/MonoMe(11,5))";[M+Na-H2];C46H80NO10P;-1.15420e-3;-1.344391;858.526651;1 out of 5
858.522100;858.525497;"PE(MonoMe(11,3)/DiMe(11,5))";[M+Na-H2];C46H80NO10P;-1.15420e-3;-1.344391;858.526651;1 out of 5
858.522100;858.525497;"PE(MonoMe(11,5)/DiMe(11,3))";[M+Na-H2];C46H80NO10P;-1.15420e-3;-1.344391;858.526651;1 out of 5
858.522100;858.525497;"PE(MonoMe(11,5)/DiMe(9,5))";[M+Na-H2];C46H80NO10P;-1.15420e-3;-1.344391;858.526651;1 out of 5
858.522100;858.525497;"PE(MonoMe(13,5)/DiMe(9,3))";[M+Na-H2];C46H80NO10P;-1.15420e-3;-1.344391;858.526651;1 out of 5
858.522100;858.525497;"PE(MonoMe(9,5)/DiMe(11,5))";[M+Na-H2];C46H80NO10P;-1.15420e-3;-1.344391;858.526651;1 out of 5
858.522100;858.525497;"PS(18:0/22:5(4Z,7Z,10Z,13Z,16Z))";[M+Na-H2];C46H80NO10P;-1.15468e-3;-1.344951;858.526652;1 out of 5
858.522100;858.525497;"PS(18:1(11Z)/22:4(7Z,10Z,13Z,16Z))";[M+Na-H2];C46H80NO10P;-1.15468e-3;-1.344951;858.526652;1 out of 5
858.522100;858.525497;"PS(18:1(9Z)/22:4(7Z,10Z,13Z,16Z))";[M+Na-H2];C46H80NO10P;-1.15468e-3;-1.344951;858.526652;1 out of 5
858.522100;858.525497;"PS(18:3(6Z,9Z,12Z)/22:2(13Z,16Z))";[M+Na-H2];C46H80NO10P;-1.15468e-3;-1.344951;858.526652;1 out of 5
858.522100;858.525497;"PS(18:3(9Z,12Z,15Z)/22:2(13Z,16Z))";[M+Na-H2];C46H80NO10P;-1.15468e-3;-1.344951;858.526652;1 out of 5
858.522100;858.525497;"PS(20:0/20:5(5Z,8Z,11Z,14Z,17Z))";[M+Na-H2];C46H80NO10P;-1.15468e-3;-1.344951;858.526652;1 out of 5
858.522100;858.525497;"PS(20:1(11Z)/20:4(5Z,8Z,11Z,14Z))";[M+Na-H2];C46H80NO10P;-1.15468e-3;-1.344951;858.526652;1 out of 5
858.522100;858.525497;"PS(20:2(11Z,14Z)/20:3(5Z,8Z,11Z))";[M+Na-H2];C46H80NO10P;-1.15468e-3;-1.344951;858.526652;1 out of 5
858.522100;858.525497;"PS(20:2(11Z,14Z)/20:3(8Z,11Z,14Z))";[M+Na-H2];C46H80NO10P;-1.15468e-3;-1.344951;858.526652;1 out of 5
858.522100;858.525497;"PS(20:3(5Z,8Z,11Z)/20:2(11Z,14Z))";[M+Na-H2];C46H80NO10P;-1.15468e-3;-1.344951;858.526652;1 out of 5
858.522100;858.525497;"PS(20:3(8Z,11Z,14Z)/20:2(11Z,14Z))";[M+Na-H2];C46H80NO10P;-1.15468e-3;-1.344951;858.526652;1 out of 5
858.522100;858.525497;"PS(20:4(5Z,8Z,11Z,14Z)/20:1(11Z))";[M+Na-H2];C46H80NO10P;-1.15468e-3;-1.344951;858.526652;1 out of 5
858.522100;858.525497;"PS(20:4(8Z,11Z,14Z,17Z)/20:1(11Z))";[M+Na-H2];C46H80NO10P;-1.15468e-3;-1.344951;858.526652;1 out of 5
858.522100;858.525497;"PS(20:5(5Z,8Z,11Z,14Z,17Z)/20:0)";[M+Na-H2];C46H80NO10P;-1.15468e-3;-1.344951;858.526652;1 out of 5
858.522100;858.525497;"PS(22:2(13Z,16Z)/18:3(6Z,9Z,12Z))";[M+Na-H2];C46H80NO10P;-1.15468e-3;-1.344951;858.526652;1 out of 5
858.522100;858.525497;"PS(22:2(13Z,16Z)/18:3(9Z,12Z,15Z))";[M+Na-H2];C46H80NO10P;-1.15468e-3;-1.344951;858.526652;1 out of 5
858.522100;858.525497;"PS(22:4(7Z,10Z,13Z,16Z)/18:1(11Z))";[M+Na-H2];C46H80NO10P;-1.15468e-3;-1.344951;858.526652;1 out of 5
858.522100;858.525497;"PS(22:4(7Z,10Z,13Z,16Z)/18:1(9Z))";[M+Na-H2];C46H80NO10P;-1.15468e-3;-1.344951;858.526652;1 out of 5
858.522100;858.525497;"PS(22:5(4Z,7Z,10Z,13Z,16Z)/18:0)";[M+Na-H2];C46H80NO10P;-1.15468e-3;-1.344951;858.526652;1 out of 5
858.522100;858.525497;"PS(22:5(7Z,10Z,13Z,16Z,19Z)/18:0)";[M+Na-H2];C46H80NO10P;-1.15468e-3;-1.344951;858.526652;1 out of 5
858.522100;858.525497;"PE-NMe(11D3/11D3)";[M+Na-H2];C46H80NO10P;-1.15468e-3;-1.344951;858.526652;1 out of 5
858.522100;858.525497;"PE-NMe(11D3/9D5)";[M+Na-H2];C46H80NO10P;-1.15468e-3;-1.344951;858.526652;1 out of 5
858.522100;858.525497;"PE-NMe(11D5/9D3)";[M+Na-H2];C46H80NO10P;-1.15468e-3;-1.344951;858.526652;1 out of 5
858.522100;858.525497;"PE-NMe(11M3/11M5)";[M+Na-H2];C46H80NO10P;-1.15468e-3;-1.344951;858.526652;1 out of 5
858.522100;858.525497;"PE-NMe(11M5/11M3)";[M+Na-H2];C46H80NO10P;-1.15468e-3;-1.344951;858.526652;1 out of 5
858.522100;858.525497;"PE-NMe(11M5/9M5)";[M+Na-H2];C46H80NO10P;-1.15468e-3;-1.344951;858.526652;1 out of 5
858.522100;858.525497;"PE-NMe(9D3/11D5)";[M+Na-H2];C46H80NO10P;-1.15468e-3;-1.344951;858.526652;1 out of 5
858.522100;858.525497;"PE-NMe(9D5/11D3)";[M+Na-H2];C46H80NO10P;-1.15468e-3;-1.344951;858.526652;1 out of 5
858.522100;858.525497;"PE-NMe(9D5/9D5)";[M+Na-H2];C46H80NO10P;-1.15468e-3;-1.344951;858.526652;1 out of 5
858.522100;858.525497;"PE-NMe(9M5/11M5)";[M+Na-H2];C46H80NO10P;-1.15468e-3;-1.344951;858.526652;1 out of 5
858.522100;858.525497;"PE-NMe2(11D3/11M3)";[M+Na-H2];C46H80NO10P;-1.15468e-3;-1.344951;858.526652;1 out of 5
858.522100;858.525497;"PE-NMe2(11D3/9M5)";[M+Na-H2];C46H80NO10P;-1.15468e-3;-1.344951;858.526652;1 out of 5
858.522100;858.525497;"PE-NMe2(11M3/11D3)";[M+Na-H2];C46H80NO10P;-1.15468e-3;-1.344951;858.526652;1 out of 5
858.522100;858.525497;"PE-NMe2(11M3/9D5)";[M+Na-H2];C46H80NO10P;-1.15468e-3;-1.344951;858.526652;1 out of 5
858.522100;858.525497;"PE-NMe2(11M5/9D3)";[M+Na-H2];C46H80NO10P;-1.15468e-3;-1.344951;858.526652;1 out of 5
858.522100;858.525497;"PE-NMe2(9D3/11M5)";[M+Na-H2];C46H80NO10P;-1.15468e-3;-1.344951;858.526652;1 out of 5
858.522100;858.525497;"PE-NMe2(9D5/11M3)";[M+Na-H2];C46H80NO10P;-1.15468e-3;-1.344951;858.526652;1 out of 5
858.522100;858.525497;"PE-NMe2(9D5/9M5)";[M+Na-H2];C46H80NO10P;-1.15468e-3;-1.344951;858.526652;1 out of 5
858.522100;858.525497;"PE-NMe2(9M5/9D5)";[M+Na-H2];C46H80NO10P;-1.15468e-3;-1.344951;858.526652;1 out of 5
858.522100;858.525497;"PS(18:4(6Z,9Z,12Z,15Z)/22:1(13Z))";[M+Na-H2];C46H80NO10P;-1.15468e-3;-1.344951;858.526652;1 out of 5
858.522100;858.525497;"PS(20:1(11Z)/20:4(8Z,11Z,14Z,17Z))";[M+Na-H2];C46H80NO10P;-1.15468e-3;-1.344951;858.526652;1 out of 5
858.522100;858.525497;"PS(22:1(13Z)/18:4(6Z,9Z,12Z,15Z))";[M+Na-H2];C46H80NO10P;-1.15468e-3;-1.344951;858.526652;1 out of 5
858.522100;858.525497;"PC(16:0/22:6(5Z,8E,10Z,13Z,15E,19Z)-2OH(7S, 17S))";[M+Na-H2];C46H80NO10P;-1.15468e-3;-1.344951;858.526652;1 out of 5
858.522100;858.525497;"PC(22:6(5Z,8E,10Z,13Z,15E,19Z)-2OH(7S, 17S)/16:0)";[M+Na-H2];C46H80NO10P;-1.15468e-3;-1.344951;858.526652;1 out of 5
858.522100;858.525497;"PC(16:0/22:6(4Z,7Z,11E,13Z,15E,19Z)-2OH(10S,17))";[M+Na-H2];C46H80NO10P;-1.15468e-3;-1.344951;858.526652;1 out of 5
858.522100;858.525497;"PC(22:6(4Z,7Z,11E,13Z,15E,19Z)-2OH(10S,17)/16:0)";[M+Na-H2];C46H80NO10P;-1.15468e-3;-1.344951;858.526652;1 out of 5
858.522100;858.525497;"PC(18:1(11Z)/PGJ2)";[M+Na-H2];C46H80NO10P;-1.15468e-3;-1.344951;858.526652;1 out of 5
858.522100;858.525497;"PC(PGJ2/18:1(11Z))";[M+Na-H2];C46H80NO10P;-1.15468e-3;-1.344951;858.526652;1 out of 5
858.522100;858.525497;"PC(18:1(9Z)/PGJ2)";[M+Na-H2];C46H80NO10P;-1.15468e-3;-1.344951;858.526652;1 out of 5
858.522100;858.525497;"PC(PGJ2/18:1(9Z))";[M+Na-H2];C46H80NO10P;-1.15468e-3;-1.344951;858.526652;1 out of 5
858.522100;858.525497;"PC(18:2(9Z,12Z)/20:4(6Z,8E,10E,14Z)-2OH(5S,12R))";[M+Na-H2];C46H80NO10P;-1.15468e-3;-1.344951;858.526652;1 out of 5
858.522100;858.525497;"PC(20:4(6Z,8E,10E,14Z)-2OH(5S,12R)/18:2(9Z,12Z))";[M+Na-H2];C46H80NO10P;-1.15468e-3;-1.344951;858.526652;1 out of 5
858.522100;858.525497;"PC(18:2(9Z,12Z)/20:4(6E,8Z,11Z,13E)-2OH(5S,15S))";[M+Na-H2];C46H80NO10P;-1.15468e-3;-1.344951;858.526652;1 out of 5
858.522100;858.525497;"PC(20:4(6E,8Z,11Z,13E)-2OH(5S,15S)/18:2(9Z,12Z))";[M+Na-H2];C46H80NO10P;-1.15468e-3;-1.344951;858.526652;1 out of 5
858.522100;858.525497;"PC(18:2(9Z,12Z)/20:4(8Z,11Z,14Z,17Z)-2OH(5S,6R))";[M+Na-H2];C46H80NO10P;-1.15468e-3;-1.344951;858.526652;1 out of 5
858.522100;858.525497;"PC(20:4(8Z,11Z,14Z,17Z)-2OH(5S,6R)/18:2(9Z,12Z))";[M+Na-H2];C46H80NO10P;-1.15468e-3;-1.344951;858.526652;1 out of 5
858.522100;858.525497;"PC(18:3(6Z,9Z,12Z)/20:3(8Z,11Z,14Z)-2OH(5,6))";[M+Na-H2];C46H80NO10P;-1.15468e-3;-1.344951;858.526652;1 out of 5
858.522100;858.525497;"PC(20:3(8Z,11Z,14Z)-2OH(5,6)/18:3(6Z,9Z,12Z))";[M+Na-H2];C46H80NO10P;-1.15468e-3;-1.344951;858.526652;1 out of 5
858.522100;858.525497;"PC(18:3(9Z,12Z,15Z)/20:3(8Z,11Z,14Z)-2OH(5,6))";[M+Na-H2];C46H80NO10P;-1.15468e-3;-1.344951;858.526652;1 out of 5
858.522100;858.525497;"PC(20:3(8Z,11Z,14Z)-2OH(5,6)/18:3(9Z,12Z,15Z))";[M+Na-H2];C46H80NO10P;-1.15468e-3;-1.344951;858.526652;1 out of 5
858.522100;858.525497;"PC(20:5(5Z,8Z,11Z,14Z,17Z)/18:1(12Z)-2OH(9,10))";[M+Na-H2];C46H80NO10P;-1.15468e-3;-1.344951;858.526652;1 out of 5
858.522100;858.525497;"PC(18:1(12Z)-2OH(9,10)/20:5(5Z,8Z,11Z,14Z,17Z))";[M+Na-H2];C46H80NO10P;-1.15468e-3;-1.344951;858.526652;1 out of 5
858.522100;858.525497;"PC(DiMe(11,3)/18:2(10E,12Z)+=O(9))";[M+Na-H2];C46H80NO10P;-1.15468e-3;-1.344951;858.526652;1 out of 5
858.522100;858.525497;"PC(18:2(10E,12Z)+=O(9)/DiMe(11,3))";[M+Na-H2];C46H80NO10P;-1.15468e-3;-1.344951;858.526652;1 out of 5
858.522100;858.525497;"PC(DiMe(11,3)/18:2(9Z,11E)+=O(13))";[M+Na-H2];C46H80NO10P;-1.15468e-3;-1.344951;858.526652;1 out of 5
858.522100;858.525497;"PC(18:2(9Z,11E)+=O(13)/DiMe(11,3))";[M+Na-H2];C46H80NO10P;-1.15468e-3;-1.344951;858.526652;1 out of 5
858.522100;858.525497;"PC(DiMe(11,3)/18:3(10,12,15)-OH(9))";[M+Na-H2];C46H80NO10P;-1.15468e-3;-1.344951;858.526652;1 out of 5
858.522100;858.525497;"PC(18:3(10,12,15)-OH(9)/DiMe(11,3))";[M+Na-H2];C46H80NO10P;-1.15468e-3;-1.344951;858.526652;1 out of 5
858.522100;858.525497;"PC(DiMe(11,3)/18:3(9,11,15)-OH(13))";[M+Na-H2];C46H80NO10P;-1.15468e-3;-1.344951;858.526652;1 out of 5
858.522100;858.525497;"PC(18:3(9,11,15)-OH(13)/DiMe(11,3))";[M+Na-H2];C46H80NO10P;-1.15468e-3;-1.344951;858.526652;1 out of 5
858.522100;858.525497;"PC(DiMe(9,3)/20:3(6,8,11)-OH(5))";[M+Na-H2];C46H80NO10P;-1.15468e-3;-1.344951;858.526652;1 out of 5
858.522100;858.525497;"PC(20:3(6,8,11)-OH(5)/DiMe(9,3))";[M+Na-H2];C46H80NO10P;-1.15468e-3;-1.344951;858.526652;1 out of 5
858.522100;858.525497;"PC(DiMe(9,5)/18:2(10E,12Z)+=O(9))";[M+Na-H2];C46H80NO10P;-1.15468e-3;-1.344951;858.526652;1 out of 5
858.522100;858.525497;"PC(18:2(10E,12Z)+=O(9)/DiMe(9,5))";[M+Na-H2];C46H80NO10P;-1.15468e-3;-1.344951;858.526652;1 out of 5
858.522100;858.525497;"PC(DiMe(9,5)/18:2(9Z,11E)+=O(13))";[M+Na-H2];C46H80NO10P;-1.15468e-3;-1.344951;858.526652;1 out of 5
858.522100;858.525497;"PC(18:2(9Z,11E)+=O(13)/DiMe(9,5))";[M+Na-H2];C46H80NO10P;-1.15468e-3;-1.344951;858.526652;1 out of 5
858.522100;858.525497;"PC(DiMe(9,5)/18:3(10,12,15)-OH(9))";[M+Na-H2];C46H80NO10P;-1.15468e-3;-1.344951;858.526652;1 out of 5
858.522100;858.525497;"PC(18:3(10,12,15)-OH(9)/DiMe(9,5))";[M+Na-H2];C46H80NO10P;-1.15468e-3;-1.344951;858.526652;1 out of 5
858.522100;858.525497;"PC(DiMe(9,5)/18:3(9,11,15)-OH(13))";[M+Na-H2];C46H80NO10P;-1.15468e-3;-1.344951;858.526652;1 out of 5
858.522100;858.525497;"PC(18:3(9,11,15)-OH(13)/DiMe(9,5))";[M+Na-H2];C46H80NO10P;-1.15468e-3;-1.344951;858.526652;1 out of 5
858.522100;858.525497;"PC(P-18:1(11Z)/20:5(7Z,9Z,11E,13E,17Z)-3OH(5,6,15))";[M+Na-H2];C46H80NO10P;-1.15468e-3;-1.344951;858.526652;1 out of 5
858.522100;858.525497;"PC(20:5(7Z,9Z,11E,13E,17Z)-3OH(5,6,15)/P-18:1(11Z))";[M+Na-H2];C46H80NO10P;-1.15468e-3;-1.344951;858.526652;1 out of 5
858.522100;858.525497;"PC(P-18:1(9Z)/20:5(7Z,9Z,11E,13E,17Z)-3OH(5,6,15))";[M+Na-H2];C46H80NO10P;-1.15468e-3;-1.344951;858.526652;1 out of 5
858.522100;858.525497;"PC(20:5(7Z,9Z,11E,13E,17Z)-3OH(5,6,15)/P-18:1(9Z))";[M+Na-H2];C46H80NO10P;-1.15468e-3;-1.344951;858.526652;1 out of 5
859.534859;859.538266;"SM(d19:0/22:6(5Z,8E,10Z,13Z,15E,19Z)-2OH(7S, 17S))";[M+K-H2];C46H83N2O8P;9.56662e-4;1.112996;859.537310;1 out of 5
859.534859;859.538266;"SM(d19:0/22:6(4Z,7Z,11E,13Z,15E,19Z)-2OH(10S,17))";[M+K-H2];C46H83N2O8P;9.56662e-4;1.112996;859.537310;1 out of 5
859.534859;859.538266;"SM(d20:1/20:5(7Z,9Z,11E,13E,17Z)-3OH(5,6,15))";[M+Cl];C45H81N2O9P;8.96107e-4;1.042545;859.537370;1 out of 5
860.537675;860.541091;"PS(18:0/22:4(7Z,10Z,13Z,16Z))";[M+Na-H2];C46H82NO10P;-1.21067e-3;-1.406873;860.542302;1 out of 5
860.537675;860.541091;"PS(18:2(9Z,12Z)/22:2(13Z,16Z))";[M+Na-H2];C46H82NO10P;-1.21067e-3;-1.406873;860.542302;1 out of 5
860.537675;860.541091;"PS(18:3(6Z,9Z,12Z)/22:1(13Z))";[M+Na-H2];C46H82NO10P;-1.21067e-3;-1.406873;860.542302;1 out of 5
860.537675;860.541091;"PS(18:3(9Z,12Z,15Z)/22:1(13Z))";[M+Na-H2];C46H82NO10P;-1.21067e-3;-1.406873;860.542302;1 out of 5
860.537675;860.541091;"PS(18:4(6Z,9Z,12Z,15Z)/22:0)";[M+Na-H2];C46H82NO10P;-1.21067e-3;-1.406873;860.542302;1 out of 5
860.537675;860.541091;"PS(20:0/20:4(5Z,8Z,11Z,14Z))";[M+Na-H2];C46H82NO10P;-1.21067e-3;-1.406873;860.542302;1 out of 5
860.537675;860.541091;"PS(20:0/20:4(8Z,11Z,14Z,17Z))";[M+Na-H2];C46H82NO10P;-1.21067e-3;-1.406873;860.542302;1 out of 5
860.537675;860.541091;"PS(20:1(11Z)/20:3(5Z,8Z,11Z))";[M+Na-H2];C46H82NO10P;-1.21067e-3;-1.406873;860.542302;1 out of 5
860.537675;860.541091;"PS(20:1(11Z)/20:3(8Z,11Z,14Z))";[M+Na-H2];C46H82NO10P;-1.21067e-3;-1.406873;860.542302;1 out of 5
860.537675;860.541091;"PS(20:2(11Z,14Z)/20:2(11Z,14Z))";[M+Na-H2];C46H82NO10P;-1.21067e-3;-1.406873;860.542302;1 out of 5
860.537675;860.541091;"PS(20:3(5Z,8Z,11Z)/20:1(11Z))";[M+Na-H2];C46H82NO10P;-1.21067e-3;-1.406873;860.542302;1 out of 5
860.537675;860.541091;"PS(20:3(8Z,11Z,14Z)/20:1(11Z))";[M+Na-H2];C46H82NO10P;-1.21067e-3;-1.406873;860.542302;1 out of 5
860.537675;860.541091;"PS(20:4(5Z,8Z,11Z,14Z)/20:0)";[M+Na-H2];C46H82NO10P;-1.21067e-3;-1.406873;860.542302;1 out of 5
860.537675;860.541091;"PS(20:4(8Z,11Z,14Z,17Z)/20:0)";[M+Na-H2];C46H82NO10P;-1.21067e-3;-1.406873;860.542302;1 out of 5
860.537675;860.541091;"PS(22:0/18:4(6Z,9Z,12Z,15Z))";[M+Na-H2];C46H82NO10P;-1.21067e-3;-1.406873;860.542302;1 out of 5
860.537675;860.541091;"PS(22:1(13Z)/18:3(6Z,9Z,12Z))";[M+Na-H2];C46H82NO10P;-1.21067e-3;-1.406873;860.542302;1 out of 5
860.537675;860.541091;"PS(22:1(13Z)/18:3(9Z,12Z,15Z))";[M+Na-H2];C46H82NO10P;-1.21067e-3;-1.406873;860.542302;1 out of 5
860.537675;860.541091;"PS(22:2(13Z,16Z)/18:2(9Z,12Z))";[M+Na-H2];C46H82NO10P;-1.21067e-3;-1.406873;860.542302;1 out of 5
860.537675;860.541091;"PS(22:4(7Z,10Z,13Z,16Z)/18:0)";[M+Na-H2];C46H82NO10P;-1.21067e-3;-1.406873;860.542302;1 out of 5
860.537675;860.541091;"PC(18:0/PGJ2)";[M+Na-H2];C46H82NO10P;-1.21067e-3;-1.406873;860.542302;1 out of 5
860.537675;860.541091;"PC(PGJ2/18:0)";[M+Na-H2];C46H82NO10P;-1.21067e-3;-1.406873;860.542302;1 out of 5
860.537675;860.541091;"PC(18:1(11Z)/20:4(6Z,8E,10E,14Z)-2OH(5S,12R))";[M+Na-H2];C46H82NO10P;-1.21067e-3;-1.406873;860.542302;1 out of 5
860.537675;860.541091;"PC(20:4(6Z,8E,10E,14Z)-2OH(5S,12R)/18:1(11Z))";[M+Na-H2];C46H82NO10P;-1.21067e-3;-1.406873;860.542302;1 out of 5
860.537675;860.541091;"PC(18:1(11Z)/20:4(6E,8Z,11Z,13E)-2OH(5S,15S))";[M+Na-H2];C46H82NO10P;-1.21067e-3;-1.406873;860.542302;1 out of 5
860.537675;860.541091;"PC(20:4(6E,8Z,11Z,13E)-2OH(5S,15S)/18:1(11Z))";[M+Na-H2];C46H82NO10P;-1.21067e-3;-1.406873;860.542302;1 out of 5
860.537675;860.541091;"PC(18:1(11Z)/20:4(8Z,11Z,14Z,17Z)-2OH(5S,6R))";[M+Na-H2];C46H82NO10P;-1.21067e-3;-1.406873;860.542302;1 out of 5
860.537675;860.541091;"PC(20:4(8Z,11Z,14Z,17Z)-2OH(5S,6R)/18:1(11Z))";[M+Na-H2];C46H82NO10P;-1.21067e-3;-1.406873;860.542302;1 out of 5
860.537675;860.541091;"PC(18:1(9Z)/20:4(6Z,8E,10E,14Z)-2OH(5S,12R))";[M+Na-H2];C46H82NO10P;-1.21067e-3;-1.406873;860.542302;1 out of 5
860.537675;860.541091;"PC(20:4(6Z,8E,10E,14Z)-2OH(5S,12R)/18:1(9Z))";[M+Na-H2];C46H82NO10P;-1.21067e-3;-1.406873;860.542302;1 out of 5
860.537675;860.541091;"PC(18:1(9Z)/20:4(6E,8Z,11Z,13E)-2OH(5S,15S))";[M+Na-H2];C46H82NO10P;-1.21067e-3;-1.406873;860.542302;1 out of 5
860.537675;860.541091;"PC(20:4(6E,8Z,11Z,13E)-2OH(5S,15S)/18:1(9Z))";[M+Na-H2];C46H82NO10P;-1.21067e-3;-1.406873;860.542302;1 out of 5
860.537675;860.541091;"PC(18:1(9Z)/20:4(8Z,11Z,14Z,17Z)-2OH(5S,6R))";[M+Na-H2];C46H82NO10P;-1.21067e-3;-1.406873;860.542302;1 out of 5
860.537675;860.541091;"PC(20:4(8Z,11Z,14Z,17Z)-2OH(5S,6R)/18:1(9Z))";[M+Na-H2];C46H82NO10P;-1.21067e-3;-1.406873;860.542302;1 out of 5
860.537675;860.541091;"PC(18:2(9Z,12Z)/20:3(8Z,11Z,14Z)-2OH(5,6))";[M+Na-H2];C46H82NO10P;-1.21067e-3;-1.406873;860.542302;1 out of 5
860.537675;860.541091;"PC(20:3(8Z,11Z,14Z)-2OH(5,6)/18:2(9Z,12Z))";[M+Na-H2];C46H82NO10P;-1.21067e-3;-1.406873;860.542302;1 out of 5
860.537675;860.541091;"PC(20:4(5Z,8Z,11Z,14Z)/18:1(12Z)-2OH(9,10))";[M+Na-H2];C46H82NO10P;-1.21067e-3;-1.406873;860.542302;1 out of 5
860.537675;860.541091;"PC(18:1(12Z)-2OH(9,10)/20:4(5Z,8Z,11Z,14Z))";[M+Na-H2];C46H82NO10P;-1.21067e-3;-1.406873;860.542302;1 out of 5
860.537675;860.541091;"PC(20:4(8Z,11Z,14Z,17Z)/18:1(12Z)-2OH(9,10))";[M+Na-H2];C46H82NO10P;-1.21067e-3;-1.406873;860.542302;1 out of 5
860.537675;860.541091;"PC(18:1(12Z)-2OH(9,10)/20:4(8Z,11Z,14Z,17Z))";[M+Na-H2];C46H82NO10P;-1.21067e-3;-1.406873;860.542302;1 out of 5
860.537675;860.541091;"PC(DiMe(11,3)/18:1(12Z)-O(9S,10R))";[M+Na-H2];C46H82NO10P;-1.21067e-3;-1.406873;860.542302;1 out of 5
860.537675;860.541091;"PC(18:1(12Z)-O(9S,10R)/DiMe(11,3))";[M+Na-H2];C46H82NO10P;-1.21067e-3;-1.406873;860.542302;1 out of 5
860.537675;860.541091;"PC(DiMe(11,3)/18:1(9Z)-O(12,13))";[M+Na-H2];C46H82NO10P;-1.21067e-3;-1.406873;860.542302;1 out of 5
860.537675;860.541091;"PC(18:1(9Z)-O(12,13)/DiMe(11,3))";[M+Na-H2];C46H82NO10P;-1.21067e-3;-1.406873;860.542302;1 out of 5
860.537675;860.541091;"PC(DiMe(9,5)/18:1(12Z)-O(9S,10R))";[M+Na-H2];C46H82NO10P;-1.21067e-3;-1.406873;860.542302;1 out of 5
860.537675;860.541091;"PC(18:1(12Z)-O(9S,10R)/DiMe(9,5))";[M+Na-H2];C46H82NO10P;-1.21067e-3;-1.406873;860.542302;1 out of 5
860.537675;860.541091;"PC(DiMe(9,5)/18:1(9Z)-O(12,13))";[M+Na-H2];C46H82NO10P;-1.21067e-3;-1.406873;860.542302;1 out of 5
860.537675;860.541091;"PC(18:1(9Z)-O(12,13)/DiMe(9,5))";[M+Na-H2];C46H82NO10P;-1.21067e-3;-1.406873;860.542302;1 out of 5
860.537675;860.541091;"PC(P-18:0/20:5(7Z,9Z,11E,13E,17Z)-3OH(5,6,15))";[M+Na-H2];C46H82NO10P;-1.21067e-3;-1.406873;860.542302;1 out of 5
860.537675;860.541091;"PC(20:5(7Z,9Z,11E,13E,17Z)-3OH(5,6,15)/P-18:0)";[M+Na-H2];C46H82NO10P;-1.21067e-3;-1.406873;860.542302;1 out of 5
860.537675;860.541091;"PC(P-18:1(11Z)/PGE2)";[M+Na-H2];C46H82NO10P;-1.21067e-3;-1.406873;860.542302;1 out of 5
860.537675;860.541091;"PC(PGE2/P-18:1(11Z))";[M+Na-H2];C46H82NO10P;-1.21067e-3;-1.406873;860.542302;1 out of 5
860.537675;860.541091;"PC(P-18:1(11Z)/PGD2)";[M+Na-H2];C46H82NO10P;-1.21067e-3;-1.406873;860.542302;1 out of 5
860.537675;860.541091;"PC(PGD2/P-18:1(11Z))";[M+Na-H2];C46H82NO10P;-1.21067e-3;-1.406873;860.542302;1 out of 5
860.537675;860.541091;"PC(P-18:1(11Z)/20:4(7E,9E,11Z,13E)-3OH(5S,6R,15S))";[M+Na-H2];C46H82NO10P;-1.21067e-3;-1.406873;860.542302;1 out of 5
860.537675;860.541091;"PC(20:4(7E,9E,11Z,13E)-3OH(5S,6R,15S)/P-18:1(11Z))";[M+Na-H2];C46H82NO10P;-1.21067e-3;-1.406873;860.542302;1 out of 5
860.537675;860.541091;"PC(P-18:1(9Z)/PGE2)";[M+Na-H2];C46H82NO10P;-1.21067e-3;-1.406873;860.542302;1 out of 5
860.537675;860.541091;"PC(PGE2/P-18:1(9Z))";[M+Na-H2];C46H82NO10P;-1.21067e-3;-1.406873;860.542302;1 out of 5
860.537675;860.541091;"PC(P-18:1(9Z)/PGD2)";[M+Na-H2];C46H82NO10P;-1.21067e-3;-1.406873;860.542302;1 out of 5
860.537675;860.541091;"PC(PGD2/P-18:1(9Z))";[M+Na-H2];C46H82NO10P;-1.21067e-3;-1.406873;860.542302;1 out of 5
860.537675;860.541091;"PC(P-18:1(9Z)/20:4(7E,9E,11Z,13E)-3OH(5S,6R,15S))";[M+Na-H2];C46H82NO10P;-1.21067e-3;-1.406873;860.542302;1 out of 5
860.537675;860.541091;"PC(20:4(7E,9E,11Z,13E)-3OH(5S,6R,15S)/P-18:1(9Z))";[M+Na-H2];C46H82NO10P;-1.21067e-3;-1.406873;860.542302;1 out of 5
861.550443;861.553868;"SM(d20:1/PGE2)";[M+Cl];C45H83N2O9P;8.47960e-4;0.984223;861.553020;1 out of 5
861.550443;861.553868;"SM(d20:1/PGD2)";[M+Cl];C45H83N2O9P;8.47960e-4;0.984223;861.553020;1 out of 5
861.550443;861.553868;"SM(d20:1/20:4(7E,9E,11Z,13E)-3OH(5S,6R,15S))";[M+Cl];C45H83N2O9P;8.47960e-4;0.984223;861.553020;1 out of 5
862.554156;862.557591;"PS(18:1(11Z)/22:2(13Z,16Z))";[M+Na-H2];C46H84NO10P;-3.60988e-4;-0.418509;862.557952;1 out of 5
862.554156;862.557591;"PS(18:1(9Z)/22:2(13Z,16Z))";[M+Na-H2];C46H84NO10P;-3.60988e-4;-0.418509;862.557952;1 out of 5
862.554156;862.557591;"PS(18:2(9Z,12Z)/22:1(13Z))";[M+Na-H2];C46H84NO10P;-3.60988e-4;-0.418509;862.557952;1 out of 5
862.554156;862.557591;"PS(18:3(6Z,9Z,12Z)/22:0)";[M+Na-H2];C46H84NO10P;-3.60988e-4;-0.418509;862.557952;1 out of 5
862.554156;862.557591;"PS(18:3(9Z,12Z,15Z)/22:0)";[M+Na-H2];C46H84NO10P;-3.60988e-4;-0.418509;862.557952;1 out of 5
862.554156;862.557591;"PS(20:0/20:3(5Z,8Z,11Z))";[M+Na-H2];C46H84NO10P;-3.60988e-4;-0.418509;862.557952;1 out of 5
862.554156;862.557591;"PS(20:0/20:3(8Z,11Z,14Z))";[M+Na-H2];C46H84NO10P;-3.60988e-4;-0.418509;862.557952;1 out of 5
862.554156;862.557591;"PS(20:1(11Z)/20:2(11Z,14Z))";[M+Na-H2];C46H84NO10P;-3.60988e-4;-0.418509;862.557952;1 out of 5
862.554156;862.557591;"PS(20:2(11Z,14Z)/20:1(11Z))";[M+Na-H2];C46H84NO10P;-3.60988e-4;-0.418509;862.557952;1 out of 5
862.554156;862.557591;"PS(20:3(5Z,8Z,11Z)/20:0)";[M+Na-H2];C46H84NO10P;-3.60988e-4;-0.418509;862.557952;1 out of 5
862.554156;862.557591;"PS(20:3(8Z,11Z,14Z)/20:0)";[M+Na-H2];C46H84NO10P;-3.60988e-4;-0.418509;862.557952;1 out of 5
862.554156;862.557591;"PS(22:0/18:3(6Z,9Z,12Z))";[M+Na-H2];C46H84NO10P;-3.60988e-4;-0.418509;862.557952;1 out of 5
862.554156;862.557591;"PS(22:0/18:3(9Z,12Z,15Z))";[M+Na-H2];C46H84NO10P;-3.60988e-4;-0.418509;862.557952;1 out of 5
862.554156;862.557591;"PS(22:1(13Z)/18:2(9Z,12Z))";[M+Na-H2];C46H84NO10P;-3.60988e-4;-0.418509;862.557952;1 out of 5
862.554156;862.557591;"PS(22:2(13Z,16Z)/18:1(11Z))";[M+Na-H2];C46H84NO10P;-3.60988e-4;-0.418509;862.557952;1 out of 5
862.554156;862.557591;"PS(22:2(13Z,16Z)/18:1(9Z))";[M+Na-H2];C46H84NO10P;-3.60988e-4;-0.418509;862.557952;1 out of 5
862.554156;862.557591;"PC(18:0/20:4(6Z,8E,10E,14Z)-2OH(5S,12R))";[M+Na-H2];C46H84NO10P;-3.60988e-4;-0.418509;862.557952;1 out of 5
862.554156;862.557591;"PC(20:4(6Z,8E,10E,14Z)-2OH(5S,12R)/18:0)";[M+Na-H2];C46H84NO10P;-3.60988e-4;-0.418509;862.557952;1 out of 5
862.554156;862.557591;"PC(18:0/20:4(6E,8Z,11Z,13E)-2OH(5S,15S))";[M+Na-H2];C46H84NO10P;-3.60988e-4;-0.418509;862.557952;1 out of 5
862.554156;862.557591;"PC(20:4(6E,8Z,11Z,13E)-2OH(5S,15S)/18:0)";[M+Na-H2];C46H84NO10P;-3.60988e-4;-0.418509;862.557952;1 out of 5
862.554156;862.557591;"PC(18:0/20:4(8Z,11Z,14Z,17Z)-2OH(5S,6R))";[M+Na-H2];C46H84NO10P;-3.60988e-4;-0.418509;862.557952;1 out of 5
862.554156;862.557591;"PC(20:4(8Z,11Z,14Z,17Z)-2OH(5S,6R)/18:0)";[M+Na-H2];C46H84NO10P;-3.60988e-4;-0.418509;862.557952;1 out of 5
862.554156;862.557591;"PC(18:1(11Z)/20:3(8Z,11Z,14Z)-2OH(5,6))";[M+Na-H2];C46H84NO10P;-3.60988e-4;-0.418509;862.557952;1 out of 5
862.554156;862.557591;"PC(20:3(8Z,11Z,14Z)-2OH(5,6)/18:1(11Z))";[M+Na-H2];C46H84NO10P;-3.60988e-4;-0.418509;862.557952;1 out of 5
862.554156;862.557591;"PC(18:1(9Z)/20:3(8Z,11Z,14Z)-2OH(5,6))";[M+Na-H2];C46H84NO10P;-3.60988e-4;-0.418509;862.557952;1 out of 5
862.554156;862.557591;"PC(20:3(8Z,11Z,14Z)-2OH(5,6)/18:1(9Z))";[M+Na-H2];C46H84NO10P;-3.60988e-4;-0.418509;862.557952;1 out of 5
862.554156;862.557591;"PC(20:3(5Z,8Z,11Z)/18:1(12Z)-2OH(9,10))";[M+Na-H2];C46H84NO10P;-3.60988e-4;-0.418509;862.557952;1 out of 5
862.554156;862.557591;"PC(18:1(12Z)-2OH(9,10)/20:3(5Z,8Z,11Z))";[M+Na-H2];C46H84NO10P;-3.60988e-4;-0.418509;862.557952;1 out of 5
862.554156;862.557591;"PC(20:3(8Z,11Z,14Z)/18:1(12Z)-2OH(9,10))";[M+Na-H2];C46H84NO10P;-3.60988e-4;-0.418509;862.557952;1 out of 5
862.554156;862.557591;"PC(18:1(12Z)-2OH(9,10)/20:3(8Z,11Z,14Z))";[M+Na-H2];C46H84NO10P;-3.60988e-4;-0.418509;862.557952;1 out of 5
862.554156;862.557591;"PC(P-18:0/PGE2)";[M+Na-H2];C46H84NO10P;-3.60988e-4;-0.418509;862.557952;1 out of 5
862.554156;862.557591;"PC(PGE2/P-18:0)";[M+Na-H2];C46H84NO10P;-3.60988e-4;-0.418509;862.557952;1 out of 5
862.554156;862.557591;"PC(P-18:0/PGD2)";[M+Na-H2];C46H84NO10P;-3.60988e-4;-0.418509;862.557952;1 out of 5
862.554156;862.557591;"PC(PGD2/P-18:0)";[M+Na-H2];C46H84NO10P;-3.60988e-4;-0.418509;862.557952;1 out of 5
862.554156;862.557591;"PC(P-18:0/20:4(7E,9E,11Z,13E)-3OH(5S,6R,15S))";[M+Na-H2];C46H84NO10P;-3.60988e-4;-0.418509;862.557952;1 out of 5
862.554156;862.557591;"PC(20:4(7E,9E,11Z,13E)-3OH(5S,6R,15S)/P-18:0)";[M+Na-H2];C46H84NO10P;-3.60988e-4;-0.418509;862.557952;1 out of 5
862.554156;862.557591;"PC(P-18:1(11Z)/PGF2alpha)";[M+Na-H2];C46H84NO10P;-3.60988e-4;-0.418509;862.557952;1 out of 5
862.554156;862.557591;"PC(PGF2alpha/P-18:1(11Z))";[M+Na-H2];C46H84NO10P;-3.60988e-4;-0.418509;862.557952;1 out of 5
862.554156;862.557591;"PC(P-18:1(11Z)/PGE1)";[M+Na-H2];C46H84NO10P;-3.60988e-4;-0.418509;862.557952;1 out of 5
862.554156;862.557591;"PC(PGE1/P-18:1(11Z))";[M+Na-H2];C46H84NO10P;-3.60988e-4;-0.418509;862.557952;1 out of 5
862.554156;862.557591;"PC(P-18:1(11Z)/PGD1)";[M+Na-H2];C46H84NO10P;-3.60988e-4;-0.418509;862.557952;1 out of 5
862.554156;862.557591;"PC(PGD1/P-18:1(11Z))";[M+Na-H2];C46H84NO10P;-3.60988e-4;-0.418509;862.557952;1 out of 5
862.554156;862.557591;"PC(P-18:1(9Z)/PGF2alpha)";[M+Na-H2];C46H84NO10P;-3.60988e-4;-0.418509;862.557952;1 out of 5
862.554156;862.557591;"PC(PGF2alpha/P-18:1(9Z))";[M+Na-H2];C46H84NO10P;-3.60988e-4;-0.418509;862.557952;1 out of 5
862.554156;862.557591;"PC(P-18:1(9Z)/PGE1)";[M+Na-H2];C46H84NO10P;-3.60988e-4;-0.418509;862.557952;1 out of 5
862.554156;862.557591;"PC(PGE1/P-18:1(9Z))";[M+Na-H2];C46H84NO10P;-3.60988e-4;-0.418509;862.557952;1 out of 5
862.554156;862.557591;"PC(P-18:1(9Z)/PGD1)";[M+Na-H2];C46H84NO10P;-3.60988e-4;-0.418509;862.557952;1 out of 5
862.554156;862.557591;"PC(PGD1/P-18:1(9Z))";[M+Na-H2];C46H84NO10P;-3.60988e-4;-0.418509;862.557952;1 out of 5
863.565945;863.569389;"SM(d20:1/PGF2alpha)";[M+Cl];C45H85N2O9P;7.18563e-4;0.832086;863.568670;1 out of 5
863.565945;863.569389;"SM(d20:1/PGE1)";[M+Cl];C45H85N2O9P;7.18563e-4;0.832086;863.568670;1 out of 5
863.565945;863.569389;"SM(d20:1/PGD1)";[M+Cl];C45H85N2O9P;7.18563e-4;0.832086;863.568670;1 out of 5
864.568616;864.572069;"PS(16:1(9Z)/24:1(15Z))";[M+Na-H2];C46H86NO10P;-1.53316e-3;-1.773317;864.573602;1 out of 5
864.568616;864.572069;"PS(18:0/22:2(13Z,16Z))";[M+Na-H2];C46H86NO10P;-1.53316e-3;-1.773317;864.573602;1 out of 5
864.568616;864.572069;"PS(18:1(11Z)/22:1(13Z))";[M+Na-H2];C46H86NO10P;-1.53316e-3;-1.773317;864.573602;1 out of 5
864.568616;864.572069;"PS(18:1(9Z)/22:1(13Z))";[M+Na-H2];C46H86NO10P;-1.53316e-3;-1.773317;864.573602;1 out of 5
864.568616;864.572069;"PS(18:2(9Z,12Z)/22:0)";[M+Na-H2];C46H86NO10P;-1.53316e-3;-1.773317;864.573602;1 out of 5
864.568616;864.572069;"PS(20:0/20:2(11Z,14Z))";[M+Na-H2];C46H86NO10P;-1.53316e-3;-1.773317;864.573602;1 out of 5
864.568616;864.572069;"PS(20:1(11Z)/20:1(11Z))";[M+Na-H2];C46H86NO10P;-1.53316e-3;-1.773317;864.573602;1 out of 5
864.568616;864.572069;"PS(20:2(11Z,14Z)/20:0)";[M+Na-H2];C46H86NO10P;-1.53316e-3;-1.773317;864.573602;1 out of 5
864.568616;864.572069;"PS(22:0/18:2(9Z,12Z))";[M+Na-H2];C46H86NO10P;-1.53316e-3;-1.773317;864.573602;1 out of 5
864.568616;864.572069;"PS(22:1(13Z)/18:1(11Z))";[M+Na-H2];C46H86NO10P;-1.53316e-3;-1.773317;864.573602;1 out of 5
864.568616;864.572069;"PS(22:1(13Z)/18:1(9Z))";[M+Na-H2];C46H86NO10P;-1.53316e-3;-1.773317;864.573602;1 out of 5
864.568616;864.572069;"PS(22:2(13Z,16Z)/18:0)";[M+Na-H2];C46H86NO10P;-1.53316e-3;-1.773317;864.573602;1 out of 5
864.568616;864.572069;"PS(24:1(15Z)/16:1(9Z))";[M+Na-H2];C46H86NO10P;-1.53316e-3;-1.773317;864.573602;1 out of 5
864.568616;864.572069;"PC(18:0/20:3(8Z,11Z,14Z)-2OH(5,6))";[M+Na-H2];C46H86NO10P;-1.53316e-3;-1.773317;864.573602;1 out of 5
864.568616;864.572069;"PC(20:3(8Z,11Z,14Z)-2OH(5,6)/18:0)";[M+Na-H2];C46H86NO10P;-1.53316e-3;-1.773317;864.573602;1 out of 5
864.568616;864.572069;"PC(20:2(11Z,14Z)/18:1(12Z)-2OH(9,10))";[M+Na-H2];C46H86NO10P;-1.53316e-3;-1.773317;864.573602;1 out of 5
864.568616;864.572069;"PC(18:1(12Z)-2OH(9,10)/20:2(11Z,14Z))";[M+Na-H2];C46H86NO10P;-1.53316e-3;-1.773317;864.573602;1 out of 5
864.568616;864.572069;"PC(P-18:0/PGF2alpha)";[M+Na-H2];C46H86NO10P;-1.53316e-3;-1.773317;864.573602;1 out of 5
864.568616;864.572069;"PC(PGF2alpha/P-18:0)";[M+Na-H2];C46H86NO10P;-1.53316e-3;-1.773317;864.573602;1 out of 5
864.568616;864.572069;"PC(P-18:0/PGE1)";[M+Na-H2];C46H86NO10P;-1.53316e-3;-1.773317;864.573602;1 out of 5
864.568616;864.572069;"PC(PGE1/P-18:0)";[M+Na-H2];C46H86NO10P;-1.53316e-3;-1.773317;864.573602;1 out of 5
864.568616;864.572069;"PC(P-18:0/PGD1)";[M+Na-H2];C46H86NO10P;-1.53316e-3;-1.773317;864.573602;1 out of 5
864.568616;864.572069;"PC(PGD1/P-18:0)";[M+Na-H2];C46H86NO10P;-1.53316e-3;-1.773317;864.573602;1 out of 5
864.568616;864.572069;"PC(P-18:1(11Z)/PGF1alpha)";[M+Na-H2];C46H86NO10P;-1.53316e-3;-1.773317;864.573602;1 out of 5
864.568616;864.572069;"PC(PGF1alpha/P-18:1(11Z))";[M+Na-H2];C46H86NO10P;-1.53316e-3;-1.773317;864.573602;1 out of 5
864.568616;864.572069;"PC(P-18:1(9Z)/PGF1alpha)";[M+Na-H2];C46H86NO10P;-1.53316e-3;-1.773317;864.573602;1 out of 5
864.568616;864.572069;"PC(PGF1alpha/P-18:1(9Z))";[M+Na-H2];C46H86NO10P;-1.53316e-3;-1.773317;864.573602;1 out of 5
879.378425;879.382017;"PGP(a-13:0/20:3(8Z,11Z,14Z)-2OH(5,6))";[M+K-H2];C39H72O15P2;-1.23389e-3;-1.403137;879.383251;1 out of 5
879.378425;879.382017;"PGP(20:3(8Z,11Z,14Z)-2OH(5,6)/a-13:0)";[M+K-H2];C39H72O15P2;-1.23389e-3;-1.403137;879.383251;1 out of 5
879.378425;879.382017;"PGP(i-13:0/20:3(8Z,11Z,14Z)-2OH(5,6))";[M+K-H2];C39H72O15P2;-1.23389e-3;-1.403137;879.383251;1 out of 5
879.378425;879.382017;"PGP(20:3(8Z,11Z,14Z)-2OH(5,6)/i-13:0)";[M+K-H2];C39H72O15P2;-1.23389e-3;-1.403137;879.383251;1 out of 5
879.378425;879.382017;"PGP(i-12:0/PGF2alpha)";[M+Cl];C38H70O16P2;-1.29445e-3;-1.471999;879.383311;1 out of 5
879.378425;879.382017;"PGP(PGF2alpha/i-12:0)";[M+Cl];C38H70O16P2;-1.29445e-3;-1.471999;879.383311;1 out of 5
879.378425;879.382017;"PGP(i-12:0/PGE1)";[M+Cl];C38H70O16P2;-1.29445e-3;-1.471999;879.383311;1 out of 5
879.378425;879.382017;"PGP(PGE1/i-12:0)";[M+Cl];C38H70O16P2;-1.29445e-3;-1.471999;879.383311;1 out of 5
879.378425;879.382017;"PGP(i-12:0/PGD1)";[M+Cl];C38H70O16P2;-1.29445e-3;-1.471999;879.383311;1 out of 5
879.378425;879.382017;"PGP(PGD1/i-12:0)";[M+Cl];C38H70O16P2;-1.29445e-3;-1.471999;879.383311;1 out of 5
879.378425;879.382017;"PGP(i-14:0/5-iso PGF2VI)";[M+Cl];C38H70O16P2;-1.29445e-3;-1.471999;879.383311;1 out of 5
879.378425;879.382017;"PGP(5-iso PGF2VI/i-14:0)";[M+Cl];C38H70O16P2;-1.29445e-3;-1.471999;879.383311;1 out of 5
881.374765;881.378376;Corchorusoside E;[M+Na-H2];C41H64O19;-4.71285e-4;-0.534713;881.378847;1 out of 5
884.536695;884.540335;"PS(20:0/22:6(4Z,7Z,10Z,13Z,16Z,19Z))";[M+Na-H2];C48H82NO10P;-1.96656e-3;-2.223250;884.542302;1 out of 5
884.536695;884.540335;"PS(20:1(11Z)/22:5(4Z,7Z,10Z,13Z,16Z))";[M+Na-H2];C48H82NO10P;-1.96656e-3;-2.223250;884.542302;1 out of 5
884.536695;884.540335;"PS(20:1(11Z)/22:5(7Z,10Z,13Z,16Z,19Z))";[M+Na-H2];C48H82NO10P;-1.96656e-3;-2.223250;884.542302;1 out of 5
884.536695;884.540335;"PS(20:2(11Z,14Z)/22:4(7Z,10Z,13Z,16Z))";[M+Na-H2];C48H82NO10P;-1.96656e-3;-2.223250;884.542302;1 out of 5
884.536695;884.540335;"PS(20:4(5Z,8Z,11Z,14Z)/22:2(13Z,16Z))";[M+Na-H2];C48H82NO10P;-1.96656e-3;-2.223250;884.542302;1 out of 5
884.536695;884.540335;"PS(20:4(8Z,11Z,14Z,17Z)/22:2(13Z,16Z))";[M+Na-H2];C48H82NO10P;-1.96656e-3;-2.223250;884.542302;1 out of 5
884.536695;884.540335;"PS(20:5(5Z,8Z,11Z,14Z,17Z)/22:1(13Z))";[M+Na-H2];C48H82NO10P;-1.96656e-3;-2.223250;884.542302;1 out of 5
884.536695;884.540335;"PS(22:1(13Z)/20:5(5Z,8Z,11Z,14Z,17Z))";[M+Na-H2];C48H82NO10P;-1.96656e-3;-2.223250;884.542302;1 out of 5
884.536695;884.540335;"PS(22:2(13Z,16Z)/20:4(5Z,8Z,11Z,14Z))";[M+Na-H2];C48H82NO10P;-1.96656e-3;-2.223250;884.542302;1 out of 5
884.536695;884.540335;"PS(22:2(13Z,16Z)/20:4(8Z,11Z,14Z,17Z))";[M+Na-H2];C48H82NO10P;-1.96656e-3;-2.223250;884.542302;1 out of 5
884.536695;884.540335;"PS(22:4(7Z,10Z,13Z,16Z)/20:2(11Z,14Z))";[M+Na-H2];C48H82NO10P;-1.96656e-3;-2.223250;884.542302;1 out of 5
884.536695;884.540335;"PS(22:5(4Z,7Z,10Z,13Z,16Z)/20:1(11Z))";[M+Na-H2];C48H82NO10P;-1.96656e-3;-2.223250;884.542302;1 out of 5
884.536695;884.540335;"PS(22:5(7Z,10Z,13Z,16Z,19Z)/20:1(11Z))";[M+Na-H2];C48H82NO10P;-1.96656e-3;-2.223250;884.542302;1 out of 5
884.536695;884.540335;"PS(22:6(4Z,7Z,10Z,13Z,16Z,19Z)/20:0)";[M+Na-H2];C48H82NO10P;-1.96656e-3;-2.223250;884.542302;1 out of 5
884.536695;884.540335;"PC(18:1(11Z)/22:6(5Z,8E,10Z,13Z,15E,19Z)-2OH(7S, 17S))";[M+Na-H2];C48H82NO10P;-1.96656e-3;-2.223250;884.542302;1 out of 5
884.536695;884.540335;"PC(22:6(5Z,8E,10Z,13Z,15E,19Z)-2OH(7S, 17S)/18:1(11Z))";[M+Na-H2];C48H82NO10P;-1.96656e-3;-2.223250;884.542302;1 out of 5
884.536695;884.540335;"PC(18:1(11Z)/22:6(4Z,7Z,11E,13Z,15E,19Z)-2OH(10S,17))";[M+Na-H2];C48H82NO10P;-1.96656e-3;-2.223250;884.542302;1 out of 5
884.536695;884.540335;"PC(22:6(4Z,7Z,11E,13Z,15E,19Z)-2OH(10S,17)/18:1(11Z))";[M+Na-H2];C48H82NO10P;-1.96656e-3;-2.223250;884.542302;1 out of 5
884.536695;884.540335;"PC(18:1(9Z)/22:6(5Z,8E,10Z,13Z,15E,19Z)-2OH(7S, 17S))";[M+Na-H2];C48H82NO10P;-1.96656e-3;-2.223250;884.542302;1 out of 5
884.536695;884.540335;"PC(22:6(5Z,8E,10Z,13Z,15E,19Z)-2OH(7S, 17S)/18:1(9Z))";[M+Na-H2];C48H82NO10P;-1.96656e-3;-2.223250;884.542302;1 out of 5
884.536695;884.540335;"PC(18:1(9Z)/22:6(4Z,7Z,11E,13Z,15E,19Z)-2OH(10S,17))";[M+Na-H2];C48H82NO10P;-1.96656e-3;-2.223250;884.542302;1 out of 5
884.536695;884.540335;"PC(22:6(4Z,7Z,11E,13Z,15E,19Z)-2OH(10S,17)/18:1(9Z))";[M+Na-H2];C48H82NO10P;-1.96656e-3;-2.223250;884.542302;1 out of 5
884.536695;884.540335;"PC(20:2(11Z,14Z)/PGJ2)";[M+Na-H2];C48H82NO10P;-1.96656e-3;-2.223250;884.542302;1 out of 5
884.536695;884.540335;"PC(PGJ2/20:2(11Z,14Z))";[M+Na-H2];C48H82NO10P;-1.96656e-3;-2.223250;884.542302;1 out of 5
884.536695;884.540335;"PC(20:3(5Z,8Z,11Z)/20:4(6Z,8E,10E,14Z)-2OH(5S,12R))";[M+Na-H2];C48H82NO10P;-1.96656e-3;-2.223250;884.542302;1 out of 5
884.536695;884.540335;"PC(20:4(6Z,8E,10E,14Z)-2OH(5S,12R)/20:3(5Z,8Z,11Z))";[M+Na-H2];C48H82NO10P;-1.96656e-3;-2.223250;884.542302;1 out of 5
884.536695;884.540335;"PC(20:3(5Z,8Z,11Z)/20:4(6E,8Z,11Z,13E)-2OH(5S,15S))";[M+Na-H2];C48H82NO10P;-1.96656e-3;-2.223250;884.542302;1 out of 5
884.536695;884.540335;"PC(20:4(6E,8Z,11Z,13E)-2OH(5S,15S)/20:3(5Z,8Z,11Z))";[M+Na-H2];C48H82NO10P;-1.96656e-3;-2.223250;884.542302;1 out of 5
884.536695;884.540335;"PC(20:3(5Z,8Z,11Z)/20:4(8Z,11Z,14Z,17Z)-2OH(5S,6R))";[M+Na-H2];C48H82NO10P;-1.96656e-3;-2.223250;884.542302;1 out of 5
884.536695;884.540335;"PC(20:4(8Z,11Z,14Z,17Z)-2OH(5S,6R)/20:3(5Z,8Z,11Z))";[M+Na-H2];C48H82NO10P;-1.96656e-3;-2.223250;884.542302;1 out of 5
884.536695;884.540335;"PC(20:3(8Z,11Z,14Z)/20:4(6Z,8E,10E,14Z)-2OH(5S,12R))";[M+Na-H2];C48H82NO10P;-1.96656e-3;-2.223250;884.542302;1 out of 5
884.536695;884.540335;"PC(20:4(6Z,8E,10E,14Z)-2OH(5S,12R)/20:3(8Z,11Z,14Z))";[M+Na-H2];C48H82NO10P;-1.96656e-3;-2.223250;884.542302;1 out of 5
884.536695;884.540335;"PC(20:3(8Z,11Z,14Z)/20:4(6E,8Z,11Z,13E)-2OH(5S,15S))";[M+Na-H2];C48H82NO10P;-1.96656e-3;-2.223250;884.542302;1 out of 5
884.536695;884.540335;"PC(20:4(6E,8Z,11Z,13E)-2OH(5S,15S)/20:3(8Z,11Z,14Z))";[M+Na-H2];C48H82NO10P;-1.96656e-3;-2.223250;884.542302;1 out of 5
884.536695;884.540335;"PC(20:3(8Z,11Z,14Z)/20:4(8Z,11Z,14Z,17Z)-2OH(5S,6R))";[M+Na-H2];C48H82NO10P;-1.96656e-3;-2.223250;884.542302;1 out of 5
884.536695;884.540335;"PC(20:4(8Z,11Z,14Z,17Z)-2OH(5S,6R)/20:3(8Z,11Z,14Z))";[M+Na-H2];C48H82NO10P;-1.96656e-3;-2.223250;884.542302;1 out of 5
884.536695;884.540335;"PC(20:4(5Z,8Z,11Z,14Z)/20:3(8Z,11Z,14Z)-2OH(5,6))";[M+Na-H2];C48H82NO10P;-1.96656e-3;-2.223250;884.542302;1 out of 5
884.536695;884.540335;"PC(20:3(8Z,11Z,14Z)-2OH(5,6)/20:4(5Z,8Z,11Z,14Z))";[M+Na-H2];C48H82NO10P;-1.96656e-3;-2.223250;884.542302;1 out of 5
884.536695;884.540335;"PC(20:4(8Z,11Z,14Z,17Z)/20:3(8Z,11Z,14Z)-2OH(5,6))";[M+Na-H2];C48H82NO10P;-1.96656e-3;-2.223250;884.542302;1 out of 5
884.536695;884.540335;"PC(20:3(8Z,11Z,14Z)-2OH(5,6)/20:4(8Z,11Z,14Z,17Z))";[M+Na-H2];C48H82NO10P;-1.96656e-3;-2.223250;884.542302;1 out of 5
884.536695;884.540335;"PC(22:6(4Z,7Z,10Z,13Z,16Z,19Z)/18:1(12Z)-2OH(9,10))";[M+Na-H2];C48H82NO10P;-1.96656e-3;-2.223250;884.542302;1 out of 5
884.536695;884.540335;"PC(18:1(12Z)-2OH(9,10)/22:6(4Z,7Z,10Z,13Z,16Z,19Z))";[M+Na-H2];C48H82NO10P;-1.96656e-3;-2.223250;884.542302;1 out of 5
884.536695;884.540335;"PC(DiMe(11,3)/20:3(5Z,8Z,11Z)-O(14R,15S))";[M+Na-H2];C48H82NO10P;-1.96656e-3;-2.223250;884.542302;1 out of 5
884.536695;884.540335;"PC(20:3(5Z,8Z,11Z)-O(14R,15S)/DiMe(11,3))";[M+Na-H2];C48H82NO10P;-1.96656e-3;-2.223250;884.542302;1 out of 5
884.536695;884.540335;"PC(DiMe(11,3)/20:3(5Z,8Z,14Z)-O(11S,12R))";[M+Na-H2];C48H82NO10P;-1.96656e-3;-2.223250;884.542302;1 out of 5
884.536695;884.540335;"PC(20:3(5Z,8Z,14Z)-O(11S,12R)/DiMe(11,3))";[M+Na-H2];C48H82NO10P;-1.96656e-3;-2.223250;884.542302;1 out of 5
884.536695;884.540335;"PC(DiMe(11,3)/20:3(5Z,11Z,14Z)-O(8,9))";[M+Na-H2];C48H82NO10P;-1.96656e-3;-2.223250;884.542302;1 out of 5
884.536695;884.540335;"PC(20:3(5Z,11Z,14Z)-O(8,9)/DiMe(11,3))";[M+Na-H2];C48H82NO10P;-1.96656e-3;-2.223250;884.542302;1 out of 5
884.536695;884.540335;"PC(DiMe(11,3)/20:3(8Z,11Z,14Z)-O(5,6))";[M+Na-H2];C48H82NO10P;-1.96656e-3;-2.223250;884.542302;1 out of 5
884.536695;884.540335;"PC(20:3(8Z,11Z,14Z)-O(5,6)/DiMe(11,3))";[M+Na-H2];C48H82NO10P;-1.96656e-3;-2.223250;884.542302;1 out of 5
884.536695;884.540335;"PC(DiMe(11,3)/20:4(5Z,8Z,11Z,14Z)-OH(20))";[M+Na-H2];C48H82NO10P;-1.96656e-3;-2.223250;884.542302;1 out of 5
884.536695;884.540335;"PC(20:4(5Z,8Z,11Z,14Z)-OH(20)/DiMe(11,3))";[M+Na-H2];C48H82NO10P;-1.96656e-3;-2.223250;884.542302;1 out of 5
884.536695;884.540335;"PC(DiMe(11,3)/20:4(6E,8Z,11Z,14Z)-OH(5S))";[M+Na-H2];C48H82NO10P;-1.96656e-3;-2.223250;884.542302;1 out of 5
884.536695;884.540335;"PC(20:4(6E,8Z,11Z,14Z)-OH(5S)/DiMe(11,3))";[M+Na-H2];C48H82NO10P;-1.96656e-3;-2.223250;884.542302;1 out of 5
884.536695;884.540335;"PC(DiMe(11,3)/20:4(5Z,8Z,11Z,14Z)-OH(19S))";[M+Na-H2];C48H82NO10P;-1.96656e-3;-2.223250;884.542302;1 out of 5
884.536695;884.540335;"PC(20:4(5Z,8Z,11Z,14Z)-OH(19S)/DiMe(11,3))";[M+Na-H2];C48H82NO10P;-1.96656e-3;-2.223250;884.542302;1 out of 5
884.536695;884.540335;"PC(DiMe(11,3)/20:4(5Z,8Z,11Z,14Z)-OH(18R))";[M+Na-H2];C48H82NO10P;-1.96656e-3;-2.223250;884.542302;1 out of 5
884.536695;884.540335;"PC(20:4(5Z,8Z,11Z,14Z)-OH(18R)/DiMe(11,3))";[M+Na-H2];C48H82NO10P;-1.96656e-3;-2.223250;884.542302;1 out of 5
884.536695;884.540335;"PC(DiMe(11,3)/20:4(5Z,8Z,11Z,14Z)-OH(17))";[M+Na-H2];C48H82NO10P;-1.96656e-3;-2.223250;884.542302;1 out of 5
884.536695;884.540335;"PC(20:4(5Z,8Z,11Z,14Z)-OH(17)/DiMe(11,3))";[M+Na-H2];C48H82NO10P;-1.96656e-3;-2.223250;884.542302;1 out of 5
884.536695;884.540335;"PC(DiMe(11,3)/20:4(5Z,8Z,11Z,14Z)-OH(16R))";[M+Na-H2];C48H82NO10P;-1.96656e-3;-2.223250;884.542302;1 out of 5
884.536695;884.540335;"PC(20:4(5Z,8Z,11Z,14Z)-OH(16R)/DiMe(11,3))";[M+Na-H2];C48H82NO10P;-1.96656e-3;-2.223250;884.542302;1 out of 5
884.536695;884.540335;"PC(DiMe(11,3)/20:4(5Z,8Z,11Z,13E)-OH(15S))";[M+Na-H2];C48H82NO10P;-1.96656e-3;-2.223250;884.542302;1 out of 5
884.536695;884.540335;"PC(20:4(5Z,8Z,11Z,13E)-OH(15S)/DiMe(11,3))";[M+Na-H2];C48H82NO10P;-1.96656e-3;-2.223250;884.542302;1 out of 5
884.536695;884.540335;"PC(DiMe(11,3)/20:4(5Z,8Z,10E,14Z)-OH(12S))";[M+Na-H2];C48H82NO10P;-1.96656e-3;-2.223250;884.542302;1 out of 5
884.536695;884.540335;"PC(20:4(5Z,8Z,10E,14Z)-OH(12S)/DiMe(11,3))";[M+Na-H2];C48H82NO10P;-1.96656e-3;-2.223250;884.542302;1 out of 5
884.536695;884.540335;"PC(DiMe(11,3)/20:4(5E,8Z,12Z,14Z)-OH(11R))";[M+Na-H2];C48H82NO10P;-1.96656e-3;-2.223250;884.542302;1 out of 5
884.536695;884.540335;"PC(20:4(5E,8Z,12Z,14Z)-OH(11R)/DiMe(11,3))";[M+Na-H2];C48H82NO10P;-1.96656e-3;-2.223250;884.542302;1 out of 5
884.536695;884.540335;"PC(DiMe(11,3)/20:4(5Z,7E,11Z,14Z)-OH(9))";[M+Na-H2];C48H82NO10P;-1.96656e-3;-2.223250;884.542302;1 out of 5
884.536695;884.540335;"PC(20:4(5Z,7E,11Z,14Z)-OH(9)/DiMe(11,3))";[M+Na-H2];C48H82NO10P;-1.96656e-3;-2.223250;884.542302;1 out of 5
884.536695;884.540335;"PC(DiMe(9,5)/20:3(5Z,8Z,11Z)-O(14R,15S))";[M+Na-H2];C48H82NO10P;-1.96656e-3;-2.223250;884.542302;1 out of 5
884.536695;884.540335;"PC(20:3(5Z,8Z,11Z)-O(14R,15S)/DiMe(9,5))";[M+Na-H2];C48H82NO10P;-1.96656e-3;-2.223250;884.542302;1 out of 5
884.536695;884.540335;"PC(DiMe(9,5)/20:3(5Z,8Z,14Z)-O(11S,12R))";[M+Na-H2];C48H82NO10P;-1.96656e-3;-2.223250;884.542302;1 out of 5
884.536695;884.540335;"PC(20:3(5Z,8Z,14Z)-O(11S,12R)/DiMe(9,5))";[M+Na-H2];C48H82NO10P;-1.96656e-3;-2.223250;884.542302;1 out of 5
884.536695;884.540335;"PC(DiMe(9,5)/20:3(5Z,11Z,14Z)-O(8,9))";[M+Na-H2];C48H82NO10P;-1.96656e-3;-2.223250;884.542302;1 out of 5
884.536695;884.540335;"PC(20:3(5Z,11Z,14Z)-O(8,9)/DiMe(9,5))";[M+Na-H2];C48H82NO10P;-1.96656e-3;-2.223250;884.542302;1 out of 5
884.536695;884.540335;"PC(DiMe(9,5)/20:3(8Z,11Z,14Z)-O(5,6))";[M+Na-H2];C48H82NO10P;-1.96656e-3;-2.223250;884.542302;1 out of 5
884.536695;884.540335;"PC(20:3(8Z,11Z,14Z)-O(5,6)/DiMe(9,5))";[M+Na-H2];C48H82NO10P;-1.96656e-3;-2.223250;884.542302;1 out of 5
884.536695;884.540335;"PC(DiMe(9,5)/20:4(5Z,8Z,11Z,14Z)-OH(20))";[M+Na-H2];C48H82NO10P;-1.96656e-3;-2.223250;884.542302;1 out of 5
884.536695;884.540335;"PC(20:4(5Z,8Z,11Z,14Z)-OH(20)/DiMe(9,5))";[M+Na-H2];C48H82NO10P;-1.96656e-3;-2.223250;884.542302;1 out of 5
884.536695;884.540335;"PC(DiMe(9,5)/20:4(6E,8Z,11Z,14Z)-OH(5S))";[M+Na-H2];C48H82NO10P;-1.96656e-3;-2.223250;884.542302;1 out of 5
884.536695;884.540335;"PC(20:4(6E,8Z,11Z,14Z)-OH(5S)/DiMe(9,5))";[M+Na-H2];C48H82NO10P;-1.96656e-3;-2.223250;884.542302;1 out of 5
884.536695;884.540335;"PC(DiMe(9,5)/20:4(5Z,8Z,11Z,14Z)-OH(19S))";[M+Na-H2];C48H82NO10P;-1.96656e-3;-2.223250;884.542302;1 out of 5
884.536695;884.540335;"PC(20:4(5Z,8Z,11Z,14Z)-OH(19S)/DiMe(9,5))";[M+Na-H2];C48H82NO10P;-1.96656e-3;-2.223250;884.542302;1 out of 5
884.536695;884.540335;"PC(DiMe(9,5)/20:4(5Z,8Z,11Z,14Z)-OH(18R))";[M+Na-H2];C48H82NO10P;-1.96656e-3;-2.223250;884.542302;1 out of 5
884.536695;884.540335;"PC(20:4(5Z,8Z,11Z,14Z)-OH(18R)/DiMe(9,5))";[M+Na-H2];C48H82NO10P;-1.96656e-3;-2.223250;884.542302;1 out of 5
884.536695;884.540335;"PC(DiMe(9,5)/20:4(5Z,8Z,11Z,14Z)-OH(17))";[M+Na-H2];C48H82NO10P;-1.96656e-3;-2.223250;884.542302;1 out of 5
884.536695;884.540335;"PC(20:4(5Z,8Z,11Z,14Z)-OH(17)/DiMe(9,5))";[M+Na-H2];C48H82NO10P;-1.96656e-3;-2.223250;884.542302;1 out of 5
884.536695;884.540335;"PC(DiMe(9,5)/20:4(5Z,8Z,11Z,14Z)-OH(16R))";[M+Na-H2];C48H82NO10P;-1.96656e-3;-2.223250;884.542302;1 out of 5
884.536695;884.540335;"PC(20:4(5Z,8Z,11Z,14Z)-OH(16R)/DiMe(9,5))";[M+Na-H2];C48H82NO10P;-1.96656e-3;-2.223250;884.542302;1 out of 5
884.536695;884.540335;"PC(DiMe(9,5)/20:4(5Z,8Z,11Z,13E)-OH(15S))";[M+Na-H2];C48H82NO10P;-1.96656e-3;-2.223250;884.542302;1 out of 5
884.536695;884.540335;"PC(20:4(5Z,8Z,11Z,13E)-OH(15S)/DiMe(9,5))";[M+Na-H2];C48H82NO10P;-1.96656e-3;-2.223250;884.542302;1 out of 5
884.536695;884.540335;"PC(DiMe(9,5)/20:4(5Z,8Z,10E,14Z)-OH(12S))";[M+Na-H2];C48H82NO10P;-1.96656e-3;-2.223250;884.542302;1 out of 5
884.536695;884.540335;"PC(20:4(5Z,8Z,10E,14Z)-OH(12S)/DiMe(9,5))";[M+Na-H2];C48H82NO10P;-1.96656e-3;-2.223250;884.542302;1 out of 5
884.536695;884.540335;"PC(DiMe(9,5)/20:4(5E,8Z,12Z,14Z)-OH(11R))";[M+Na-H2];C48H82NO10P;-1.96656e-3;-2.223250;884.542302;1 out of 5
884.536695;884.540335;"PC(20:4(5E,8Z,12Z,14Z)-OH(11R)/DiMe(9,5))";[M+Na-H2];C48H82NO10P;-1.96656e-3;-2.223250;884.542302;1 out of 5
884.536695;884.540335;"PC(DiMe(9,5)/20:4(5Z,7E,11Z,14Z)-OH(9))";[M+Na-H2];C48H82NO10P;-1.96656e-3;-2.223250;884.542302;1 out of 5
884.536695;884.540335;"PC(20:4(5Z,7E,11Z,14Z)-OH(9)/DiMe(9,5))";[M+Na-H2];C48H82NO10P;-1.96656e-3;-2.223250;884.542302;1 out of 5
884.536695;884.540335;"PE(20:0/PGF1alpha)";[M+K-H2];C45H86NO11P;-2.11931e-3;-2.395936;884.542455;1 out of 5
884.536695;884.540335;"PE(PGF1alpha/20:0)";[M+K-H2];C45H86NO11P;-2.11931e-3;-2.395936;884.542455;1 out of 5
884.536695;884.540335;"PC(17:0/PGF1alpha)";[M+K-H2];C45H86NO11P;-2.11931e-3;-2.395936;884.542455;1 out of 5
884.536695;884.540335;"PC(PGF1alpha/17:0)";[M+K-H2];C45H86NO11P;-2.11931e-3;-2.395936;884.542455;1 out of 5
884.536695;884.540335;"PS(20:0/18:1(12Z)-2OH(9,10))";[M+Cl];C44H84NO12P;-2.17986e-3;-2.464396;884.542515;1 out of 5
884.536695;884.540335;"PS(18:1(12Z)-2OH(9,10)/20:0)";[M+Cl];C44H84NO12P;-2.17986e-3;-2.464396;884.542515;1 out of 5
887.552781;887.556450;"PA(a-25:0/PGJ2)";[M+Cl];C48H85O10P;-9.87064e-4;-1.112112;887.557437;1 out of 5
887.552781;887.556450;"PA(PGJ2/a-25:0)";[M+Cl];C48H85O10P;-9.87064e-4;-1.112112;887.557437;1 out of 5
889.579353;889.583040;"PI(16:0/22:2(13Z,16Z))";[M-H];C47H87O13P;1.88801e-3;2.122364;889.581152;1 out of 5
889.579353;889.583040;"PI(18:0/20:2(11Z,14Z))";[M-H];C47H87O13P;1.88801e-3;2.122364;889.581152;1 out of 5
889.579353;889.583040;"PI(18:1(11Z)/20:1(11Z))";[M-H];C47H87O13P;1.88801e-3;2.122364;889.581152;1 out of 5
889.579353;889.583040;"PI(18:1(9Z)/20:1(11Z))";[M-H];C47H87O13P;1.88801e-3;2.122364;889.581152;1 out of 5
889.579353;889.583040;"PI(18:2(9Z,12Z)/20:0)";[M-H];C47H87O13P;1.88801e-3;2.122364;889.581152;1 out of 5
889.579353;889.583040;"PI(20:0/18:2(9Z,12Z))";[M-H];C47H87O13P;1.88801e-3;2.122364;889.581152;1 out of 5
889.579353;889.583040;"PI(20:1(11Z)/18:1(11Z))";[M-H];C47H87O13P;1.88801e-3;2.122364;889.581152;1 out of 5
889.579353;889.583040;"PI(20:1(11Z)/18:1(9Z))";[M-H];C47H87O13P;1.88801e-3;2.122364;889.581152;1 out of 5
889.579353;889.583040;"PI(20:2(11Z,14Z)/18:0)";[M-H];C47H87O13P;1.88801e-3;2.122364;889.581152;1 out of 5
889.579353;889.583040;"PI(22:2(13Z,16Z)/16:0)";[M-H];C47H87O13P;1.88801e-3;2.122364;889.581152;1 out of 5
889.579353;889.583040;"PG(a-21:0/PGF2alpha)";[M-H];C47H87O13P;1.88754e-3;2.121827;889.581153;1 out of 5
889.579353;889.583040;"PG(PGF2alpha/a-21:0)";[M-H];C47H87O13P;1.88754e-3;2.121827;889.581153;1 out of 5
889.579353;889.583040;"PG(a-21:0/PGE1)";[M-H];C47H87O13P;1.88754e-3;2.121827;889.581153;1 out of 5
889.579353;889.583040;"PG(PGE1/a-21:0)";[M-H];C47H87O13P;1.88754e-3;2.121827;889.581153;1 out of 5
889.579353;889.583040;"PG(a-21:0/PGD1)";[M-H];C47H87O13P;1.88754e-3;2.121827;889.581153;1 out of 5
889.579353;889.583040;"PG(PGD1/a-21:0)";[M-H];C47H87O13P;1.88754e-3;2.121827;889.581153;1 out of 5
889.579353;889.583040;"PG(i-21:0/PGF2alpha)";[M-H];C47H87O13P;1.88754e-3;2.121827;889.581153;1 out of 5
889.579353;889.583040;"PG(PGF2alpha/i-21:0)";[M-H];C47H87O13P;1.88754e-3;2.121827;889.581153;1 out of 5
889.579353;889.583040;"PG(i-21:0/PGE1)";[M-H];C47H87O13P;1.88754e-3;2.121827;889.581153;1 out of 5
889.579353;889.583040;"PG(PGE1/i-21:0)";[M-H];C47H87O13P;1.88754e-3;2.121827;889.581153;1 out of 5
889.579353;889.583040;"PG(i-21:0/PGD1)";[M-H];C47H87O13P;1.88754e-3;2.121827;889.581153;1 out of 5
889.579353;889.583040;"PG(PGD1/i-21:0)";[M-H];C47H87O13P;1.88754e-3;2.121827;889.581153;1 out of 5
